Doctor_ID,Doctor_Name,Specialty,Primary_Facility_ID,Primary_Facility_Name,Emirate,Grade,Years_Experience,Doctor_Status
DOC00001,Dr. Ronald Dillon,Pulmonology,FAC01642,Prime Clinic - Masfout,Ajman,General Practitioner,17.0,Active
DOC00002,Dr. Marissa Bryant,General Surgery,FAC01343,Life Medical Center - Jebel Ali,Dubai,Consultant,11.0,Active
DOC00003,Dr. Cynthia Stewart,Pulmonology,FAC00623,National Medical Center - Ras Al Khaimah,Ras Al Khaimah,Specialist,9.0,Active
DOC00004,Dr. Brandon Floyd,Pulmonology,FAC01094,Life Clinic - Dibba Al-Fujairah,Fujairah,Resident,18.0,Active
DOC00005,Dr. Michele Myers,Cardiology,FAC00453,Aster Medical Center - Kalba,Sharjah,Specialist,10.0,Active
DOC00006,Dr. Richard Martin,Obstetrics & Gynecology,FAC00873,Al Noor Day Surgery Center - Fujairah,Fujairah,Resident,27.0,Active
DOC00007,Dr. Tracy Chang,ENT,FAC00694,Prime Clinic - Ajman,Ajman,General Practitioner,22.0,Active
DOC00008,Dr. Zachary Mccarthy,Neurology,FAC00957,Prime Hospital - Masfout,Ajman,Specialist,15.0,Active
DOC00009,Dr. Jessica Obrien,Internal Medicine,FAC01478,Gulf Clinic - Khor Fakkan,Sharjah,Specialist,10.0,Active
DOC00010,Dr. Anne Callahan,Psychiatry,FAC00330,Life Medical Center - Ruwais,Abu Dhabi,Specialist,26.0,Active
DOC00011,Dr. Lisa Mcmillan,Neurology,FAC00506,MediCare Hospital - Ras Al Khaimah,Ras Al Khaimah,Consultant,13.0,Active
DOC00012,Dr. Amy Bates,Neurology,FAC01153,National Clinic - Fujairah,Fujairah,Consultant,19.0,Active
DOC00013,Dr. Melanie Gallagher,Nephrology,FAC00966,Gulf Medical Center - Ruwais,Abu Dhabi,General Practitioner,5.0,Active
DOC00014,Dr. Micheal Johnson,Psychiatry,FAC00869,Al Noor Medical Center - Ruwais,Abu Dhabi,Specialist,20.0,On Leave
DOC00015,Dr. Michael Johnson,Psychiatry,FAC00516,Emirates Medical Center - Abu Dhabi,Abu Dhabi,Consultant,9.0,Active
DOC00016,Dr. Erin Martinez,Psychiatry,FAC01637,National Clinic - Sharjah,Sharjah,Specialist,1.0,Active
DOC00017,Dr. David Flores,Dermatology,FAC00513,Aster Medical Center - Ajman,Ajman,Resident,19.0,Active
DOC00018,Dr. Kyle Byrd,Psychiatry,FAC00268,Life Medical Center - Abu Dhabi,Abu Dhabi,Specialist,9.0,On Leave
DOC00019,Dr. Heather Powell,Nephrology,FAC00839,Gulf Day Surgery Center - Al Ain,Abu Dhabi,Specialist,25.0,Active
DOC00020,Dr. Christian Stanley,Dermatology,FAC01047,Aster Clinic - Dubai,Dubai,Resident,3.0,On Leave
DOC00021,Dr. Pamela Griffin,Urology,FAC01313,Aster Hospital - Dubai,Dubai,Specialist,14.0,Active
DOC00022,Dr. Brent Martin,Obstetrics & Gynecology,FAC00369,MediCare Clinic - Ajman,Ajman,Specialist,12.0,Active
DOC00023,Dr. Jacqueline Mitchell,Cardiology,FAC00812,Prime Hospital - Al Ain,Abu Dhabi,General Practitioner,5.0,On Leave
DOC00024,Dr. Timothy Edwards,Endocrinology,FAC00136,Emirates Specialty Center - Dubai,Dubai,Consultant,27.0,Active
DOC00025,Dr. Jacqueline Valencia,Obstetrics & Gynecology,FAC01225,Burjeel Medical Center - Dubai,Dubai,Resident,6.0,Active
DOC00026,Dr. Tina Nguyen,Pulmonology,FAC00787,MediCare Medical Center - Hatta,Dubai,General Practitioner,27.0,Active
DOC00027,Dr. Carl Lee,Nephrology,FAC00024,Emirates Clinic - Madinat Zayed,Abu Dhabi,Resident,,Active
DOC00028,Dr. Kevin Patel,Nephrology,FAC00609,Al Noor Hospital - Ruwais,Abu Dhabi,General Practitioner,12.0,Active
DOC00029,Dr. Michelle Schneider,Endocrinology,FAC00839,Gulf Day Surgery Center - Al Ain,Abu Dhabi,Resident,26.0,Active
DOC00030,Dr. David Lara,Pediatrics,FAC00843,Emirates Medical Center - Ruwais,Abu Dhabi,Resident,13.0,Active
DOC00031,Dr. Christopher Escobar,Dermatology,FAC00986,Al Noor Medical Center - Umm Al Quwain,Umm Al Quwain,General Practitioner,18.0,Active
DOC00032,Dr. Luis Fisher,Orthopedics,FAC01585,National Clinic - Ras Al Khaimah,Ras Al Khaimah,Resident,2.0,Active
DOC00033,Dr. Laura Mitchell,Pediatrics,FAC01490,Prime Clinic - Sharjah,Sharjah,Resident,11.0,Active
DOC00034,Dr. Olivia Smith,Endocrinology,FAC00549,Gulf Medical Center - Fujairah,Fujairah,General Practitioner,11.0,Active
DOC00035,Dr. Stephen Brennan,Dermatology,FAC01064,MediCare Medical Center - Al Ain,Abu Dhabi,General Practitioner,19.0,Active
DOC00036,Dr. Justin Christensen,General Surgery,FAC01020,Prime Clinic - Kalba,Sharjah,General Practitioner,8.0,Active
DOC00037,Dr. Spencer Foster,Pulmonology,FAC01361,Prime Hospital - Ajman,Ajman,Specialist,25.0,Active
DOC00038,Dr. Jose Reid,Gastroenterology,FAC01079,Prime Medical Center - Al Ain,Abu Dhabi,Resident,25.0,On Leave
DOC00039,Dr. Daniel Smith,Obstetrics & Gynecology,FAC01467,MediCare Clinic - Ras Al Khaimah,Ras Al Khaimah,Resident,23.0,Active
DOC00040,Dr. Joseph Morris,Neurology,FAC00425,Life Clinic - Umm Al Quwain,Umm Al Quwain,Consultant,27.0,Active
DOC00041,Dr. Jennifer Morris,Orthopedics,FAC01064,MediCare Medical Center - Al Ain,Abu Dhabi,General Practitioner,17.0,Active
DOC00042,Dr. Jessica Salinas,ENT,FAC00605,NMC Clinic - Abu Dhabi,Abu Dhabi,Consultant,3.0,On Leave
DOC00043,Dr. Stephanie Mcintosh,Pulmonology,FAC00844,Aster Clinic - Dubai,Dubai,Specialist,7.0,Active
DOC00044,Dr. Patricia Freeman,Nephrology,FAC00346,NMC Clinic - Jebel Ali,Dubai,General Practitioner,26.0,Active
DOC00045,Dr. Raymond Torres,Urology,FAC01422,Prime Medical Center - Ras Al Khaimah,Ras Al Khaimah,General Practitioner,18.0,On Leave
DOC00046,Dr. Jeffrey Mooney,Cardiology,FAC01006,Aster Clinic - Dubai,Dubai,Specialist,18.0,On Leave
DOC00047,Dr. Angela Medina,Nephrology,FAC00466,Aster Clinic - Ras Al Khaimah,Ras Al Khaimah,Specialist,9.0,Active
DOC00048,Dr. Nicole Davis,Endocrinology,FAC01398,Al Noor Hospital - Hatta,Dubai,Consultant,3.0,Active
DOC00049,Dr. Gail Dennis,Neurology,FAC01558,National Medical Center - Dhaid,Sharjah,Specialist,4.0,Active
DOC00050,Dr. Faith Howard,Nephrology,FAC00184,Aster Medical Center - Ruwais,Abu Dhabi,Specialist,18.0,Active
DOC00051,Dr. Mark Jones,Orthopedics,FAC00222,National Clinic - Khor Fakkan,Sharjah,Specialist,12.0,Active
DOC00052,Dr. Shane Martin,Pulmonology,FAC00586,Emirates Specialty Center - Hatta,Dubai,Consultant,7.0,Active
DOC00053,Dr. Kyle Sherman,Ophthalmology,FAC00281,Emirates Medical Center - Jebel Ali,Dubai,Consultant,9.0,Active
DOC00054,Dr. Matthew James,Gastroenterology,FAC01575,MediCare Day Surgery Center - Dibba Al-Fujairah,Fujairah,Consultant,15.0,Active
DOC00055,Dr. Wendy Freeman,Pulmonology,FAC00399,Burjeel Clinic - Jebel Ali,Dubai,Resident,5.0,Active
DOC00056,Dr. Megan Cook,Pulmonology,FAC01018,Burjeel Clinic - Dibba Al-Fujairah,Fujairah,Consultant,21.0,Active
DOC00057,Dr. Barry Pham,Oncology,FAC00034,Al Noor Specialty Center - Jebel Ali,Dubai,General Practitioner,13.0,Active
DOC00058,Dr. Susan Newman,ENT,FAC00388,Emirates Clinic - Khor Fakkan,Sharjah,Specialist,19.0,On Leave
DOC00059,Dr. John Morales,Pediatrics,FAC00570,Gulf Clinic - Hatta,Dubai,General Practitioner,20.0,Active
DOC00060,Dr. Gina Gates,Pulmonology,FAC00140,Aster Clinic - Jebel Ali,Dubai,General Practitioner,9.0,Active
DOC00061,Dr. Melinda Chang,Dermatology,FAC01443,MediCare Specialty Center - Al Ain,Abu Dhabi,Consultant,7.0,On Leave
DOC00062,Dr. Melissa Chavez,Cardiology,FAC01093,NMC Specialty Center - Fujairah,Fujairah,Consultant,9.0,Active
DOC00063,Dr. Sandra Thomas,Obstetrics & Gynecology,FAC01359,Burjeel Clinic - Ras Al Khaimah,Ras Al Khaimah,Resident,2.0,Active
DOC00064,Dr. Thomas Daniels,Ophthalmology,FAC00763,Emirates Hospital - Dhaid,Sharjah,Specialist,18.0,Active
DOC00065,Dr. Paul Mack,Obstetrics & Gynecology,FAC01269,National Medical Center - Al Ain,Abu Dhabi,Resident,16.0,On Leave
DOC00066,Dr. Tracy Parker,Internal Medicine,FAC00309,Burjeel Hospital - Abu Dhabi,Abu Dhabi,Resident,15.0,On Leave
DOC00067,Dr. Amber Hall,Pulmonology,FAC00260,National Medical Center - Dibba Al-Fujairah,Fujairah,Resident,3.0,Active
DOC00068,Dr. Susan Jones,Urology,FAC00237,Emirates Clinic - Ras Al Khaimah,Ras Al Khaimah,Resident,8.0,Active
DOC00069,Dr. Michael Martinez,Pediatrics,FAC01094,Life Clinic - Dibba Al-Fujairah,Fujairah,Consultant,14.0,On Leave
DOC00070,Dr. Blake Wyatt,General Surgery,FAC00695,Emirates Medical Center - Ras Al Khaimah,Ras Al Khaimah,Resident,17.0,Active
DOC00071,Dr. Amy Rodriguez,Neurology,FAC01476,Al Noor Clinic - Dubai,Dubai,Resident,6.0,Active
DOC00072,Dr. Kelly Powell,Neurology,FAC00705,Prime Hospital - Hatta,Dubai,Consultant,27.0,Active
DOC00073,Dr. Anne Rogers,Endocrinology,FAC01108,MediCare Day Surgery Center - Ruwais,Abu Dhabi,General Practitioner,20.0,Active
DOC00074,Dr. Robin Morgan,Internal Medicine,FAC00370,MediCare Hospital - Sharjah,Sharjah,Specialist,17.0,Active
DOC00075,Dr. Ronnie Hansen,Neurology,FAC01424,Burjeel Hospital - Dibba Al-Fujairah,Fujairah,Resident,18.0,On Leave
DOC00076,Dr. Richard Stewart,Oncology,FAC00462,MediCare Hospital - Ras Al Khaimah,Ras Al Khaimah,Specialist,2.0,On Leave
DOC00077,Dr. Kimberly Johnson,Pulmonology,FAC00802,Emirates Clinic - Jebel Ali,Dubai,Consultant,18.0,Active
DOC00078,Dr. Robert Randall,Obstetrics & Gynecology,FAC01312,Aster Medical Center - Masfout,Ajman,Specialist,10.0,Active
DOC00079,Dr. Craig Smith,Pediatrics,FAC01617,NMC Clinic - Madinat Zayed,Abu Dhabi,Consultant,,Active
DOC00080,Dr. Tara Norris,Nephrology,FAC00440,National Medical Center - Sharjah,Sharjah,Consultant,23.0,Active
DOC00081,Dr. Kristy Greene,Orthopedics,FAC01064,MediCare Medical Center - Al Ain,Abu Dhabi,Specialist,20.0,Active
DOC00082,Dr. Jessica Rowe,Internal Medicine,FAC00053,Life Day Surgery Center - Khor Fakkan,Sharjah,Specialist,24.0,Active
DOC00083,Dr. Juan Silva,Oncology,FAC01405,NMC Day Surgery Center - Al Ain,Abu Dhabi,General Practitioner,11.0,Active
DOC00084,Dr. Tracy Clay,Oncology,FAC00033,MediCare Specialty Center - Khor Fakkan,Sharjah,Specialist,16.0,Active
DOC00085,Dr. Christine Castro,Orthopedics,FAC01086,National Medical Center - Madinat Zayed,Abu Dhabi,General Practitioner,5.0,Active
DOC00086,Dr. Dominique Martinez,Orthopedics,FAC01489,Aster Medical Center - Al Ain,Abu Dhabi,General Practitioner,17.0,Active
DOC00087,Dr. Melanie Coleman,Ophthalmology,FAC01164,NMC Day Surgery Center - Ajman,Ajman,Resident,5.0,Active
DOC00088,Dr. Mark Williamson,Psychiatry,FAC01318,Al Noor Hospital - Ajman,Ajman,Resident,7.0,On Leave
DOC00089,Dr. Melissa Brennan,Pulmonology,FAC00538,Gulf Specialty Center - Dibba Al-Fujairah,Fujairah,Resident,,Active
DOC00090,Dr. Lisa Conrad,Oncology,FAC00774,Burjeel Medical Center - Madinat Zayed,Abu Dhabi,General Practitioner,1.0,On Leave
DOC00091,Dr. Marvin Mcintyre,Cardiology,FAC00192,NMC Clinic - Madinat Zayed,Abu Dhabi,Consultant,19.0,Active
DOC00092,Dr. Shannon Gardner,Cardiology,FAC00904,Emirates Hospital - Ras Al Khaimah,Ras Al Khaimah,Consultant,1.0,On Leave
DOC00093,Dr. Jessica Acevedo,Nephrology,FAC01050,Life Clinic - Madinat Zayed,Abu Dhabi,General Practitioner,4.0,Active
DOC00094,Dr. Lisa Pratt,General Surgery,FAC00163,Burjeel Medical Center - Umm Al Quwain,Umm Al Quwain,Specialist,18.0,Active
DOC00095,Dr. Jane Francis,Cardiology,FAC00570,Gulf Clinic - Hatta,Dubai,Consultant,5.0,On Leave
DOC00096,Dr. Janice Peters,ENT,FAC01077,Emirates Medical Center - Ajman,Ajman,Specialist,1.0,Active
DOC00097,Dr. Mary Rollins,ENT,FAC00125,Aster Medical Center - Madinat Zayed,Abu Dhabi,Consultant,21.0,On Leave
DOC00098,Dr. Amber Davis,Neurology,FAC00832,Al Noor Specialty Center - Abu Dhabi,Abu Dhabi,Resident,9.0,On Leave
DOC00099,Dr. Joshua Rodriguez,Psychiatry,FAC01086,National Medical Center - Madinat Zayed,Abu Dhabi,Resident,6.0,Active
DOC00100,Dr. Megan Gray,Oncology,FAC01342,Gulf Clinic - Abu Dhabi,Abu Dhabi,Consultant,2.0,Active
DOC00101,Dr. Patricia Watson,Obstetrics & Gynecology,FAC01290,National Day Surgery Center - Ruwais,Abu Dhabi,Specialist,24.0,Active
DOC00102,Dr. Justin Poole,Pediatrics,FAC01502,Life Specialty Center - Al Ain,Abu Dhabi,Resident,10.0,Active
DOC00103,Dr. Donald Woods,Neurology,FAC00564,Prime Medical Center - Kalba,Sharjah,General Practitioner,14.0,Active
DOC00104,Dr. Michelle Johnson,Pediatrics,FAC01325,National Hospital - Jebel Ali,Dubai,Specialist,15.0,Active
DOC00105,Dr. Kevin Fernandez,Obstetrics & Gynecology,FAC00918,Al Noor Medical Center - Ras Al Khaimah,Ras Al Khaimah,Resident,20.0,Active
DOC00106,Dr. Victoria Martinez,Cardiology,FAC01449,National Clinic - Hatta,Dubai,Resident,8.0,Active
DOC00107,Dr. Chad Miller,General Surgery,FAC01122,MediCare Day Surgery Center - Fujairah,Fujairah,General Practitioner,8.0,Active
DOC00108,Dr. Michael Hernandez,Cardiology,FAC00992,Gulf Medical Center - Kalba,Sharjah,Consultant,21.0,Active
DOC00109,Dr. Erica Best,Oncology,FAC01470,Life Hospital - Jebel Ali,Dubai,Consultant,15.0,Active
DOC00110,Dr. Rita Dennis,Neurology,FAC00037,Gulf Clinic - Hatta,Dubai,General Practitioner,17.0,On Leave
DOC00111,Dr. Richard Brown,Pulmonology,FAC01093,NMC Specialty Center - Fujairah,Fujairah,Specialist,2.0,Active
DOC00112,Dr. Carl Hoffman,General Surgery,FAC01023,NMC Clinic - Hatta,Dubai,Resident,9.0,Active
DOC00113,Dr. Dana Ritter,Ophthalmology,FAC01477,MediCare Medical Center - Al Ain,Abu Dhabi,Consultant,6.0,Active
DOC00114,Dr. Patrick Simmons,Internal Medicine,FAC00308,Burjeel Day Surgery Center - Madinat Zayed,Abu Dhabi,Resident,25.0,Active
DOC00115,Dr. Marie Key,Neurology,FAC00344,Prime Clinic - Fujairah,Fujairah,General Practitioner,,Active
DOC00116,Dr. Paul James,Urology,FAC01197,Emirates Medical Center - Ruwais,Abu Dhabi,Resident,14.0,Active
DOC00117,Dr. Timothy Hayes,Dermatology,FAC00060,Burjeel Medical Center - Al Ain,Abu Dhabi,Resident,1.0,On Leave
DOC00118,Dr. Amy Barnett,Oncology,FAC01236,Gulf Hospital - Madinat Zayed,Abu Dhabi,Resident,27.0,Active
DOC00119,Dr. Tricia Cordova,Ophthalmology,FAC00104,MediCare Day Surgery Center - Jebel Ali,Dubai,Specialist,20.0,Active
DOC00120,Dr. Adam Morales,Oncology,FAC01526,Aster Specialty Center - Dibba Al-Fujairah,Fujairah,Specialist,11.0,Active
DOC00121,Dr. Michael Hopkins,Oncology,FAC00691,Gulf Clinic - Abu Dhabi,Abu Dhabi,Consultant,21.0,Active
DOC00122,Dr. Chelsea Gross,Nephrology,FAC00584,Gulf Clinic - Hatta,Dubai,General Practitioner,5.0,On Leave
DOC00123,Dr. Angela Larsen,Psychiatry,FAC00280,Burjeel Clinic - Abu Dhabi,Abu Dhabi,Resident,26.0,Active
DOC00124,Dr. Kaitlyn Harris,Endocrinology,FAC00668,NMC Clinic - Madinat Zayed,Abu Dhabi,Consultant,25.0,Active
DOC00125,Dr. Leah Frye,Obstetrics & Gynecology,FAC00091,Gulf Day Surgery Center - Abu Dhabi,Abu Dhabi,General Practitioner,4.0,On Leave
DOC00126,Dr. Mark Wilson,Ophthalmology,FAC00688,MediCare Medical Center - Jebel Ali,Dubai,General Practitioner,15.0,Active
DOC00127,Dr. Chloe Navarro,Pulmonology,FAC01201,Burjeel Medical Center - Hatta,Dubai,General Practitioner,25.0,Active
DOC00128,Dr. Katrina Webb,Neurology,FAC01250,Aster Medical Center - Ruwais,Abu Dhabi,Specialist,14.0,On Leave
DOC00129,Dr. Ryan Jones,Ophthalmology,FAC01461,Al Noor Medical Center - Kalba,Sharjah,Resident,11.0,On Leave
DOC00130,Dr. Lindsay Perkins,Cardiology,FAC00245,Emirates Clinic - Fujairah,Fujairah,Resident,8.0,Active
DOC00131,Dr. Joseph Colon,Gastroenterology,FAC00759,Gulf Clinic - Dhaid,Sharjah,Resident,16.0,On Leave
DOC00132,Dr. Melissa Scott,Dermatology,FAC00432,National Medical Center - Ruwais,Abu Dhabi,Specialist,27.0,Active
DOC00133,Dr. Melissa Johnson,Internal Medicine,FAC00355,Gulf Medical Center - Masfout,Ajman,General Practitioner,7.0,On Leave
DOC00134,Dr. Kristina Greene,Endocrinology,FAC00877,Gulf Clinic - Jebel Ali,Dubai,Specialist,17.0,Active
DOC00135,Dr. Alexandria Mitchell,General Surgery,FAC00081,Emirates Hospital - Madinat Zayed,Abu Dhabi,Consultant,22.0,Active
DOC00136,Dr. Rachel Martin,General Surgery,FAC01326,Gulf Medical Center - Madinat Zayed,Abu Dhabi,Resident,21.0,Active
DOC00137,Dr. Tiffany Bates,Endocrinology,FAC00269,Burjeel Clinic - Al Ain,Abu Dhabi,General Practitioner,6.0,Active
DOC00138,Dr. Robert Fuentes,Gastroenterology,FAC00898,Al Noor Medical Center - Umm Al Quwain,Umm Al Quwain,General Practitioner,5.0,Active
DOC00139,Dr. Jeffrey Ortiz,Urology,FAC00925,Gulf Clinic - Ras Al Khaimah,Ras Al Khaimah,General Practitioner,3.0,Active
DOC00140,Dr. Brittany Harrell,Cardiology,FAC00830,NMC Specialty Center - Ajman,Ajman,Consultant,14.0,Active
DOC00141,Dr. Justin Rodriguez,Ophthalmology,FAC00141,NMC Hospital - Abu Dhabi,Abu Dhabi,General Practitioner,16.0,Active
DOC00142,Dr. Stacy Collins,Internal Medicine,FAC01215,Gulf Clinic - Ruwais,Abu Dhabi,Resident,6.0,On Leave
DOC00143,Dr. Amanda James,Urology,FAC01096,Al Noor Specialty Center - Al Ain,Abu Dhabi,Consultant,15.0,Active
DOC00144,Dr. Jennifer Hernandez,Cardiology,FAC00316,Aster Clinic - Al Ain,Abu Dhabi,Specialist,7.0,On Leave
DOC00145,Dr. Matthew Rubio,General Surgery,FAC00799,Life Clinic - Hatta,Dubai,Specialist,22.0,Active
DOC00146,Dr. Benjamin Parsons,Pediatrics,FAC00673,National Clinic - Madinat Zayed,Abu Dhabi,Resident,12.0,On Leave
DOC00147,Dr. Richard Brown,Obstetrics & Gynecology,FAC00967,Prime Medical Center - Ruwais,Abu Dhabi,Resident,25.0,Active
DOC00148,Dr. Benjamin Lozano,Endocrinology,FAC01253,Emirates Medical Center - Al Ain,Abu Dhabi,Specialist,5.0,Active
DOC00149,Dr. Michael Salas,Obstetrics & Gynecology,FAC00400,National Medical Center - Jebel Ali,Dubai,General Practitioner,,Active
DOC00150,Dr. Jeffrey Wright,ENT,FAC00124,Aster Medical Center - Ajman,Ajman,General Practitioner,16.0,On Leave
DOC00151,Dr. Lisa Lee,Obstetrics & Gynecology,FAC00384,MediCare Day Surgery Center - Umm Al Quwain,Umm Al Quwain,Resident,18.0,Active
DOC00152,Dr. Samuel Watts,Pediatrics,FAC00906,Burjeel Clinic - Hatta,Dubai,Resident,9.0,Active
DOC00153,Dr. Cheryl Lin,Internal Medicine,FAC00896,Burjeel Hospital - Ruwais,Abu Dhabi,Consultant,8.0,On Leave
DOC00154,Dr. Emma Patterson,General Surgery,FAC01372,Emirates Hospital - Al Ain,Abu Dhabi,General Practitioner,14.0,Active
DOC00155,Dr. Robert Rhodes,Dermatology,FAC00360,NMC Clinic - Madinat Zayed,Abu Dhabi,Resident,16.0,Active
DOC00156,Dr. Sharon Durham,Nephrology,FAC00304,Life Medical Center - Al Ain,Abu Dhabi,General Practitioner,17.0,Active
DOC00157,Dr. Joshua Cortez,Endocrinology,FAC01296,Prime Clinic - Al Ain,Abu Dhabi,Consultant,6.0,Active
DOC00158,Dr. Timothy Lane,Pediatrics,FAC00264,MediCare Specialty Center - Dubai,Dubai,General Practitioner,4.0,Active
DOC00159,Dr. Jamie Chandler,Pulmonology,FAC00297,Al Noor Hospital - Ajman,Ajman,Consultant,21.0,Active
DOC00160,Dr. Judith Smith,Internal Medicine,FAC00750,Al Noor Clinic - Dibba Al-Fujairah,Fujairah,Resident,16.0,Active
DOC00161,Dr. Allison Smith,General Surgery,FAC01509,Burjeel Clinic - Jebel Ali,Dubai,Consultant,15.0,Active
DOC00162,Dr. Megan Robinson,Oncology,FAC00507,Prime Medical Center - Umm Al Quwain,Umm Al Quwain,Resident,3.0,Active
DOC00163,Dr. William Green,ENT,FAC01179,Emirates Medical Center - Hatta,Dubai,Resident,21.0,Active
DOC00164,Dr. Brittney Yang,ENT,FAC01467,MediCare Clinic - Ras Al Khaimah,Ras Al Khaimah,Resident,17.0,On Leave
DOC00165,Dr. Jeff Simmons,Internal Medicine,FAC01358,Aster Clinic - Ajman,Ajman,Resident,16.0,Active
DOC00166,Dr. Jose Fitzgerald,Dermatology,FAC01092,Aster Specialty Center - Ajman,Ajman,Consultant,9.0,Active
DOC00167,Dr. William Robinson,General Surgery,FAC00509,Aster Medical Center - Al Ain,Abu Dhabi,General Practitioner,8.0,Active
DOC00168,Dr. Gail Bell,Obstetrics & Gynecology,FAC00572,NMC Specialty Center - Madinat Zayed,Abu Dhabi,Resident,17.0,On Leave
DOC00169,Dr. Peter Martin,Pulmonology,FAC00005,Prime Clinic - Ruwais,Abu Dhabi,Specialist,23.0,Active
DOC00170,Dr. Andrea Cummings,Pediatrics,FAC01039,Burjeel Clinic - Abu Dhabi,Abu Dhabi,Specialist,12.0,Active
DOC00171,Dr. Gregory Kramer,Neurology,FAC00256,Aster Medical Center - Madinat Zayed,Abu Dhabi,Specialist,20.0,On Leave
DOC00172,Dr. Kimberly Wong,Pediatrics,FAC00358,Gulf Hospital - Ras Al Khaimah,Ras Al Khaimah,Consultant,7.0,Active
DOC00173,Dr. Angela Kelley,Endocrinology,FAC01156,National Specialty Center - Dubai,Dubai,Resident,21.0,On Leave
DOC00174,Dr. Andrew Gibson,ENT,FAC01564,Aster Clinic - Ruwais,Abu Dhabi,Specialist,23.0,Active
DOC00175,Dr. Curtis Tapia,Endocrinology,FAC01249,Aster Clinic - Ruwais,Abu Dhabi,General Practitioner,17.0,Active
DOC00176,Dr. Randy Atkins,Ophthalmology,FAC00080,Prime Clinic - Masfout,Ajman,General Practitioner,15.0,Active
DOC00177,Dr. John Bryant,Urology,FAC00820,NMC Clinic - Umm Al Quwain,Umm Al Quwain,Specialist,27.0,Active
DOC00178,Dr. Randy Smith,Obstetrics & Gynecology,FAC00232,National Day Surgery Center - Jebel Ali,Dubai,Consultant,15.0,Active
DOC00179,Dr. Erica Willis,ENT,FAC01159,Life Clinic - Jebel Ali,Dubai,Consultant,24.0,On Leave
DOC00180,Dr. Gary Rubio,Orthopedics,FAC00305,NMC Medical Center - Ras Al Khaimah,Ras Al Khaimah,General Practitioner,3.0,Active
DOC00181,Dr. Virginia Garcia,Dermatology,FAC00483,Life Clinic - Dibba Al-Fujairah,Fujairah,Resident,5.0,Active
DOC00182,Dr. Tammy White,Obstetrics & Gynecology,FAC00416,Life Medical Center - Dubai,Dubai,Specialist,19.0,On Leave
DOC00183,Dr. Jessica Gillespie,Pulmonology,FAC01152,Gulf Hospital - Dubai,Dubai,Specialist,8.0,On Leave
DOC00184,Dr. Lauren Mckay,Pediatrics,FAC00900,NMC Hospital - Ruwais,Abu Dhabi,Resident,21.0,On Leave
DOC00185,Dr. Megan Daniels,Nephrology,FAC01438,NMC Hospital - Jebel Ali,Dubai,Specialist,21.0,Active
DOC00186,Dr. Wayne Rich,Ophthalmology,FAC00184,Aster Medical Center - Ruwais,Abu Dhabi,General Practitioner,16.0,Active
DOC00187,Dr. Caleb Santos,Orthopedics,FAC00579,Aster Clinic - Ajman,Ajman,Consultant,9.0,Active
DOC00188,Dr. Patrick Morales,Endocrinology,FAC01606,MediCare Medical Center - Khor Fakkan,Sharjah,Resident,18.0,Active
DOC00189,Dr. Susan Wilson,Internal Medicine,FAC00643,National Clinic - Fujairah,Fujairah,Resident,17.0,Active
DOC00190,Dr. Andrew Rodriguez,Pediatrics,FAC01390,National Medical Center - Fujairah,Fujairah,Resident,25.0,Active
DOC00191,Dr. Tyler Allen,Obstetrics & Gynecology,FAC01169,MediCare Clinic - Madinat Zayed,Abu Dhabi,Specialist,21.0,Active
DOC00192,Dr. Heather Hall,Orthopedics,FAC01402,Emirates Hospital - Al Ain,Abu Dhabi,Resident,25.0,Active
DOC00193,Dr. Bryan Brown,Gastroenterology,FAC01370,Gulf Day Surgery Center - Ruwais,Abu Dhabi,Consultant,8.0,On Leave
DOC00194,Dr. Zachary Mcconnell,Obstetrics & Gynecology,FAC01180,Aster Specialty Center - Kalba,Sharjah,Resident,27.0,Active
DOC00195,Dr. Jackie Martinez,Urology,FAC01142,MediCare Clinic - Ras Al Khaimah,Ras Al Khaimah,General Practitioner,15.0,Active
DOC00196,Dr. Manuel Rivas,Oncology,FAC01054,Gulf Hospital - Sharjah,Sharjah,Resident,27.0,Active
DOC00197,Dr. Danielle Kline,ENT,FAC00595,National Hospital - Ajman,Ajman,Specialist,15.0,Active
DOC00198,Dr. Mary Cannon,Gastroenterology,FAC01586,Aster Specialty Center - Al Ain,Abu Dhabi,Specialist,26.0,Active
DOC00199,Dr. Deborah Grant,Urology,FAC00757,Burjeel Specialty Center - Dubai,Dubai,General Practitioner,9.0,Active
DOC00200,Dr. Nicholas Graves,Pediatrics,FAC00240,National Clinic - Masfout,Ajman,Resident,11.0,Active
DOC00201,Dr. Jeremy Rowland,Cardiology,FAC00810,Emirates Specialty Center - Kalba,Sharjah,Resident,21.0,Active
DOC00202,Dr. Lisa Rose,Urology,FAC00791,Aster Clinic - Jebel Ali,Dubai,Consultant,18.0,Active
DOC00203,Dr. Kristin Cook,Endocrinology,FAC00435,Prime Clinic - Hatta,Dubai,General Practitioner,11.0,Active
DOC00204,Dr. April Velasquez,Ophthalmology,FAC00858,Aster Clinic - Madinat Zayed,Abu Dhabi,Resident,20.0,Active
DOC00205,Dr. Levi Barrett,Cardiology,FAC00448,National Clinic - Jebel Ali,Dubai,Consultant,7.0,Active
DOC00206,Dr. Jasmine Bradley,Dermatology,FAC00281,Emirates Medical Center - Jebel Ali,Dubai,Specialist,21.0,On Leave
DOC00207,Dr. Thomas Olson,Ophthalmology,FAC01369,National Day Surgery Center - Ajman,Ajman,Specialist,21.0,On Leave
DOC00208,Dr. Robert Rodriguez,Ophthalmology,FAC01458,Gulf Specialty Center - Madinat Zayed,Abu Dhabi,General Practitioner,9.0,Active
DOC00209,Dr. Cynthia Caldwell,Obstetrics & Gynecology,FAC00998,NMC Hospital - Ruwais,Abu Dhabi,Specialist,20.0,Active
DOC00210,Dr. Rachel Mcdonald,Nephrology,FAC00037,Gulf Clinic - Hatta,Dubai,Consultant,16.0,Active
DOC00211,Dr. Sarah Flores,Neurology,FAC01290,National Day Surgery Center - Ruwais,Abu Dhabi,General Practitioner,15.0,On Leave
DOC00212,Dr. Laurie Soto,Psychiatry,FAC01363,Emirates Medical Center - Al Ain,Abu Dhabi,Specialist,21.0,Active
DOC00213,Dr. Holly Simpson,Cardiology,FAC00050,Emirates Hospital - Kalba,Sharjah,Resident,14.0,Active
DOC00214,Dr. Michael Miller,Obstetrics & Gynecology,FAC00478,Prime Medical Center - Dhaid,Sharjah,Specialist,1.0,Active
DOC00215,Dr. William Gonzalez,Gastroenterology,FAC00663,National Clinic - Al Ain,Abu Dhabi,Resident,8.0,Active
DOC00216,Dr. Robert Smith,Internal Medicine,FAC01012,Prime Medical Center - Abu Dhabi,Abu Dhabi,Consultant,23.0,Active
DOC00217,Dr. Paula Barnes,Orthopedics,FAC01035,Al Noor Specialty Center - Ras Al Khaimah,Ras Al Khaimah,Resident,12.0,Active
DOC00218,Dr. Zachary Watson,ENT,FAC01052,National Medical Center - Dubai,Dubai,General Practitioner,1.0,Active
DOC00219,Dr. Brandi Diaz,Cardiology,FAC01432,MediCare Specialty Center - Umm Al Quwain,Umm Al Quwain,General Practitioner,13.0,On Leave
DOC00220,Dr. Thomas Howard,Cardiology,FAC00757,Burjeel Specialty Center - Dubai,Dubai,Consultant,5.0,Active
DOC00221,Dr. Christine Howell,General Surgery,FAC00898,Al Noor Medical Center - Umm Al Quwain,Umm Al Quwain,Resident,26.0,Active
DOC00222,Dr. Gina Rivera,Endocrinology,FAC00574,Gulf Specialty Center - Ras Al Khaimah,Ras Al Khaimah,Consultant,7.0,Active
DOC00223,Dr. Timothy Henry,Internal Medicine,FAC00145,NMC Clinic - Madinat Zayed,Abu Dhabi,Resident,22.0,Active
DOC00224,Dr. Jeremy Long,Orthopedics,FAC00255,Prime Day Surgery Center - Madinat Zayed,Abu Dhabi,Specialist,5.0,Active
DOC00225,Dr. Michael Moss,General Surgery,FAC01492,Burjeel Hospital - Ruwais,Abu Dhabi,Resident,,Active
DOC00226,Dr. Jorge Palmer,Urology,FAC01521,National Clinic - Abu Dhabi,Abu Dhabi,Consultant,21.0,Active
DOC00227,Dr. David Lynch,Psychiatry,FAC00321,Aster Clinic - Ras Al Khaimah,Ras Al Khaimah,Specialist,1.0,Active
DOC00228,Dr. Paige Lee,Oncology,FAC01006,Aster Clinic - Dubai,Dubai,Consultant,23.0,Active
DOC00229,Dr. Jessica Aguilar,Nephrology,FAC00067,MediCare Medical Center - Madinat Zayed,Abu Dhabi,Resident,1.0,On Leave
DOC00230,Dr. Frank Gray,Psychiatry,FAC00169,Prime Hospital - Masfout,Ajman,Resident,21.0,Active
DOC00231,Dr. Kevin Sanders,Ophthalmology,FAC00425,Life Clinic - Umm Al Quwain,Umm Al Quwain,Consultant,22.0,On Leave
DOC00232,Dr. Ryan Schultz,Urology,FAC01098,Life Clinic - Jebel Ali,Dubai,Consultant,26.0,On Leave
DOC00233,Dr. Hayley Hughes,Cardiology,FAC01051,Life Medical Center - Jebel Ali,Dubai,Consultant,16.0,On Leave
DOC00234,Dr. Timothy Duke,Pulmonology,FAC01555,Burjeel Clinic - Al Ain,Abu Dhabi,Specialist,21.0,On Leave
DOC00235,Dr. Daniel Frazier,Internal Medicine,FAC00297,Al Noor Hospital - Ajman,Ajman,General Practitioner,4.0,Active
DOC00236,Dr. Victoria Ellis,Cardiology,FAC01516,Burjeel Clinic - Madinat Zayed,Abu Dhabi,General Practitioner,20.0,Active
DOC00237,Dr. Angel Irwin,Obstetrics & Gynecology,FAC01499,Emirates Hospital - Ruwais,Abu Dhabi,General Practitioner,21.0,Active
DOC00238,Dr. Ryan Anthony,Obstetrics & Gynecology,FAC01449,National Clinic - Hatta,Dubai,Resident,16.0,Active
DOC00239,Dr. Melanie Taylor,General Surgery,FAC01223,Emirates Clinic - Fujairah,Fujairah,Resident,11.0,On Leave
DOC00240,Dr. Melinda Ramirez,Internal Medicine,FAC01411,Gulf Medical Center - Madinat Zayed,Abu Dhabi,Consultant,21.0,On Leave
DOC00241,Dr. Jorge Hess,Dermatology,FAC00011,Emirates Hospital - Fujairah,Fujairah,Specialist,2.0,Active
DOC00242,Dr. Matthew Brown,Cardiology,FAC01163,Al Noor Clinic - Abu Dhabi,Abu Dhabi,Consultant,8.0,On Leave
DOC00243,Dr. Kevin Taylor,Psychiatry,FAC00652,Gulf Clinic - Abu Dhabi,Abu Dhabi,Resident,23.0,Active
DOC00244,Dr. James Cook,Internal Medicine,FAC00618,National Hospital - Al Ain,Abu Dhabi,Resident,25.0,Active
DOC00245,Dr. Michael Watkins,Obstetrics & Gynecology,FAC01099,Burjeel Clinic - Kalba,Sharjah,Consultant,14.0,On Leave
DOC00246,Dr. Arthur Taylor,Neurology,FAC00637,Gulf Hospital - Ras Al Khaimah,Ras Al Khaimah,Resident,6.0,Active
DOC00247,Dr. Kyle Farrell,Gastroenterology,FAC01637,National Clinic - Sharjah,Sharjah,Consultant,3.0,Active
DOC00248,Dr. Paul Webb,Pulmonology,FAC00287,MediCare Clinic - Jebel Ali,Dubai,General Practitioner,21.0,On Leave
DOC00249,Dr. Rodney Adkins,Endocrinology,FAC01466,Prime Clinic - Madinat Zayed,Abu Dhabi,General Practitioner,21.0,Active
DOC00250,Dr. Elizabeth Morris,Pulmonology,FAC00349,Aster Clinic - Dubai,Dubai,Specialist,8.0,Active
DOC00251,Dr. Linda Vazquez,Gastroenterology,FAC01585,National Clinic - Ras Al Khaimah,Ras Al Khaimah,Consultant,15.0,Active
DOC00252,Dr. Thomas Rogers,Dermatology,FAC00573,Emirates Medical Center - Madinat Zayed,Abu Dhabi,General Practitioner,19.0,Active
DOC00253,Dr. Tiffany Hernandez,ENT,FAC00461,Gulf Medical Center - Dubai,Dubai,General Practitioner,19.0,Active
DOC00254,Dr. Anthony Brown,Pulmonology,FAC00875,Life Specialty Center - Hatta,Dubai,Consultant,1.0,Active
DOC00255,Dr. Frances Hutchinson,Endocrinology,FAC00521,Life Hospital - Sharjah,Sharjah,Specialist,3.0,Active
DOC00256,Dr. Cheryl Li,Orthopedics,FAC01029,National Clinic - Al Ain,Abu Dhabi,General Practitioner,17.0,On Leave
DOC00257,Dr. Timothy Lane,Oncology,FAC00543,NMC Hospital - Ras Al Khaimah,Ras Al Khaimah,Specialist,17.0,Active
DOC00258,Dr. Donna Brewer,Neurology,FAC01370,Gulf Day Surgery Center - Ruwais,Abu Dhabi,Specialist,1.0,On Leave
DOC00259,Dr. Maria Williams,Obstetrics & Gynecology,FAC00525,Al Noor Clinic - Dibba Al-Fujairah,Fujairah,Specialist,24.0,Active
DOC00260,Dr. Debra Lee,Endocrinology,FAC00425,Life Clinic - Umm Al Quwain,Umm Al Quwain,Specialist,11.0,Active
DOC00261,Dr. Andrew Barrett,Nephrology,FAC00572,NMC Specialty Center - Madinat Zayed,Abu Dhabi,Resident,23.0,Active
DOC00262,Dr. Melvin Rasmussen,Neurology,FAC00218,Emirates Hospital - Dhaid,Sharjah,Resident,14.0,Active
DOC00263,Dr. Marie Armstrong,Cardiology,FAC01500,Gulf Medical Center - Masfout,Ajman,General Practitioner,2.0,Active
DOC00264,Dr. Angela Mccann,ENT,FAC01508,Burjeel Medical Center - Masfout,Ajman,Consultant,21.0,Active
DOC00265,Dr. Marie Gonzales,Gastroenterology,FAC01462,Gulf Medical Center - Al Ain,Abu Dhabi,General Practitioner,24.0,On Leave
DOC00266,Dr. Angela Neal,ENT,FAC00207,Aster Medical Center - Kalba,Sharjah,Consultant,20.0,On Leave
DOC00267,Dr. Tyler Mason,Gastroenterology,FAC00487,Al Noor Clinic - Hatta,Dubai,Consultant,11.0,Active
DOC00268,Dr. Colleen Sparks,Cardiology,FAC00731,National Hospital - Al Ain,Abu Dhabi,General Practitioner,24.0,On Leave
DOC00269,Dr. Denise Shannon,General Surgery,FAC00673,National Clinic - Madinat Zayed,Abu Dhabi,Specialist,5.0,Active
DOC00270,Dr. Brandon Watts,Neurology,FAC00436,National Clinic - Kalba,Sharjah,Resident,21.0,Active
DOC00271,Dr. Scott Glass,ENT,FAC01520,Gulf Medical Center - Umm Al Quwain,Umm Al Quwain,Consultant,26.0,On Leave
DOC00272,Dr. Jason Cook,Neurology,FAC01295,NMC Hospital - Madinat Zayed,Abu Dhabi,Consultant,7.0,On Leave
DOC00273,Dr. Tamara Martin,Gastroenterology,FAC01197,Emirates Medical Center - Ruwais,Abu Dhabi,Consultant,10.0,Active
DOC00274,Dr. Sandra Ryan,ENT,FAC01296,Prime Clinic - Al Ain,Abu Dhabi,General Practitioner,1.0,Active
DOC00275,Dr. Shane Maddox,Pulmonology,FAC00543,NMC Hospital - Ras Al Khaimah,Ras Al Khaimah,General Practitioner,3.0,Active
DOC00276,Dr. Matthew Walters,Urology,FAC01126,Gulf Medical Center - Madinat Zayed,Abu Dhabi,Consultant,,Active
DOC00277,Dr. Mark Rivas,General Surgery,FAC00743,Al Noor Medical Center - Jebel Ali,Dubai,Consultant,2.0,Active
DOC00278,Dr. Matthew Rodgers,Nephrology,FAC01634,Gulf Specialty Center - Jebel Ali,Dubai,Consultant,25.0,Active
DOC00279,Dr. Jessica Young,Obstetrics & Gynecology,FAC01155,Life Hospital - Ruwais,Abu Dhabi,Specialist,21.0,On Leave
DOC00280,Dr. James Ferguson,Pulmonology,FAC00223,Burjeel Clinic - Dibba Al-Fujairah,Fujairah,General Practitioner,27.0,On Leave
DOC00281,Dr. Edward Lowery,General Surgery,FAC01105,Prime Hospital - Dubai,Dubai,Specialist,11.0,Active
DOC00282,Dr. Erica Smith,Nephrology,FAC00248,Prime Medical Center - Fujairah,Fujairah,Consultant,10.0,Active
DOC00283,Dr. Lauren Moore,Pulmonology,FAC01369,National Day Surgery Center - Ajman,Ajman,General Practitioner,6.0,Active
DOC00284,Dr. Diane Young,Pulmonology,FAC00326,Life Day Surgery Center - Madinat Zayed,Abu Dhabi,Consultant,11.0,Active
DOC00285,Dr. Jennifer Wise,Endocrinology,FAC01083,Emirates Specialty Center - Hatta,Dubai,Specialist,4.0,On Leave
DOC00286,Dr. Scott Peterson,Dermatology,FAC01346,NMC Clinic - Kalba,Sharjah,Consultant,12.0,Active
DOC00287,Dr. Melissa Jenkins,Psychiatry,FAC00656,Prime Day Surgery Center - Ras Al Khaimah,Ras Al Khaimah,Specialist,15.0,On Leave
DOC00288,Dr. James Potter,Dermatology,FAC01083,Emirates Specialty Center - Hatta,Dubai,Specialist,13.0,Active
DOC00289,Dr. Tyler Crawford,Ophthalmology,FAC01480,Aster Clinic - Dubai,Dubai,Consultant,9.0,Active
DOC00290,Dr. Brittany Smith,Dermatology,FAC00206,Aster Clinic - Masfout,Ajman,Resident,20.0,Active
DOC00291,Dr. Thomas Shepherd,Pediatrics,FAC00833,Gulf Medical Center - Madinat Zayed,Abu Dhabi,Resident,25.0,Active
DOC00292,Dr. Stephanie Mayer,Neurology,FAC00298,Emirates Day Surgery Center - Dubai,Dubai,Specialist,25.0,On Leave
DOC00293,Dr. Carmen Johnson,General Surgery,FAC00860,NMC Day Surgery Center - Jebel Ali,Dubai,Specialist,7.0,Active
DOC00294,Dr. Laura Castro,Endocrinology,FAC00520,MediCare Clinic - Dhaid,Sharjah,Specialist,9.0,Active
DOC00295,Dr. Greg Curry,Urology,FAC01066,Al Noor Clinic - Ruwais,Abu Dhabi,General Practitioner,25.0,Active
DOC00296,Dr. Christopher Harding,Neurology,FAC00598,Emirates Specialty Center - Al Ain,Abu Dhabi,Consultant,8.0,Active
DOC00297,Dr. Edgar Velez,Urology,FAC00737,Aster Day Surgery Center - Dhaid,Sharjah,Resident,14.0,On Leave
DOC00298,Dr. Gregory Bell,Ophthalmology,FAC00621,Aster Clinic - Sharjah,Sharjah,General Practitioner,17.0,Active
DOC00299,Dr. Jodi Morales,Internal Medicine,FAC00550,Al Noor Medical Center - Jebel Ali,Dubai,General Practitioner,15.0,Active
DOC00300,Dr. Nichole Wright,Ophthalmology,FAC01524,Gulf Specialty Center - Abu Dhabi,Abu Dhabi,General Practitioner,23.0,Active
DOC00301,Dr. Michael Smith,Internal Medicine,FAC01528,Gulf Clinic - Dubai,Dubai,Resident,12.0,Active
DOC00302,Dr. Michael Turner,Gastroenterology,FAC00656,Prime Day Surgery Center - Ras Al Khaimah,Ras Al Khaimah,Consultant,7.0,Active
DOC00303,Dr. Sharon Singleton,Pulmonology,FAC01315,Life Clinic - Fujairah,Fujairah,Specialist,4.0,Active
DOC00304,Dr. Ashley Marshall,Endocrinology,FAC00094,Prime Clinic - Dubai,Dubai,General Practitioner,2.0,On Leave
DOC00305,Dr. Mike Paul,Dermatology,FAC01560,Al Noor Medical Center - Dubai,Dubai,Specialist,24.0,Active
DOC00306,Dr. Richard Ferguson,Dermatology,FAC01543,National Specialty Center - Masfout,Ajman,Specialist,21.0,Active
DOC00307,Dr. Steven Smith,Pulmonology,FAC00617,Aster Clinic - Kalba,Sharjah,Consultant,18.0,Active
DOC00308,Dr. William Hudson,Ophthalmology,FAC01103,Burjeel Hospital - Sharjah,Sharjah,Resident,1.0,On Leave
DOC00309,Dr. Shelby Velasquez,Oncology,FAC00083,Gulf Hospital - Ajman,Ajman,Consultant,24.0,On Leave
DOC00310,Dr. Aaron Williams,Ophthalmology,FAC00135,MediCare Clinic - Ajman,Ajman,General Practitioner,15.0,Active
DOC00311,Dr. Lisa Benson,Dermatology,FAC00171,MediCare Clinic - Kalba,Sharjah,Resident,18.0,Active
DOC00312,Dr. Jessica Johnson,Obstetrics & Gynecology,FAC01149,Aster Hospital - Dhaid,Sharjah,Consultant,11.0,Active
DOC00313,Dr. Gabriela Nelson,Pediatrics,FAC01573,National Clinic - Abu Dhabi,Abu Dhabi,Specialist,17.0,Active
DOC00314,Dr. Kathleen Hoffman,Internal Medicine,FAC01474,Prime Day Surgery Center - Al Ain,Abu Dhabi,Resident,17.0,Active
DOC00315,Dr. Vanessa Campbell,Obstetrics & Gynecology,FAC01221,Gulf Day Surgery Center - Ajman,Ajman,Specialist,11.0,Active
DOC00316,Dr. Jessica Ramirez,Cardiology,FAC00562,Aster Specialty Center - Umm Al Quwain,Umm Al Quwain,Consultant,12.0,Active
DOC00317,Dr. David Garcia,Urology,FAC01132,National Medical Center - Abu Dhabi,Abu Dhabi,Consultant,10.0,Active
DOC00318,Dr. William Dawson,Dermatology,FAC00569,MediCare Clinic - Dhaid,Sharjah,Consultant,1.0,Active
DOC00319,Dr. Julie Hill,Urology,FAC00257,Life Specialty Center - Jebel Ali,Dubai,Consultant,2.0,Active
DOC00320,Dr. Todd Taylor,Psychiatry,FAC01160,Emirates Clinic - Hatta,Dubai,General Practitioner,24.0,Active
DOC00321,Dr. Paul Merritt,Orthopedics,FAC00656,Prime Day Surgery Center - Ras Al Khaimah,Ras Al Khaimah,General Practitioner,12.0,Active
DOC00322,Dr. Michael Miller,Neurology,FAC00696,Burjeel Specialty Center - Ras Al Khaimah,Ras Al Khaimah,General Practitioner,21.0,Active
DOC00323,Dr. Christina Brandt,Pediatrics,FAC00800,Prime Medical Center - Jebel Ali,Dubai,Resident,22.0,Active
DOC00324,Dr. Phillip Santana,Obstetrics & Gynecology,FAC00568,Prime Clinic - Jebel Ali,Dubai,General Practitioner,9.0,On Leave
DOC00325,Dr. John Morales,Pulmonology,FAC01564,Aster Clinic - Ruwais,Abu Dhabi,General Practitioner,14.0,Active
DOC00326,Dr. Tabitha Castillo,Neurology,FAC00928,National Clinic - Ruwais,Abu Dhabi,Resident,16.0,Active
DOC00327,Dr. Roberto Lee,Endocrinology,FAC00379,Burjeel Clinic - Ras Al Khaimah,Ras Al Khaimah,Resident,10.0,Active
DOC00328,Dr. Steven Harvey,Nephrology,FAC00915,Burjeel Medical Center - Hatta,Dubai,Specialist,7.0,On Leave
DOC00329,Dr. Hayley Smith,Pediatrics,FAC01179,Emirates Medical Center - Hatta,Dubai,General Practitioner,7.0,On Leave
DOC00330,Dr. Patricia Campos,Pediatrics,FAC01233,Prime Medical Center - Jebel Ali,Dubai,Specialist,25.0,Active
DOC00331,Dr. Jesse Mitchell,Pulmonology,FAC01454,Al Noor Specialty Center - Hatta,Dubai,Consultant,11.0,Active
DOC00332,Dr. Kristi Tran,Ophthalmology,FAC00557,Life Clinic - Sharjah,Sharjah,Resident,19.0,On Leave
DOC00333,Dr. Michael Carter,Orthopedics,FAC01176,National Day Surgery Center - Al Ain,Abu Dhabi,Resident,1.0,Active
DOC00334,Dr. Thomas Maxwell,Gastroenterology,FAC00500,National Specialty Center - Madinat Zayed,Abu Dhabi,General Practitioner,25.0,On Leave
DOC00335,Dr. Cynthia Baxter,Psychiatry,FAC00852,Prime Hospital - Ruwais,Abu Dhabi,Consultant,14.0,Active
DOC00336,Dr. William Campbell,Oncology,FAC00530,Al Noor Hospital - Madinat Zayed,Abu Dhabi,Resident,1.0,Active
DOC00337,Dr. Sean Bishop,General Surgery,FAC00876,Prime Clinic - Madinat Zayed,Abu Dhabi,Resident,24.0,On Leave
DOC00338,Dr. Elizabeth Moore,Gastroenterology,FAC00393,Emirates Clinic - Hatta,Dubai,Resident,4.0,Active
DOC00339,Dr. Paul Parker,Psychiatry,FAC01287,NMC Clinic - Al Ain,Abu Dhabi,General Practitioner,23.0,On Leave
DOC00340,Dr. Kelly Roberts,Psychiatry,FAC01650,Life Medical Center - Ruwais,Abu Dhabi,General Practitioner,8.0,On Leave
DOC00341,Dr. Lance Compton,Endocrinology,FAC00818,Burjeel Hospital - Hatta,Dubai,General Practitioner,22.0,Active
DOC00342,Dr. Sierra Blair,Cardiology,FAC00756,Aster Medical Center - Kalba,Sharjah,General Practitioner,7.0,On Leave
DOC00343,Dr. Elizabeth Young,Internal Medicine,FAC00052,Burjeel Specialty Center - Ruwais,Abu Dhabi,Specialist,3.0,On Leave
DOC00344,Dr. Morgan Edwards,Oncology,FAC01082,Life Day Surgery Center - Umm Al Quwain,Umm Al Quwain,General Practitioner,26.0,Active
DOC00345,Dr. Hannah Alvarez,Cardiology,FAC00008,Burjeel Specialty Center - Hatta,Dubai,Specialist,22.0,Active
DOC00346,Dr. Cameron Baker,Psychiatry,FAC00156,MediCare Medical Center - Fujairah,Fujairah,Resident,21.0,Active
DOC00347,Dr. Glen Riley,Urology,FAC01465,Burjeel Medical Center - Hatta,Dubai,Specialist,13.0,Active
DOC00348,Dr. Joshua Clay,Internal Medicine,FAC00101,Aster Hospital - Hatta,Dubai,Consultant,13.0,On Leave
DOC00349,Dr. Mark Brady,Gastroenterology,FAC00884,Emirates Clinic - Abu Dhabi,Abu Dhabi,Resident,25.0,Active
DOC00350,Dr. Jessica Sanford,Urology,FAC00088,MediCare Hospital - Dibba Al-Fujairah,Fujairah,Consultant,10.0,Active
DOC00351,Dr. Miranda Holmes,General Surgery,FAC01492,Burjeel Hospital - Ruwais,Abu Dhabi,Consultant,8.0,Active
DOC00352,Dr. Charles George,ENT,FAC00046,NMC Clinic - Madinat Zayed,Abu Dhabi,Resident,23.0,On Leave
DOC00353,Dr. Julie Rose,Dermatology,FAC01083,Emirates Specialty Center - Hatta,Dubai,Consultant,18.0,Active
DOC00354,Dr. Glenn Roach,Orthopedics,FAC00590,Gulf Clinic - Madinat Zayed,Abu Dhabi,Resident,,Active
DOC00355,Dr. Laura Mendoza,Obstetrics & Gynecology,FAC00688,MediCare Medical Center - Jebel Ali,Dubai,General Practitioner,16.0,Active
DOC00356,Dr. Bailey Bullock,Neurology,FAC01583,Gulf Hospital - Dubai,Dubai,General Practitioner,1.0,Active
DOC00357,Dr. Christopher Weaver,Neurology,FAC00914,NMC Medical Center - Al Ain,Abu Dhabi,Resident,12.0,Active
DOC00358,Dr. Christopher Holder,Urology,FAC00629,Life Medical Center - Kalba,Sharjah,General Practitioner,8.0,Active
DOC00359,Dr. Carl Tucker,Urology,FAC01434,Burjeel Specialty Center - Umm Al Quwain,Umm Al Quwain,Resident,27.0,Active
DOC00360,Dr. Lisa Stevenson,Internal Medicine,FAC00698,National Specialty Center - Dhaid,Sharjah,General Practitioner,15.0,Active
DOC00361,Dr. Ethan Johnson,Neurology,FAC00227,National Clinic - Umm Al Quwain,Umm Al Quwain,General Practitioner,1.0,On Leave
DOC00362,Dr. Lauren Castillo,Cardiology,FAC00533,Gulf Hospital - Ras Al Khaimah,Ras Al Khaimah,Resident,,Active
DOC00363,Dr. Joshua Baker,Cardiology,FAC00479,NMC Clinic - Jebel Ali,Dubai,Specialist,23.0,Active
DOC00364,Dr. Michael Gray,Nephrology,FAC01294,Emirates Day Surgery Center - Al Ain,Abu Dhabi,Specialist,6.0,Active
DOC00365,Dr. Brent Douglas,ENT,FAC00320,Prime Clinic - Dubai,Dubai,Consultant,27.0,On Leave
DOC00366,Dr. Kelly Riley,Internal Medicine,FAC00302,Emirates Clinic - Fujairah,Fujairah,General Practitioner,9.0,Active
DOC00367,Dr. Stephanie Graham,Gastroenterology,FAC01344,MediCare Clinic - Khor Fakkan,Sharjah,Specialist,21.0,Active
DOC00368,Dr. Stephen Jones,Gastroenterology,FAC00173,NMC Medical Center - Jebel Ali,Dubai,Resident,18.0,Active
DOC00369,Dr. Tracy Montes,ENT,FAC00951,Gulf Hospital - Jebel Ali,Dubai,General Practitioner,21.0,Active
DOC00370,Dr. Albert Jennings,Ophthalmology,FAC00191,Gulf Medical Center - Ruwais,Abu Dhabi,Consultant,7.0,Active
DOC00371,Dr. Larry Smith,Pediatrics,FAC01359,Burjeel Clinic - Ras Al Khaimah,Ras Al Khaimah,Consultant,17.0,Active
DOC00372,Dr. Robert Romero,Nephrology,FAC00181,National Clinic - Abu Dhabi,Abu Dhabi,Specialist,12.0,Active
DOC00373,Dr. Heather Powell,Neurology,FAC00334,Prime Clinic - Khor Fakkan,Sharjah,Consultant,25.0,Active
DOC00374,Dr. Luke Fitzpatrick,General Surgery,FAC01496,MediCare Hospital - Dibba Al-Fujairah,Fujairah,Consultant,22.0,Active
DOC00375,Dr. Brian Hampton,Ophthalmology,FAC00775,National Clinic - Dubai,Dubai,General Practitioner,20.0,Active
DOC00376,Dr. Jonathan Lewis,ENT,FAC00547,National Medical Center - Al Ain,Abu Dhabi,Specialist,27.0,Active
DOC00377,Dr. Jessica Stewart,Pediatrics,FAC00433,Emirates Specialty Center - Dubai,Dubai,Specialist,1.0,On Leave
DOC00378,Dr. Vickie Wagner,Psychiatry,FAC00827,Prime Clinic - Madinat Zayed,Abu Dhabi,Specialist,19.0,Active
DOC00379,Dr. Destiny Nash,Obstetrics & Gynecology,FAC00630,Prime Hospital - Al Ain,Abu Dhabi,Consultant,21.0,Active
DOC00380,Dr. Lisa Fields,Dermatology,FAC00463,Life Hospital - Abu Dhabi,Abu Dhabi,Specialist,25.0,Active
DOC00381,Dr. Ashley Wilcox,Ophthalmology,FAC00011,Emirates Hospital - Fujairah,Fujairah,Specialist,17.0,Active
DOC00382,Dr. Kevin Russell,Ophthalmology,FAC00144,Prime Clinic - Umm Al Quwain,Umm Al Quwain,Consultant,4.0,Active
DOC00383,Dr. Jennifer White,Urology,FAC01415,Emirates Hospital - Hatta,Dubai,Specialist,4.0,On Leave
DOC00384,Dr. Steven Cooper,Internal Medicine,FAC01570,Life Clinic - Sharjah,Sharjah,Specialist,22.0,On Leave
DOC00385,Dr. Shirley Neal,Internal Medicine,FAC00258,Gulf Clinic - Umm Al Quwain,Umm Al Quwain,Consultant,18.0,On Leave
DOC00386,Dr. Tyler Gomez,Orthopedics,FAC01087,Gulf Day Surgery Center - Jebel Ali,Dubai,General Practitioner,4.0,Active
DOC00387,Dr. Roberta Zimmerman,Dermatology,FAC00163,Burjeel Medical Center - Umm Al Quwain,Umm Al Quwain,General Practitioner,,Active
DOC00388,Dr. Erica Smith,Urology,FAC00987,NMC Hospital - Jebel Ali,Dubai,Consultant,10.0,Active
DOC00389,Dr. Antonio Thompson,Endocrinology,FAC01238,MediCare Clinic - Ruwais,Abu Dhabi,General Practitioner,2.0,Active
DOC00390,Dr. Thomas Horne,Gastroenterology,FAC00296,National Clinic - Abu Dhabi,Abu Dhabi,General Practitioner,5.0,Active
DOC00391,Dr. Mark Morrow,Cardiology,FAC01593,Burjeel Day Surgery Center - Ajman,Ajman,Specialist,15.0,Active
DOC00392,Dr. Travis Pugh,Ophthalmology,FAC00445,NMC Medical Center - Hatta,Dubai,Consultant,3.0,Active
DOC00393,Dr. Sharon Copeland,Gastroenterology,FAC00501,Al Noor Medical Center - Dubai,Dubai,Specialist,7.0,Active
DOC00394,Dr. Melissa Bentley,General Surgery,FAC01389,Prime Medical Center - Ruwais,Abu Dhabi,General Practitioner,13.0,Active
DOC00395,Dr. Jason Washington,Urology,FAC00471,Life Hospital - Jebel Ali,Dubai,Specialist,17.0,On Leave
DOC00396,Dr. Jennifer Bates,General Surgery,FAC01441,Al Noor Clinic - Hatta,Dubai,Consultant,5.0,Active
DOC00397,Dr. Oscar Turner,Oncology,FAC00022,Life Medical Center - Ruwais,Abu Dhabi,Specialist,26.0,Active
DOC00398,Dr. Nancy Lozano,Obstetrics & Gynecology,FAC01228,Aster Clinic - Dibba Al-Fujairah,Fujairah,Resident,3.0,Active
DOC00399,Dr. James Turner,Neurology,FAC00079,Life Medical Center - Kalba,Sharjah,Consultant,4.0,Active
DOC00400,Dr. Gregory Murray,Obstetrics & Gynecology,FAC01613,NMC Clinic - Ras Al Khaimah,Ras Al Khaimah,Resident,6.0,On Leave
DOC00401,Dr. James Simmons,Oncology,FAC00981,MediCare Clinic - Dubai,Dubai,Resident,6.0,Active
DOC00402,Dr. Michael Olson,Internal Medicine,FAC00839,Gulf Day Surgery Center - Al Ain,Abu Dhabi,Resident,24.0,On Leave
DOC00403,Dr. April Johnson,General Surgery,FAC00616,Emirates Clinic - Hatta,Dubai,General Practitioner,12.0,Active
DOC00404,Dr. Eugene Richards,Gastroenterology,FAC01410,NMC Clinic - Ras Al Khaimah,Ras Al Khaimah,Consultant,13.0,Active
DOC00405,Dr. Megan Ryan,Orthopedics,FAC00204,Prime Clinic - Sharjah,Sharjah,General Practitioner,12.0,Active
DOC00406,Dr. Brandy Little,Urology,FAC01257,Life Clinic - Dhaid,Sharjah,Specialist,15.0,Active
DOC00407,Dr. Madison Rosales,Nephrology,FAC00446,Gulf Clinic - Hatta,Dubai,Consultant,4.0,Active
DOC00408,Dr. Joshua Baker,Endocrinology,FAC01375,Gulf Specialty Center - Umm Al Quwain,Umm Al Quwain,Consultant,1.0,On Leave
DOC00409,Dr. Brent Terry,Cardiology,FAC00465,Al Noor Clinic - Dubai,Dubai,Consultant,4.0,On Leave
DOC00410,Dr. Jason Gilbert,General Surgery,FAC00858,Aster Clinic - Madinat Zayed,Abu Dhabi,Resident,17.0,Active
DOC00411,Dr. Nicholas Reid,Obstetrics & Gynecology,FAC01180,Aster Specialty Center - Kalba,Sharjah,General Practitioner,3.0,On Leave
DOC00412,Dr. Stephanie Gross,Oncology,FAC00867,NMC Medical Center - Sharjah,Sharjah,General Practitioner,27.0,Active
DOC00413,Dr. Martin Simpson,Endocrinology,FAC00171,MediCare Clinic - Kalba,Sharjah,General Practitioner,7.0,On Leave
DOC00414,Dr. Hayley Rivers,Gastroenterology,FAC00623,National Medical Center - Ras Al Khaimah,Ras Al Khaimah,Resident,13.0,On Leave
DOC00415,Dr. Karina Proctor,Ophthalmology,FAC01604,National Day Surgery Center - Ruwais,Abu Dhabi,General Practitioner,20.0,Active
DOC00416,Dr. Sara Luna,Ophthalmology,FAC01511,Prime Medical Center - Al Ain,Abu Dhabi,Consultant,2.0,Active
DOC00417,Dr. Robert Cole,Psychiatry,FAC01559,Gulf Medical Center - Khor Fakkan,Sharjah,Specialist,9.0,Active
DOC00418,Dr. Tracey Burke,General Surgery,FAC00593,Life Clinic - Madinat Zayed,Abu Dhabi,Consultant,10.0,Active
DOC00419,Dr. Michael Smith,Orthopedics,FAC01362,NMC Day Surgery Center - Dubai,Dubai,Specialist,16.0,Active
DOC00420,Dr. Jillian Phillips,ENT,FAC00795,Life Clinic - Dubai,Dubai,Consultant,10.0,Active
DOC00421,Dr. Amber Hardy,Psychiatry,FAC00005,Prime Clinic - Ruwais,Abu Dhabi,Specialist,19.0,On Leave
DOC00422,Dr. Erin Cantrell,Neurology,FAC00134,Emirates Clinic - Madinat Zayed,Abu Dhabi,Consultant,4.0,On Leave
DOC00423,Dr. Gary Peters,Gastroenterology,FAC01186,Life Specialty Center - Al Ain,Abu Dhabi,Resident,6.0,Active
DOC00424,Dr. Vanessa Mckee,Pediatrics,FAC01189,Prime Medical Center - Umm Al Quwain,Umm Al Quwain,General Practitioner,3.0,On Leave
DOC00425,Dr. Tiffany Cook,Pediatrics,FAC00726,MediCare Hospital - Ras Al Khaimah,Ras Al Khaimah,General Practitioner,9.0,Active
DOC00426,Dr. Sean Baldwin,Neurology,FAC00739,Aster Day Surgery Center - Ruwais,Abu Dhabi,Resident,3.0,Active
DOC00427,Dr. Laura Johnson,General Surgery,FAC00165,Al Noor Medical Center - Ajman,Ajman,Specialist,14.0,Active
DOC00428,Dr. Bryan Thompson,Neurology,FAC00840,Gulf Medical Center - Ruwais,Abu Dhabi,General Practitioner,14.0,Active
DOC00429,Dr. Chelsea Murray,Neurology,FAC00044,Prime Specialty Center - Khor Fakkan,Sharjah,Resident,6.0,Active
DOC00430,Dr. Michelle Jackson,Neurology,FAC01434,Burjeel Specialty Center - Umm Al Quwain,Umm Al Quwain,Specialist,16.0,On Leave
DOC00431,Dr. Chad Esparza,Oncology,FAC01605,Gulf Medical Center - Umm Al Quwain,Umm Al Quwain,Resident,19.0,On Leave
DOC00432,Dr. Crystal Bryan,Orthopedics,FAC00708,National Clinic - Dibba Al-Fujairah,Fujairah,General Practitioner,12.0,On Leave
DOC00433,Dr. Matthew Patrick,Pediatrics,FAC00126,Aster Hospital - Ras Al Khaimah,Ras Al Khaimah,General Practitioner,18.0,Active
DOC00434,Dr. Dawn Richard,Obstetrics & Gynecology,FAC00796,Gulf Specialty Center - Madinat Zayed,Abu Dhabi,Consultant,22.0,Active
DOC00435,Dr. Carolyn Johnson,Neurology,FAC01097,Emirates Hospital - Al Ain,Abu Dhabi,General Practitioner,27.0,Active
DOC00436,Dr. David Caldwell,Internal Medicine,FAC01121,Life Medical Center - Khor Fakkan,Sharjah,General Practitioner,9.0,Active
DOC00437,Dr. Jacob Carlson,Nephrology,FAC00431,Al Noor Day Surgery Center - Hatta,Dubai,General Practitioner,19.0,Active
DOC00438,Dr. Eric Vazquez,Nephrology,FAC00681,MediCare Clinic - Abu Dhabi,Abu Dhabi,Consultant,15.0,Active
DOC00439,Dr. David Gomez,Endocrinology,FAC00333,Prime Clinic - Hatta,Dubai,Resident,26.0,Active
DOC00440,Dr. Toni Phillips,Obstetrics & Gynecology,FAC00321,Aster Clinic - Ras Al Khaimah,Ras Al Khaimah,Resident,20.0,Active
DOC00441,Dr. Michael Williams,Nephrology,FAC00503,Prime Clinic - Madinat Zayed,Abu Dhabi,Specialist,4.0,Active
DOC00442,Dr. Curtis Douglas,Oncology,FAC00818,Burjeel Hospital - Hatta,Dubai,Resident,26.0,On Leave
DOC00443,Dr. Melissa Joseph,Neurology,FAC00180,Prime Day Surgery Center - Dubai,Dubai,General Practitioner,,Active
DOC00444,Dr. James Velazquez,Orthopedics,FAC01454,Al Noor Specialty Center - Hatta,Dubai,Resident,20.0,Active
DOC00445,Dr. Jessica Cole,ENT,FAC00705,Prime Hospital - Hatta,Dubai,Consultant,20.0,Active
DOC00446,Dr. Alexander Haynes,Psychiatry,FAC00776,Emirates Medical Center - Hatta,Dubai,Consultant,1.0,Active
DOC00447,Dr. Parker Sanford,Cardiology,FAC01594,National Specialty Center - Abu Dhabi,Abu Dhabi,Consultant,11.0,Active
DOC00448,Dr. William Rodriguez,Endocrinology,FAC01115,National Medical Center - Ras Al Khaimah,Ras Al Khaimah,General Practitioner,12.0,Active
DOC00449,Dr. Lori Mueller,General Surgery,FAC00317,NMC Medical Center - Hatta,Dubai,General Practitioner,9.0,On Leave
DOC00450,Dr. Selena Shaw,Psychiatry,FAC01112,Prime Medical Center - Dibba Al-Fujairah,Fujairah,Specialist,10.0,Active
DOC00451,Dr. Daniel Obrien,Gastroenterology,FAC00506,MediCare Hospital - Ras Al Khaimah,Ras Al Khaimah,Resident,25.0,Active
DOC00452,Dr. Mary Smith,Pediatrics,FAC00102,Emirates Clinic - Jebel Ali,Dubai,Specialist,6.0,Active
DOC00453,Dr. Jessica Bennett,Urology,FAC01042,Emirates Hospital - Al Ain,Abu Dhabi,Resident,7.0,Active
DOC00454,Dr. David Parks,Obstetrics & Gynecology,FAC00096,Burjeel Clinic - Umm Al Quwain,Umm Al Quwain,General Practitioner,2.0,On Leave
DOC00455,Dr. Steven Gonzalez,Internal Medicine,FAC01287,NMC Clinic - Al Ain,Abu Dhabi,Resident,15.0,Active
DOC00456,Dr. Jamie Escobar,Nephrology,FAC00108,Prime Clinic - Madinat Zayed,Abu Dhabi,Resident,21.0,Active
DOC00457,Dr. Monica Grant,Cardiology,FAC00679,Life Specialty Center - Dhaid,Sharjah,General Practitioner,10.0,Active
DOC00458,Dr. Crystal Small,Pediatrics,FAC00549,Gulf Medical Center - Fujairah,Fujairah,General Practitioner,25.0,Active
DOC00459,Dr. Becky Stewart,Orthopedics,FAC01515,Emirates Medical Center - Hatta,Dubai,Resident,13.0,Active
DOC00460,Dr. Christopher Day,General Surgery,FAC01610,Prime Clinic - Umm Al Quwain,Umm Al Quwain,Resident,12.0,Active
DOC00461,Dr. Jerry Franklin,Psychiatry,FAC01412,Burjeel Clinic - Khor Fakkan,Sharjah,Resident,11.0,Active
DOC00462,Dr. William Conley,Oncology,FAC00559,Burjeel Clinic - Sharjah,Sharjah,Specialist,20.0,Active
DOC00463,Dr. Stephanie Parsons,Cardiology,FAC00747,MediCare Hospital - Dubai,Dubai,Consultant,4.0,On Leave
DOC00464,Dr. Joanna Dominguez,Oncology,FAC00120,Aster Clinic - Jebel Ali,Dubai,Resident,12.0,Active
DOC00465,Dr. Philip King,Urology,FAC01104,Al Noor Hospital - Masfout,Ajman,Consultant,22.0,Active
DOC00466,Dr. Aaron Hendrix,Pulmonology,FAC00637,Gulf Hospital - Ras Al Khaimah,Ras Al Khaimah,General Practitioner,12.0,Active
DOC00467,Dr. Carolyn Hall,Orthopedics,FAC00675,Burjeel Specialty Center - Abu Dhabi,Abu Dhabi,Consultant,7.0,On Leave
DOC00468,Dr. Jason Livingston,Gastroenterology,FAC01343,Life Medical Center - Jebel Ali,Dubai,Resident,12.0,Active
DOC00469,Dr. Heather Curtis,Dermatology,FAC01056,Life Medical Center - Ruwais,Abu Dhabi,Consultant,22.0,Active
DOC00470,Dr. Steven Stuart,Orthopedics,FAC01533,Al Noor Hospital - Fujairah,Fujairah,Specialist,9.0,On Leave
DOC00471,Dr. Katrina Booth,Ophthalmology,FAC00658,Emirates Hospital - Masfout,Ajman,Consultant,9.0,Active
DOC00472,Dr. Gabriel Martin,Pediatrics,FAC01230,Al Noor Clinic - Dibba Al-Fujairah,Fujairah,Specialist,9.0,On Leave
DOC00473,Dr. Kyle Stephenson,Ophthalmology,FAC00479,NMC Clinic - Jebel Ali,Dubai,Consultant,1.0,Active
DOC00474,Dr. Kenneth James,Endocrinology,FAC00219,MediCare Hospital - Dubai,Dubai,Specialist,22.0,On Leave
DOC00475,Dr. Cheryl Edwards,Pediatrics,FAC01465,Burjeel Medical Center - Hatta,Dubai,Resident,4.0,On Leave
DOC00476,Dr. Jeremy Alexander,Dermatology,FAC00757,Burjeel Specialty Center - Dubai,Dubai,General Practitioner,23.0,Active
DOC00477,Dr. Steven Mccoy,Gastroenterology,FAC00102,Emirates Clinic - Jebel Ali,Dubai,General Practitioner,9.0,Active
DOC00478,Dr. Steven Patton,Internal Medicine,FAC00206,Aster Clinic - Masfout,Ajman,Resident,12.0,Active
DOC00479,Dr. Ana Hernandez,ENT,FAC00577,NMC Specialty Center - Sharjah,Sharjah,Specialist,12.0,Active
DOC00480,Dr. Brooke Sullivan,Ophthalmology,FAC00315,Prime Medical Center - Al Ain,Abu Dhabi,Specialist,27.0,Active
DOC00481,Dr. Jose Thompson,Obstetrics & Gynecology,FAC00097,Burjeel Clinic - Al Ain,Abu Dhabi,Consultant,22.0,On Leave
DOC00482,Dr. Stephanie Flynn,Nephrology,FAC00803,MediCare Hospital - Fujairah,Fujairah,Specialist,10.0,Active
DOC00483,Dr. Brittany Hebert,Dermatology,FAC01313,Aster Hospital - Dubai,Dubai,General Practitioner,9.0,Active
DOC00484,Dr. Dana Jackson,General Surgery,FAC01133,Burjeel Hospital - Jebel Ali,Dubai,Consultant,6.0,Active
DOC00485,Dr. Matthew Shields,Dermatology,FAC00642,Emirates Day Surgery Center - Abu Dhabi,Abu Dhabi,General Practitioner,8.0,Active
DOC00486,Dr. Anthony Sims,Endocrinology,FAC00304,Life Medical Center - Al Ain,Abu Dhabi,Resident,2.0,Active
DOC00487,Dr. Michelle Phillips,Cardiology,FAC01281,Al Noor Specialty Center - Dubai,Dubai,Consultant,12.0,Active
DOC00488,Dr. Laura Ray,Psychiatry,FAC01094,Life Clinic - Dibba Al-Fujairah,Fujairah,Resident,20.0,Active
DOC00489,Dr. Melissa Moss,Psychiatry,FAC01125,Burjeel Hospital - Ruwais,Abu Dhabi,Consultant,8.0,On Leave
DOC00490,Dr. Wesley Roberts,Pediatrics,FAC00102,Emirates Clinic - Jebel Ali,Dubai,General Practitioner,13.0,On Leave
DOC00491,Dr. Christina Daniel,Nephrology,FAC01309,Prime Medical Center - Masfout,Ajman,Consultant,12.0,On Leave
DOC00492,Dr. Wendy Owens,Endocrinology,FAC00199,Gulf Hospital - Kalba,Sharjah,Consultant,10.0,On Leave
DOC00493,Dr. James Williams,Neurology,FAC00678,Burjeel Specialty Center - Masfout,Ajman,Specialist,2.0,Active
DOC00494,Dr. Danny Mack,Dermatology,FAC00742,Prime Hospital - Al Ain,Abu Dhabi,Specialist,27.0,Active
DOC00495,Dr. Daniel Vega,Urology,FAC00561,Al Noor Specialty Center - Dubai,Dubai,General Practitioner,18.0,Active
DOC00496,Dr. Steven Odonnell,Gastroenterology,FAC00015,Al Noor Clinic - Hatta,Dubai,Consultant,9.0,Active
DOC00497,Dr. Randall Soto,Endocrinology,FAC00862,National Clinic - Madinat Zayed,Abu Dhabi,Consultant,9.0,On Leave
DOC00498,Dr. Daniel Ward,Endocrinology,FAC00689,Burjeel Medical Center - Dubai,Dubai,Specialist,4.0,Active
DOC00499,Dr. Samantha Wallace,Internal Medicine,FAC01471,Burjeel Clinic - Ajman,Ajman,General Practitioner,8.0,Active
DOC00500,Dr. Blake Farmer,Cardiology,FAC01591,MediCare Hospital - Abu Dhabi,Abu Dhabi,Consultant,26.0,Active
DOC00501,Dr. Jerry Butler,Obstetrics & Gynecology,FAC01176,National Day Surgery Center - Al Ain,Abu Dhabi,General Practitioner,9.0,Active
DOC00502,Dr. Sandra Valenzuela,ENT,FAC00383,MediCare Hospital - Hatta,Dubai,General Practitioner,20.0,On Leave
DOC00503,Dr. George Hopkins,Pulmonology,FAC00615,Burjeel Medical Center - Hatta,Dubai,Specialist,16.0,Active
DOC00504,Dr. Jacob Cole,Oncology,FAC01471,Burjeel Clinic - Ajman,Ajman,Resident,8.0,Active
DOC00505,Dr. Timothy Edwards,Obstetrics & Gynecology,FAC01523,MediCare Medical Center - Umm Al Quwain,Umm Al Quwain,Specialist,25.0,Active
DOC00506,Dr. Ronald Bryant,Cardiology,FAC01267,NMC Hospital - Fujairah,Fujairah,General Practitioner,14.0,Active
DOC00507,Dr. Samantha Clayton,Nephrology,FAC01163,Al Noor Clinic - Abu Dhabi,Abu Dhabi,Resident,15.0,Active
DOC00508,Dr. Wayne Shields,Oncology,FAC01267,NMC Hospital - Fujairah,Fujairah,Specialist,8.0,On Leave
DOC00509,Dr. Eric Harrison,Nephrology,FAC00584,Gulf Clinic - Hatta,Dubai,Resident,23.0,Active
DOC00510,Dr. Mario Anderson,ENT,FAC00500,National Specialty Center - Madinat Zayed,Abu Dhabi,Consultant,18.0,On Leave
DOC00511,Dr. Cynthia Fry,Oncology,FAC01086,National Medical Center - Madinat Zayed,Abu Dhabi,General Practitioner,23.0,Active
DOC00512,Dr. Jonathan Bradley,Nephrology,FAC01197,Emirates Medical Center - Ruwais,Abu Dhabi,Consultant,20.0,Active
DOC00513,Dr. Adam Estrada,Oncology,FAC00279,National Specialty Center - Sharjah,Sharjah,Resident,18.0,Active
DOC00514,Dr. Daniel Greene,Oncology,FAC00596,National Medical Center - Ras Al Khaimah,Ras Al Khaimah,General Practitioner,12.0,Active
DOC00515,Dr. Linda Long,Urology,FAC00204,Prime Clinic - Sharjah,Sharjah,Resident,4.0,Active
DOC00516,Dr. Holly Boyd,Pediatrics,FAC00774,Burjeel Medical Center - Madinat Zayed,Abu Dhabi,Resident,3.0,Active
DOC00517,Dr. Olivia Stewart,General Surgery,FAC00962,Gulf Clinic - Hatta,Dubai,Specialist,18.0,On Leave
DOC00518,Dr. Kristie Thompson,Neurology,FAC00549,Gulf Medical Center - Fujairah,Fujairah,General Practitioner,23.0,Active
DOC00519,Dr. Steven Perry,Pediatrics,FAC01570,Life Clinic - Sharjah,Sharjah,Consultant,4.0,Active
DOC00520,Dr. Samuel Travis,Pediatrics,FAC00248,Prime Medical Center - Fujairah,Fujairah,Specialist,7.0,On Leave
DOC00521,Dr. Kelly Sexton,Psychiatry,FAC01030,Gulf Medical Center - Jebel Ali,Dubai,Consultant,3.0,Active
DOC00522,Dr. Charles Shannon,Dermatology,FAC00036,MediCare Hospital - Dhaid,Sharjah,Resident,21.0,On Leave
DOC00523,Dr. Barbara Fox,Dermatology,FAC01502,Life Specialty Center - Al Ain,Abu Dhabi,General Practitioner,14.0,Active
DOC00524,Dr. Cindy Larson,General Surgery,FAC01458,Gulf Specialty Center - Madinat Zayed,Abu Dhabi,General Practitioner,,Active
DOC00525,Dr. Alejandro Riley,ENT,FAC00458,Gulf Clinic - Sharjah,Sharjah,General Practitioner,18.0,Active
DOC00526,Dr. Franklin Barton,Cardiology,FAC01450,National Specialty Center - Dubai,Dubai,Consultant,12.0,Active
DOC00527,Dr. Richard Montgomery,ENT,FAC00930,Burjeel Clinic - Hatta,Dubai,Resident,8.0,Active
DOC00528,Dr. Desiree Ortiz,ENT,FAC00006,Al Noor Specialty Center - Jebel Ali,Dubai,Resident,8.0,Active
DOC00529,Dr. Brandon Neal,Obstetrics & Gynecology,FAC01619,Life Medical Center - Dubai,Dubai,Consultant,4.0,Active
DOC00530,Dr. Andrew Black,Ophthalmology,FAC00416,Life Medical Center - Dubai,Dubai,Specialist,5.0,On Leave
DOC00531,Dr. Natalie Black,Orthopedics,FAC01000,Aster Clinic - Sharjah,Sharjah,Consultant,21.0,On Leave
DOC00532,Dr. Joseph Lawrence,Internal Medicine,FAC00197,Al Noor Specialty Center - Masfout,Ajman,Specialist,,Active
DOC00533,Dr. Amanda Garcia,Nephrology,FAC01066,Al Noor Clinic - Ruwais,Abu Dhabi,Resident,8.0,On Leave
DOC00534,Dr. Kathy Herring,Cardiology,FAC01499,Emirates Hospital - Ruwais,Abu Dhabi,Specialist,16.0,Active
DOC00535,Dr. Logan Taylor,Ophthalmology,FAC01647,MediCare Clinic - Hatta,Dubai,Specialist,9.0,Active
DOC00536,Dr. Pamela Jennings,Obstetrics & Gynecology,FAC01198,Burjeel Clinic - Jebel Ali,Dubai,Specialist,18.0,Active
DOC00537,Dr. Whitney Castillo,Nephrology,FAC01300,Burjeel Hospital - Ras Al Khaimah,Ras Al Khaimah,General Practitioner,18.0,Active
DOC00538,Dr. Krystal Ortega,Nephrology,FAC00865,Burjeel Hospital - Ras Al Khaimah,Ras Al Khaimah,General Practitioner,14.0,Active
DOC00539,Dr. Brian Lewis,Dermatology,FAC00565,MediCare Specialty Center - Umm Al Quwain,Umm Al Quwain,Consultant,15.0,Active
DOC00540,Dr. Cory Oliver,Pulmonology,FAC01331,Aster Medical Center - Ruwais,Abu Dhabi,Consultant,1.0,On Leave
DOC00541,Dr. Stephen Harrell,Dermatology,FAC01167,Burjeel Medical Center - Masfout,Ajman,Specialist,10.0,On Leave
DOC00542,Dr. Adrian Ritter,Dermatology,FAC00453,Aster Medical Center - Kalba,Sharjah,Resident,6.0,Active
DOC00543,Dr. Lori Valentine,Neurology,FAC00164,Emirates Clinic - Masfout,Ajman,General Practitioner,10.0,Active
DOC00544,Dr. Margaret Hill,ENT,FAC00965,MediCare Clinic - Sharjah,Sharjah,Specialist,1.0,On Leave
DOC00545,Dr. Christopher Gonzalez,ENT,FAC00382,Gulf Specialty Center - Jebel Ali,Dubai,Specialist,2.0,Active
DOC00546,Dr. David Washington,Orthopedics,FAC00581,Gulf Hospital - Dubai,Dubai,Resident,25.0,Active
DOC00547,Dr. Dana King,Obstetrics & Gynecology,FAC00689,Burjeel Medical Center - Dubai,Dubai,Resident,,Active
DOC00548,Dr. Austin Levine,Pulmonology,FAC00706,Al Noor Medical Center - Jebel Ali,Dubai,Resident,26.0,Active
DOC00549,Dr. Adam Long,General Surgery,FAC01373,Life Clinic - Kalba,Sharjah,Resident,18.0,Active
DOC00550,Dr. Amber Warner,Orthopedics,FAC00572,NMC Specialty Center - Madinat Zayed,Abu Dhabi,Specialist,4.0,On Leave
DOC00551,Dr. Brianna Waller,Orthopedics,FAC01465,Burjeel Medical Center - Hatta,Dubai,General Practitioner,15.0,Active
DOC00552,Dr. Sarah Briggs,Pulmonology,FAC00691,Gulf Clinic - Abu Dhabi,Abu Dhabi,Specialist,12.0,Active
DOC00553,Dr. Jaime Jones,Obstetrics & Gynecology,FAC00459,Gulf Medical Center - Abu Dhabi,Abu Dhabi,General Practitioner,4.0,Active
DOC00554,Dr. Frederick Whitaker,Pulmonology,FAC00597,Emirates Clinic - Sharjah,Sharjah,Resident,24.0,On Leave
DOC00555,Dr. Tracy Carpenter,Nephrology,FAC00566,National Hospital - Madinat Zayed,Abu Dhabi,Resident,22.0,On Leave
DOC00556,Dr. Joseph Rodriguez,Pediatrics,FAC00191,Gulf Medical Center - Ruwais,Abu Dhabi,Consultant,10.0,Active
DOC00557,Dr. Angela May,Pulmonology,FAC00168,Prime Clinic - Madinat Zayed,Abu Dhabi,General Practitioner,10.0,On Leave
DOC00558,Dr. Jenna Odom,Orthopedics,FAC00764,MediCare Hospital - Dhaid,Sharjah,Specialist,7.0,Active
DOC00559,Dr. William Wolfe,Psychiatry,FAC01070,Emirates Day Surgery Center - Hatta,Dubai,Specialist,23.0,On Leave
DOC00560,Dr. Marissa Torres,Nephrology,FAC01317,Life Clinic - Dibba Al-Fujairah,Fujairah,Resident,26.0,Active
DOC00561,Dr. Katherine Gibson,Urology,FAC00055,Burjeel Specialty Center - Dibba Al-Fujairah,Fujairah,Resident,16.0,Active
DOC00562,Dr. Timothy Walsh,Pulmonology,FAC00021,MediCare Specialty Center - Kalba,Sharjah,General Practitioner,4.0,Active
DOC00563,Dr. Holly Ibarra,ENT,FAC00402,Gulf Clinic - Al Ain,Abu Dhabi,Consultant,18.0,Active
DOC00564,Dr. Brian Soto,Gastroenterology,FAC01111,Aster Hospital - Jebel Ali,Dubai,Resident,15.0,Active
DOC00565,Dr. William Robinson,Dermatology,FAC00523,National Clinic - Ajman,Ajman,General Practitioner,18.0,On Leave
DOC00566,Dr. James Anderson,Gastroenterology,FAC01207,Life Medical Center - Hatta,Dubai,Consultant,14.0,Active
DOC00567,Dr. Devin Marshall,Neurology,FAC01473,Gulf Specialty Center - Dubai,Dubai,Specialist,14.0,Active
DOC00568,Dr. Dawn Martinez,Pediatrics,FAC01399,NMC Medical Center - Ruwais,Abu Dhabi,Resident,19.0,Active
DOC00569,Dr. Amy Kelly,Endocrinology,FAC01568,Aster Medical Center - Abu Dhabi,Abu Dhabi,Resident,26.0,On Leave
DOC00570,Dr. Angela Green,Oncology,FAC01394,Al Noor Clinic - Ras Al Khaimah,Ras Al Khaimah,Resident,14.0,Active
DOC00571,Dr. Rachel Mcconnell,ENT,FAC00152,Burjeel Day Surgery Center - Ruwais,Abu Dhabi,Consultant,2.0,Active
DOC00572,Dr. Edward Arnold,Psychiatry,FAC00442,Gulf Medical Center - Dubai,Dubai,Resident,8.0,Active
DOC00573,Dr. Rhonda Ward,Internal Medicine,FAC00398,Prime Medical Center - Dubai,Dubai,General Practitioner,19.0,Active
DOC00574,Dr. Kathleen Williams,Ophthalmology,FAC00754,MediCare Day Surgery Center - Masfout,Ajman,Consultant,19.0,Active
DOC00575,Dr. Brandon Scott,General Surgery,FAC00904,Emirates Hospital - Ras Al Khaimah,Ras Al Khaimah,Resident,14.0,On Leave
DOC00576,Dr. Jillian Chavez,Internal Medicine,FAC00123,Gulf Medical Center - Jebel Ali,Dubai,Specialist,25.0,Active
DOC00577,Dr. Michelle Perry,Internal Medicine,FAC01481,Al Noor Medical Center - Dibba Al-Fujairah,Fujairah,General Practitioner,6.0,On Leave
DOC00578,Dr. Anna Proctor,ENT,FAC00401,Prime Clinic - Al Ain,Abu Dhabi,Specialist,5.0,Active
DOC00579,Dr. April Bird,General Surgery,FAC01312,Aster Medical Center - Masfout,Ajman,Specialist,17.0,On Leave
DOC00580,Dr. Cameron Williams,Endocrinology,FAC01288,NMC Specialty Center - Hatta,Dubai,Resident,25.0,Active
DOC00581,Dr. Rose Elliott,Urology,FAC00275,Aster Medical Center - Ruwais,Abu Dhabi,Resident,19.0,Active
DOC00582,Dr. Arthur Robinson,ENT,FAC01556,Gulf Medical Center - Umm Al Quwain,Umm Al Quwain,Specialist,26.0,On Leave
DOC00583,Dr. Jacob Green,Orthopedics,FAC01101,Emirates Clinic - Al Ain,Abu Dhabi,Resident,12.0,Active
DOC00584,Dr. Leonard Marsh,Neurology,FAC00661,MediCare Specialty Center - Madinat Zayed,Abu Dhabi,Resident,4.0,Active
DOC00585,Dr. Jose Gallagher,Cardiology,FAC01580,Prime Clinic - Abu Dhabi,Abu Dhabi,Specialist,23.0,Active
DOC00586,Dr. Anthony Harris,ENT,FAC00644,Aster Day Surgery Center - Masfout,Ajman,Consultant,24.0,Active
DOC00587,Dr. Derrick Goodwin,Cardiology,FAC01093,NMC Specialty Center - Fujairah,Fujairah,Specialist,12.0,Active
DOC00588,Dr. Zachary Johnson,Oncology,FAC00771,Emirates Medical Center - Al Ain,Abu Dhabi,Resident,24.0,Active
DOC00589,Dr. Joshua Mccormick,ENT,FAC00297,Al Noor Hospital - Ajman,Ajman,General Practitioner,22.0,Active
DOC00590,Dr. Kyle Hicks,Gastroenterology,FAC00474,Life Hospital - Ruwais,Abu Dhabi,General Practitioner,7.0,On Leave
DOC00591,Dr. Theresa Hurst,Nephrology,FAC01028,NMC Medical Center - Sharjah,Sharjah,General Practitioner,24.0,On Leave
DOC00592,Dr. Ryan Lee,Psychiatry,FAC00556,Aster Clinic - Khor Fakkan,Sharjah,Specialist,11.0,Active
DOC00593,Dr. Debra Mitchell,Cardiology,FAC00495,Emirates Clinic - Masfout,Ajman,Consultant,3.0,On Leave
DOC00594,Dr. Richard Gonzalez,Urology,FAC00406,Life Clinic - Umm Al Quwain,Umm Al Quwain,Resident,16.0,On Leave
DOC00595,Dr. Jessica Baldwin,ENT,FAC01083,Emirates Specialty Center - Hatta,Dubai,Resident,10.0,Active
DOC00596,Dr. Dale Patel,ENT,FAC00008,Burjeel Specialty Center - Hatta,Dubai,Specialist,15.0,On Leave
DOC00597,Dr. James Kerr,Nephrology,FAC00946,Gulf Clinic - Abu Dhabi,Abu Dhabi,Consultant,24.0,Active
DOC00598,Dr. Dawn Wolfe,Neurology,FAC00337,Life Clinic - Masfout,Ajman,Consultant,6.0,Active
DOC00599,Dr. Melvin Fleming,Nephrology,FAC01548,Emirates Specialty Center - Madinat Zayed,Abu Dhabi,General Practitioner,15.0,On Leave
DOC00600,Dr. Catherine Trujillo,Dermatology,FAC01549,Aster Clinic - Masfout,Ajman,Consultant,17.0,Active
DOC00601,Dr. Jean Barr,Nephrology,FAC00901,Life Clinic - Ruwais,Abu Dhabi,Consultant,6.0,Active
DOC00602,Dr. Elizabeth Wolf,Obstetrics & Gynecology,FAC00389,Emirates Medical Center - Al Ain,Abu Dhabi,General Practitioner,21.0,Active
DOC00603,Dr. William Hill,Obstetrics & Gynecology,FAC01149,Aster Hospital - Dhaid,Sharjah,Specialist,16.0,Active
DOC00604,Dr. Derrick Mcdaniel,Endocrinology,FAC00002,Prime Medical Center - Dibba Al-Fujairah,Fujairah,Consultant,11.0,Active
DOC00605,Dr. Christopher Smith,Pediatrics,FAC00321,Aster Clinic - Ras Al Khaimah,Ras Al Khaimah,Specialist,24.0,Active
DOC00606,Dr. Ronald Gibson,Pulmonology,FAC00621,Aster Clinic - Sharjah,Sharjah,Consultant,10.0,Active
DOC00607,Dr. Donna Carr,Pulmonology,FAC00956,MediCare Clinic - Madinat Zayed,Abu Dhabi,Consultant,21.0,Active
DOC00608,Dr. Michael Mcclain,Pulmonology,FAC00955,National Medical Center - Dubai,Dubai,Consultant,24.0,Active
DOC00609,Dr. Ryan Weber,Pediatrics,FAC01590,Burjeel Clinic - Ruwais,Abu Dhabi,General Practitioner,6.0,On Leave
DOC00610,Dr. Lisa Kelley,Oncology,FAC00331,Gulf Specialty Center - Jebel Ali,Dubai,Consultant,8.0,On Leave
DOC00611,Dr. Erin Franco,Obstetrics & Gynecology,FAC00469,NMC Clinic - Dhaid,Sharjah,Specialist,14.0,Active
DOC00612,Dr. Kenneth Welch,Endocrinology,FAC01131,Gulf Clinic - Dubai,Dubai,Consultant,15.0,On Leave
DOC00613,Dr. Stephen Lopez,Cardiology,FAC01460,Gulf Medical Center - Dhaid,Sharjah,General Practitioner,27.0,Active
DOC00614,Dr. Regina Barry,ENT,FAC00281,Emirates Medical Center - Jebel Ali,Dubai,Specialist,10.0,On Leave
DOC00615,Dr. Matthew Hopkins,Oncology,FAC01136,National Hospital - Ruwais,Abu Dhabi,Consultant,17.0,Active
DOC00616,Dr. Richard Moore,Endocrinology,FAC01583,Gulf Hospital - Dubai,Dubai,Specialist,15.0,Active
DOC00617,Dr. Diana Moore,ENT,FAC01197,Emirates Medical Center - Ruwais,Abu Dhabi,General Practitioner,5.0,Active
DOC00618,Dr. David Hall,Orthopedics,FAC00513,Aster Medical Center - Ajman,Ajman,Resident,13.0,Active
DOC00619,Dr. Diane Weaver,Orthopedics,FAC01587,National Medical Center - Hatta,Dubai,Specialist,23.0,Active
DOC00620,Dr. Shelly Anderson,Orthopedics,FAC00528,Al Noor Hospital - Fujairah,Fujairah,Specialist,6.0,Active
DOC00621,Dr. Jessica Stephens,Ophthalmology,FAC00645,Emirates Clinic - Al Ain,Abu Dhabi,General Practitioner,25.0,On Leave
DOC00622,Dr. Nathan Wright,Neurology,FAC01318,Al Noor Hospital - Ajman,Ajman,Consultant,8.0,Active
DOC00623,Dr. Colton Parker,Pediatrics,FAC01502,Life Specialty Center - Al Ain,Abu Dhabi,General Practitioner,10.0,Active
DOC00624,Dr. Ricardo Miller,Endocrinology,FAC00851,Emirates Clinic - Dubai,Dubai,Resident,15.0,Active
DOC00625,Dr. Brett Weber,Neurology,FAC00570,Gulf Clinic - Hatta,Dubai,Specialist,7.0,On Leave
DOC00626,Dr. Christine Morgan,Pulmonology,FAC00142,MediCare Clinic - Dubai,Dubai,Resident,19.0,Active
DOC00627,Dr. Juan Carlson,Pediatrics,FAC00015,Al Noor Clinic - Hatta,Dubai,General Practitioner,11.0,On Leave
DOC00628,Dr. Lee Dillon,Psychiatry,FAC00603,Life Hospital - Hatta,Dubai,Resident,21.0,Active
DOC00629,Dr. Bailey Reed,Ophthalmology,FAC00827,Prime Clinic - Madinat Zayed,Abu Dhabi,Resident,1.0,Active
DOC00630,Dr. Cody Ingram,Nephrology,FAC00981,MediCare Clinic - Dubai,Dubai,Specialist,14.0,Active
DOC00631,Dr. Alyssa Johnson,Pulmonology,FAC00887,Burjeel Clinic - Fujairah,Fujairah,Consultant,12.0,Active
DOC00632,Dr. Sheila Moss,Pediatrics,FAC01095,Prime Clinic - Jebel Ali,Dubai,General Practitioner,10.0,Active
DOC00633,Dr. Bruce Ford,Gastroenterology,FAC01468,Gulf Medical Center - Dubai,Dubai,Specialist,8.0,Active
DOC00634,Dr. Peter Rodriguez,Ophthalmology,FAC01523,MediCare Medical Center - Umm Al Quwain,Umm Al Quwain,General Practitioner,24.0,Active
DOC00635,Dr. Brian Curtis,Orthopedics,FAC00786,Emirates Clinic - Hatta,Dubai,Consultant,18.0,Active
DOC00636,Dr. Nancy Barton,Urology,FAC01635,Burjeel Clinic - Jebel Ali,Dubai,General Practitioner,19.0,On Leave
DOC00637,Dr. David Fowler,Endocrinology,FAC00730,NMC Hospital - Ras Al Khaimah,Ras Al Khaimah,Consultant,11.0,On Leave
DOC00638,Dr. Jeffrey White,Urology,FAC00297,Al Noor Hospital - Ajman,Ajman,Resident,9.0,Active
DOC00639,Dr. Lisa Cruz,Psychiatry,FAC01044,Burjeel Day Surgery Center - Ras Al Khaimah,Ras Al Khaimah,Consultant,24.0,On Leave
DOC00640,Dr. Kathy Lopez,Urology,FAC01053,Prime Medical Center - Abu Dhabi,Abu Dhabi,Resident,6.0,Active
DOC00641,Dr. Rebecca Burton,Urology,FAC00708,National Clinic - Dibba Al-Fujairah,Fujairah,Consultant,17.0,On Leave
DOC00642,Dr. Jon Baldwin,Psychiatry,FAC00234,MediCare Hospital - Ajman,Ajman,Specialist,4.0,Active
DOC00643,Dr. Mark Hopkins,Urology,FAC00752,Emirates Clinic - Jebel Ali,Dubai,Specialist,8.0,Active
DOC00644,Dr. Jacob Black,Oncology,FAC00919,Gulf Clinic - Jebel Ali,Dubai,Resident,11.0,Active
DOC00645,Dr. Donald Braun,General Surgery,FAC00924,Burjeel Hospital - Khor Fakkan,Sharjah,Resident,4.0,Active
DOC00646,Dr. Diane Quinn,Obstetrics & Gynecology,FAC00165,Al Noor Medical Center - Ajman,Ajman,Consultant,18.0,Active
DOC00647,Dr. Christopher Anderson,Gastroenterology,FAC00761,NMC Hospital - Al Ain,Abu Dhabi,Specialist,21.0,Active
DOC00648,Dr. Brian Bailey,Psychiatry,FAC00050,Emirates Hospital - Kalba,Sharjah,Consultant,1.0,Active
DOC00649,Dr. James Scott,Nephrology,FAC00034,Al Noor Specialty Center - Jebel Ali,Dubai,Resident,3.0,On Leave
DOC00650,Dr. Briana Johnson,Cardiology,FAC01195,National Specialty Center - Khor Fakkan,Sharjah,Consultant,3.0,Active
DOC00651,Dr. Karen Parker,Cardiology,FAC00964,MediCare Clinic - Madinat Zayed,Abu Dhabi,General Practitioner,8.0,On Leave
DOC00652,Dr. Teresa Smith,Pulmonology,FAC00255,Prime Day Surgery Center - Madinat Zayed,Abu Dhabi,Specialist,11.0,Active
DOC00653,Dr. Christine Gray,Gastroenterology,FAC00275,Aster Medical Center - Ruwais,Abu Dhabi,Specialist,22.0,Active
DOC00654,Dr. Matthew Taylor,Gastroenterology,FAC01416,Burjeel Clinic - Sharjah,Sharjah,General Practitioner,18.0,Active
DOC00655,Dr. Jenna Owen,Pulmonology,FAC01313,Aster Hospital - Dubai,Dubai,General Practitioner,11.0,Active
DOC00656,Dr. Julian Long,Obstetrics & Gynecology,FAC00698,National Specialty Center - Dhaid,Sharjah,Resident,13.0,Active
DOC00657,Dr. Lori Garcia,Nephrology,FAC01541,MediCare Day Surgery Center - Hatta,Dubai,General Practitioner,18.0,Active
DOC00658,Dr. Sharon Newman,Obstetrics & Gynecology,FAC01347,National Specialty Center - Dubai,Dubai,Specialist,19.0,Active
DOC00659,Dr. Brandi Boyd,Pediatrics,FAC00138,Prime Clinic - Jebel Ali,Dubai,General Practitioner,,On Leave
DOC00660,Dr. Lisa Henson,Ophthalmology,FAC00487,Al Noor Clinic - Hatta,Dubai,Specialist,27.0,Active
DOC00661,Dr. Jeffrey Lee,Urology,FAC01573,National Clinic - Abu Dhabi,Abu Dhabi,Resident,10.0,Active
DOC00662,Dr. Emma Benitez,ENT,FAC00984,NMC Clinic - Madinat Zayed,Abu Dhabi,General Practitioner,9.0,Active
DOC00663,Dr. Peter Jacobs,Obstetrics & Gynecology,FAC01389,Prime Medical Center - Ruwais,Abu Dhabi,Specialist,16.0,Active
DOC00664,Dr. Victoria Hill,Obstetrics & Gynecology,FAC00489,Aster Clinic - Madinat Zayed,Abu Dhabi,Resident,4.0,On Leave
DOC00665,Dr. Victoria Vazquez,General Surgery,FAC00410,Al Noor Day Surgery Center - Dhaid,Sharjah,Consultant,23.0,On Leave
DOC00666,Dr. Katrina Smith,Pulmonology,FAC01032,Emirates Clinic - Abu Dhabi,Abu Dhabi,Consultant,13.0,On Leave
DOC00667,Dr. Derek Alvarez,Cardiology,FAC00332,MediCare Medical Center - Umm Al Quwain,Umm Al Quwain,General Practitioner,24.0,On Leave
DOC00668,Dr. Melissa Flynn,Urology,FAC01426,Prime Medical Center - Dhaid,Sharjah,Specialist,9.0,On Leave
DOC00669,Dr. Jennifer Ross,Urology,FAC00560,Burjeel Day Surgery Center - Hatta,Dubai,Resident,6.0,On Leave
DOC00670,Dr. Chelsea Smith,Obstetrics & Gynecology,FAC00270,MediCare Medical Center - Masfout,Ajman,Specialist,11.0,Active
DOC00671,Dr. Melissa Watson,Pulmonology,FAC00534,National Medical Center - Hatta,Dubai,Consultant,25.0,Active
DOC00672,Dr. Mason Ramirez,Oncology,FAC00548,Aster Medical Center - Ras Al Khaimah,Ras Al Khaimah,Specialist,14.0,Active
DOC00673,Dr. Justin Joseph,Ophthalmology,FAC01226,Emirates Clinic - Abu Dhabi,Abu Dhabi,Specialist,25.0,Active
DOC00674,Dr. Jasmin Watson,Obstetrics & Gynecology,FAC01370,Gulf Day Surgery Center - Ruwais,Abu Dhabi,Consultant,3.0,Active
DOC00675,Dr. Elizabeth Rivera,Oncology,FAC01337,National Medical Center - Umm Al Quwain,Umm Al Quwain,Resident,26.0,Active
DOC00676,Dr. Keith Brown,Pulmonology,FAC01230,Al Noor Clinic - Dibba Al-Fujairah,Fujairah,Consultant,19.0,Active
DOC00677,Dr. Natasha Johnson,Endocrinology,FAC00703,MediCare Medical Center - Hatta,Dubai,General Practitioner,24.0,Active
DOC00678,Dr. Daniel Morris,Neurology,FAC01440,National Hospital - Jebel Ali,Dubai,General Practitioner,25.0,Active
DOC00679,Dr. Tyler Campbell,Orthopedics,FAC01502,Life Specialty Center - Al Ain,Abu Dhabi,Specialist,2.0,Active
DOC00680,Dr. Rachel Murphy,Internal Medicine,FAC01406,Aster Hospital - Abu Dhabi,Abu Dhabi,Consultant,2.0,Active
DOC00681,Dr. Anthony Joseph,General Surgery,FAC00719,MediCare Specialty Center - Dubai,Dubai,Consultant,15.0,Active
DOC00682,Dr. Rick Chavez,Orthopedics,FAC00648,Life Day Surgery Center - Dubai,Dubai,Resident,12.0,Active
DOC00683,Dr. Kevin Anderson,Cardiology,FAC00024,Emirates Clinic - Madinat Zayed,Abu Dhabi,Resident,5.0,Active
DOC00684,Dr. Jill Jones,Endocrinology,FAC00749,Prime Hospital - Al Ain,Abu Dhabi,Specialist,13.0,On Leave
DOC00685,Dr. Mitchell Hunter,Psychiatry,FAC01589,Prime Medical Center - Madinat Zayed,Abu Dhabi,Resident,20.0,Active
DOC00686,Dr. Nicholas King,Gastroenterology,FAC01251,Al Noor Hospital - Ruwais,Abu Dhabi,Consultant,27.0,Active
DOC00687,Dr. Benjamin Roberts,Psychiatry,FAC01102,National Clinic - Dibba Al-Fujairah,Fujairah,Resident,24.0,Active
DOC00688,Dr. Brianna Valencia,Oncology,FAC00160,Gulf Hospital - Jebel Ali,Dubai,Consultant,16.0,Active
DOC00689,Dr. Patrick Ryan,Endocrinology,FAC00786,Emirates Clinic - Hatta,Dubai,Resident,19.0,Active
DOC00690,Dr. Melissa Jenkins,Obstetrics & Gynecology,FAC00074,National Clinic - Ras Al Khaimah,Ras Al Khaimah,Specialist,16.0,On Leave
DOC00691,Dr. Scott Clark,Urology,FAC00458,Gulf Clinic - Sharjah,Sharjah,General Practitioner,23.0,Active
DOC00692,Dr. Jennifer Lopez,General Surgery,FAC00448,National Clinic - Jebel Ali,Dubai,Resident,6.0,Active
DOC00693,Dr. Ashley Burke,Pulmonology,FAC00458,Gulf Clinic - Sharjah,Sharjah,Resident,1.0,Active
DOC00694,Dr. Bob Jones,Gastroenterology,FAC00419,Emirates Clinic - Hatta,Dubai,Resident,6.0,Active
DOC00695,Dr. Jessica Mcgrath,Nephrology,FAC00587,Prime Clinic - Jebel Ali,Dubai,Consultant,10.0,Active
DOC00696,Dr. Steven Young,General Surgery,FAC00363,Life Specialty Center - Dubai,Dubai,Resident,24.0,On Leave
DOC00697,Dr. Donald Hull,Psychiatry,FAC00142,MediCare Clinic - Dubai,Dubai,Consultant,27.0,Active
DOC00698,Dr. Kimberly Turner,General Surgery,FAC00520,MediCare Clinic - Dhaid,Sharjah,Specialist,26.0,Active
DOC00699,Dr. Tony Lewis,Neurology,FAC00081,Emirates Hospital - Madinat Zayed,Abu Dhabi,Specialist,5.0,On Leave
DOC00700,Dr. Madison Gomez,Psychiatry,FAC01461,Al Noor Medical Center - Kalba,Sharjah,Specialist,19.0,Active
DOC00701,Dr. Jenna Jones,Psychiatry,FAC00878,Burjeel Specialty Center - Fujairah,Fujairah,Resident,23.0,Active
DOC00702,Dr. Mitchell Thompson,Ophthalmology,FAC01613,NMC Clinic - Ras Al Khaimah,Ras Al Khaimah,Consultant,9.0,On Leave
DOC00703,Dr. James Reilly,Nephrology,FAC00289,Prime Medical Center - Abu Dhabi,Abu Dhabi,Resident,13.0,Active
DOC00704,Dr. Michael Gordon,Gastroenterology,FAC00169,Prime Hospital - Masfout,Ajman,Consultant,21.0,Active
DOC00705,Dr. James Chavez,Neurology,FAC00459,Gulf Medical Center - Abu Dhabi,Abu Dhabi,General Practitioner,15.0,On Leave
DOC00706,Dr. Erica Howard,Urology,FAC01401,National Day Surgery Center - Hatta,Dubai,Consultant,8.0,Active
DOC00707,Dr. Melissa Meza,Urology,FAC00847,Al Noor Clinic - Fujairah,Fujairah,Resident,1.0,Active
DOC00708,Dr. Emily Forbes,Pediatrics,FAC00743,Al Noor Medical Center - Jebel Ali,Dubai,Resident,17.0,On Leave
DOC00709,Dr. Nicholas Dyer,Cardiology,FAC00608,Life Hospital - Al Ain,Abu Dhabi,Consultant,26.0,Active
DOC00710,Dr. Joseph Meadows,Urology,FAC01424,Burjeel Hospital - Dibba Al-Fujairah,Fujairah,Specialist,16.0,On Leave
DOC00711,Dr. Donna Hale,Pulmonology,FAC00774,Burjeel Medical Center - Madinat Zayed,Abu Dhabi,Specialist,23.0,Active
DOC00712,Dr. Chad Norton,Endocrinology,FAC00688,MediCare Medical Center - Jebel Ali,Dubai,Specialist,3.0,Active
DOC00713,Dr. Janet Collins,Psychiatry,FAC01010,Burjeel Clinic - Sharjah,Sharjah,Consultant,18.0,Active
DOC00714,Dr. Brett Brown,Ophthalmology,FAC00287,MediCare Clinic - Jebel Ali,Dubai,Consultant,4.0,Active
DOC00715,Dr. Omar Thompson,Endocrinology,FAC00495,Emirates Clinic - Masfout,Ajman,Resident,18.0,Active
DOC00716,Dr. William Leach,Oncology,FAC00506,MediCare Hospital - Ras Al Khaimah,Ras Al Khaimah,Consultant,23.0,Active
DOC00717,Dr. Brenda Johnson,Nephrology,FAC00146,Emirates Clinic - Jebel Ali,Dubai,General Practitioner,8.0,On Leave
DOC00718,Dr. Wanda Adams,Internal Medicine,FAC00077,Life Clinic - Umm Al Quwain,Umm Al Quwain,Specialist,24.0,On Leave
DOC00719,Dr. Randy Sellers,Ophthalmology,FAC01321,Emirates Medical Center - Madinat Zayed,Abu Dhabi,Resident,8.0,Active
DOC00720,Dr. Eric Mckay,Nephrology,FAC01166,Life Medical Center - Masfout,Ajman,Resident,1.0,Active
DOC00721,Dr. Paula Cortez,Urology,FAC00076,Gulf Medical Center - Sharjah,Sharjah,Consultant,16.0,On Leave
DOC00722,Dr. Robert Haas,Pulmonology,FAC00757,Burjeel Specialty Center - Dubai,Dubai,General Practitioner,2.0,On Leave
DOC00723,Dr. Alicia Peters,Internal Medicine,FAC00600,Emirates Medical Center - Madinat Zayed,Abu Dhabi,Resident,24.0,Active
DOC00724,Dr. Joseph Williams,Neurology,FAC01535,NMC Specialty Center - Hatta,Dubai,Specialist,24.0,On Leave
DOC00725,Dr. Christina Cunningham,General Surgery,FAC00012,NMC Medical Center - Jebel Ali,Dubai,Consultant,15.0,Active
DOC00726,Dr. Steven Barnes,Obstetrics & Gynecology,FAC01321,Emirates Medical Center - Madinat Zayed,Abu Dhabi,Resident,20.0,On Leave
DOC00727,Dr. Michael Perry,Obstetrics & Gynecology,FAC00744,National Clinic - Dubai,Dubai,General Practitioner,16.0,Active
DOC00728,Dr. Jennifer Willis,Orthopedics,FAC00172,Al Noor Specialty Center - Dhaid,Sharjah,Resident,7.0,Active
DOC00729,Dr. Nicholas Brown,Gastroenterology,FAC00494,NMC Specialty Center - Ras Al Khaimah,Ras Al Khaimah,Consultant,15.0,Active
DOC00730,Dr. Thomas Alvarez,Nephrology,FAC00220,Aster Hospital - Sharjah,Sharjah,Specialist,6.0,Active
DOC00731,Dr. Benjamin Gonzalez,General Surgery,FAC01641,Gulf Medical Center - Ruwais,Abu Dhabi,Consultant,13.0,Active
DOC00732,Dr. Amanda Melendez,Psychiatry,FAC01000,Aster Clinic - Sharjah,Sharjah,General Practitioner,16.0,Active
DOC00733,Dr. Joanne Meyer,Obstetrics & Gynecology,FAC01422,Prime Medical Center - Ras Al Khaimah,Ras Al Khaimah,Consultant,23.0,Active
DOC00734,Dr. Michelle Atkins,Obstetrics & Gynecology,FAC01403,Life Clinic - Khor Fakkan,Sharjah,Specialist,14.0,On Leave
DOC00735,Dr. Michael Smith,Neurology,FAC00908,Prime Clinic - Ras Al Khaimah,Ras Al Khaimah,General Practitioner,21.0,Active
DOC00736,Dr. Douglas Ford,Ophthalmology,FAC01479,Emirates Clinic - Ras Al Khaimah,Ras Al Khaimah,Specialist,18.0,On Leave
DOC00737,Dr. Dustin Wilson,Nephrology,FAC00829,Prime Medical Center - Abu Dhabi,Abu Dhabi,Resident,27.0,Active
DOC00738,Dr. Paul Collier,Gastroenterology,FAC01049,National Hospital - Hatta,Dubai,Resident,13.0,On Leave
DOC00739,Dr. William Brewer,General Surgery,FAC00803,MediCare Hospital - Fujairah,Fujairah,Consultant,13.0,Active
DOC00740,Dr. Amy Humphrey,Cardiology,FAC00135,MediCare Clinic - Ajman,Ajman,Specialist,1.0,Active
DOC00741,Dr. Dan Moon,Neurology,FAC00389,Emirates Medical Center - Al Ain,Abu Dhabi,Specialist,6.0,On Leave
DOC00742,Dr. James Nguyen,Urology,FAC01154,Emirates Medical Center - Dibba Al-Fujairah,Fujairah,General Practitioner,9.0,Active
DOC00743,Dr. Lori Kennedy,Oncology,FAC00521,Life Hospital - Sharjah,Sharjah,Specialist,24.0,Active
DOC00744,Dr. Christopher Williams,Psychiatry,FAC01522,Life Hospital - Ras Al Khaimah,Ras Al Khaimah,Consultant,19.0,Active
DOC00745,Dr. Brandon Taylor,Pediatrics,FAC01073,Burjeel Hospital - Ruwais,Abu Dhabi,Resident,22.0,On Leave
DOC00746,Dr. Tricia Lambert,Obstetrics & Gynecology,FAC00770,Emirates Medical Center - Jebel Ali,Dubai,Resident,2.0,Active
DOC00747,Dr. Michael Neal,Dermatology,FAC01425,MediCare Clinic - Jebel Ali,Dubai,Consultant,5.0,Active
DOC00748,Dr. Kathryn Hogan,Cardiology,FAC00763,Emirates Hospital - Dhaid,Sharjah,General Practitioner,26.0,On Leave
DOC00749,Dr. Chad Wood,Obstetrics & Gynecology,FAC01375,Gulf Specialty Center - Umm Al Quwain,Umm Al Quwain,Specialist,1.0,On Leave
DOC00750,Dr. Jamie Lamb,Nephrology,FAC00521,Life Hospital - Sharjah,Sharjah,Resident,6.0,On Leave
DOC00751,Dr. Nicole Jones,Urology,FAC00315,Prime Medical Center - Al Ain,Abu Dhabi,Consultant,23.0,Active
DOC00752,Dr. Bonnie Patel,Nephrology,FAC01605,Gulf Medical Center - Umm Al Quwain,Umm Al Quwain,Resident,10.0,Active
DOC00753,Dr. Melody Quinn,Psychiatry,FAC00634,NMC Clinic - Masfout,Ajman,Resident,24.0,Active
DOC00754,Dr. Jesus Tapia,Internal Medicine,FAC01561,Prime Clinic - Dibba Al-Fujairah,Fujairah,Resident,24.0,On Leave
DOC00755,Dr. Courtney Rios,Neurology,FAC00924,Burjeel Hospital - Khor Fakkan,Sharjah,Consultant,5.0,Active
DOC00756,Dr. Bradley Mcbride,Nephrology,FAC00581,Gulf Hospital - Dubai,Dubai,Specialist,8.0,Active
DOC00757,Dr. Levi Young,Nephrology,FAC00473,Emirates Clinic - Ras Al Khaimah,Ras Al Khaimah,Consultant,15.0,Active
DOC00758,Dr. Kevin Nixon,Neurology,FAC00472,Gulf Clinic - Kalba,Sharjah,Consultant,21.0,Active
DOC00759,Dr. Jennifer Peterson,Internal Medicine,FAC00717,Al Noor Specialty Center - Dubai,Dubai,Consultant,6.0,Active
DOC00760,Dr. Seth Harris,Nephrology,FAC00402,Gulf Clinic - Al Ain,Abu Dhabi,Consultant,19.0,Active
DOC00761,Dr. Rachel Griffin,Nephrology,FAC01126,Gulf Medical Center - Madinat Zayed,Abu Dhabi,Consultant,12.0,Active
DOC00762,Dr. Amanda Shields,ENT,FAC01546,Prime Medical Center - Hatta,Dubai,Consultant,24.0,On Leave
DOC00763,Dr. Christopher Stark,Obstetrics & Gynecology,FAC00117,Al Noor Clinic - Al Ain,Abu Dhabi,Resident,25.0,Active
DOC00764,Dr. Matthew Spencer,Oncology,FAC00967,Prime Medical Center - Ruwais,Abu Dhabi,General Practitioner,7.0,Active
DOC00765,Dr. Ruben Hughes,Oncology,FAC01462,Gulf Medical Center - Al Ain,Abu Dhabi,Specialist,12.0,On Leave
DOC00766,Dr. Mark Moore,Endocrinology,FAC01614,Life Hospital - Jebel Ali,Dubai,Resident,3.0,Active
DOC00767,Dr. Nicholas Wyatt,Neurology,FAC00939,Burjeel Hospital - Dubai,Dubai,Consultant,6.0,On Leave
DOC00768,Dr. Laura Santana,Urology,FAC00553,Burjeel Medical Center - Madinat Zayed,Abu Dhabi,Specialist,4.0,Active
DOC00769,Dr. Patrick Higgins,Ophthalmology,FAC00936,NMC Clinic - Abu Dhabi,Abu Dhabi,General Practitioner,25.0,On Leave
DOC00770,Dr. Kelly Thomas,Internal Medicine,FAC00430,Burjeel Hospital - Abu Dhabi,Abu Dhabi,Specialist,22.0,Active
DOC00771,Dr. Michelle Simmons,Gastroenterology,FAC00001,Al Noor Clinic - Ajman,Ajman,General Practitioner,1.0,On Leave
DOC00772,Dr. Sara Williams,Dermatology,FAC00591,Prime Specialty Center - Ajman,Ajman,Consultant,18.0,On Leave
DOC00773,Dr. Jennifer Hall,Dermatology,FAC00699,NMC Specialty Center - Hatta,Dubai,Consultant,13.0,On Leave
DOC00774,Dr. Robert Lopez,Urology,FAC01030,Gulf Medical Center - Jebel Ali,Dubai,Specialist,12.0,Active
DOC00775,Dr. Darin Scott,Ophthalmology,FAC00169,Prime Hospital - Masfout,Ajman,Consultant,6.0,On Leave
DOC00776,Dr. Felicia Palmer,Psychiatry,FAC00764,MediCare Hospital - Dhaid,Sharjah,Consultant,1.0,Active
DOC00777,Dr. Heather Martin,Obstetrics & Gynecology,FAC00262,Prime Specialty Center - Ruwais,Abu Dhabi,Specialist,24.0,Active
DOC00778,Dr. David Sanchez,ENT,FAC01471,Burjeel Clinic - Ajman,Ajman,Specialist,8.0,Active
DOC00779,Dr. Christina Russell,Urology,FAC01266,Life Clinic - Khor Fakkan,Sharjah,General Practitioner,21.0,Active
DOC00780,Dr. Wendy Abbott,Internal Medicine,FAC00351,Prime Medical Center - Ras Al Khaimah,Ras Al Khaimah,Resident,11.0,Active
DOC00781,Dr. Tammy Bell,Oncology,FAC00549,Gulf Medical Center - Fujairah,Fujairah,Specialist,7.0,Active
DOC00782,Dr. William Cook,Oncology,FAC00609,Al Noor Hospital - Ruwais,Abu Dhabi,Resident,26.0,Active
DOC00783,Dr. Jennifer Paul,Psychiatry,FAC00835,Aster Specialty Center - Ajman,Ajman,Specialist,11.0,On Leave
DOC00784,Dr. Rachael Davis,Orthopedics,FAC00056,MediCare Medical Center - Kalba,Sharjah,Resident,22.0,Active
DOC00785,Dr. Nicole Jones,Nephrology,FAC00450,Emirates Clinic - Ajman,Ajman,General Practitioner,2.0,Active
DOC00786,Dr. Philip Romero,Dermatology,FAC01632,Aster Medical Center - Ras Al Khaimah,Ras Al Khaimah,Specialist,22.0,Active
DOC00787,Dr. Kayla Williams,General Surgery,FAC01100,Burjeel Clinic - Abu Dhabi,Abu Dhabi,Resident,2.0,Active
DOC00788,Dr. Melissa Evans,General Surgery,FAC00183,Prime Medical Center - Abu Dhabi,Abu Dhabi,Specialist,24.0,Active
DOC00789,Dr. Joseph Allen,Gastroenterology,FAC00794,Life Clinic - Masfout,Ajman,General Practitioner,10.0,Active
DOC00790,Dr. Patrick Willis,Dermatology,FAC00528,Al Noor Hospital - Fujairah,Fujairah,Specialist,5.0,Active
DOC00791,Dr. Timothy Choi,Psychiatry,FAC01001,Burjeel Clinic - Sharjah,Sharjah,Resident,26.0,Active
DOC00792,Dr. Sierra Neal,Gastroenterology,FAC00994,Aster Medical Center - Abu Dhabi,Abu Dhabi,Resident,26.0,Active
DOC00793,Dr. Erika Bradford,Orthopedics,FAC01159,Life Clinic - Jebel Ali,Dubai,Specialist,25.0,Active
DOC00794,Dr. Susan Thompson,Dermatology,FAC00007,Emirates Clinic - Kalba,Sharjah,Resident,7.0,Active
DOC00795,Dr. Sara Dixon,General Surgery,FAC00938,Emirates Medical Center - Sharjah,Sharjah,General Practitioner,12.0,On Leave
DOC00796,Dr. Devin Compton,Neurology,FAC01347,National Specialty Center - Dubai,Dubai,Resident,23.0,Active
DOC00797,Dr. Michael Hayes,Ophthalmology,FAC01284,Aster Medical Center - Khor Fakkan,Sharjah,Specialist,10.0,Active
DOC00798,Dr. Elizabeth Sims,Internal Medicine,FAC00525,Al Noor Clinic - Dibba Al-Fujairah,Fujairah,Consultant,17.0,Active
DOC00799,Dr. Timothy Snyder,Pulmonology,FAC00103,NMC Specialty Center - Dhaid,Sharjah,General Practitioner,8.0,Active
DOC00800,Dr. Alicia Brock,Cardiology,FAC01307,Prime Hospital - Madinat Zayed,Abu Dhabi,General Practitioner,21.0,Active
DOC00801,Dr. Thomas Grant,Endocrinology,FAC00342,Aster Specialty Center - Hatta,Dubai,Consultant,5.0,Active
DOC00802,Dr. Thomas Russo,Obstetrics & Gynecology,FAC00671,Burjeel Hospital - Madinat Zayed,Abu Dhabi,General Practitioner,13.0,On Leave
DOC00803,Dr. Wanda Vasquez,Nephrology,FAC00374,National Medical Center - Dhaid,Sharjah,General Practitioner,11.0,Active
DOC00804,Dr. Paula Villanueva,General Surgery,FAC00350,MediCare Hospital - Ras Al Khaimah,Ras Al Khaimah,General Practitioner,5.0,Active
DOC00805,Dr. Edwin Scott,Pediatrics,FAC00725,Al Noor Clinic - Hatta,Dubai,Consultant,20.0,Active
DOC00806,Dr. Evan Ward,Nephrology,FAC00969,Gulf Hospital - Dubai,Dubai,Specialist,3.0,Active
DOC00807,Dr. Bobby Avery,Cardiology,FAC00044,Prime Specialty Center - Khor Fakkan,Sharjah,General Practitioner,5.0,Active
DOC00808,Dr. Gregory Clark,Obstetrics & Gynecology,FAC00339,Al Noor Clinic - Dibba Al-Fujairah,Fujairah,Consultant,13.0,Active
DOC00809,Dr. Michael Myers,Pediatrics,FAC00418,NMC Specialty Center - Ajman,Ajman,General Practitioner,9.0,Active
DOC00810,Dr. Cassie Grant,Cardiology,FAC01110,National Hospital - Jebel Ali,Dubai,Specialist,18.0,Active
DOC00811,Dr. Lisa White,Oncology,FAC01090,MediCare Clinic - Kalba,Sharjah,Specialist,15.0,On Leave
DOC00812,Dr. Nicole Holden,Nephrology,FAC00037,Gulf Clinic - Hatta,Dubai,Resident,2.0,Active
DOC00813,Dr. Deborah Jones,Pulmonology,FAC01398,Al Noor Hospital - Hatta,Dubai,Resident,17.0,On Leave
DOC00814,Dr. Deborah Curtis,Orthopedics,FAC00457,Burjeel Clinic - Dibba Al-Fujairah,Fujairah,Specialist,22.0,Active
DOC00815,Dr. Richard Taylor,Dermatology,FAC00619,National Medical Center - Jebel Ali,Dubai,Resident,23.0,Active
DOC00816,Dr. Jamie Thompson,Internal Medicine,FAC01093,NMC Specialty Center - Fujairah,Fujairah,Consultant,11.0,Active
DOC00817,Dr. Derek Williams,Pediatrics,FAC01595,Aster Medical Center - Dhaid,Sharjah,Specialist,,Active
DOC00818,Dr. Barbara Bryant,Oncology,FAC01142,MediCare Clinic - Ras Al Khaimah,Ras Al Khaimah,Consultant,24.0,Active
DOC00819,Dr. Brian Shaw,Pediatrics,FAC01023,NMC Clinic - Hatta,Dubai,Resident,21.0,Active
DOC00820,Dr. Maria Miller,Ophthalmology,FAC00934,MediCare Clinic - Ras Al Khaimah,Ras Al Khaimah,Specialist,26.0,Active
DOC00821,Dr. Kim Bryant,Neurology,FAC01648,Prime Clinic - Al Ain,Abu Dhabi,Specialist,10.0,On Leave
DOC00822,Dr. Erin Gomez,Orthopedics,FAC01364,Gulf Clinic - Jebel Ali,Dubai,Consultant,1.0,Active
DOC00823,Dr. Bruce Robinson,Internal Medicine,FAC00599,Burjeel Clinic - Hatta,Dubai,Resident,12.0,Active
DOC00824,Dr. Jeffery Ross,Orthopedics,FAC00740,MediCare Clinic - Hatta,Dubai,Specialist,22.0,On Leave
DOC00825,Dr. Allison Nunez,ENT,FAC00436,National Clinic - Kalba,Sharjah,Specialist,25.0,On Leave
DOC00826,Dr. Brad Cooper,Nephrology,FAC01562,Prime Clinic - Ruwais,Abu Dhabi,Resident,16.0,Active
DOC00827,Dr. Brandy Cooper,Oncology,FAC00347,Burjeel Clinic - Jebel Ali,Dubai,Resident,14.0,Active
DOC00828,Dr. Bianca Lowe,ENT,FAC00696,Burjeel Specialty Center - Ras Al Khaimah,Ras Al Khaimah,Consultant,1.0,Active
DOC00829,Dr. Whitney Vance,Oncology,FAC01246,Gulf Clinic - Masfout,Ajman,Consultant,21.0,Active
DOC00830,Dr. Melissa Sanchez,Ophthalmology,FAC00357,NMC Hospital - Jebel Ali,Dubai,General Practitioner,22.0,Active
DOC00831,Dr. Maria Olson,Nephrology,FAC00733,NMC Specialty Center - Al Ain,Abu Dhabi,Resident,9.0,Active
DOC00832,Dr. Cynthia Martinez,Gastroenterology,FAC00807,Al Noor Hospital - Hatta,Dubai,General Practitioner,17.0,On Leave
DOC00833,Dr. Julie Hudson,ENT,FAC00238,National Medical Center - Ruwais,Abu Dhabi,Specialist,5.0,Active
DOC00834,Dr. Crystal Green,Nephrology,FAC01341,Aster Hospital - Madinat Zayed,Abu Dhabi,Consultant,9.0,Active
DOC00835,Dr. Stephen Winters,Obstetrics & Gynecology,FAC01521,National Clinic - Abu Dhabi,Abu Dhabi,Resident,26.0,Active
DOC00836,Dr. Anthony Howell,Obstetrics & Gynecology,FAC00058,Burjeel Clinic - Dhaid,Sharjah,Consultant,11.0,Active
DOC00837,Dr. Maurice Klein,Dermatology,FAC00732,Life Clinic - Jebel Ali,Dubai,Consultant,12.0,On Leave
DOC00838,Dr. Elizabeth Calhoun,Oncology,FAC00717,Al Noor Specialty Center - Dubai,Dubai,General Practitioner,2.0,Active
DOC00839,Dr. Carolyn Krueger,Ophthalmology,FAC01438,NMC Hospital - Jebel Ali,Dubai,Consultant,10.0,On Leave
DOC00840,Dr. Elizabeth Wood,Orthopedics,FAC01362,NMC Day Surgery Center - Dubai,Dubai,General Practitioner,19.0,Active
DOC00841,Dr. Richard Brown,Pediatrics,FAC01445,Al Noor Specialty Center - Al Ain,Abu Dhabi,Resident,5.0,Active
DOC00842,Dr. Paige Flores,Psychiatry,FAC00674,Al Noor Medical Center - Madinat Zayed,Abu Dhabi,General Practitioner,14.0,Active
DOC00843,Dr. Helen Pope,Dermatology,FAC01269,National Medical Center - Al Ain,Abu Dhabi,General Practitioner,24.0,Active
DOC00844,Dr. Jesse Sharp,Pulmonology,FAC01526,Aster Specialty Center - Dibba Al-Fujairah,Fujairah,General Practitioner,19.0,Active
DOC00845,Dr. Nicole Ramirez,Neurology,FAC01327,National Clinic - Madinat Zayed,Abu Dhabi,Resident,22.0,Active
DOC00846,Dr. Jessica Maxwell,Urology,FAC01210,MediCare Specialty Center - Ajman,Ajman,Resident,8.0,On Leave
DOC00847,Dr. Toni Mccoy,Psychiatry,FAC00521,Life Hospital - Sharjah,Sharjah,Consultant,27.0,On Leave
DOC00848,Dr. Emily Conrad,Orthopedics,FAC00885,Burjeel Medical Center - Fujairah,Fujairah,General Practitioner,18.0,Active
DOC00849,Dr. Angela Baldwin,Oncology,FAC00027,Prime Day Surgery Center - Dhaid,Sharjah,Consultant,21.0,On Leave
DOC00850,Dr. Karl Heath,Obstetrics & Gynecology,FAC00353,Al Noor Clinic - Dhaid,Sharjah,General Practitioner,21.0,Active
DOC00851,Dr. Brian Garcia,Neurology,FAC00795,Life Clinic - Dubai,Dubai,Specialist,14.0,Active
DOC00852,Dr. Michael Sullivan,Urology,FAC00556,Aster Clinic - Khor Fakkan,Sharjah,Resident,11.0,Active
DOC00853,Dr. Leah Olsen,Pulmonology,FAC00624,NMC Medical Center - Ras Al Khaimah,Ras Al Khaimah,General Practitioner,5.0,Active
DOC00854,Dr. Scott Hicks,Oncology,FAC00710,MediCare Medical Center - Dibba Al-Fujairah,Fujairah,Resident,21.0,Active
DOC00855,Dr. Jesse Martinez,Oncology,FAC00249,Life Specialty Center - Dubai,Dubai,Consultant,4.0,Active
DOC00856,Dr. Michael Smith,Pulmonology,FAC00154,Life Clinic - Hatta,Dubai,Specialist,5.0,Active
DOC00857,Dr. Brandon Ward,Obstetrics & Gynecology,FAC00928,National Clinic - Ruwais,Abu Dhabi,Consultant,1.0,Active
DOC00858,Dr. Jessica Hernandez,Internal Medicine,FAC00264,MediCare Specialty Center - Dubai,Dubai,Resident,25.0,Active
DOC00859,Dr. Rebecca Smith,Oncology,FAC00190,Al Noor Day Surgery Center - Dubai,Dubai,Resident,23.0,Active
DOC00860,Dr. Timothy Perez,Orthopedics,FAC01313,Aster Hospital - Dubai,Dubai,Specialist,18.0,Active
DOC00861,Dr. Corey Brown,General Surgery,FAC01461,Al Noor Medical Center - Kalba,Sharjah,Resident,13.0,Active
DOC00862,Dr. Heidi Mercado,ENT,FAC01114,MediCare Clinic - Kalba,Sharjah,Resident,18.0,Active
DOC00863,Dr. Joshua Mcmillan,Dermatology,FAC00145,NMC Clinic - Madinat Zayed,Abu Dhabi,Specialist,14.0,Active
DOC00864,Dr. Amber Phillips,Ophthalmology,FAC00938,Emirates Medical Center - Sharjah,Sharjah,Specialist,5.0,Active
DOC00865,Dr. Timothy Osborne,Gastroenterology,FAC01360,Life Day Surgery Center - Hatta,Dubai,Resident,1.0,Active
DOC00866,Dr. Anthony Davis,Urology,FAC00762,Al Noor Clinic - Abu Dhabi,Abu Dhabi,Resident,13.0,Active
DOC00867,Dr. Jason Jones,Psychiatry,FAC00990,Burjeel Day Surgery Center - Ras Al Khaimah,Ras Al Khaimah,Resident,5.0,Active
DOC00868,Dr. Aaron Walters,Oncology,FAC00921,Burjeel Medical Center - Umm Al Quwain,Umm Al Quwain,General Practitioner,8.0,Active
DOC00869,Dr. George Pearson,Neurology,FAC01602,NMC Medical Center - Al Ain,Abu Dhabi,Resident,11.0,Active
DOC00870,Dr. Erica Wilson,Psychiatry,FAC00783,MediCare Medical Center - Madinat Zayed,Abu Dhabi,Consultant,22.0,Active
DOC00871,Dr. Martin Moody,Pediatrics,FAC00117,Al Noor Clinic - Al Ain,Abu Dhabi,Consultant,16.0,Active
DOC00872,Dr. James Arias,Oncology,FAC01287,NMC Clinic - Al Ain,Abu Dhabi,Consultant,6.0,On Leave
DOC00873,Dr. Brandon Barker,Endocrinology,FAC01080,Prime Medical Center - Dubai,Dubai,Consultant,8.0,Active
DOC00874,Dr. Steven Gibson,Nephrology,FAC00948,National Hospital - Jebel Ali,Dubai,Specialist,26.0,Active
DOC00875,Dr. Linda Simon,Neurology,FAC00478,Prime Medical Center - Dhaid,Sharjah,Specialist,22.0,Active
DOC00876,Dr. Alan Hernandez,Neurology,FAC01157,Al Noor Medical Center - Hatta,Dubai,Specialist,19.0,On Leave
DOC00877,Dr. Rhonda Williams,ENT,FAC00534,National Medical Center - Hatta,Dubai,Resident,23.0,On Leave
DOC00878,Dr. Jose White,Dermatology,FAC00210,Gulf Medical Center - Jebel Ali,Dubai,Consultant,24.0,On Leave
DOC00879,Dr. Eric Taylor,Orthopedics,FAC00545,Gulf Medical Center - Ras Al Khaimah,Ras Al Khaimah,Consultant,27.0,Active
DOC00880,Dr. Katie Turner,Psychiatry,FAC01317,Life Clinic - Dibba Al-Fujairah,Fujairah,Consultant,17.0,Active
DOC00881,Dr. Matthew Glenn,Endocrinology,FAC00958,NMC Hospital - Ruwais,Abu Dhabi,Consultant,1.0,Active
DOC00882,Dr. Julie Smith,General Surgery,FAC01233,Prime Medical Center - Jebel Ali,Dubai,Consultant,11.0,Active
DOC00883,Dr. William Tate,Ophthalmology,FAC00169,Prime Hospital - Masfout,Ajman,Consultant,8.0,Active
DOC00884,Dr. Joseph Ross,Psychiatry,FAC01073,Burjeel Hospital - Ruwais,Abu Dhabi,Consultant,21.0,Active
DOC00885,Dr. Kathy Gonzalez,Oncology,FAC01472,Burjeel Hospital - Al Ain,Abu Dhabi,Resident,22.0,Active
DOC00886,Dr. James Clark,Gastroenterology,FAC00613,Burjeel Medical Center - Masfout,Ajman,Specialist,9.0,Active
DOC00887,Dr. Jamie Robertson,General Surgery,FAC01323,Aster Hospital - Ruwais,Abu Dhabi,Specialist,14.0,On Leave
DOC00888,Dr. William Griffin,General Surgery,FAC00799,Life Clinic - Hatta,Dubai,Consultant,,Active
DOC00889,Dr. Kevin Singh,Obstetrics & Gynecology,FAC00892,MediCare Clinic - Madinat Zayed,Abu Dhabi,Consultant,26.0,Active
DOC00890,Dr. Howard Garcia,General Surgery,FAC01109,National Specialty Center - Abu Dhabi,Abu Dhabi,Specialist,3.0,Active
DOC00891,Dr. Catherine Ross,Endocrinology,FAC00130,Al Noor Clinic - Ajman,Ajman,General Practitioner,13.0,Active
DOC00892,Dr. Megan Young,General Surgery,FAC00165,Al Noor Medical Center - Ajman,Ajman,Consultant,18.0,Active
DOC00893,Dr. Michael Herman,Obstetrics & Gynecology,FAC00128,Prime Medical Center - Al Ain,Abu Dhabi,General Practitioner,21.0,On Leave
DOC00894,Dr. Elizabeth Davenport,ENT,FAC00209,NMC Specialty Center - Ruwais,Abu Dhabi,General Practitioner,7.0,Active
DOC00895,Dr. Christina Turner,General Surgery,FAC01379,Prime Hospital - Jebel Ali,Dubai,Specialist,9.0,On Leave
DOC00896,Dr. Michael Jones,Neurology,FAC00317,NMC Medical Center - Hatta,Dubai,General Practitioner,16.0,Active
DOC00897,Dr. Daniel Lopez,ENT,FAC01175,Emirates Clinic - Dubai,Dubai,General Practitioner,12.0,Active
DOC00898,Dr. Kyle Taylor,ENT,FAC00560,Burjeel Day Surgery Center - Hatta,Dubai,General Practitioner,11.0,On Leave
DOC00899,Dr. Robert Holmes,General Surgery,FAC00672,MediCare Hospital - Ruwais,Abu Dhabi,Consultant,24.0,Active
DOC00900,Dr. Alicia Wilson,Internal Medicine,FAC00662,Life Clinic - Ruwais,Abu Dhabi,Consultant,5.0,Active
DOC00901,Dr. Patrick Vasquez,Psychiatry,FAC01024,NMC Clinic - Khor Fakkan,Sharjah,General Practitioner,20.0,On Leave
DOC00902,Dr. Jasmine Perez,Psychiatry,FAC00800,Prime Medical Center - Jebel Ali,Dubai,Consultant,23.0,On Leave
DOC00903,Dr. Gary Lewis,Orthopedics,FAC01394,Al Noor Clinic - Ras Al Khaimah,Ras Al Khaimah,General Practitioner,13.0,Active
DOC00904,Dr. Lauren Torres,Urology,FAC00247,Aster Hospital - Masfout,Ajman,Resident,14.0,Active
DOC00905,Dr. Kim Stevenson,Urology,FAC01213,Aster Medical Center - Masfout,Ajman,General Practitioner,18.0,Active
DOC00906,Dr. Destiny Barry,Neurology,FAC01175,Emirates Clinic - Dubai,Dubai,Consultant,12.0,Active
DOC00907,Dr. Taylor Barton,Orthopedics,FAC00716,National Hospital - Ras Al Khaimah,Ras Al Khaimah,Resident,12.0,Active
DOC00908,Dr. Christopher Russell,Endocrinology,FAC01123,NMC Clinic - Hatta,Dubai,Specialist,10.0,On Leave
DOC00909,Dr. Tracey Oliver,Internal Medicine,FAC01364,Gulf Clinic - Jebel Ali,Dubai,Consultant,14.0,Active
DOC00910,Dr. Aaron Gates,Urology,FAC01229,Emirates Medical Center - Jebel Ali,Dubai,Consultant,15.0,Active
DOC00911,Dr. Joseph Anderson,Pulmonology,FAC00465,Al Noor Clinic - Dubai,Dubai,Specialist,24.0,Active
DOC00912,Dr. Jonathan Gill,ENT,FAC00776,Emirates Medical Center - Hatta,Dubai,General Practitioner,18.0,Active
DOC00913,Dr. Tammy Landry,Urology,FAC01614,Life Hospital - Jebel Ali,Dubai,Resident,18.0,Active
DOC00914,Dr. Amber Jackson,Dermatology,FAC00277,Gulf Clinic - Al Ain,Abu Dhabi,General Practitioner,,On Leave
DOC00915,Dr. Rachel Davis,Obstetrics & Gynecology,FAC00864,Burjeel Medical Center - Dubai,Dubai,Consultant,6.0,Active
DOC00916,Dr. Breanna Jones,Urology,FAC01278,Al Noor Medical Center - Fujairah,Fujairah,Resident,4.0,On Leave
DOC00917,Dr. Elizabeth Peters,Psychiatry,FAC00507,Prime Medical Center - Umm Al Quwain,Umm Al Quwain,Consultant,,On Leave
DOC00918,Dr. Rebekah King,Endocrinology,FAC00432,National Medical Center - Ruwais,Abu Dhabi,General Practitioner,17.0,Active
DOC00919,Dr. Christopher Thornton,Neurology,FAC00518,NMC Clinic - Hatta,Dubai,Resident,26.0,Active
DOC00920,Dr. Brittany Graham,General Surgery,FAC00968,MediCare Clinic - Al Ain,Abu Dhabi,General Practitioner,17.0,Active
DOC00921,Dr. Clarence Baker,Neurology,FAC00436,National Clinic - Kalba,Sharjah,Resident,4.0,Active
DOC00922,Dr. Amy Scott,Pulmonology,FAC00556,Aster Clinic - Khor Fakkan,Sharjah,Consultant,6.0,Active
DOC00923,Dr. Karen Boyd,Urology,FAC01485,MediCare Hospital - Khor Fakkan,Sharjah,Resident,24.0,On Leave
DOC00924,Dr. Stephanie West,Psychiatry,FAC00834,Emirates Specialty Center - Khor Fakkan,Sharjah,Specialist,3.0,Active
DOC00925,Dr. Jennifer Spence,Oncology,FAC01018,Burjeel Clinic - Dibba Al-Fujairah,Fujairah,Consultant,4.0,Active
DOC00926,Dr. Raymond Harris,Nephrology,FAC00780,NMC Day Surgery Center - Fujairah,Fujairah,Resident,13.0,On Leave
DOC00927,Dr. Amanda Fuller,Dermatology,FAC01294,Emirates Day Surgery Center - Al Ain,Abu Dhabi,Consultant,6.0,Active
DOC00928,Dr. George Owens,Oncology,FAC00741,Aster Medical Center - Ras Al Khaimah,Ras Al Khaimah,Consultant,20.0,Active
DOC00929,Dr. Christopher Nelson,Endocrinology,FAC01625,Prime Clinic - Masfout,Ajman,Specialist,18.0,Active
DOC00930,Dr. Catherine Carpenter,Neurology,FAC00106,Al Noor Clinic - Fujairah,Fujairah,Consultant,4.0,Active
DOC00931,Dr. Joe Burke,Psychiatry,FAC01190,Aster Hospital - Ajman,Ajman,Consultant,16.0,Active
DOC00932,Dr. Matthew Jackson,Pediatrics,FAC01049,National Hospital - Hatta,Dubai,Specialist,12.0,Active
DOC00933,Dr. Karen Perez,Neurology,FAC00103,NMC Specialty Center - Dhaid,Sharjah,Consultant,17.0,Active
DOC00934,Dr. Crystal Garcia,Neurology,FAC00251,Prime Clinic - Al Ain,Abu Dhabi,Specialist,13.0,On Leave
DOC00935,Dr. John Kirk,Oncology,FAC01064,MediCare Medical Center - Al Ain,Abu Dhabi,General Practitioner,24.0,Active
DOC00936,Dr. Darrell Miller,ENT,FAC01408,Burjeel Clinic - Dubai,Dubai,General Practitioner,4.0,Active
DOC00937,Dr. Katherine Beck,Cardiology,FAC00233,Gulf Day Surgery Center - Khor Fakkan,Sharjah,Consultant,23.0,On Leave
DOC00938,Dr. Victor Castaneda,Endocrinology,FAC01493,Life Medical Center - Al Ain,Abu Dhabi,Consultant,25.0,Active
DOC00939,Dr. Justin Johnson,Pulmonology,FAC00107,NMC Hospital - Khor Fakkan,Sharjah,General Practitioner,19.0,Active
DOC00940,Dr. Stephen Bradford,ENT,FAC00006,Al Noor Specialty Center - Jebel Ali,Dubai,General Practitioner,25.0,On Leave
DOC00941,Dr. Nicole Carter,Internal Medicine,FAC00848,Gulf Clinic - Umm Al Quwain,Umm Al Quwain,Specialist,10.0,Active
DOC00942,Dr. Andrea Bender,Internal Medicine,FAC00163,Burjeel Medical Center - Umm Al Quwain,Umm Al Quwain,Consultant,7.0,Active
DOC00943,Dr. Randall Berry,Ophthalmology,FAC00894,Emirates Clinic - Al Ain,Abu Dhabi,General Practitioner,5.0,Active
DOC00944,Dr. Kevin Perez,Ophthalmology,FAC01539,MediCare Clinic - Abu Dhabi,Abu Dhabi,General Practitioner,12.0,Active
DOC00945,Dr. Casey Gonzalez,Cardiology,FAC00526,Burjeel Clinic - Hatta,Dubai,Resident,11.0,On Leave
DOC00946,Dr. Christina Higgins,Gastroenterology,FAC00933,Life Specialty Center - Ruwais,Abu Dhabi,Consultant,14.0,On Leave
DOC00947,Dr. Kathleen Wilcox,Pulmonology,FAC00362,Al Noor Medical Center - Ruwais,Abu Dhabi,General Practitioner,18.0,Active
DOC00948,Dr. Terri Thomas,Cardiology,FAC01251,Al Noor Hospital - Ruwais,Abu Dhabi,Consultant,23.0,Active
DOC00949,Dr. Ashley Powell,Urology,FAC01041,Al Noor Specialty Center - Hatta,Dubai,Consultant,5.0,Active
DOC00950,Dr. Teresa Rodriguez,Internal Medicine,FAC01598,Burjeel Day Surgery Center - Dubai,Dubai,General Practitioner,15.0,Active
DOC00951,Dr. Anthony Adams,General Surgery,FAC00887,Burjeel Clinic - Fujairah,Fujairah,Specialist,25.0,Active
DOC00952,Dr. Victoria Johnson,Cardiology,FAC01158,MediCare Medical Center - Abu Dhabi,Abu Dhabi,Consultant,13.0,Active
DOC00953,Dr. Meredith Zimmerman,Pediatrics,FAC01433,Al Noor Clinic - Dubai,Dubai,Consultant,23.0,On Leave
DOC00954,Dr. Jesus Nichols,Dermatology,FAC01057,Prime Specialty Center - Fujairah,Fujairah,Specialist,22.0,Active
DOC00955,Dr. Jennifer Bryant,Dermatology,FAC01464,NMC Clinic - Dhaid,Sharjah,General Practitioner,6.0,On Leave
DOC00956,Dr. Sandra Mcknight,ENT,FAC01569,NMC Clinic - Ruwais,Abu Dhabi,Specialist,21.0,Active
DOC00957,Dr. Nathan Wagner,Gastroenterology,FAC00634,NMC Clinic - Masfout,Ajman,General Practitioner,18.0,Active
DOC00958,Dr. Stephen White,Pediatrics,FAC01038,Gulf Medical Center - Ruwais,Abu Dhabi,General Practitioner,16.0,Active
DOC00959,Dr. Jeremy Richardson,Ophthalmology,FAC00642,Emirates Day Surgery Center - Abu Dhabi,Abu Dhabi,Specialist,11.0,Active
DOC00960,Dr. Wendy Soto,Urology,FAC01118,National Specialty Center - Kalba,Sharjah,Resident,26.0,Active
DOC00961,Dr. Thomas Mitchell,Neurology,FAC01467,MediCare Clinic - Ras Al Khaimah,Ras Al Khaimah,General Practitioner,4.0,Active
DOC00962,Dr. Susan Lopez,Oncology,FAC00134,Emirates Clinic - Madinat Zayed,Abu Dhabi,Consultant,6.0,On Leave
DOC00963,Dr. William Howell,Pulmonology,FAC00920,NMC Clinic - Hatta,Dubai,Resident,10.0,Active
DOC00964,Dr. Jennifer Hebert,General Surgery,FAC01022,Aster Medical Center - Kalba,Sharjah,Resident,21.0,On Leave
DOC00965,Dr. Lee Floyd,Nephrology,FAC00198,National Specialty Center - Al Ain,Abu Dhabi,Resident,23.0,On Leave
DOC00966,Dr. Gabriel Allen,Urology,FAC01358,Aster Clinic - Ajman,Ajman,Resident,19.0,On Leave
DOC00967,Dr. Stacy Jimenez,Orthopedics,FAC01264,National Clinic - Dubai,Dubai,General Practitioner,19.0,Active
DOC00968,Dr. Courtney Burton,Orthopedics,FAC01246,Gulf Clinic - Masfout,Ajman,General Practitioner,11.0,Active
DOC00969,Dr. Alyssa Sanchez,Dermatology,FAC00804,Prime Medical Center - Umm Al Quwain,Umm Al Quwain,General Practitioner,8.0,On Leave
DOC00970,Dr. Matthew Boone,Cardiology,FAC00063,MediCare Day Surgery Center - Dhaid,Sharjah,General Practitioner,8.0,Active
DOC00971,Dr. John Vance,Cardiology,FAC00042,Burjeel Specialty Center - Jebel Ali,Dubai,Consultant,1.0,On Leave
DOC00972,Dr. John Farley,Cardiology,FAC00023,Prime Hospital - Kalba,Sharjah,Consultant,,Active
DOC00973,Dr. Mary Sullivan,Psychiatry,FAC01424,Burjeel Hospital - Dibba Al-Fujairah,Fujairah,General Practitioner,1.0,On Leave
DOC00974,Dr. Brenda Andrews,Dermatology,FAC00113,Al Noor Hospital - Dibba Al-Fujairah,Fujairah,Resident,4.0,On Leave
DOC00975,Dr. Douglas Banks,Pulmonology,FAC00176,Al Noor Hospital - Hatta,Dubai,Resident,1.0,On Leave
DOC00976,Dr. Harry Bailey,Gastroenterology,FAC00762,Al Noor Clinic - Abu Dhabi,Abu Dhabi,Resident,2.0,Active
DOC00977,Dr. Richard West,Urology,FAC01569,NMC Clinic - Ruwais,Abu Dhabi,Resident,19.0,Active
DOC00978,Dr. Laura Middleton,Dermatology,FAC00737,Aster Day Surgery Center - Dhaid,Sharjah,Resident,18.0,On Leave
DOC00979,Dr. David Lee,Gastroenterology,FAC01535,NMC Specialty Center - Hatta,Dubai,Specialist,21.0,On Leave
DOC00980,Dr. Tracy Duncan,Urology,FAC00514,Gulf Clinic - Kalba,Sharjah,Specialist,1.0,Active
DOC00981,Dr. Michele Smith,Neurology,FAC00597,Emirates Clinic - Sharjah,Sharjah,Resident,22.0,Active
DOC00982,Dr. Kara Galloway,Oncology,FAC00474,Life Hospital - Ruwais,Abu Dhabi,Resident,13.0,Active
DOC00983,Dr. Stephen Morales,General Surgery,FAC00274,Gulf Clinic - Madinat Zayed,Abu Dhabi,Consultant,20.0,Active
DOC00984,Dr. Kevin Ramirez,Gastroenterology,FAC00132,Burjeel Clinic - Sharjah,Sharjah,Specialist,1.0,Active
DOC00985,Dr. Jill Conrad,Pulmonology,FAC00659,National Hospital - Madinat Zayed,Abu Dhabi,Specialist,14.0,Active
DOC00986,Dr. Stephen Bell,Psychiatry,FAC00162,Aster Clinic - Fujairah,Fujairah,Consultant,21.0,On Leave
DOC00987,Dr. Michelle Huynh,Obstetrics & Gynecology,FAC00759,Gulf Clinic - Dhaid,Sharjah,General Practitioner,19.0,Active
DOC00988,Dr. Barry Alvarado,General Surgery,FAC00226,Life Medical Center - Dhaid,Sharjah,General Practitioner,16.0,Active
DOC00989,Dr. Angela Cabrera,General Surgery,FAC00373,National Medical Center - Jebel Ali,Dubai,General Practitioner,5.0,Active
DOC00990,Dr. Zachary Bowen,Oncology,FAC00991,Prime Specialty Center - Kalba,Sharjah,Consultant,10.0,Active
DOC00991,Dr. Andrew Rios,Pediatrics,FAC00661,MediCare Specialty Center - Madinat Zayed,Abu Dhabi,Specialist,23.0,Active
DOC00992,Dr. Andrew Smith,General Surgery,FAC00139,Al Noor Clinic - Dubai,Dubai,Specialist,4.0,Active
DOC00993,Dr. Michael Smith,Orthopedics,FAC00718,Burjeel Clinic - Abu Dhabi,Abu Dhabi,Consultant,6.0,Active
DOC00994,Dr. Gabriela Ellis,General Surgery,FAC00070,Al Noor Medical Center - Masfout,Ajman,Resident,17.0,On Leave
DOC00995,Dr. Shaun Hall,Oncology,FAC00223,Burjeel Clinic - Dibba Al-Fujairah,Fujairah,Specialist,15.0,Active
DOC00996,Dr. Lori Washington,Internal Medicine,FAC00125,Aster Medical Center - Madinat Zayed,Abu Dhabi,Consultant,19.0,On Leave
DOC00997,Dr. Valerie Torres,Psychiatry,FAC01258,National Specialty Center - Masfout,Ajman,General Practitioner,5.0,On Leave
DOC00998,Dr. Jeffrey Valenzuela,Neurology,FAC00545,Gulf Medical Center - Ras Al Khaimah,Ras Al Khaimah,Consultant,25.0,Active
DOC00999,Dr. Brittany Yang,ENT,FAC00017,NMC Clinic - Sharjah,Sharjah,General Practitioner,23.0,Active
DOC01000,Dr. Wanda Skinner,Ophthalmology,FAC00454,Burjeel Day Surgery Center - Ruwais,Abu Dhabi,Resident,19.0,Active
DOC01001,Dr. Stephanie Steele,General Surgery,FAC00156,MediCare Medical Center - Fujairah,Fujairah,General Practitioner,7.0,Active
DOC01002,Dr. Elizabeth Torres,Cardiology,FAC01178,Prime Day Surgery Center - Khor Fakkan,Sharjah,Specialist,14.0,Active
DOC01003,Dr. Kara Sanders,Obstetrics & Gynecology,FAC00420,NMC Specialty Center - Dubai,Dubai,Resident,19.0,Active
DOC01004,Dr. Erin Kemp,Neurology,FAC01156,National Specialty Center - Dubai,Dubai,Specialist,26.0,Active
DOC01005,Dr. Breanna Wilcox,Cardiology,FAC00950,NMC Clinic - Dubai,Dubai,Consultant,6.0,Active
DOC01006,Dr. David Gross,Pediatrics,FAC00771,Emirates Medical Center - Al Ain,Abu Dhabi,General Practitioner,13.0,On Leave
DOC01007,Dr. Sarah Kennedy,Pediatrics,FAC01172,Prime Medical Center - Dubai,Dubai,Consultant,1.0,Active
DOC01008,Dr. Terri Frye,Dermatology,FAC01246,Gulf Clinic - Masfout,Ajman,Specialist,14.0,Active
DOC01009,Dr. Diana Flores,General Surgery,FAC01337,National Medical Center - Umm Al Quwain,Umm Al Quwain,Specialist,14.0,Active
DOC01010,Dr. Ryan Stone,Internal Medicine,FAC01013,National Clinic - Jebel Ali,Dubai,General Practitioner,9.0,Active
DOC01011,Dr. Patricia Serrano,Psychiatry,FAC00558,Emirates Day Surgery Center - Sharjah,Sharjah,Resident,7.0,On Leave
DOC01012,Dr. Darius Jenkins,Pulmonology,FAC01353,NMC Hospital - Jebel Ali,Dubai,Resident,4.0,Active
DOC01013,Dr. Karen Flores,Neurology,FAC01382,Prime Medical Center - Al Ain,Abu Dhabi,General Practitioner,19.0,Active
DOC01014,Dr. Denise Thomas,Cardiology,FAC01267,NMC Hospital - Fujairah,Fujairah,Consultant,8.0,Active
DOC01015,Dr. Patrick Gray,Ophthalmology,FAC00143,Burjeel Hospital - Sharjah,Sharjah,General Practitioner,22.0,Active
DOC01016,Dr. Gregory Rodriguez,Orthopedics,FAC00685,Emirates Clinic - Hatta,Dubai,Consultant,15.0,Active
DOC01017,Dr. Michelle Thomas,Internal Medicine,FAC00797,Life Clinic - Ruwais,Abu Dhabi,Resident,9.0,Active
DOC01018,Dr. Chad Bennett,Obstetrics & Gynecology,FAC00101,Aster Hospital - Hatta,Dubai,Consultant,1.0,Active
DOC01019,Dr. Christopher Doyle,Nephrology,FAC01043,Life Clinic - Dibba Al-Fujairah,Fujairah,Resident,5.0,Active
DOC01020,Dr. Samuel Williams,Orthopedics,FAC00017,NMC Clinic - Sharjah,Sharjah,Consultant,23.0,Active
DOC01021,Dr. Willie Newton,ENT,FAC00944,Emirates Clinic - Madinat Zayed,Abu Dhabi,General Practitioner,26.0,On Leave
DOC01022,Dr. Jose Henry,Gastroenterology,FAC01304,MediCare Clinic - Dibba Al-Fujairah,Fujairah,Resident,21.0,On Leave
DOC01023,Dr. Lisa Richardson,Ophthalmology,FAC01551,Prime Specialty Center - Umm Al Quwain,Umm Al Quwain,Specialist,20.0,Active
DOC01024,Dr. Brittany Flores,Gastroenterology,FAC00696,Burjeel Specialty Center - Ras Al Khaimah,Ras Al Khaimah,Consultant,19.0,Active
DOC01025,Dr. Rebecca George,Neurology,FAC01433,Al Noor Clinic - Dubai,Dubai,General Practitioner,25.0,Active
DOC01026,Dr. Shelley Lee,Pulmonology,FAC01037,Emirates Hospital - Abu Dhabi,Abu Dhabi,Consultant,7.0,Active
DOC01027,Dr. Virginia Woods,Dermatology,FAC01250,Aster Medical Center - Ruwais,Abu Dhabi,Resident,9.0,Active
DOC01028,Dr. Angela Wang,General Surgery,FAC01257,Life Clinic - Dhaid,Sharjah,Specialist,16.0,On Leave
DOC01029,Dr. Nicole Lee,Dermatology,FAC00262,Prime Specialty Center - Ruwais,Abu Dhabi,Resident,8.0,On Leave
DOC01030,Dr. Terry Taylor,Gastroenterology,FAC00057,Aster Clinic - Abu Dhabi,Abu Dhabi,Consultant,16.0,Active
DOC01031,Dr. Jessica Williams,Endocrinology,FAC00828,Life Medical Center - Fujairah,Fujairah,Specialist,26.0,Active
DOC01032,Dr. Charles May,Internal Medicine,FAC01331,Aster Medical Center - Ruwais,Abu Dhabi,General Practitioner,7.0,Active
DOC01033,Dr. Jennifer Mason,Internal Medicine,FAC00034,Al Noor Specialty Center - Jebel Ali,Dubai,Specialist,3.0,Active
DOC01034,Dr. Raymond Hall,Orthopedics,FAC00374,National Medical Center - Dhaid,Sharjah,Specialist,3.0,Active
DOC01035,Dr. Jennifer Nolan,Obstetrics & Gynecology,FAC00275,Aster Medical Center - Ruwais,Abu Dhabi,Resident,27.0,Active
DOC01036,Dr. Lance Miller,Ophthalmology,FAC00918,Al Noor Medical Center - Ras Al Khaimah,Ras Al Khaimah,Specialist,12.0,Active
DOC01037,Dr. Donald Holt,Orthopedics,FAC01507,Life Specialty Center - Dhaid,Sharjah,General Practitioner,12.0,On Leave
DOC01038,Dr. Diana Scott,Obstetrics & Gynecology,FAC00725,Al Noor Clinic - Hatta,Dubai,Specialist,21.0,On Leave
DOC01039,Dr. Kelsey Stevens,Pediatrics,FAC01241,Aster Clinic - Al Ain,Abu Dhabi,Consultant,1.0,On Leave
DOC01040,Dr. Amy Douglas,Oncology,FAC00197,Al Noor Specialty Center - Masfout,Ajman,Specialist,6.0,Active
DOC01041,Dr. Lucas Young,Internal Medicine,FAC00642,Emirates Day Surgery Center - Abu Dhabi,Abu Dhabi,Consultant,16.0,Active
DOC01042,Dr. Donna Woods,Internal Medicine,FAC00156,MediCare Medical Center - Fujairah,Fujairah,Consultant,7.0,Active
DOC01043,Dr. Amy Walters,Pediatrics,FAC00136,Emirates Specialty Center - Dubai,Dubai,Consultant,17.0,Active
DOC01044,Dr. Scott Hart,Endocrinology,FAC00229,Gulf Hospital - Al Ain,Abu Dhabi,Specialist,13.0,Active
DOC01045,Dr. Alexandra Lewis,ENT,FAC00583,NMC Clinic - Umm Al Quwain,Umm Al Quwain,Resident,23.0,Active
DOC01046,Dr. Zachary Berger,General Surgery,FAC01197,Emirates Medical Center - Ruwais,Abu Dhabi,General Practitioner,2.0,Active
DOC01047,Dr. Kimberly Dunn,General Surgery,FAC01178,Prime Day Surgery Center - Khor Fakkan,Sharjah,Consultant,15.0,Active
DOC01048,Dr. Gina Guerra,Cardiology,FAC01022,Aster Medical Center - Kalba,Sharjah,Specialist,20.0,On Leave
DOC01049,Dr. John Scott,Oncology,FAC00838,Life Hospital - Ajman,Ajman,Consultant,2.0,Active
DOC01050,Dr. Raymond Lozano,Obstetrics & Gynecology,FAC00421,National Hospital - Dubai,Dubai,Specialist,20.0,Active
DOC01051,Dr. Michaela Santiago,Pulmonology,FAC00821,National Clinic - Ras Al Khaimah,Ras Al Khaimah,Consultant,23.0,Active
DOC01052,Dr. Karen Chavez,Orthopedics,FAC00324,National Clinic - Sharjah,Sharjah,Resident,27.0,On Leave
DOC01053,Dr. Dorothy Miller,Cardiology,FAC00219,MediCare Hospital - Dubai,Dubai,Specialist,26.0,Active
DOC01054,Dr. Maria Powers,Cardiology,FAC00622,Prime Hospital - Abu Dhabi,Abu Dhabi,Consultant,23.0,Active
DOC01055,Dr. Charlotte Garrison,Endocrinology,FAC00812,Prime Hospital - Al Ain,Abu Dhabi,Specialist,15.0,Active
DOC01056,Dr. Cassandra Perez,Endocrinology,FAC00496,Al Noor Day Surgery Center - Fujairah,Fujairah,General Practitioner,20.0,Active
DOC01057,Dr. Cassandra Garcia,Cardiology,FAC00762,Al Noor Clinic - Abu Dhabi,Abu Dhabi,Specialist,4.0,Active
DOC01058,Dr. Angela Hill,Urology,FAC00441,Life Hospital - Ras Al Khaimah,Ras Al Khaimah,Consultant,24.0,Active
DOC01059,Dr. Lisa Middleton,Gastroenterology,FAC00895,Gulf Hospital - Kalba,Sharjah,Specialist,1.0,Active
DOC01060,Dr. Mary Valdez,Nephrology,FAC00515,MediCare Clinic - Hatta,Dubai,Consultant,17.0,Active
DOC01061,Dr. Danny Cain,Neurology,FAC01472,Burjeel Hospital - Al Ain,Abu Dhabi,Resident,22.0,Active
DOC01062,Dr. Adrienne Anderson,Urology,FAC00606,Emirates Clinic - Jebel Ali,Dubai,Resident,21.0,On Leave
DOC01063,Dr. Darren Booth,ENT,FAC01342,Gulf Clinic - Abu Dhabi,Abu Dhabi,Resident,4.0,Active
DOC01064,Dr. Andrew Hernandez,Oncology,FAC00692,NMC Day Surgery Center - Hatta,Dubai,General Practitioner,23.0,Active
DOC01065,Dr. Sarah Sanchez,ENT,FAC01491,MediCare Clinic - Ruwais,Abu Dhabi,Consultant,12.0,On Leave
DOC01066,Dr. Jennifer Kirk,Ophthalmology,FAC01608,Al Noor Hospital - Ruwais,Abu Dhabi,Consultant,6.0,Active
DOC01067,Dr. Monica Bridges,Endocrinology,FAC01063,Aster Medical Center - Hatta,Dubai,Specialist,10.0,On Leave
DOC01068,Dr. Anthony Randall,Pulmonology,FAC00844,Aster Clinic - Dubai,Dubai,Resident,18.0,Active
DOC01069,Dr. Matthew Moses,Psychiatry,FAC01522,Life Hospital - Ras Al Khaimah,Ras Al Khaimah,Resident,2.0,Active
DOC01070,Dr. Lawrence Davis,Cardiology,FAC00354,NMC Hospital - Umm Al Quwain,Umm Al Quwain,Resident,18.0,On Leave
DOC01071,Dr. David Taylor,Pediatrics,FAC00618,National Hospital - Al Ain,Abu Dhabi,Resident,3.0,Active
DOC01072,Dr. Linda Dalton,Psychiatry,FAC00415,Prime Clinic - Ruwais,Abu Dhabi,General Practitioner,18.0,Active
DOC01073,Dr. Caitlyn James,Pulmonology,FAC01374,NMC Medical Center - Hatta,Dubai,General Practitioner,4.0,Active
DOC01074,Dr. Dave Wolf,Gastroenterology,FAC00742,Prime Hospital - Al Ain,Abu Dhabi,General Practitioner,14.0,On Leave
DOC01075,Dr. Jennifer Hernandez,Neurology,FAC00202,Life Medical Center - Ras Al Khaimah,Ras Al Khaimah,Resident,4.0,Active
DOC01076,Dr. Teresa Gonzalez,Nephrology,FAC01117,Prime Clinic - Hatta,Dubai,General Practitioner,13.0,Active
DOC01077,Dr. Corey Gonzales,General Surgery,FAC01410,NMC Clinic - Ras Al Khaimah,Ras Al Khaimah,Resident,12.0,Active
DOC01078,Dr. Jared Robinson,Psychiatry,FAC00339,Al Noor Clinic - Dibba Al-Fujairah,Fujairah,Specialist,27.0,Active
DOC01079,Dr. Nicole Moody,General Surgery,FAC00816,Emirates Clinic - Dhaid,Sharjah,Consultant,23.0,Active
DOC01080,Dr. Jason Mills,Cardiology,FAC00664,Prime Clinic - Al Ain,Abu Dhabi,Resident,1.0,On Leave
DOC01081,Dr. Kimberly Ortiz,Pulmonology,FAC00175,NMC Hospital - Dibba Al-Fujairah,Fujairah,Consultant,5.0,Active
DOC01082,Dr. Jacob Miller,Pulmonology,FAC01462,Gulf Medical Center - Al Ain,Abu Dhabi,Consultant,4.0,Active
DOC01083,Dr. David Smith,Oncology,FAC01645,Aster Clinic - Hatta,Dubai,Resident,,Active
DOC01084,Dr. Crystal Hardy,General Surgery,FAC00557,Life Clinic - Sharjah,Sharjah,Specialist,8.0,Active
DOC01085,Dr. Sabrina Francis,Gastroenterology,FAC00110,Al Noor Clinic - Al Ain,Abu Dhabi,Specialist,1.0,On Leave
DOC01086,Dr. Sandra Allen,Cardiology,FAC01381,National Medical Center - Dibba Al-Fujairah,Fujairah,Consultant,27.0,Active
DOC01087,Dr. Samantha Weber,Dermatology,FAC00015,Al Noor Clinic - Hatta,Dubai,Resident,25.0,Active
DOC01088,Dr. Joseph Wood,Oncology,FAC01040,Burjeel Hospital - Ruwais,Abu Dhabi,Specialist,16.0,On Leave
DOC01089,Dr. Rebecca Morales,Neurology,FAC01351,Prime Hospital - Dubai,Dubai,General Practitioner,19.0,Active
DOC01090,Dr. Brian Owens,Urology,FAC01116,Gulf Hospital - Abu Dhabi,Abu Dhabi,General Practitioner,12.0,Active
DOC01091,Dr. Betty Arnold,General Surgery,FAC01256,MediCare Day Surgery Center - Ras Al Khaimah,Ras Al Khaimah,Specialist,24.0,Active
DOC01092,Dr. Anne Davis,Orthopedics,FAC00206,Aster Clinic - Masfout,Ajman,Specialist,17.0,Active
DOC01093,Dr. Johnny Conner,Internal Medicine,FAC00940,Life Clinic - Masfout,Ajman,General Practitioner,17.0,On Leave
DOC01094,Dr. Casey Wilkinson,Urology,FAC00237,Emirates Clinic - Ras Al Khaimah,Ras Al Khaimah,Resident,17.0,On Leave
DOC01095,Dr. Sylvia Schmidt,Oncology,FAC01437,Burjeel Clinic - Al Ain,Abu Dhabi,Consultant,27.0,Active
DOC01096,Dr. Tamara Bullock,Endocrinology,FAC01523,MediCare Medical Center - Umm Al Quwain,Umm Al Quwain,Consultant,19.0,On Leave
DOC01097,Dr. Gregory Knight,Dermatology,FAC00052,Burjeel Specialty Center - Ruwais,Abu Dhabi,General Practitioner,18.0,On Leave
DOC01098,Dr. Barbara Snow,Ophthalmology,FAC01080,Prime Medical Center - Dubai,Dubai,Consultant,14.0,Active
DOC01099,Dr. James Stevenson,Obstetrics & Gynecology,FAC00860,NMC Day Surgery Center - Jebel Ali,Dubai,Specialist,25.0,On Leave
DOC01100,Dr. Samantha Mckee,Dermatology,FAC00550,Al Noor Medical Center - Jebel Ali,Dubai,Resident,11.0,Active
DOC01101,Dr. Marcus Mccoy,Cardiology,FAC01364,Gulf Clinic - Jebel Ali,Dubai,General Practitioner,12.0,Active
DOC01102,Dr. Laura Long,Psychiatry,FAC01376,Emirates Clinic - Ras Al Khaimah,Ras Al Khaimah,Resident,24.0,Active
DOC01103,Dr. Michelle Salinas,General Surgery,FAC00507,Prime Medical Center - Umm Al Quwain,Umm Al Quwain,General Practitioner,21.0,Active
DOC01104,Dr. Brandon Garrison,Obstetrics & Gynecology,FAC00635,Aster Clinic - Abu Dhabi,Abu Dhabi,Resident,20.0,Active
DOC01105,Dr. Andre Anderson,Cardiology,FAC01433,Al Noor Clinic - Dubai,Dubai,Resident,26.0,On Leave
DOC01106,Dr. James Dunn,Urology,FAC00142,MediCare Clinic - Dubai,Dubai,General Practitioner,10.0,Active
DOC01107,Dr. James Patrick,General Surgery,FAC00674,Al Noor Medical Center - Madinat Zayed,Abu Dhabi,Specialist,,Active
DOC01108,Dr. Angela Bailey,Gastroenterology,FAC01556,Gulf Medical Center - Umm Al Quwain,Umm Al Quwain,Specialist,18.0,Active
DOC01109,Dr. Stephanie King,Nephrology,FAC01563,NMC Clinic - Hatta,Dubai,Consultant,26.0,Active
DOC01110,Dr. William Davis,Endocrinology,FAC01343,Life Medical Center - Jebel Ali,Dubai,General Practitioner,23.0,On Leave
DOC01111,Dr. Michelle Stanton,Dermatology,FAC00002,Prime Medical Center - Dibba Al-Fujairah,Fujairah,Resident,7.0,Active
DOC01112,Dr. Kathleen Tucker,Dermatology,FAC01343,Life Medical Center - Jebel Ali,Dubai,Consultant,15.0,Active
DOC01113,Dr. Thomas Fox,Pediatrics,FAC00303,National Specialty Center - Masfout,Ajman,Specialist,21.0,Active
DOC01114,Dr. Robert Wilkins,Oncology,FAC01340,NMC Clinic - Hatta,Dubai,Resident,7.0,On Leave
DOC01115,Dr. Mary Gonzales,Obstetrics & Gynecology,FAC01597,National Medical Center - Ras Al Khaimah,Ras Al Khaimah,General Practitioner,18.0,Active
DOC01116,Dr. Joseph Cantrell,Gastroenterology,FAC00600,Emirates Medical Center - Madinat Zayed,Abu Dhabi,Specialist,7.0,Active
DOC01117,Dr. April Allen,Oncology,FAC01573,National Clinic - Abu Dhabi,Abu Dhabi,Specialist,6.0,Active
DOC01118,Dr. Shaun Schneider,Pulmonology,FAC01133,Burjeel Hospital - Jebel Ali,Dubai,Resident,12.0,Active
DOC01119,Dr. Brandy Obrien,Obstetrics & Gynecology,FAC01029,National Clinic - Al Ain,Abu Dhabi,Consultant,3.0,Active
DOC01120,Dr. Kenneth Stewart,Dermatology,FAC00162,Aster Clinic - Fujairah,Fujairah,Resident,17.0,Active
DOC01121,Dr. Teresa Edwards,Cardiology,FAC01203,Gulf Specialty Center - Ajman,Ajman,Consultant,13.0,Active
DOC01122,Dr. Thomas Johnson,Pediatrics,FAC00967,Prime Medical Center - Ruwais,Abu Dhabi,Resident,2.0,Active
DOC01123,Dr. Kathryn Castaneda,Obstetrics & Gynecology,FAC01142,MediCare Clinic - Ras Al Khaimah,Ras Al Khaimah,Specialist,22.0,Active
DOC01124,Dr. Mike Perry,Urology,FAC00304,Life Medical Center - Al Ain,Abu Dhabi,Consultant,27.0,On Leave
DOC01125,Dr. Larry Barnes,Pediatrics,FAC00413,Al Noor Clinic - Abu Dhabi,Abu Dhabi,Resident,25.0,Active
DOC01126,Dr. Peter Barrera,Ophthalmology,FAC00614,National Medical Center - Hatta,Dubai,Consultant,4.0,On Leave
DOC01127,Dr. Matthew Solomon,Neurology,FAC00377,MediCare Clinic - Madinat Zayed,Abu Dhabi,Consultant,22.0,Active
DOC01128,Dr. Alicia Chen,Pediatrics,FAC00908,Prime Clinic - Ras Al Khaimah,Ras Al Khaimah,General Practitioner,26.0,Active
DOC01129,Dr. Amanda Lewis,Endocrinology,FAC00820,NMC Clinic - Umm Al Quwain,Umm Al Quwain,Resident,1.0,Active
DOC01130,Dr. Rebecca Oliver,Obstetrics & Gynecology,FAC01276,Burjeel Hospital - Hatta,Dubai,Resident,22.0,On Leave
DOC01131,Dr. John Miranda,Neurology,FAC00540,Emirates Day Surgery Center - Ras Al Khaimah,Ras Al Khaimah,General Practitioner,7.0,Active
DOC01132,Dr. Shawn Peterson,ENT,FAC00842,National Specialty Center - Masfout,Ajman,Resident,7.0,Active
DOC01133,Dr. Katie Robinson,Endocrinology,FAC01503,Burjeel Clinic - Umm Al Quwain,Umm Al Quwain,Consultant,13.0,Active
DOC01134,Dr. Angelica Ramsey,Psychiatry,FAC00124,Aster Medical Center - Ajman,Ajman,Resident,5.0,Active
DOC01135,Dr. Frank Cox,ENT,FAC00730,NMC Hospital - Ras Al Khaimah,Ras Al Khaimah,Resident,16.0,Active
DOC01136,Dr. Debra Browning,Obstetrics & Gynecology,FAC01250,Aster Medical Center - Ruwais,Abu Dhabi,General Practitioner,5.0,Active
DOC01137,Dr. Parker Smith,Pediatrics,FAC00954,MediCare Hospital - Jebel Ali,Dubai,Specialist,10.0,Active
DOC01138,Dr. Michael Pruitt,Dermatology,FAC00243,Prime Specialty Center - Dubai,Dubai,Consultant,21.0,Active
DOC01139,Dr. Jill Mcmillan,Internal Medicine,FAC00323,NMC Clinic - Hatta,Dubai,General Practitioner,11.0,Active
DOC01140,Dr. William Hawkins,Endocrinology,FAC00440,National Medical Center - Sharjah,Sharjah,Consultant,25.0,Active
DOC01141,Dr. Ellen Serrano,Cardiology,FAC01579,Burjeel Clinic - Kalba,Sharjah,Specialist,24.0,Active
DOC01142,Dr. Lauren Stewart,Orthopedics,FAC00337,Life Clinic - Masfout,Ajman,Consultant,15.0,Active
DOC01143,Dr. Gary Peterson,Pediatrics,FAC00024,Emirates Clinic - Madinat Zayed,Abu Dhabi,Resident,15.0,Active
DOC01144,Dr. Rachel Hughes,Oncology,FAC00657,Emirates Hospital - Madinat Zayed,Abu Dhabi,General Practitioner,17.0,On Leave
DOC01145,Dr. Sarah Rowe,Ophthalmology,FAC00870,National Hospital - Abu Dhabi,Abu Dhabi,Specialist,3.0,On Leave
DOC01146,Dr. David Harrington,Internal Medicine,FAC00629,Life Medical Center - Kalba,Sharjah,Resident,20.0,Active
DOC01147,Dr. Steven Howell,Oncology,FAC00601,NMC Clinic - Kalba,Sharjah,Specialist,25.0,Active
DOC01148,Dr. Keith Fischer,Urology,FAC01162,Prime Clinic - Ruwais,Abu Dhabi,General Practitioner,25.0,Active
DOC01149,Dr. Wayne Patterson,Pulmonology,FAC01064,MediCare Medical Center - Al Ain,Abu Dhabi,Resident,12.0,Active
DOC01150,Dr. Derek Farrell,Gastroenterology,FAC00278,Emirates Clinic - Hatta,Dubai,Specialist,18.0,Active
DOC01151,Dr. Margaret Miller,Pulmonology,FAC01012,Prime Medical Center - Abu Dhabi,Abu Dhabi,Resident,25.0,On Leave
DOC01152,Dr. Isaac Garrett,Neurology,FAC00442,Gulf Medical Center - Dubai,Dubai,Resident,23.0,Active
DOC01153,Dr. Jennifer Jackson,Urology,FAC01012,Prime Medical Center - Abu Dhabi,Abu Dhabi,Specialist,13.0,Active
DOC01154,Dr. Robert Adkins,Obstetrics & Gynecology,FAC00438,Prime Medical Center - Al Ain,Abu Dhabi,Specialist,11.0,Active
DOC01155,Dr. Rachel Martin,General Surgery,FAC00778,Gulf Day Surgery Center - Ruwais,Abu Dhabi,Specialist,23.0,Active
DOC01156,Dr. Peter Valenzuela,Neurology,FAC01441,Al Noor Clinic - Hatta,Dubai,Resident,20.0,Active
DOC01157,Dr. Joseph Gibson,Urology,FAC01383,National Hospital - Sharjah,Sharjah,Specialist,1.0,Active
DOC01158,Dr. John Gregory,Urology,FAC01427,Life Specialty Center - Jebel Ali,Dubai,General Practitioner,3.0,Active
DOC01159,Dr. Justin Mills,Obstetrics & Gynecology,FAC00164,Emirates Clinic - Masfout,Ajman,Consultant,21.0,Active
DOC01160,Dr. Wendy Clarke,Cardiology,FAC00725,Al Noor Clinic - Hatta,Dubai,Consultant,4.0,On Leave
DOC01161,Dr. Robin Osborne,Orthopedics,FAC00547,National Medical Center - Al Ain,Abu Dhabi,General Practitioner,4.0,On Leave
DOC01162,Dr. Antonio Cook,Nephrology,FAC00676,Burjeel Medical Center - Dibba Al-Fujairah,Fujairah,General Practitioner,13.0,On Leave
DOC01163,Dr. Matthew Washington,Oncology,FAC01166,Life Medical Center - Masfout,Ajman,Consultant,10.0,On Leave
DOC01164,Dr. Andrea Robles,Endocrinology,FAC00862,National Clinic - Madinat Zayed,Abu Dhabi,Specialist,10.0,Active
DOC01165,Dr. Bryan Richards,Psychiatry,FAC01594,National Specialty Center - Abu Dhabi,Abu Dhabi,Specialist,12.0,On Leave
DOC01166,Dr. Eddie Arroyo,Nephrology,FAC00955,National Medical Center - Dubai,Dubai,General Practitioner,11.0,On Leave
DOC01167,Dr. Sandra Forbes,Orthopedics,FAC01367,NMC Medical Center - Abu Dhabi,Abu Dhabi,Specialist,23.0,Active
DOC01168,Dr. Angel Smith,Nephrology,FAC00276,NMC Specialty Center - Dubai,Dubai,General Practitioner,8.0,On Leave
DOC01169,Dr. Colin Andrade,Pulmonology,FAC00952,MediCare Medical Center - Dibba Al-Fujairah,Fujairah,Specialist,14.0,Active
DOC01170,Dr. Christopher Flores,Obstetrics & Gynecology,FAC01579,Burjeel Clinic - Kalba,Sharjah,General Practitioner,15.0,Active
DOC01171,Dr. Miguel Solomon,Pulmonology,FAC01320,Aster Clinic - Jebel Ali,Dubai,Consultant,22.0,On Leave
DOC01172,Dr. Heather Mclaughlin,Urology,FAC01432,MediCare Specialty Center - Umm Al Quwain,Umm Al Quwain,Specialist,3.0,Active
DOC01173,Dr. Amanda Wilson,Ophthalmology,FAC00792,MediCare Medical Center - Ruwais,Abu Dhabi,General Practitioner,27.0,On Leave
DOC01174,Dr. Matthew Adkins,Orthopedics,FAC00211,Aster Clinic - Abu Dhabi,Abu Dhabi,Resident,24.0,Active
DOC01175,Dr. David Porter,Urology,FAC00860,NMC Day Surgery Center - Jebel Ali,Dubai,General Practitioner,16.0,On Leave
DOC01176,Dr. Andrew Riggs,Urology,FAC00086,NMC Hospital - Fujairah,Fujairah,Consultant,7.0,Active
DOC01177,Dr. Timothy Fields,Urology,FAC01056,Life Medical Center - Ruwais,Abu Dhabi,General Practitioner,10.0,Active
DOC01178,Dr. Jonathan Reyes,Orthopedics,FAC00450,Emirates Clinic - Ajman,Ajman,Resident,19.0,Active
DOC01179,Dr. Kenneth Moore,Oncology,FAC00288,MediCare Clinic - Ruwais,Abu Dhabi,Consultant,22.0,Active
DOC01180,Dr. Elizabeth Whitaker,Obstetrics & Gynecology,FAC01371,Burjeel Clinic - Ruwais,Abu Dhabi,Consultant,20.0,Active
DOC01181,Dr. James Delacruz,Urology,FAC00018,Aster Medical Center - Ruwais,Abu Dhabi,Resident,17.0,On Leave
DOC01182,Dr. Barbara Allen,Endocrinology,FAC00493,Life Clinic - Ras Al Khaimah,Ras Al Khaimah,Resident,18.0,On Leave
DOC01183,Dr. Rachel Haynes,Endocrinology,FAC01367,NMC Medical Center - Abu Dhabi,Abu Dhabi,Consultant,19.0,Active
DOC01184,Dr. John Jennings,Urology,FAC01204,Burjeel Clinic - Dubai,Dubai,General Practitioner,4.0,Active
DOC01185,Dr. Ashley Tyler,Internal Medicine,FAC01100,Burjeel Clinic - Abu Dhabi,Abu Dhabi,General Practitioner,8.0,Active
DOC01186,Dr. Todd Smith,General Surgery,FAC00932,Life Hospital - Ajman,Ajman,Resident,19.0,Active
DOC01187,Dr. Eric Hamilton,Dermatology,FAC01603,MediCare Day Surgery Center - Madinat Zayed,Abu Dhabi,Resident,7.0,On Leave
DOC01188,Dr. Antonio Park,General Surgery,FAC01439,Emirates Medical Center - Dubai,Dubai,Resident,26.0,Active
DOC01189,Dr. Michael Mclaughlin,Endocrinology,FAC00140,Aster Clinic - Jebel Ali,Dubai,Specialist,2.0,On Leave
DOC01190,Dr. Melanie Richardson,General Surgery,FAC01129,National Medical Center - Dubai,Dubai,General Practitioner,1.0,Active
DOC01191,Dr. Bradley Ward,Nephrology,FAC00244,Aster Day Surgery Center - Kalba,Sharjah,Specialist,26.0,Active
DOC01192,Dr. Tara Morgan,Psychiatry,FAC01132,National Medical Center - Abu Dhabi,Abu Dhabi,General Practitioner,15.0,Active
DOC01193,Dr. Kimberly Santiago,Neurology,FAC01459,Prime Medical Center - Dubai,Dubai,Consultant,26.0,Active
DOC01194,Dr. Robert Bates,Urology,FAC01050,Life Clinic - Madinat Zayed,Abu Dhabi,Specialist,4.0,On Leave
DOC01195,Dr. Brandi Jones,Orthopedics,FAC00810,Emirates Specialty Center - Kalba,Sharjah,Consultant,20.0,Active
DOC01196,Dr. Christian Jones,Neurology,FAC00348,Prime Clinic - Dhaid,Sharjah,Specialist,11.0,Active
DOC01197,Dr. Linda Randall,Obstetrics & Gynecology,FAC00409,Emirates Clinic - Fujairah,Fujairah,Resident,11.0,Active
DOC01198,Dr. Adrian Hart,Pulmonology,FAC00292,National Clinic - Fujairah,Fujairah,Resident,25.0,Active
DOC01199,Dr. Kelly Fischer,Gastroenterology,FAC01482,National Clinic - Masfout,Ajman,General Practitioner,7.0,On Leave
DOC01200,Dr. Daniel Mckee,Urology,FAC00187,NMC Clinic - Abu Dhabi,Abu Dhabi,General Practitioner,18.0,On Leave
DOC01201,Dr. Jasmin Christensen,Oncology,FAC00494,NMC Specialty Center - Ras Al Khaimah,Ras Al Khaimah,Resident,11.0,On Leave
DOC01202,Dr. Benjamin Thomas,Dermatology,FAC00496,Al Noor Day Surgery Center - Fujairah,Fujairah,General Practitioner,17.0,Active
DOC01203,Dr. Tracy Walker,Pediatrics,FAC00708,National Clinic - Dibba Al-Fujairah,Fujairah,Resident,26.0,On Leave
DOC01204,Dr. Lisa Rodriguez,Nephrology,FAC00524,Al Noor Medical Center - Abu Dhabi,Abu Dhabi,Consultant,20.0,On Leave
DOC01205,Dr. Amanda Clay,General Surgery,FAC00539,Emirates Clinic - Kalba,Sharjah,General Practitioner,27.0,Active
DOC01206,Dr. Robin Gonzalez,Urology,FAC01130,Al Noor Clinic - Dibba Al-Fujairah,Fujairah,Specialist,15.0,Active
DOC01207,Dr. James Douglas,Obstetrics & Gynecology,FAC00839,Gulf Day Surgery Center - Al Ain,Abu Dhabi,Specialist,18.0,Active
DOC01208,Dr. Sherry Huber,Urology,FAC01485,MediCare Hospital - Khor Fakkan,Sharjah,General Practitioner,10.0,On Leave
DOC01209,Dr. Shelly Mendoza,Dermatology,FAC01076,Emirates Specialty Center - Ras Al Khaimah,Ras Al Khaimah,Consultant,1.0,On Leave
DOC01210,Dr. Pamela Barber,Endocrinology,FAC00880,Aster Clinic - Dubai,Dubai,Specialist,12.0,On Leave
DOC01211,Dr. Tyler Wallace,Pulmonology,FAC01572,Prime Day Surgery Center - Fujairah,Fujairah,Consultant,18.0,Active
DOC01212,Dr. David Salinas,Pulmonology,FAC00714,NMC Hospital - Umm Al Quwain,Umm Al Quwain,Resident,,Active
DOC01213,Dr. Courtney Lang,Ophthalmology,FAC00141,NMC Hospital - Abu Dhabi,Abu Dhabi,Resident,17.0,Active
DOC01214,Dr. Haley Graves,General Surgery,FAC00866,Burjeel Clinic - Abu Dhabi,Abu Dhabi,Consultant,12.0,Active
DOC01215,Dr. John Bridges,ENT,FAC00891,Life Medical Center - Abu Dhabi,Abu Dhabi,Resident,21.0,Active
DOC01216,Dr. Kara Miller,Nephrology,FAC00575,National Medical Center - Dibba Al-Fujairah,Fujairah,Resident,24.0,Active
DOC01217,Dr. Cameron Chang,Obstetrics & Gynecology,FAC00416,Life Medical Center - Dubai,Dubai,Resident,19.0,Active
DOC01218,Dr. Jermaine Small,Nephrology,FAC00091,Gulf Day Surgery Center - Abu Dhabi,Abu Dhabi,Consultant,23.0,Active
DOC01219,Dr. Carol Sullivan,ENT,FAC01546,Prime Medical Center - Hatta,Dubai,Consultant,21.0,On Leave
DOC01220,Dr. Dennis Salazar,Pediatrics,FAC01595,Aster Medical Center - Dhaid,Sharjah,Resident,8.0,Active
DOC01221,Dr. Roger Chen,Gastroenterology,FAC01069,Burjeel Clinic - Dhaid,Sharjah,Specialist,13.0,Active
DOC01222,Dr. Marcus Green,Pulmonology,FAC00499,Emirates Hospital - Umm Al Quwain,Umm Al Quwain,Consultant,,Active
DOC01223,Dr. Brenda Mitchell,Psychiatry,FAC00409,Emirates Clinic - Fujairah,Fujairah,General Practitioner,14.0,Active
DOC01224,Dr. Andrew Diaz,Psychiatry,FAC00101,Aster Hospital - Hatta,Dubai,Resident,6.0,On Leave
DOC01225,Dr. Sarah Adams,ENT,FAC00473,Emirates Clinic - Ras Al Khaimah,Ras Al Khaimah,Consultant,19.0,Active
DOC01226,Dr. Barbara Ortiz,Pulmonology,FAC00787,MediCare Medical Center - Hatta,Dubai,Resident,20.0,Active
DOC01227,Dr. Andrew Adams,Oncology,FAC01429,Emirates Hospital - Madinat Zayed,Abu Dhabi,Resident,10.0,Active
DOC01228,Dr. Judith Fernandez,Pediatrics,FAC01080,Prime Medical Center - Dubai,Dubai,Consultant,6.0,On Leave
DOC01229,Dr. Phillip Smith,Orthopedics,FAC00549,Gulf Medical Center - Fujairah,Fujairah,Specialist,12.0,Active
DOC01230,Dr. Christine Pineda,Pulmonology,FAC00926,Gulf Medical Center - Jebel Ali,Dubai,Consultant,23.0,Active
DOC01231,Dr. Don Valdez,Neurology,FAC00895,Gulf Hospital - Kalba,Sharjah,Consultant,6.0,Active
DOC01232,Dr. Michael Edwards,Ophthalmology,FAC01241,Aster Clinic - Al Ain,Abu Dhabi,Consultant,12.0,Active
DOC01233,Dr. Jason Holt,Ophthalmology,FAC00898,Al Noor Medical Center - Umm Al Quwain,Umm Al Quwain,General Practitioner,7.0,Active
DOC01234,Dr. Adam Kerr,Urology,FAC00082,Prime Hospital - Al Ain,Abu Dhabi,Resident,24.0,Active
DOC01235,Dr. Karen Campos,ENT,FAC00883,Emirates Clinic - Umm Al Quwain,Umm Al Quwain,Specialist,17.0,Active
DOC01236,Dr. Carolyn Joseph,Internal Medicine,FAC00176,Al Noor Hospital - Hatta,Dubai,Resident,19.0,Active
DOC01237,Dr. Katherine Banks,Orthopedics,FAC00256,Aster Medical Center - Madinat Zayed,Abu Dhabi,Consultant,21.0,Active
DOC01238,Dr. Sarah Velez,Neurology,FAC00064,Emirates Clinic - Dubai,Dubai,Consultant,27.0,Active
DOC01239,Dr. Hannah Austin,Obstetrics & Gynecology,FAC00701,Gulf Clinic - Al Ain,Abu Dhabi,Specialist,16.0,Active
DOC01240,Dr. Tiffany Sparks,Gastroenterology,FAC00346,NMC Clinic - Jebel Ali,Dubai,General Practitioner,8.0,Active
DOC01241,Dr. Courtney Lyons,Dermatology,FAC01047,Aster Clinic - Dubai,Dubai,Specialist,4.0,Active
DOC01242,Dr. Michael Dixon,Psychiatry,FAC01234,Life Day Surgery Center - Madinat Zayed,Abu Dhabi,General Practitioner,7.0,Active
DOC01243,Dr. Monica Miller,Neurology,FAC01437,Burjeel Clinic - Al Ain,Abu Dhabi,Resident,15.0,On Leave
DOC01244,Dr. Tyler Schwartz,ENT,FAC01419,Aster Hospital - Ruwais,Abu Dhabi,Consultant,2.0,Active
DOC01245,Dr. Haley Green,Ophthalmology,FAC00520,MediCare Clinic - Dhaid,Sharjah,General Practitioner,13.0,Active
DOC01246,Dr. Mark Shaw,Psychiatry,FAC01411,Gulf Medical Center - Madinat Zayed,Abu Dhabi,Resident,26.0,On Leave
DOC01247,Dr. Tara Morrison,Endocrinology,FAC01040,Burjeel Hospital - Ruwais,Abu Dhabi,Specialist,17.0,Active
DOC01248,Dr. Gary Freeman,ENT,FAC01392,Al Noor Hospital - Dubai,Dubai,Consultant,6.0,Active
DOC01249,Dr. Stephen Peterson,Neurology,FAC01186,Life Specialty Center - Al Ain,Abu Dhabi,Resident,23.0,Active
DOC01250,Dr. Benjamin Johnston,Cardiology,FAC01174,National Hospital - Al Ain,Abu Dhabi,General Practitioner,23.0,Active
DOC01251,Dr. Tricia Strickland,Cardiology,FAC01171,Emirates Medical Center - Umm Al Quwain,Umm Al Quwain,Consultant,13.0,Active
DOC01252,Dr. Frank Garcia,Pediatrics,FAC00598,Emirates Specialty Center - Al Ain,Abu Dhabi,Consultant,23.0,Active
DOC01253,Dr. Eddie Martin,Ophthalmology,FAC01095,Prime Clinic - Jebel Ali,Dubai,Specialist,9.0,On Leave
DOC01254,Dr. Linda Gallagher,General Surgery,FAC00473,Emirates Clinic - Ras Al Khaimah,Ras Al Khaimah,General Practitioner,15.0,Active
DOC01255,Dr. Martin Smith,Gastroenterology,FAC00876,Prime Clinic - Madinat Zayed,Abu Dhabi,Specialist,21.0,Active
DOC01256,Dr. John Rowland,Obstetrics & Gynecology,FAC00852,Prime Hospital - Ruwais,Abu Dhabi,Specialist,8.0,Active
DOC01257,Dr. Lori Yoder,Internal Medicine,FAC00796,Gulf Specialty Center - Madinat Zayed,Abu Dhabi,Consultant,10.0,Active
DOC01258,Dr. Jonathan Andersen,Ophthalmology,FAC00609,Al Noor Hospital - Ruwais,Abu Dhabi,Consultant,21.0,Active
DOC01259,Dr. Robert Horne,General Surgery,FAC01383,National Hospital - Sharjah,Sharjah,Consultant,9.0,Active
DOC01260,Dr. Jane House,Nephrology,FAC00406,Life Clinic - Umm Al Quwain,Umm Al Quwain,Specialist,4.0,On Leave
DOC01261,Dr. Erica Bryant,Pulmonology,FAC01558,National Medical Center - Dhaid,Sharjah,Specialist,2.0,On Leave
DOC01262,Dr. Adam Romero,Dermatology,FAC00351,Prime Medical Center - Ras Al Khaimah,Ras Al Khaimah,General Practitioner,1.0,Active
DOC01263,Dr. Lauren Morris,General Surgery,FAC00312,Al Noor Medical Center - Khor Fakkan,Sharjah,Resident,14.0,On Leave
DOC01264,Dr. Dylan Boone,Internal Medicine,FAC00773,Prime Clinic - Masfout,Ajman,Consultant,23.0,Active
DOC01265,Dr. Theresa Robinson,Neurology,FAC01243,Gulf Clinic - Al Ain,Abu Dhabi,Specialist,6.0,Active
DOC01266,Dr. Kathryn Williams,ENT,FAC01229,Emirates Medical Center - Jebel Ali,Dubai,Resident,10.0,On Leave
DOC01267,Dr. Dakota Crawford,Psychiatry,FAC00063,MediCare Day Surgery Center - Dhaid,Sharjah,Specialist,20.0,Active
DOC01268,Dr. Pamela Barnes,ENT,FAC00340,National Clinic - Madinat Zayed,Abu Dhabi,Resident,21.0,Active
DOC01269,Dr. Jeanne West,Gastroenterology,FAC01250,Aster Medical Center - Ruwais,Abu Dhabi,Resident,22.0,Active
DOC01270,Dr. William Powers,Obstetrics & Gynecology,FAC00305,NMC Medical Center - Ras Al Khaimah,Ras Al Khaimah,Consultant,8.0,On Leave
DOC01271,Dr. David Lambert,Endocrinology,FAC00449,Aster Day Surgery Center - Ras Al Khaimah,Ras Al Khaimah,Resident,6.0,Active
DOC01272,Dr. Stephanie Roy,Orthopedics,FAC00190,Al Noor Day Surgery Center - Dubai,Dubai,Specialist,4.0,Active
DOC01273,Dr. Nicholas Wilkins,Psychiatry,FAC01436,Life Medical Center - Jebel Ali,Dubai,Consultant,1.0,Active
DOC01274,Dr. Jessica Orr,Cardiology,FAC00753,National Clinic - Jebel Ali,Dubai,General Practitioner,13.0,Active
DOC01275,Dr. Christopher Nolan,Oncology,FAC00423,MediCare Day Surgery Center - Al Ain,Abu Dhabi,General Practitioner,12.0,Active
DOC01276,Dr. Allison Wong,Neurology,FAC01516,Burjeel Clinic - Madinat Zayed,Abu Dhabi,Consultant,19.0,On Leave
DOC01277,Dr. David Parrish,Psychiatry,FAC00424,Emirates Clinic - Abu Dhabi,Abu Dhabi,General Practitioner,7.0,Active
DOC01278,Dr. Mark Wagner,Obstetrics & Gynecology,FAC00115,Al Noor Clinic - Khor Fakkan,Sharjah,Consultant,16.0,Active
DOC01279,Dr. Ryan Garner,Nephrology,FAC00329,Burjeel Clinic - Madinat Zayed,Abu Dhabi,General Practitioner,20.0,Active
DOC01280,Dr. Mark Torres,Psychiatry,FAC00809,NMC Specialty Center - Sharjah,Sharjah,General Practitioner,11.0,Active
DOC01281,Dr. Debra Phillips,Oncology,FAC00872,NMC Clinic - Kalba,Sharjah,General Practitioner,11.0,Active
DOC01282,Dr. Jesse Hebert,Cardiology,FAC00651,Emirates Hospital - Hatta,Dubai,Consultant,7.0,On Leave
DOC01283,Dr. Austin Rodriguez,Psychiatry,FAC00877,Gulf Clinic - Jebel Ali,Dubai,Consultant,8.0,Active
DOC01284,Dr. Bruce Peck,ENT,FAC00457,Burjeel Clinic - Dibba Al-Fujairah,Fujairah,Specialist,6.0,On Leave
DOC01285,Dr. Tracey Mckenzie,Ophthalmology,FAC00450,Emirates Clinic - Ajman,Ajman,Consultant,15.0,Active
DOC01286,Dr. Richard Davis,Neurology,FAC00942,Life Medical Center - Masfout,Ajman,Specialist,8.0,Active
DOC01287,Dr. Amanda Melton,ENT,FAC00411,MediCare Medical Center - Dhaid,Sharjah,General Practitioner,10.0,Active
DOC01288,Dr. Melody White,Ophthalmology,FAC00103,NMC Specialty Center - Dhaid,Sharjah,Specialist,7.0,Active
DOC01289,Dr. Jacqueline Christian,Internal Medicine,FAC00948,National Hospital - Jebel Ali,Dubai,Consultant,1.0,Active
DOC01290,Dr. Erin Johnson,Internal Medicine,FAC01276,Burjeel Hospital - Hatta,Dubai,General Practitioner,9.0,Active
DOC01291,Dr. Holly Ramirez,Orthopedics,FAC00083,Gulf Hospital - Ajman,Ajman,Consultant,17.0,Active
DOC01292,Dr. Christopher Clarke,Nephrology,FAC00333,Prime Clinic - Hatta,Dubai,Consultant,4.0,Active
DOC01293,Dr. Nicole Mendez,Dermatology,FAC00426,National Medical Center - Al Ain,Abu Dhabi,Resident,12.0,On Leave
DOC01294,Dr. Kristina Collins,Ophthalmology,FAC00473,Emirates Clinic - Ras Al Khaimah,Ras Al Khaimah,Consultant,12.0,Active
DOC01295,Dr. Christy Smith,Urology,FAC01158,MediCare Medical Center - Abu Dhabi,Abu Dhabi,General Practitioner,8.0,On Leave
DOC01296,Dr. Kenneth Wolfe,Neurology,FAC00779,Prime Clinic - Madinat Zayed,Abu Dhabi,Consultant,10.0,Active
DOC01297,Dr. Nicole Jackson,Pediatrics,FAC00502,National Medical Center - Ras Al Khaimah,Ras Al Khaimah,Resident,11.0,Active
DOC01298,Dr. Michael Patterson,Dermatology,FAC00213,Emirates Day Surgery Center - Umm Al Quwain,Umm Al Quwain,General Practitioner,3.0,Active
DOC01299,Dr. Brenda Delacruz,Pulmonology,FAC01318,Al Noor Hospital - Ajman,Ajman,General Practitioner,17.0,On Leave
DOC01300,Dr. Ryan Harrington,Internal Medicine,FAC01415,Emirates Hospital - Hatta,Dubai,Resident,26.0,Active
DOC01301,Dr. Thomas Wilson,Psychiatry,FAC00537,Aster Day Surgery Center - Ajman,Ajman,General Practitioner,22.0,On Leave
DOC01302,Dr. Jacob Madden,Oncology,FAC00009,NMC Medical Center - Umm Al Quwain,Umm Al Quwain,Resident,27.0,On Leave
DOC01303,Dr. Michelle Kelley,Psychiatry,FAC00860,NMC Day Surgery Center - Jebel Ali,Dubai,Specialist,27.0,Active
DOC01304,Dr. Ryan Bradley,Ophthalmology,FAC00241,MediCare Hospital - Abu Dhabi,Abu Dhabi,Resident,16.0,On Leave
DOC01305,Dr. James Knight,Psychiatry,FAC00425,Life Clinic - Umm Al Quwain,Umm Al Quwain,Consultant,19.0,On Leave
DOC01306,Dr. Jennifer Harris,Dermatology,FAC00275,Aster Medical Center - Ruwais,Abu Dhabi,General Practitioner,17.0,Active
DOC01307,Dr. David Mosley,Ophthalmology,FAC00947,Life Specialty Center - Al Ain,Abu Dhabi,Resident,6.0,Active
DOC01308,Dr. James Vazquez,Urology,FAC01310,Al Noor Hospital - Sharjah,Sharjah,General Practitioner,12.0,Active
DOC01309,Dr. Kimberly Davis,Pulmonology,FAC00211,Aster Clinic - Abu Dhabi,Abu Dhabi,Specialist,25.0,Active
DOC01310,Dr. Megan Lucas,Neurology,FAC01613,NMC Clinic - Ras Al Khaimah,Ras Al Khaimah,Resident,3.0,Active
DOC01311,Dr. Shelby Stephens,Dermatology,FAC01287,NMC Clinic - Al Ain,Abu Dhabi,Consultant,9.0,On Leave
DOC01312,Dr. Katelyn Randall,Oncology,FAC01393,National Specialty Center - Fujairah,Fujairah,Resident,15.0,Active
DOC01313,Dr. Ralph Mendoza,Nephrology,FAC01271,Emirates Medical Center - Al Ain,Abu Dhabi,Consultant,18.0,Active
DOC01314,Dr. Jessica Burnett,ENT,FAC00703,MediCare Medical Center - Hatta,Dubai,General Practitioner,8.0,Active
DOC01315,Dr. Gabriella Wilkins,Ophthalmology,FAC00103,NMC Specialty Center - Dhaid,Sharjah,Consultant,9.0,Active
DOC01316,Dr. Rhonda Carey,Urology,FAC00042,Burjeel Specialty Center - Jebel Ali,Dubai,Resident,26.0,Active
DOC01317,Dr. John Allen,Neurology,FAC00240,National Clinic - Masfout,Ajman,Consultant,4.0,Active
DOC01318,Dr. Molly Armstrong,Dermatology,FAC01064,MediCare Medical Center - Al Ain,Abu Dhabi,Consultant,1.0,On Leave
DOC01319,Dr. Thomas Bailey,Endocrinology,FAC00669,MediCare Day Surgery Center - Umm Al Quwain,Umm Al Quwain,General Practitioner,23.0,Active
DOC01320,Dr. Sarah Boyle,Pulmonology,FAC01506,Prime Clinic - Dubai,Dubai,Resident,14.0,Active
DOC01321,Dr. Kevin Smith,Neurology,FAC01498,Emirates Medical Center - Dubai,Dubai,General Practitioner,22.0,Active
DOC01322,Dr. Shannon Harvey,Cardiology,FAC01577,NMC Clinic - Al Ain,Abu Dhabi,General Practitioner,16.0,Active
DOC01323,Dr. Bethany Cohen,Nephrology,FAC00985,Life Day Surgery Center - Hatta,Dubai,General Practitioner,25.0,Active
DOC01324,Dr. Andrew Brown,Internal Medicine,FAC01479,Emirates Clinic - Ras Al Khaimah,Ras Al Khaimah,Specialist,21.0,Active
DOC01325,Dr. Joseph Weaver,Pulmonology,FAC00715,MediCare Hospital - Kalba,Sharjah,Specialist,9.0,Active
DOC01326,Dr. Amanda Patel,Dermatology,FAC00053,Life Day Surgery Center - Khor Fakkan,Sharjah,Resident,24.0,Active
DOC01327,Dr. Terri Hopkins,Obstetrics & Gynecology,FAC00067,MediCare Medical Center - Madinat Zayed,Abu Dhabi,Resident,3.0,Active
DOC01328,Dr. Kevin Howard,Ophthalmology,FAC00134,Emirates Clinic - Madinat Zayed,Abu Dhabi,Consultant,2.0,On Leave
DOC01329,Dr. Alexandra Torres,Cardiology,FAC01411,Gulf Medical Center - Madinat Zayed,Abu Dhabi,Resident,18.0,Active
DOC01330,Dr. Joseph Mason,General Surgery,FAC00050,Emirates Hospital - Kalba,Sharjah,Consultant,21.0,On Leave
DOC01331,Dr. Meagan Miller,Endocrinology,FAC00295,Al Noor Day Surgery Center - Ruwais,Abu Dhabi,Consultant,10.0,Active
DOC01332,Dr. Sarah Browning,Nephrology,FAC00495,Emirates Clinic - Masfout,Ajman,Specialist,19.0,On Leave
DOC01333,Dr. Timothy Mccarthy,Urology,FAC00357,NMC Hospital - Jebel Ali,Dubai,Consultant,13.0,Active
DOC01334,Dr. Phillip Middleton,Psychiatry,FAC00491,MediCare Medical Center - Ruwais,Abu Dhabi,General Practitioner,22.0,Active
DOC01335,Dr. Molly Walsh,Nephrology,FAC00702,Al Noor Day Surgery Center - Al Ain,Abu Dhabi,General Practitioner,19.0,Active
DOC01336,Dr. Susan Diaz,Internal Medicine,FAC00953,National Specialty Center - Jebel Ali,Dubai,Consultant,23.0,On Leave
DOC01337,Dr. Charles Clarke,Pediatrics,FAC01206,Gulf Hospital - Umm Al Quwain,Umm Al Quwain,Resident,8.0,Active
DOC01338,Dr. Rebecca Johnson,Pediatrics,FAC00927,National Medical Center - Kalba,Sharjah,Consultant,22.0,Active
DOC01339,Dr. Kathy Morris,Gastroenterology,FAC01306,Aster Medical Center - Dubai,Dubai,General Practitioner,8.0,Active
DOC01340,Dr. Donald Nunez,Ophthalmology,FAC00344,Prime Clinic - Fujairah,Fujairah,Consultant,23.0,On Leave
DOC01341,Dr. Annette Jones,General Surgery,FAC00812,Prime Hospital - Al Ain,Abu Dhabi,Specialist,7.0,Active
DOC01342,Dr. Benjamin Grimes,Gastroenterology,FAC01146,NMC Clinic - Khor Fakkan,Sharjah,General Practitioner,11.0,Active
DOC01343,Dr. Nicholas Ross,Psychiatry,FAC01311,MediCare Specialty Center - Madinat Zayed,Abu Dhabi,General Practitioner,,Active
DOC01344,Dr. Fred King,Orthopedics,FAC00777,Gulf Medical Center - Al Ain,Abu Dhabi,General Practitioner,22.0,Active
DOC01345,Dr. Elizabeth Brooks,Obstetrics & Gynecology,FAC01291,Burjeel Medical Center - Al Ain,Abu Dhabi,Specialist,27.0,Active
DOC01346,Dr. Brandon Haynes,Psychiatry,FAC01580,Prime Clinic - Abu Dhabi,Abu Dhabi,Resident,2.0,On Leave
DOC01347,Dr. Ryan Thompson,Nephrology,FAC00382,Gulf Specialty Center - Jebel Ali,Dubai,Consultant,15.0,Active
DOC01348,Dr. Lauren Gonzalez,Obstetrics & Gynecology,FAC01259,NMC Clinic - Madinat Zayed,Abu Dhabi,Consultant,11.0,Active
DOC01349,Dr. Lauren Porter,Ophthalmology,FAC00280,Burjeel Clinic - Abu Dhabi,Abu Dhabi,General Practitioner,23.0,Active
DOC01350,Dr. Sarah Sandoval,Gastroenterology,FAC00559,Burjeel Clinic - Sharjah,Sharjah,Resident,22.0,Active
DOC01351,Dr. Michael Baker,Internal Medicine,FAC01326,Gulf Medical Center - Madinat Zayed,Abu Dhabi,Resident,2.0,On Leave
DOC01352,Dr. Shari Baker,Internal Medicine,FAC00783,MediCare Medical Center - Madinat Zayed,Abu Dhabi,Consultant,26.0,Active
DOC01353,Dr. Roger Bender,Endocrinology,FAC00859,MediCare Medical Center - Jebel Ali,Dubai,Consultant,13.0,Active
DOC01354,Dr. Heidi Hancock,Dermatology,FAC00362,Al Noor Medical Center - Ruwais,Abu Dhabi,Specialist,14.0,On Leave
DOC01355,Dr. Michael Wells,ENT,FAC00253,Emirates Medical Center - Jebel Ali,Dubai,General Practitioner,20.0,On Leave
DOC01356,Dr. Belinda Evans,Oncology,FAC00801,Aster Clinic - Al Ain,Abu Dhabi,Specialist,26.0,Active
DOC01357,Dr. Kimberly Fletcher,Obstetrics & Gynecology,FAC01413,Burjeel Medical Center - Dubai,Dubai,Specialist,1.0,Active
DOC01358,Dr. Paige Forbes,General Surgery,FAC00592,MediCare Hospital - Sharjah,Sharjah,General Practitioner,9.0,Active
DOC01359,Dr. Monica Johnson,Obstetrics & Gynecology,FAC01224,National Hospital - Masfout,Ajman,General Practitioner,26.0,On Leave
DOC01360,Dr. Kimberly Moses,Endocrinology,FAC00966,Gulf Medical Center - Ruwais,Abu Dhabi,Resident,11.0,Active
DOC01361,Dr. Bryan Alexander,Oncology,FAC00737,Aster Day Surgery Center - Dhaid,Sharjah,Specialist,7.0,Active
DOC01362,Dr. Kevin Miranda,Pediatrics,FAC01403,Life Clinic - Khor Fakkan,Sharjah,Specialist,7.0,Active
DOC01363,Dr. Jamie Williams,Pediatrics,FAC01398,Al Noor Hospital - Hatta,Dubai,Resident,12.0,Active
DOC01364,Dr. Jerry Harrington,ENT,FAC00596,National Medical Center - Ras Al Khaimah,Ras Al Khaimah,Resident,15.0,Active
DOC01365,Dr. Allison Johnson,ENT,FAC00728,Life Day Surgery Center - Dubai,Dubai,General Practitioner,13.0,Active
DOC01366,Dr. Wayne Long,Psychiatry,FAC00097,Burjeel Clinic - Al Ain,Abu Dhabi,Resident,11.0,Active
DOC01367,Dr. David Chandler,Neurology,FAC00880,Aster Clinic - Dubai,Dubai,Specialist,11.0,Active
DOC01368,Dr. Aaron Taylor,Nephrology,FAC00090,NMC Clinic - Kalba,Sharjah,Resident,26.0,Active
DOC01369,Dr. Vicki Contreras,Gastroenterology,FAC01441,Al Noor Clinic - Hatta,Dubai,Consultant,25.0,On Leave
DOC01370,Dr. Warren Lindsey,General Surgery,FAC00054,National Specialty Center - Hatta,Dubai,Consultant,17.0,Active
DOC01371,Dr. David Hughes,Neurology,FAC00993,Burjeel Medical Center - Dubai,Dubai,General Practitioner,3.0,Active
DOC01372,Dr. Christy Nixon,ENT,FAC00475,Al Noor Day Surgery Center - Dubai,Dubai,General Practitioner,10.0,On Leave
DOC01373,Dr. Kathleen Mason,Gastroenterology,FAC01324,Gulf Specialty Center - Madinat Zayed,Abu Dhabi,Specialist,12.0,Active
DOC01374,Dr. Maria Thomas,Gastroenterology,FAC01558,National Medical Center - Dhaid,Sharjah,Specialist,24.0,Active
DOC01375,Dr. Steven Davis,Orthopedics,FAC01160,Emirates Clinic - Hatta,Dubai,General Practitioner,20.0,Active
DOC01376,Dr. Katelyn Huang,Neurology,FAC00526,Burjeel Clinic - Hatta,Dubai,Resident,12.0,Active
DOC01377,Dr. Leslie Barnett,Internal Medicine,FAC00235,Gulf Specialty Center - Dubai,Dubai,Consultant,16.0,Active
DOC01378,Dr. Michael Ali,Urology,FAC01358,Aster Clinic - Ajman,Ajman,General Practitioner,8.0,Active
DOC01379,Dr. Diana Carter,ENT,FAC01437,Burjeel Clinic - Al Ain,Abu Dhabi,Consultant,20.0,On Leave
DOC01380,Dr. Michael Frost,Obstetrics & Gynecology,FAC01335,Burjeel Specialty Center - Sharjah,Sharjah,Specialist,11.0,On Leave
DOC01381,Dr. James Johnson,Urology,FAC00950,NMC Clinic - Dubai,Dubai,General Practitioner,1.0,Active
DOC01382,Dr. Jonathan Spears,General Surgery,FAC00608,Life Hospital - Al Ain,Abu Dhabi,Consultant,11.0,Active
DOC01383,Dr. Paula Stewart,Dermatology,FAC01033,Burjeel Clinic - Sharjah,Sharjah,General Practitioner,24.0,Active
DOC01384,Dr. Samantha Proctor,Nephrology,FAC00925,Gulf Clinic - Ras Al Khaimah,Ras Al Khaimah,Consultant,12.0,On Leave
DOC01385,Dr. Cynthia Mason,Gastroenterology,FAC00065,Al Noor Clinic - Sharjah,Sharjah,Resident,25.0,On Leave
DOC01386,Dr. Deanna Hansen,Nephrology,FAC00575,National Medical Center - Dibba Al-Fujairah,Fujairah,Resident,9.0,On Leave
DOC01387,Dr. Teresa Webb,Orthopedics,FAC01647,MediCare Clinic - Hatta,Dubai,Consultant,9.0,Active
DOC01388,Dr. Dustin Garcia,Pediatrics,FAC00556,Aster Clinic - Khor Fakkan,Sharjah,Consultant,25.0,Active
DOC01389,Dr. Vincent Fischer,Endocrinology,FAC00755,Aster Day Surgery Center - Abu Dhabi,Abu Dhabi,Specialist,13.0,Active
DOC01390,Dr. Ashley Fuller,Neurology,FAC01348,Aster Medical Center - Abu Dhabi,Abu Dhabi,Resident,24.0,Active
DOC01391,Dr. Amy Gill,Psychiatry,FAC01514,National Hospital - Dibba Al-Fujairah,Fujairah,Specialist,6.0,Active
DOC01392,Dr. Nicholas Gonzales,Pediatrics,FAC00449,Aster Day Surgery Center - Ras Al Khaimah,Ras Al Khaimah,General Practitioner,22.0,Active
DOC01393,Dr. Barry Andersen,Pulmonology,FAC00057,Aster Clinic - Abu Dhabi,Abu Dhabi,Resident,25.0,On Leave
DOC01394,Dr. Natalie Bowman,Dermatology,FAC01102,National Clinic - Dibba Al-Fujairah,Fujairah,Consultant,14.0,Active
DOC01395,Dr. Bonnie Sullivan,Oncology,FAC00933,Life Specialty Center - Ruwais,Abu Dhabi,Resident,12.0,On Leave
DOC01396,Dr. Carlos Foster,Pediatrics,FAC01303,Aster Hospital - Dubai,Dubai,General Practitioner,16.0,On Leave
DOC01397,Dr. Lisa Hanson,Oncology,FAC00387,Al Noor Medical Center - Dubai,Dubai,Specialist,4.0,Active
DOC01398,Dr. Deanna Horn,Urology,FAC01406,Aster Hospital - Abu Dhabi,Abu Dhabi,Consultant,4.0,Active
DOC01399,Dr. Michael Jones,Neurology,FAC00711,Al Noor Clinic - Umm Al Quwain,Umm Al Quwain,Specialist,9.0,Active
DOC01400,Dr. Alan Cordova,Gastroenterology,FAC00779,Prime Clinic - Madinat Zayed,Abu Dhabi,Resident,20.0,Active
DOC01401,Dr. Erin Sanchez,Oncology,FAC00818,Burjeel Hospital - Hatta,Dubai,Consultant,10.0,Active
DOC01402,Dr. Alex Hodges,Endocrinology,FAC00241,MediCare Hospital - Abu Dhabi,Abu Dhabi,Consultant,3.0,Active
DOC01403,Dr. Anne Melton,ENT,FAC01470,Life Hospital - Jebel Ali,Dubai,General Practitioner,,Active
DOC01404,Dr. Kendra Smith,ENT,FAC01493,Life Medical Center - Al Ain,Abu Dhabi,Resident,10.0,Active
DOC01405,Dr. Samuel Booker,General Surgery,FAC00882,National Day Surgery Center - Dubai,Dubai,Specialist,10.0,Active
DOC01406,Dr. Melanie Morrison,Dermatology,FAC00159,Aster Day Surgery Center - Madinat Zayed,Abu Dhabi,General Practitioner,4.0,Active
DOC01407,Dr. Whitney Watts,Pulmonology,FAC01503,Burjeel Clinic - Umm Al Quwain,Umm Al Quwain,Consultant,9.0,On Leave
DOC01408,Dr. April Bailey,Neurology,FAC00669,MediCare Day Surgery Center - Umm Al Quwain,Umm Al Quwain,General Practitioner,5.0,Active
DOC01409,Dr. Brian Martinez,Pulmonology,FAC01065,Aster Day Surgery Center - Khor Fakkan,Sharjah,Specialist,4.0,Active
DOC01410,Dr. Todd Mcdowell,General Surgery,FAC00811,Burjeel Clinic - Dubai,Dubai,General Practitioner,6.0,Active
DOC01411,Dr. Andrew Davis,Nephrology,FAC00913,NMC Clinic - Jebel Ali,Dubai,Consultant,9.0,On Leave
DOC01412,Dr. Jeremiah Armstrong,Oncology,FAC00471,Life Hospital - Jebel Ali,Dubai,General Practitioner,6.0,On Leave
DOC01413,Dr. Sharon Castillo,Obstetrics & Gynecology,FAC01380,Gulf Hospital - Fujairah,Fujairah,Specialist,6.0,Active
DOC01414,Dr. Stacy Thomas,Obstetrics & Gynecology,FAC00864,Burjeel Medical Center - Dubai,Dubai,Resident,9.0,On Leave
DOC01415,Dr. Benjamin Terry,Oncology,FAC01419,Aster Hospital - Ruwais,Abu Dhabi,Specialist,25.0,Active
DOC01416,Dr. Tyler Green,General Surgery,FAC01052,National Medical Center - Dubai,Dubai,Specialist,4.0,Active
DOC01417,Dr. Andrew Livingston,Pediatrics,FAC00186,Gulf Day Surgery Center - Al Ain,Abu Dhabi,Resident,3.0,Active
DOC01418,Dr. Michael Wilkins,Oncology,FAC00990,Burjeel Day Surgery Center - Ras Al Khaimah,Ras Al Khaimah,General Practitioner,14.0,On Leave
DOC01419,Dr. Justin Jackson,Nephrology,FAC00759,Gulf Clinic - Dhaid,Sharjah,Specialist,2.0,Active
DOC01420,Dr. Tracey Jensen,Urology,FAC01596,Aster Specialty Center - Hatta,Dubai,General Practitioner,7.0,Active
DOC01421,Dr. Eric Levy,Psychiatry,FAC00521,Life Hospital - Sharjah,Sharjah,General Practitioner,23.0,Active
DOC01422,Dr. Kristen Rodriguez,Nephrology,FAC00144,Prime Clinic - Umm Al Quwain,Umm Al Quwain,Consultant,21.0,Active
DOC01423,Dr. Aaron Hill,Urology,FAC01294,Emirates Day Surgery Center - Al Ain,Abu Dhabi,Specialist,10.0,On Leave
DOC01424,Dr. Chad Ware,Dermatology,FAC00758,MediCare Day Surgery Center - Hatta,Dubai,Consultant,7.0,Active
DOC01425,Dr. Amanda Weiss,Orthopedics,FAC00434,Aster Clinic - Dubai,Dubai,Consultant,6.0,Active
DOC01426,Dr. Brenda Hebert,Pulmonology,FAC00897,NMC Medical Center - Jebel Ali,Dubai,Consultant,13.0,Active
DOC01427,Dr. Larry Mckay,Pediatrics,FAC00034,Al Noor Specialty Center - Jebel Ali,Dubai,General Practitioner,13.0,On Leave
DOC01428,Dr. Seth Cruz,Psychiatry,FAC01285,NMC Medical Center - Dibba Al-Fujairah,Fujairah,Consultant,27.0,Active
DOC01429,Dr. James Harris,Endocrinology,FAC00763,Emirates Hospital - Dhaid,Sharjah,Resident,19.0,Active
DOC01430,Dr. Kim Richardson,Neurology,FAC00498,Gulf Clinic - Sharjah,Sharjah,Specialist,3.0,Active
DOC01431,Dr. Michael Gibson,Endocrinology,FAC01561,Prime Clinic - Dibba Al-Fujairah,Fujairah,Resident,21.0,Active
DOC01432,Dr. Teresa Craig,General Surgery,FAC00070,Al Noor Medical Center - Masfout,Ajman,Resident,15.0,Active
DOC01433,Dr. Colton Torres,Pediatrics,FAC01020,Prime Clinic - Kalba,Sharjah,General Practitioner,23.0,Active
DOC01434,Dr. Ronnie Hall,Neurology,FAC01593,Burjeel Day Surgery Center - Ajman,Ajman,Resident,15.0,Active
DOC01435,Dr. John Hodge,Cardiology,FAC00952,MediCare Medical Center - Dibba Al-Fujairah,Fujairah,Consultant,9.0,On Leave
DOC01436,Dr. Christian Berry,Psychiatry,FAC00888,Burjeel Medical Center - Dubai,Dubai,Consultant,24.0,Active
DOC01437,Dr. Bryan Green,Ophthalmology,FAC01326,Gulf Medical Center - Madinat Zayed,Abu Dhabi,General Practitioner,8.0,Active
DOC01438,Dr. Heather Irwin,Obstetrics & Gynecology,FAC00990,Burjeel Day Surgery Center - Ras Al Khaimah,Ras Al Khaimah,Specialist,23.0,Active
DOC01439,Dr. Kevin Rivera,ENT,FAC01503,Burjeel Clinic - Umm Al Quwain,Umm Al Quwain,Specialist,,Active
DOC01440,Dr. Katherine Jones,Oncology,FAC01535,NMC Specialty Center - Hatta,Dubai,Resident,18.0,On Leave
DOC01441,Dr. Carl Sanders,Gastroenterology,FAC01474,Prime Day Surgery Center - Al Ain,Abu Dhabi,Specialist,19.0,Active
DOC01442,Dr. Anthony Reilly,Oncology,FAC00848,Gulf Clinic - Umm Al Quwain,Umm Al Quwain,Consultant,15.0,Active
DOC01443,Dr. Walter Graves,Internal Medicine,FAC01150,Aster Medical Center - Khor Fakkan,Sharjah,Resident,22.0,Active
DOC01444,Dr. Ebony Reed,General Surgery,FAC00248,Prime Medical Center - Fujairah,Fujairah,General Practitioner,6.0,Active
DOC01445,Dr. Renee Harris,Orthopedics,FAC01641,Gulf Medical Center - Ruwais,Abu Dhabi,Consultant,18.0,Active
DOC01446,Dr. Aaron Michael,Internal Medicine,FAC00385,Prime Hospital - Jebel Ali,Dubai,General Practitioner,9.0,Active
DOC01447,Dr. Kelly Kim,Pediatrics,FAC00097,Burjeel Clinic - Al Ain,Abu Dhabi,Consultant,27.0,Active
DOC01448,Dr. Christopher Lopez,ENT,FAC00683,Al Noor Day Surgery Center - Umm Al Quwain,Umm Al Quwain,Consultant,14.0,Active
DOC01449,Dr. Jordan Brown,Ophthalmology,FAC00537,Aster Day Surgery Center - Ajman,Ajman,General Practitioner,26.0,On Leave
DOC01450,Dr. Hannah Calhoun,Oncology,FAC01083,Emirates Specialty Center - Hatta,Dubai,Resident,8.0,On Leave
DOC01451,Dr. Tammy Acevedo,Nephrology,FAC00955,National Medical Center - Dubai,Dubai,General Practitioner,20.0,Active
DOC01452,Dr. Annette Lang,Gastroenterology,FAC01595,Aster Medical Center - Dhaid,Sharjah,Consultant,2.0,Active
DOC01453,Dr. Julia Rodriguez,Obstetrics & Gynecology,FAC00081,Emirates Hospital - Madinat Zayed,Abu Dhabi,General Practitioner,6.0,On Leave
DOC01454,Dr. Bradley Houston,Internal Medicine,FAC00516,Emirates Medical Center - Abu Dhabi,Abu Dhabi,Specialist,,Active
DOC01455,Dr. Claudia Ramirez,General Surgery,FAC00932,Life Hospital - Ajman,Ajman,Specialist,15.0,Active
DOC01456,Dr. Francisco Ward,Urology,FAC00308,Burjeel Day Surgery Center - Madinat Zayed,Abu Dhabi,Consultant,17.0,Active
DOC01457,Dr. Joseph Mercado,Oncology,FAC00732,Life Clinic - Jebel Ali,Dubai,Resident,,Active
DOC01458,Dr. Denise Anderson,Ophthalmology,FAC00392,Emirates Medical Center - Al Ain,Abu Dhabi,Consultant,9.0,Active
DOC01459,Dr. Donald Carpenter,Psychiatry,FAC01392,Al Noor Hospital - Dubai,Dubai,Resident,9.0,On Leave
DOC01460,Dr. Thomas Lopez,General Surgery,FAC00512,Gulf Clinic - Ras Al Khaimah,Ras Al Khaimah,Specialist,26.0,Active
DOC01461,Dr. Sandra Morris,Orthopedics,FAC00910,Gulf Clinic - Al Ain,Abu Dhabi,Consultant,23.0,Active
DOC01462,Dr. William Norris,Neurology,FAC01351,Prime Hospital - Dubai,Dubai,Resident,12.0,Active
DOC01463,Dr. William Long,Obstetrics & Gynecology,FAC00778,Gulf Day Surgery Center - Ruwais,Abu Dhabi,Resident,,Active
DOC01464,Dr. Jeffrey Taylor,Orthopedics,FAC00409,Emirates Clinic - Fujairah,Fujairah,Resident,18.0,Active
DOC01465,Dr. Michael Pratt,Pediatrics,FAC01424,Burjeel Hospital - Dibba Al-Fujairah,Fujairah,General Practitioner,8.0,Active
DOC01466,Dr. Cynthia Briggs,Endocrinology,FAC00030,NMC Hospital - Al Ain,Abu Dhabi,Consultant,14.0,Active
DOC01467,Dr. Kenneth Jones,Ophthalmology,FAC01441,Al Noor Clinic - Hatta,Dubai,Consultant,14.0,On Leave
DOC01468,Dr. Barry Bridges,General Surgery,FAC00477,Aster Specialty Center - Ras Al Khaimah,Ras Al Khaimah,General Practitioner,27.0,On Leave
DOC01469,Dr. Carrie Mcgee,Dermatology,FAC00060,Burjeel Medical Center - Al Ain,Abu Dhabi,Resident,14.0,Active
DOC01470,Dr. Larry Rice,Psychiatry,FAC00839,Gulf Day Surgery Center - Al Ain,Abu Dhabi,Resident,1.0,Active
DOC01471,Dr. Alex Day,Oncology,FAC01143,National Hospital - Jebel Ali,Dubai,Specialist,7.0,Active
DOC01472,Dr. Jacqueline Allen,Internal Medicine,FAC00249,Life Specialty Center - Dubai,Dubai,Consultant,5.0,Active
DOC01473,Dr. Sue Moore,Oncology,FAC00827,Prime Clinic - Madinat Zayed,Abu Dhabi,Specialist,24.0,Active
DOC01474,Dr. Aaron Adams,Oncology,FAC00109,Al Noor Specialty Center - Al Ain,Abu Dhabi,Consultant,1.0,Active
DOC01475,Dr. Mary Hardy,Internal Medicine,FAC01183,Al Noor Hospital - Ras Al Khaimah,Ras Al Khaimah,Consultant,7.0,Active
DOC01476,Dr. Christopher West,Ophthalmology,FAC00663,National Clinic - Al Ain,Abu Dhabi,Consultant,20.0,Active
DOC01477,Dr. Joel Wilkins,Internal Medicine,FAC00382,Gulf Specialty Center - Jebel Ali,Dubai,General Practitioner,25.0,Active
DOC01478,Dr. Zachary Ali,Orthopedics,FAC00603,Life Hospital - Hatta,Dubai,General Practitioner,20.0,On Leave
DOC01479,Dr. Donna Davis,Dermatology,FAC00660,Aster Hospital - Ruwais,Abu Dhabi,Specialist,27.0,Active
DOC01480,Dr. Kevin Ramos,Endocrinology,FAC00498,Gulf Clinic - Sharjah,Sharjah,Resident,12.0,Active
DOC01481,Dr. Juan Marshall,ENT,FAC00395,MediCare Medical Center - Jebel Ali,Dubai,General Practitioner,15.0,Active
DOC01482,Dr. Ashley Harris,Urology,FAC01373,Life Clinic - Kalba,Sharjah,General Practitioner,24.0,Active
DOC01483,Dr. William Stephens,Neurology,FAC00465,Al Noor Clinic - Dubai,Dubai,Resident,15.0,Active
DOC01484,Dr. Pamela Spencer,Cardiology,FAC00634,NMC Clinic - Masfout,Ajman,Consultant,20.0,Active
DOC01485,Dr. Victor Clements,Neurology,FAC01260,MediCare Hospital - Dubai,Dubai,Resident,18.0,On Leave
DOC01486,Dr. Lauren Kemp,General Surgery,FAC00802,Emirates Clinic - Jebel Ali,Dubai,Resident,20.0,Active
DOC01487,Dr. Alexander Stevens,Gastroenterology,FAC00790,Aster Day Surgery Center - Dibba Al-Fujairah,Fujairah,Consultant,23.0,Active
DOC01488,Dr. Adrian Jones,Endocrinology,FAC01594,National Specialty Center - Abu Dhabi,Abu Dhabi,Resident,17.0,Active
DOC01489,Dr. Mary Tapia,Urology,FAC01631,Life Medical Center - Dubai,Dubai,Resident,13.0,On Leave
DOC01490,Dr. Cathy Matthews,Endocrinology,FAC01454,Al Noor Specialty Center - Hatta,Dubai,General Practitioner,17.0,Active
DOC01491,Dr. Christine Perkins,General Surgery,FAC01425,MediCare Clinic - Jebel Ali,Dubai,Specialist,19.0,Active
DOC01492,Dr. Heather Johnson,Nephrology,FAC01001,Burjeel Clinic - Sharjah,Sharjah,Consultant,27.0,Active
DOC01493,Dr. Eric Lynch,Dermatology,FAC01532,Emirates Clinic - Hatta,Dubai,Specialist,11.0,On Leave
DOC01494,Dr. Tonya Mcclure,Psychiatry,FAC00388,Emirates Clinic - Khor Fakkan,Sharjah,Consultant,15.0,On Leave
DOC01495,Dr. Danielle Martinez,Pulmonology,FAC00191,Gulf Medical Center - Ruwais,Abu Dhabi,Consultant,1.0,On Leave
DOC01496,Dr. Hunter Henderson,Ophthalmology,FAC01153,National Clinic - Fujairah,Fujairah,Specialist,8.0,Active
DOC01497,Dr. Jennifer Holland,Neurology,FAC00250,Emirates Clinic - Fujairah,Fujairah,General Practitioner,15.0,Active
DOC01498,Dr. Rhonda Young,Obstetrics & Gynecology,FAC00995,Emirates Clinic - Madinat Zayed,Abu Dhabi,General Practitioner,2.0,On Leave
DOC01499,Dr. Charles Lopez,ENT,FAC01506,Prime Clinic - Dubai,Dubai,General Practitioner,,Active
DOC01500,Dr. John Johnson,Cardiology,FAC00149,Life Medical Center - Jebel Ali,Dubai,Consultant,11.0,On Leave
DOC01501,Dr. James Molina,General Surgery,FAC00978,NMC Hospital - Khor Fakkan,Sharjah,General Practitioner,11.0,Active
DOC01502,Dr. Debbie Hernandez,Gastroenterology,FAC01390,National Medical Center - Fujairah,Fujairah,Resident,9.0,On Leave
DOC01503,Dr. Heather Martinez,Ophthalmology,FAC01471,Burjeel Clinic - Ajman,Ajman,General Practitioner,17.0,Active
DOC01504,Dr. Sherri Ross,Ophthalmology,FAC00072,Burjeel Medical Center - Hatta,Dubai,Resident,23.0,Active
DOC01505,Dr. Sandra Hernandez,Pulmonology,FAC00630,Prime Hospital - Al Ain,Abu Dhabi,Consultant,19.0,Active
DOC01506,Dr. James Stark,Nephrology,FAC00594,Gulf Clinic - Dibba Al-Fujairah,Fujairah,General Practitioner,23.0,Active
DOC01507,Dr. Jonathan Johnson,Endocrinology,FAC01533,Al Noor Hospital - Fujairah,Fujairah,Resident,22.0,Active
DOC01508,Dr. Steven Rich,Nephrology,FAC01238,MediCare Clinic - Ruwais,Abu Dhabi,Consultant,12.0,Active
DOC01509,Dr. Jeffrey Perez,Endocrinology,FAC01559,Gulf Medical Center - Khor Fakkan,Sharjah,Resident,22.0,On Leave
DOC01510,Dr. Darren Nelson,Neurology,FAC00344,Prime Clinic - Fujairah,Fujairah,Resident,11.0,On Leave
DOC01511,Dr. Jennifer Skinner,Neurology,FAC00218,Emirates Hospital - Dhaid,Sharjah,Consultant,21.0,Active
DOC01512,Dr. Patricia Reed,Dermatology,FAC01446,Burjeel Medical Center - Kalba,Sharjah,General Practitioner,5.0,Active
DOC01513,Dr. Nicolas Miller,Pulmonology,FAC00059,Life Clinic - Ruwais,Abu Dhabi,Consultant,15.0,On Leave
DOC01514,Dr. Tammy Morton,Orthopedics,FAC01405,NMC Day Surgery Center - Al Ain,Abu Dhabi,Specialist,18.0,Active
DOC01515,Dr. Leslie Stanley,Urology,FAC01142,MediCare Clinic - Ras Al Khaimah,Ras Al Khaimah,Resident,10.0,Active
DOC01516,Dr. Emily Bauer,Orthopedics,FAC01176,National Day Surgery Center - Al Ain,Abu Dhabi,Resident,,Active
DOC01517,Dr. Briana Berger,Pulmonology,FAC01426,Prime Medical Center - Dhaid,Sharjah,General Practitioner,17.0,Active
DOC01518,Dr. Joshua Acevedo,Pulmonology,FAC01519,Al Noor Clinic - Dhaid,Sharjah,Specialist,5.0,On Leave
DOC01519,Dr. Jeremy Serrano,Pulmonology,FAC01066,Al Noor Clinic - Ruwais,Abu Dhabi,General Practitioner,7.0,Active
DOC01520,Dr. Caleb Davis,General Surgery,FAC01406,Aster Hospital - Abu Dhabi,Abu Dhabi,Consultant,25.0,Active
DOC01521,Dr. Jason Alexander,Psychiatry,FAC00875,Life Specialty Center - Hatta,Dubai,Consultant,8.0,Active
DOC01522,Dr. David Cook,Ophthalmology,FAC00279,National Specialty Center - Sharjah,Sharjah,General Practitioner,24.0,On Leave
DOC01523,Dr. Sean Davis,Nephrology,FAC01137,Emirates Clinic - Dubai,Dubai,General Practitioner,27.0,On Leave
DOC01524,Dr. Robyn Sullivan,General Surgery,FAC01568,Aster Medical Center - Abu Dhabi,Abu Dhabi,Specialist,3.0,On Leave
DOC01525,Dr. Carolyn Walker,Neurology,FAC00258,Gulf Clinic - Umm Al Quwain,Umm Al Quwain,Resident,2.0,Active
DOC01526,Dr. Tina Campbell,Pulmonology,FAC01430,MediCare Medical Center - Dubai,Dubai,General Practitioner,7.0,Active
DOC01527,Dr. Sarah Thompson,Oncology,FAC00950,NMC Clinic - Dubai,Dubai,General Practitioner,18.0,Active
DOC01528,Dr. Robert Smith,Neurology,FAC00467,Al Noor Hospital - Masfout,Ajman,Specialist,18.0,On Leave
DOC01529,Dr. Ashley Coleman,Orthopedics,FAC00458,Gulf Clinic - Sharjah,Sharjah,Resident,2.0,Active
DOC01530,Dr. Gabriel Benson,Nephrology,FAC01543,National Specialty Center - Masfout,Ajman,General Practitioner,27.0,On Leave
DOC01531,Dr. Travis Lutz,ENT,FAC01482,National Clinic - Masfout,Ajman,Resident,22.0,On Leave
DOC01532,Dr. Darrell Schmidt,Neurology,FAC00436,National Clinic - Kalba,Sharjah,Specialist,18.0,On Leave
DOC01533,Dr. Robin Wallace,Pulmonology,FAC00137,National Medical Center - Fujairah,Fujairah,General Practitioner,2.0,On Leave
DOC01534,Dr. Jill Johnson,Endocrinology,FAC01061,Life Clinic - Ruwais,Abu Dhabi,Consultant,1.0,Active
DOC01535,Dr. Melissa Wood,Ophthalmology,FAC01300,Burjeel Hospital - Ras Al Khaimah,Ras Al Khaimah,Resident,26.0,Active
DOC01536,Dr. Caitlin Ramirez,Gastroenterology,FAC01074,Prime Hospital - Hatta,Dubai,Specialist,19.0,Active
DOC01537,Dr. Joseph Vargas,Obstetrics & Gynecology,FAC00559,Burjeel Clinic - Sharjah,Sharjah,Consultant,13.0,On Leave
DOC01538,Dr. William Brown,Urology,FAC01026,Al Noor Clinic - Ruwais,Abu Dhabi,General Practitioner,26.0,Active
DOC01539,Dr. Wanda Mccarthy,Dermatology,FAC00512,Gulf Clinic - Ras Al Khaimah,Ras Al Khaimah,Consultant,21.0,Active
DOC01540,Dr. Kim Foster,Pediatrics,FAC01281,Al Noor Specialty Center - Dubai,Dubai,Resident,6.0,On Leave
DOC01541,Dr. Nicholas Bell,Obstetrics & Gynecology,FAC01053,Prime Medical Center - Abu Dhabi,Abu Dhabi,Resident,,Active
DOC01542,Dr. Chase Perry,Neurology,FAC01419,Aster Hospital - Ruwais,Abu Dhabi,Consultant,19.0,Active
DOC01543,Dr. Kaitlyn Thompson,Urology,FAC01646,Life Medical Center - Ruwais,Abu Dhabi,Resident,3.0,Active
DOC01544,Dr. Ronald Bryant,Nephrology,FAC00356,Al Noor Clinic - Ruwais,Abu Dhabi,Consultant,16.0,On Leave
DOC01545,Dr. Christopher Woods,Urology,FAC01267,NMC Hospital - Fujairah,Fujairah,Resident,26.0,Active
DOC01546,Dr. Miguel Williams,Obstetrics & Gynecology,FAC00105,Burjeel Medical Center - Al Ain,Abu Dhabi,General Practitioner,27.0,Active
DOC01547,Dr. Nicholas Villegas,Dermatology,FAC00869,Al Noor Medical Center - Ruwais,Abu Dhabi,General Practitioner,17.0,On Leave
DOC01548,Dr. Brandon Wilson,General Surgery,FAC00283,Aster Clinic - Dubai,Dubai,Resident,1.0,Active
DOC01549,Dr. Gregory Lawrence,Neurology,FAC00654,Al Noor Day Surgery Center - Hatta,Dubai,Consultant,27.0,Active
DOC01550,Dr. Eric Coleman,Urology,FAC00806,Prime Clinic - Madinat Zayed,Abu Dhabi,Specialist,11.0,Active
DOC01551,Dr. Danielle Lee,General Surgery,FAC00803,MediCare Hospital - Fujairah,Fujairah,Specialist,26.0,Active
DOC01552,Dr. Kendra Rodriguez,Nephrology,FAC01151,Prime Clinic - Hatta,Dubai,Specialist,23.0,Active
DOC01553,Dr. Joshua Morales,Pediatrics,FAC00485,MediCare Medical Center - Umm Al Quwain,Umm Al Quwain,General Practitioner,1.0,On Leave
DOC01554,Dr. Paul Pierce,ENT,FAC00030,NMC Hospital - Al Ain,Abu Dhabi,Resident,27.0,On Leave
DOC01555,Dr. Pamela Miller,Dermatology,FAC01512,Life Medical Center - Dubai,Dubai,Consultant,17.0,On Leave
DOC01556,Dr. Susan Wells,Cardiology,FAC00083,Gulf Hospital - Ajman,Ajman,General Practitioner,5.0,Active
DOC01557,Dr. Troy Spence,Neurology,FAC01543,National Specialty Center - Masfout,Ajman,General Practitioner,21.0,Active
DOC01558,Dr. Darren Garrett,Obstetrics & Gynecology,FAC00684,Aster Clinic - Umm Al Quwain,Umm Al Quwain,Consultant,11.0,Active
DOC01559,Dr. Stephanie Washington,General Surgery,FAC01354,Prime Hospital - Masfout,Ajman,Resident,22.0,Active
DOC01560,Dr. Jason Hart,Nephrology,FAC01114,MediCare Clinic - Kalba,Sharjah,Resident,16.0,Active
DOC01561,Dr. Thomas Knapp,Pulmonology,FAC00098,Burjeel Medical Center - Ruwais,Abu Dhabi,Specialist,13.0,Active
DOC01562,Dr. Kathryn Fisher,Oncology,FAC01395,Aster Hospital - Abu Dhabi,Abu Dhabi,Specialist,23.0,On Leave
DOC01563,Dr. Evelyn Thornton,Endocrinology,FAC01565,Burjeel Clinic - Madinat Zayed,Abu Dhabi,Specialist,10.0,On Leave
DOC01564,Dr. Jo Wilson,Endocrinology,FAC00465,Al Noor Clinic - Dubai,Dubai,Specialist,15.0,On Leave
DOC01565,Dr. Heather Medina,Cardiology,FAC00129,Gulf Hospital - Hatta,Dubai,Resident,20.0,Active
DOC01566,Dr. Alexander Hall,Cardiology,FAC01385,Al Noor Clinic - Sharjah,Sharjah,Consultant,6.0,Active
DOC01567,Dr. Richard Kidd,General Surgery,FAC00257,Life Specialty Center - Jebel Ali,Dubai,Consultant,8.0,Active
DOC01568,Dr. Reginald Williams,Psychiatry,FAC00675,Burjeel Specialty Center - Abu Dhabi,Abu Dhabi,Specialist,9.0,Active
DOC01569,Dr. Holly Jenkins,Urology,FAC01570,Life Clinic - Sharjah,Sharjah,Specialist,17.0,On Leave
DOC01570,Dr. Joseph Kelley,Dermatology,FAC01024,NMC Clinic - Khor Fakkan,Sharjah,Resident,3.0,On Leave
DOC01571,Dr. Jeffrey Meyers,Dermatology,FAC01307,Prime Hospital - Madinat Zayed,Abu Dhabi,Resident,13.0,Active
DOC01572,Dr. Melissa White,Ophthalmology,FAC01113,MediCare Medical Center - Dhaid,Sharjah,Specialist,20.0,On Leave
DOC01573,Dr. Michael Herrera,Gastroenterology,FAC00962,Gulf Clinic - Hatta,Dubai,Specialist,14.0,Active
DOC01574,Dr. Max Harris,Internal Medicine,FAC00318,Prime Clinic - Abu Dhabi,Abu Dhabi,General Practitioner,18.0,Active
DOC01575,Dr. Scott Grimes,Cardiology,FAC00005,Prime Clinic - Ruwais,Abu Dhabi,Consultant,23.0,Active
DOC01576,Dr. Sandra Ross,Urology,FAC00427,Gulf Specialty Center - Ajman,Ajman,Resident,17.0,On Leave
DOC01577,Dr. Jacob Reeves,Urology,FAC00758,MediCare Day Surgery Center - Hatta,Dubai,General Practitioner,23.0,Active
DOC01578,Dr. Jeremy Reyes,Urology,FAC00584,Gulf Clinic - Hatta,Dubai,Consultant,9.0,Active
DOC01579,Dr. Monica Mills,Urology,FAC00916,MediCare Clinic - Umm Al Quwain,Umm Al Quwain,Specialist,5.0,On Leave
DOC01580,Dr. Kristine Patrick,Cardiology,FAC00519,Burjeel Clinic - Madinat Zayed,Abu Dhabi,Resident,9.0,Active
DOC01581,Dr. Samantha Christian,Psychiatry,FAC01638,National Clinic - Hatta,Dubai,Consultant,25.0,On Leave
DOC01582,Dr. Michelle Ortiz,Gastroenterology,FAC00331,Gulf Specialty Center - Jebel Ali,Dubai,Specialist,11.0,Active
DOC01583,Dr. William Campos,Nephrology,FAC00737,Aster Day Surgery Center - Dhaid,Sharjah,Consultant,,Active
DOC01584,Dr. Jennifer Morgan,Internal Medicine,FAC01498,Emirates Medical Center - Dubai,Dubai,Resident,24.0,Active
DOC01585,Dr. Tracy Drake,Pulmonology,FAC01060,Burjeel Hospital - Al Ain,Abu Dhabi,Resident,20.0,On Leave
DOC01586,Dr. Alan Harris,Pulmonology,FAC00536,NMC Hospital - Ruwais,Abu Dhabi,Resident,19.0,Active
DOC01587,Dr. Charles Fritz,Cardiology,FAC00426,National Medical Center - Al Ain,Abu Dhabi,Specialist,22.0,Active
DOC01588,Dr. Meghan Harrison,General Surgery,FAC00824,NMC Clinic - Ras Al Khaimah,Ras Al Khaimah,Specialist,16.0,On Leave
DOC01589,Dr. Dylan Collins,ENT,FAC01288,NMC Specialty Center - Hatta,Dubai,Specialist,14.0,Active
DOC01590,Dr. Laura Sims,ENT,FAC01530,NMC Hospital - Abu Dhabi,Abu Dhabi,General Practitioner,2.0,Active
DOC01591,Dr. Michaela Herman,Pediatrics,FAC01363,Emirates Medical Center - Al Ain,Abu Dhabi,Consultant,17.0,Active
DOC01592,Dr. Veronica Robinson,Obstetrics & Gynecology,FAC01461,Al Noor Medical Center - Kalba,Sharjah,Consultant,1.0,Active
DOC01593,Dr. Joe Jackson,Endocrinology,FAC00639,National Clinic - Dubai,Dubai,Specialist,11.0,Active
DOC01594,Dr. Nicole Black,Psychiatry,FAC01286,Life Clinic - Khor Fakkan,Sharjah,Specialist,19.0,On Leave
DOC01595,Dr. Marissa Lee,General Surgery,FAC00167,Burjeel Hospital - Dibba Al-Fujairah,Fujairah,General Practitioner,6.0,Active
DOC01596,Dr. Donna Myers,Ophthalmology,FAC00773,Prime Clinic - Masfout,Ajman,General Practitioner,11.0,Active
DOC01597,Dr. Caitlin Williams,Ophthalmology,FAC00012,NMC Medical Center - Jebel Ali,Dubai,Consultant,17.0,Active
DOC01598,Dr. Ashley Webb,ENT,FAC01592,Burjeel Clinic - Abu Dhabi,Abu Dhabi,Consultant,24.0,On Leave
DOC01599,Dr. Kathleen Jackson,Orthopedics,FAC00305,NMC Medical Center - Ras Al Khaimah,Ras Al Khaimah,Consultant,8.0,Active
DOC01600,Dr. Peter Bailey,Nephrology,FAC01122,MediCare Day Surgery Center - Fujairah,Fujairah,Specialist,19.0,Active
DOC01601,Dr. Joseph Dudley,Pediatrics,FAC00099,Aster Hospital - Ras Al Khaimah,Ras Al Khaimah,General Practitioner,12.0,Active
DOC01602,Dr. Hannah Tanner,Urology,FAC00719,MediCare Specialty Center - Dubai,Dubai,Specialist,8.0,Active
DOC01603,Dr. Vanessa White,Pulmonology,FAC01121,Life Medical Center - Khor Fakkan,Sharjah,General Practitioner,2.0,On Leave
DOC01604,Dr. Dawn Hernandez,General Surgery,FAC00535,National Medical Center - Jebel Ali,Dubai,General Practitioner,26.0,Active
DOC01605,Dr. Michelle Porter,ENT,FAC00164,Emirates Clinic - Masfout,Ajman,Resident,5.0,Active
DOC01606,Dr. Denise Stone,Urology,FAC01050,Life Clinic - Madinat Zayed,Abu Dhabi,General Practitioner,4.0,Active
DOC01607,Dr. Scott Smith,Neurology,FAC00581,Gulf Hospital - Dubai,Dubai,Specialist,10.0,Active
DOC01608,Dr. Courtney Nelson,Ophthalmology,FAC00651,Emirates Hospital - Hatta,Dubai,General Practitioner,9.0,Active
DOC01609,Dr. Mark Hall,Cardiology,FAC01295,NMC Hospital - Madinat Zayed,Abu Dhabi,Specialist,15.0,Active
DOC01610,Dr. Patrick Moore,Dermatology,FAC00234,MediCare Hospital - Ajman,Ajman,Resident,21.0,Active
DOC01611,Dr. Cynthia Stevens,General Surgery,FAC00103,NMC Specialty Center - Dhaid,Sharjah,Consultant,23.0,Active
DOC01612,Dr. Alicia Steele,Psychiatry,FAC01485,MediCare Hospital - Khor Fakkan,Sharjah,Resident,10.0,Active
DOC01613,Dr. Gregory Mccoy,Dermatology,FAC01184,NMC Medical Center - Ruwais,Abu Dhabi,Resident,24.0,On Leave
DOC01614,Dr. Ryan Matthews,Nephrology,FAC01518,MediCare Specialty Center - Jebel Ali,Dubai,Specialist,20.0,Active
DOC01615,Dr. Tiffany Graham,Psychiatry,FAC01594,National Specialty Center - Abu Dhabi,Abu Dhabi,Resident,14.0,Active
DOC01616,Dr. Christine Christensen,Gastroenterology,FAC00037,Gulf Clinic - Hatta,Dubai,Specialist,2.0,Active
DOC01617,Dr. Rodney Parker,Urology,FAC01398,Al Noor Hospital - Hatta,Dubai,Specialist,15.0,Active
DOC01618,Dr. Brandon Brown,Gastroenterology,FAC01502,Life Specialty Center - Al Ain,Abu Dhabi,Specialist,24.0,Active
DOC01619,Dr. Alyssa Mahoney,Neurology,FAC00181,National Clinic - Abu Dhabi,Abu Dhabi,General Practitioner,26.0,On Leave
DOC01620,Dr. Matthew Green,Obstetrics & Gynecology,FAC00638,Aster Clinic - Madinat Zayed,Abu Dhabi,General Practitioner,11.0,On Leave
DOC01621,Dr. Valerie Lin,Pulmonology,FAC00763,Emirates Hospital - Dhaid,Sharjah,General Practitioner,6.0,Active
DOC01622,Dr. Craig Lopez,Dermatology,FAC01541,MediCare Day Surgery Center - Hatta,Dubai,General Practitioner,22.0,Active
DOC01623,Dr. William Green,Ophthalmology,FAC00230,MediCare Medical Center - Fujairah,Fujairah,Consultant,11.0,Active
DOC01624,Dr. Danielle Daniels,Orthopedics,FAC00409,Emirates Clinic - Fujairah,Fujairah,Consultant,11.0,Active
DOC01625,Dr. Kristin Drake,Dermatology,FAC01391,NMC Clinic - Madinat Zayed,Abu Dhabi,Specialist,13.0,On Leave
DOC01626,Dr. Kimberly Wright,Pulmonology,FAC01257,Life Clinic - Dhaid,Sharjah,Resident,23.0,Active
DOC01627,Dr. Anthony Garcia,Dermatology,FAC01254,National Clinic - Dubai,Dubai,Consultant,12.0,Active
DOC01628,Dr. Richard Romero,Psychiatry,FAC00888,Burjeel Medical Center - Dubai,Dubai,Specialist,7.0,Active
DOC01629,Dr. Jason Johnson,Cardiology,FAC00442,Gulf Medical Center - Dubai,Dubai,Resident,6.0,Active
DOC01630,Dr. Paula Archer,Dermatology,FAC00088,MediCare Hospital - Dibba Al-Fujairah,Fujairah,Resident,22.0,On Leave
DOC01631,Dr. Bryan Snyder,Obstetrics & Gynecology,FAC01124,Aster Clinic - Ruwais,Abu Dhabi,Consultant,26.0,On Leave
DOC01632,Dr. Dean Baker,Pediatrics,FAC00961,Life Medical Center - Madinat Zayed,Abu Dhabi,General Practitioner,17.0,Active
DOC01633,Dr. Gerald Owen,Endocrinology,FAC00706,Al Noor Medical Center - Jebel Ali,Dubai,Consultant,16.0,Active
DOC01634,Dr. Lori Hopkins,Nephrology,FAC00575,National Medical Center - Dibba Al-Fujairah,Fujairah,Consultant,23.0,On Leave
DOC01635,Dr. Craig Lee,Neurology,FAC01581,MediCare Day Surgery Center - Sharjah,Sharjah,Specialist,26.0,Active
DOC01636,Dr. Sheri Turner,Endocrinology,FAC01454,Al Noor Specialty Center - Hatta,Dubai,Resident,20.0,Active
DOC01637,Dr. Barbara Carter,Endocrinology,FAC00991,Prime Specialty Center - Kalba,Sharjah,Specialist,18.0,Active
DOC01638,Dr. Cody Williams,Oncology,FAC01425,MediCare Clinic - Jebel Ali,Dubai,Consultant,17.0,Active
DOC01639,Dr. David Sexton,Ophthalmology,FAC00896,Burjeel Hospital - Ruwais,Abu Dhabi,General Practitioner,6.0,Active
DOC01640,Dr. Linda Austin,Cardiology,FAC00480,MediCare Clinic - Madinat Zayed,Abu Dhabi,Specialist,12.0,On Leave
DOC01641,Dr. Joyce Morgan,Gastroenterology,FAC00127,Burjeel Clinic - Ras Al Khaimah,Ras Al Khaimah,Consultant,11.0,Active
DOC01642,Dr. Robert Soto,Neurology,FAC00483,Life Clinic - Dibba Al-Fujairah,Fujairah,Consultant,1.0,Active
DOC01643,Dr. Timothy Green,Psychiatry,FAC01453,Al Noor Medical Center - Masfout,Ajman,Resident,5.0,Active
DOC01644,Dr. Stacey Brooks,Dermatology,FAC00106,Al Noor Clinic - Fujairah,Fujairah,Specialist,15.0,On Leave
DOC01645,Dr. Christopher Holt,Psychiatry,FAC00100,Burjeel Specialty Center - Ras Al Khaimah,Ras Al Khaimah,Specialist,16.0,Active
DOC01646,Dr. Christopher Watson,ENT,FAC00878,Burjeel Specialty Center - Fujairah,Fujairah,General Practitioner,26.0,Active
DOC01647,Dr. Jessica Wood,Nephrology,FAC00687,Aster Clinic - Fujairah,Fujairah,Consultant,6.0,Active
DOC01648,Dr. Michael Reyes,Dermatology,FAC00330,Life Medical Center - Ruwais,Abu Dhabi,General Practitioner,13.0,Active
DOC01649,Dr. Jeffrey Pennington,Internal Medicine,FAC00327,Al Noor Clinic - Sharjah,Sharjah,Resident,1.0,Active
DOC01650,Dr. Nathan Flores,Psychiatry,FAC00230,MediCare Medical Center - Fujairah,Fujairah,General Practitioner,5.0,Active
DOC01651,Dr. Eileen Taylor,Ophthalmology,FAC00654,Al Noor Day Surgery Center - Hatta,Dubai,Consultant,20.0,On Leave
DOC01652,Dr. Joseph Kelly,Internal Medicine,FAC01244,Emirates Day Surgery Center - Ras Al Khaimah,Ras Al Khaimah,General Practitioner,9.0,On Leave
DOC01653,Dr. Samuel Greene,Ophthalmology,FAC01056,Life Medical Center - Ruwais,Abu Dhabi,Consultant,7.0,On Leave
DOC01654,Dr. Parker West,Neurology,FAC01341,Aster Hospital - Madinat Zayed,Abu Dhabi,Specialist,1.0,Active
DOC01655,Dr. Thomas Sanchez,Ophthalmology,FAC01407,Gulf Medical Center - Ajman,Ajman,Resident,19.0,Active
DOC01656,Dr. James Murray,Obstetrics & Gynecology,FAC00347,Burjeel Clinic - Jebel Ali,Dubai,General Practitioner,6.0,Active
DOC01657,Dr. Cheryl Lawrence,Oncology,FAC01251,Al Noor Hospital - Ruwais,Abu Dhabi,Resident,9.0,Active
DOC01658,Dr. Daniel Rivera,Obstetrics & Gynecology,FAC01380,Gulf Hospital - Fujairah,Fujairah,Specialist,25.0,Active
DOC01659,Dr. Jesse Ortega,Pediatrics,FAC01429,Emirates Hospital - Madinat Zayed,Abu Dhabi,Resident,22.0,Active
DOC01660,Dr. Theresa Kane,Urology,FAC00867,NMC Medical Center - Sharjah,Sharjah,General Practitioner,10.0,Active
DOC01661,Dr. Kayla Parks,General Surgery,FAC00390,Al Noor Clinic - Madinat Zayed,Abu Dhabi,General Practitioner,13.0,Active
DOC01662,Dr. Franklin Hughes,Gastroenterology,FAC01538,MediCare Clinic - Hatta,Dubai,Specialist,26.0,Active
DOC01663,Dr. Christina Smith,Urology,FAC01602,NMC Medical Center - Al Ain,Abu Dhabi,General Practitioner,5.0,Active
DOC01664,Dr. Olivia Collins,Oncology,FAC00336,Life Day Surgery Center - Sharjah,Sharjah,Specialist,1.0,Active
DOC01665,Dr. Amanda Hill,Ophthalmology,FAC01340,NMC Clinic - Hatta,Dubai,Specialist,1.0,Active
DOC01666,Dr. Lisa Jensen,Nephrology,FAC01007,Life Specialty Center - Umm Al Quwain,Umm Al Quwain,Consultant,2.0,Active
DOC01667,Dr. Tracey Garcia,Neurology,FAC01521,National Clinic - Abu Dhabi,Abu Dhabi,Consultant,27.0,Active
DOC01668,Dr. Oscar Chavez,Ophthalmology,FAC01310,Al Noor Hospital - Sharjah,Sharjah,General Practitioner,,Active
DOC01669,Dr. Frank Martinez,Oncology,FAC00562,Aster Specialty Center - Umm Al Quwain,Umm Al Quwain,Specialist,13.0,On Leave
DOC01670,Dr. Thomas Martinez,Urology,FAC01642,Prime Clinic - Masfout,Ajman,Specialist,12.0,Active
DOC01671,Dr. Melissa Russell,Obstetrics & Gynecology,FAC01518,MediCare Specialty Center - Jebel Ali,Dubai,Specialist,24.0,Active
DOC01672,Dr. Tracey House,Obstetrics & Gynecology,FAC01113,MediCare Medical Center - Dhaid,Sharjah,General Practitioner,21.0,Active
DOC01673,Dr. Martha Howard,Pediatrics,FAC01597,National Medical Center - Ras Al Khaimah,Ras Al Khaimah,Resident,,On Leave
DOC01674,Dr. Shane Barker,Neurology,FAC01520,Gulf Medical Center - Umm Al Quwain,Umm Al Quwain,Consultant,19.0,Active
DOC01675,Dr. Kimberly Rodriguez,Internal Medicine,FAC00164,Emirates Clinic - Masfout,Ajman,General Practitioner,2.0,Active
DOC01676,Dr. Justin Miller,Internal Medicine,FAC01064,MediCare Medical Center - Al Ain,Abu Dhabi,Resident,21.0,Active
DOC01677,Dr. Olivia Hall,Cardiology,FAC00799,Life Clinic - Hatta,Dubai,General Practitioner,21.0,Active
DOC01678,Dr. Monica Garcia,Endocrinology,FAC01189,Prime Medical Center - Umm Al Quwain,Umm Al Quwain,Resident,18.0,Active
DOC01679,Dr. Robert Hardin,Endocrinology,FAC01529,MediCare Specialty Center - Al Ain,Abu Dhabi,Resident,10.0,Active
DOC01680,Dr. Christina Norton,Oncology,FAC01406,Aster Hospital - Abu Dhabi,Abu Dhabi,Resident,7.0,Active
DOC01681,Dr. Molly Steele,Orthopedics,FAC00813,National Clinic - Abu Dhabi,Abu Dhabi,General Practitioner,10.0,On Leave
DOC01682,Dr. Joshua Ramos,Nephrology,FAC00581,Gulf Hospital - Dubai,Dubai,Consultant,7.0,On Leave
DOC01683,Dr. Troy Sanchez,Nephrology,FAC00291,Aster Specialty Center - Dubai,Dubai,Consultant,3.0,Active
DOC01684,Dr. Michelle Gutierrez,Nephrology,FAC01638,National Clinic - Hatta,Dubai,Resident,14.0,On Leave
DOC01685,Dr. Stephen Nelson,ENT,FAC00599,Burjeel Clinic - Hatta,Dubai,Consultant,25.0,Active
DOC01686,Dr. Bruce Carpenter,Nephrology,FAC01278,Al Noor Medical Center - Fujairah,Fujairah,Resident,14.0,Active
DOC01687,Dr. Russell Irwin,Neurology,FAC00414,NMC Clinic - Ajman,Ajman,Specialist,20.0,On Leave
DOC01688,Dr. Sarah Ramsey,Urology,FAC00403,Life Specialty Center - Ras Al Khaimah,Ras Al Khaimah,General Practitioner,9.0,Active
DOC01689,Dr. Sandra Taylor,Pediatrics,FAC01325,National Hospital - Jebel Ali,Dubai,Consultant,18.0,Active
DOC01690,Dr. Kimberly Roman,Dermatology,FAC01503,Burjeel Clinic - Umm Al Quwain,Umm Al Quwain,Consultant,15.0,Active
DOC01691,Dr. Christopher Ramirez,ENT,FAC00642,Emirates Day Surgery Center - Abu Dhabi,Abu Dhabi,Specialist,7.0,Active
DOC01692,Dr. Amy Hernandez,Internal Medicine,FAC00765,NMC Clinic - Hatta,Dubai,Resident,11.0,On Leave
DOC01693,Dr. Rebecca Watson,Orthopedics,FAC00377,MediCare Clinic - Madinat Zayed,Abu Dhabi,Consultant,12.0,Active
DOC01694,Dr. Jennifer Tran,Cardiology,FAC00117,Al Noor Clinic - Al Ain,Abu Dhabi,Consultant,2.0,On Leave
DOC01695,Dr. Robert Howe,Cardiology,FAC00295,Al Noor Day Surgery Center - Ruwais,Abu Dhabi,General Practitioner,25.0,Active
DOC01696,Dr. Natasha Gomez,Ophthalmology,FAC01058,Al Noor Hospital - Jebel Ali,Dubai,General Practitioner,19.0,Active
DOC01697,Dr. Cheryl Ortiz,Orthopedics,FAC01142,MediCare Clinic - Ras Al Khaimah,Ras Al Khaimah,Consultant,9.0,Active
DOC01698,Dr. Rebecca Espinoza,Gastroenterology,FAC00011,Emirates Hospital - Fujairah,Fujairah,General Practitioner,15.0,Active
DOC01699,Dr. William Yoder,Neurology,FAC01479,Emirates Clinic - Ras Al Khaimah,Ras Al Khaimah,Consultant,22.0,On Leave
DOC01700,Dr. Sabrina Reyes,General Surgery,FAC01553,Al Noor Hospital - Madinat Zayed,Abu Dhabi,Resident,20.0,Active
DOC01701,Dr. Eric Sanchez,Oncology,FAC00059,Life Clinic - Ruwais,Abu Dhabi,Consultant,17.0,On Leave
DOC01702,Dr. Robert Garcia,Ophthalmology,FAC00759,Gulf Clinic - Dhaid,Sharjah,Specialist,27.0,Active
DOC01703,Dr. Robert Mccarthy,ENT,FAC00020,NMC Medical Center - Ruwais,Abu Dhabi,Resident,3.0,Active
DOC01704,Dr. Billy Collins,Obstetrics & Gynecology,FAC00900,NMC Hospital - Ruwais,Abu Dhabi,Consultant,24.0,Active
DOC01705,Dr. Paul Brown,Orthopedics,FAC00278,Emirates Clinic - Hatta,Dubai,Specialist,19.0,On Leave
DOC01706,Dr. Karla Nelson,Neurology,FAC00996,Life Clinic - Madinat Zayed,Abu Dhabi,Resident,21.0,On Leave
DOC01707,Dr. Colin Caldwell,Neurology,FAC01061,Life Clinic - Ruwais,Abu Dhabi,General Practitioner,12.0,Active
DOC01708,Dr. Michael Little,Pulmonology,FAC00832,Al Noor Specialty Center - Abu Dhabi,Abu Dhabi,Consultant,18.0,Active
DOC01709,Dr. Katrina Turner,Pediatrics,FAC00312,Al Noor Medical Center - Khor Fakkan,Sharjah,Specialist,21.0,On Leave
DOC01710,Dr. Kyle Cook,Psychiatry,FAC00778,Gulf Day Surgery Center - Ruwais,Abu Dhabi,General Practitioner,19.0,On Leave
DOC01711,Dr. Andrew Simon,Psychiatry,FAC01635,Burjeel Clinic - Jebel Ali,Dubai,Specialist,10.0,Active
DOC01712,Dr. Susan Tucker,Pediatrics,FAC01046,Al Noor Hospital - Ajman,Ajman,General Practitioner,4.0,Active
DOC01713,Dr. Christopher Combs,Endocrinology,FAC00563,MediCare Medical Center - Ras Al Khaimah,Ras Al Khaimah,Resident,19.0,Active
DOC01714,Dr. Dylan Jones,Neurology,FAC01417,Emirates Clinic - Sharjah,Sharjah,Resident,5.0,On Leave
DOC01715,Dr. Alan Ortiz,Psychiatry,FAC00457,Burjeel Clinic - Dibba Al-Fujairah,Fujairah,General Practitioner,12.0,Active
DOC01716,Dr. Ian Wright,Nephrology,FAC00505,Emirates Hospital - Masfout,Ajman,General Practitioner,16.0,On Leave
DOC01717,Dr. Lindsey Holland,Oncology,FAC00462,MediCare Hospital - Ras Al Khaimah,Ras Al Khaimah,Consultant,8.0,Active
DOC01718,Dr. Eric Suarez,Nephrology,FAC00106,Al Noor Clinic - Fujairah,Fujairah,Specialist,11.0,On Leave
DOC01719,Dr. Maureen Greene,ENT,FAC00920,NMC Clinic - Hatta,Dubai,Consultant,12.0,On Leave
DOC01720,Dr. Hector Baker,Orthopedics,FAC00592,MediCare Hospital - Sharjah,Sharjah,Resident,9.0,Active
DOC01721,Dr. Stephen Burke,ENT,FAC01145,MediCare Clinic - Ruwais,Abu Dhabi,Specialist,25.0,Active
DOC01722,Dr. Jim Newman,Neurology,FAC00429,Emirates Clinic - Masfout,Ajman,Specialist,27.0,On Leave
DOC01723,Dr. Maria Richardson,Pulmonology,FAC00909,Gulf Hospital - Khor Fakkan,Sharjah,General Practitioner,23.0,Active
DOC01724,Dr. Chelsea King,Cardiology,FAC00582,Emirates Clinic - Madinat Zayed,Abu Dhabi,Specialist,19.0,Active
DOC01725,Dr. Henry Steele,Psychiatry,FAC00149,Life Medical Center - Jebel Ali,Dubai,General Practitioner,4.0,Active
DOC01726,Dr. Cassandra Mitchell,Oncology,FAC01416,Burjeel Clinic - Sharjah,Sharjah,Specialist,3.0,Active
DOC01727,Dr. Stephen Estrada,Ophthalmology,FAC00487,Al Noor Clinic - Hatta,Dubai,Specialist,3.0,Active
DOC01728,Dr. Edward Wilson,Oncology,FAC00093,NMC Clinic - Fujairah,Fujairah,Resident,6.0,Active
DOC01729,Dr. Jessica Davis,Psychiatry,FAC01269,National Medical Center - Al Ain,Abu Dhabi,Consultant,20.0,On Leave
DOC01730,Dr. Stephanie Taylor,Nephrology,FAC01223,Emirates Clinic - Fujairah,Fujairah,Resident,2.0,Active
DOC01731,Dr. Angela Reed,Oncology,FAC00915,Burjeel Medical Center - Hatta,Dubai,Resident,1.0,Active
DOC01732,Dr. Lee Lara,Oncology,FAC01117,Prime Clinic - Hatta,Dubai,Consultant,21.0,Active
DOC01733,Dr. Frank Buchanan,Endocrinology,FAC00268,Life Medical Center - Abu Dhabi,Abu Dhabi,Specialist,17.0,On Leave
DOC01734,Dr. David Mclaughlin,Endocrinology,FAC00888,Burjeel Medical Center - Dubai,Dubai,Consultant,7.0,Active
DOC01735,Dr. Brett Moore,Pulmonology,FAC01292,Burjeel Clinic - Khor Fakkan,Sharjah,Resident,16.0,Active
DOC01736,Dr. Andrew Lynch,Pediatrics,FAC01042,Emirates Hospital - Al Ain,Abu Dhabi,Consultant,3.0,On Leave
DOC01737,Dr. Jacqueline Craig,Urology,FAC00969,Gulf Hospital - Dubai,Dubai,Resident,18.0,Active
DOC01738,Dr. Jessica Ross,Cardiology,FAC00964,MediCare Clinic - Madinat Zayed,Abu Dhabi,Resident,19.0,Active
DOC01739,Dr. Ryan Nguyen,Ophthalmology,FAC01581,MediCare Day Surgery Center - Sharjah,Sharjah,Consultant,22.0,Active
DOC01740,Dr. Douglas Roberts,General Surgery,FAC01490,Prime Clinic - Sharjah,Sharjah,Specialist,12.0,On Leave
DOC01741,Dr. Tyler Henson,Oncology,FAC01562,Prime Clinic - Ruwais,Abu Dhabi,Consultant,8.0,Active
DOC01742,Dr. Ryan Santiago,Oncology,FAC00752,Emirates Clinic - Jebel Ali,Dubai,Resident,8.0,Active
DOC01743,Dr. Sherri Trujillo,Urology,FAC01268,Gulf Clinic - Madinat Zayed,Abu Dhabi,Resident,13.0,Active
DOC01744,Dr. Steven Sanchez,Orthopedics,FAC00391,Aster Medical Center - Madinat Zayed,Abu Dhabi,Resident,14.0,Active
DOC01745,Dr. Charles Davenport,Neurology,FAC00638,Aster Clinic - Madinat Zayed,Abu Dhabi,Resident,9.0,Active
DOC01746,Dr. Donald Hall,Psychiatry,FAC00558,Emirates Day Surgery Center - Sharjah,Sharjah,Resident,11.0,On Leave
DOC01747,Dr. Tyler Richards,Cardiology,FAC00409,Emirates Clinic - Fujairah,Fujairah,Specialist,6.0,Active
DOC01748,Dr. Joanna Daniels,Cardiology,FAC00969,Gulf Hospital - Dubai,Dubai,Resident,4.0,Active
DOC01749,Dr. Bill Cain,Dermatology,FAC01318,Al Noor Hospital - Ajman,Ajman,Specialist,4.0,Active
DOC01750,Dr. Catherine Wilson,Cardiology,FAC01246,Gulf Clinic - Masfout,Ajman,General Practitioner,19.0,Active
DOC01751,Dr. Joseph Garcia,Internal Medicine,FAC01623,MediCare Clinic - Ras Al Khaimah,Ras Al Khaimah,Consultant,16.0,Active
DOC01752,Dr. Courtney Hopkins,Endocrinology,FAC01105,Prime Hospital - Dubai,Dubai,General Practitioner,4.0,On Leave
DOC01753,Dr. Patrick Aguilar,ENT,FAC00153,Burjeel Medical Center - Hatta,Dubai,General Practitioner,1.0,Active
DOC01754,Dr. Victoria Parker,Psychiatry,FAC00253,Emirates Medical Center - Jebel Ali,Dubai,Specialist,,Active
DOC01755,Dr. Jonathan Shepard,Urology,FAC00613,Burjeel Medical Center - Masfout,Ajman,General Practitioner,10.0,On Leave
DOC01756,Dr. Debra Price,Endocrinology,FAC00793,National Specialty Center - Madinat Zayed,Abu Dhabi,General Practitioner,7.0,Active
DOC01757,Dr. Stephanie Richardson,Pulmonology,FAC00962,Gulf Clinic - Hatta,Dubai,Consultant,20.0,Active
DOC01758,Dr. Ronald Mitchell,Endocrinology,FAC01490,Prime Clinic - Sharjah,Sharjah,Consultant,11.0,Active
DOC01759,Dr. Kathleen Mccarty,ENT,FAC01338,Al Noor Clinic - Ras Al Khaimah,Ras Al Khaimah,Specialist,21.0,On Leave
DOC01760,Dr. Michelle Guzman,Internal Medicine,FAC01561,Prime Clinic - Dibba Al-Fujairah,Fujairah,General Practitioner,24.0,On Leave
DOC01761,Dr. Amanda Fletcher,Neurology,FAC01485,MediCare Hospital - Khor Fakkan,Sharjah,General Practitioner,20.0,On Leave
DOC01762,Dr. Jill Anderson,Urology,FAC00628,Life Hospital - Hatta,Dubai,Resident,26.0,Active
DOC01763,Dr. Mary Williams,Ophthalmology,FAC00610,Al Noor Hospital - Hatta,Dubai,Resident,16.0,Active
DOC01764,Dr. Christian Rios,Oncology,FAC00518,NMC Clinic - Hatta,Dubai,General Practitioner,15.0,Active
DOC01765,Dr. Luke Rodriguez,Endocrinology,FAC00567,Aster Clinic - Dubai,Dubai,Specialist,6.0,Active
DOC01766,Dr. Alec Mendoza,Urology,FAC00619,National Medical Center - Jebel Ali,Dubai,Consultant,22.0,Active
DOC01767,Dr. Alan Powell,Neurology,FAC00894,Emirates Clinic - Al Ain,Abu Dhabi,Consultant,25.0,Active
DOC01768,Dr. Jessica Owens,Endocrinology,FAC01176,National Day Surgery Center - Al Ain,Abu Dhabi,Consultant,16.0,Active
DOC01769,Dr. Sean Perez,Dermatology,FAC01181,Gulf Clinic - Ras Al Khaimah,Ras Al Khaimah,Resident,26.0,Active
DOC01770,Dr. Charles Smith,Cardiology,FAC00069,Aster Clinic - Dhaid,Sharjah,General Practitioner,23.0,Active
DOC01771,Dr. Brendan Harris,Gastroenterology,FAC01253,Emirates Medical Center - Al Ain,Abu Dhabi,Resident,21.0,Active
DOC01772,Dr. Tony Rogers,Orthopedics,FAC00909,Gulf Hospital - Khor Fakkan,Sharjah,Consultant,10.0,Active
DOC01773,Dr. Steven Smith,Internal Medicine,FAC01195,National Specialty Center - Khor Fakkan,Sharjah,Consultant,18.0,Active
DOC01774,Dr. Jamie Kline,Gastroenterology,FAC00971,Al Noor Medical Center - Sharjah,Sharjah,Resident,7.0,On Leave
DOC01775,Dr. Rachael Fitzgerald,Pulmonology,FAC00726,MediCare Hospital - Ras Al Khaimah,Ras Al Khaimah,Resident,19.0,Active
DOC01776,Dr. Jacob Palmer,Neurology,FAC00006,Al Noor Specialty Center - Jebel Ali,Dubai,General Practitioner,3.0,Active
DOC01777,Dr. Nicholas Griffin,Oncology,FAC00739,Aster Day Surgery Center - Ruwais,Abu Dhabi,Specialist,3.0,On Leave
DOC01778,Dr. Johnny Howell,Ophthalmology,FAC01237,Life Clinic - Jebel Ali,Dubai,Specialist,5.0,On Leave
DOC01779,Dr. Michael Brown,General Surgery,FAC01240,National Hospital - Hatta,Dubai,General Practitioner,12.0,On Leave
DOC01780,Dr. Chelsea Ford,ENT,FAC00073,Gulf Clinic - Dibba Al-Fujairah,Fujairah,Resident,1.0,Active
DOC01781,Dr. Annette James,ENT,FAC00944,Emirates Clinic - Madinat Zayed,Abu Dhabi,Resident,25.0,Active
DOC01782,Dr. Gina Hatfield,Endocrinology,FAC01311,MediCare Specialty Center - Madinat Zayed,Abu Dhabi,General Practitioner,19.0,Active
DOC01783,Dr. Karen Ewing,Orthopedics,FAC01606,MediCare Medical Center - Khor Fakkan,Sharjah,Consultant,20.0,On Leave
DOC01784,Dr. Steven Downs,Urology,FAC00681,MediCare Clinic - Abu Dhabi,Abu Dhabi,Resident,5.0,Active
DOC01785,Dr. Brian Burke,Dermatology,FAC01564,Aster Clinic - Ruwais,Abu Dhabi,Specialist,,Active
DOC01786,Dr. Lisa Thomas,Dermatology,FAC00153,Burjeel Medical Center - Hatta,Dubai,Consultant,13.0,Active
DOC01787,Dr. Jason Evans,Dermatology,FAC00599,Burjeel Clinic - Hatta,Dubai,General Practitioner,26.0,Active
DOC01788,Dr. Joshua Massey,Cardiology,FAC00765,NMC Clinic - Hatta,Dubai,Consultant,17.0,Active
DOC01789,Dr. Amber Snyder,Pediatrics,FAC01300,Burjeel Hospital - Ras Al Khaimah,Ras Al Khaimah,General Practitioner,12.0,Active
DOC01790,Dr. Daniel Mercado,Gastroenterology,FAC00785,Life Clinic - Jebel Ali,Dubai,General Practitioner,18.0,Active
DOC01791,Dr. Darlene Salinas,Internal Medicine,FAC00241,MediCare Hospital - Abu Dhabi,Abu Dhabi,Consultant,10.0,On Leave
DOC01792,Dr. Anne Lamb,Internal Medicine,FAC01153,National Clinic - Fujairah,Fujairah,General Practitioner,2.0,Active
DOC01793,Dr. Debra Smith,Internal Medicine,FAC00064,Emirates Clinic - Dubai,Dubai,Specialist,12.0,Active
DOC01794,Dr. Adriana Higgins,Pulmonology,FAC01341,Aster Hospital - Madinat Zayed,Abu Dhabi,Consultant,14.0,Active
DOC01795,Dr. Brenda Curtis,Cardiology,FAC00237,Emirates Clinic - Ras Al Khaimah,Ras Al Khaimah,Resident,20.0,On Leave
DOC01796,Dr. Jason Castro,Obstetrics & Gynecology,FAC00392,Emirates Medical Center - Al Ain,Abu Dhabi,Consultant,26.0,Active
DOC01797,Dr. Justin Rivera,Dermatology,FAC01326,Gulf Medical Center - Madinat Zayed,Abu Dhabi,Consultant,20.0,On Leave
DOC01798,Dr. Natasha Davis,Pulmonology,FAC01451,NMC Clinic - Abu Dhabi,Abu Dhabi,Consultant,10.0,Active
DOC01799,Dr. Rachel Alvarez,Neurology,FAC00874,National Day Surgery Center - Abu Dhabi,Abu Dhabi,General Practitioner,22.0,Active
DOC01800,Dr. Craig Kelley,General Surgery,FAC00810,Emirates Specialty Center - Kalba,Sharjah,Consultant,16.0,Active
DOC01801,Dr. Amber Blanchard,Neurology,FAC00360,NMC Clinic - Madinat Zayed,Abu Dhabi,Specialist,21.0,Active
DOC01802,Dr. Michele Roberts,General Surgery,FAC00047,National Clinic - Dubai,Dubai,Specialist,15.0,Active
DOC01803,Dr. Jason Beck,Orthopedics,FAC00626,Life Specialty Center - Abu Dhabi,Abu Dhabi,General Practitioner,27.0,Active
DOC01804,Dr. Evelyn Sandoval,Cardiology,FAC00159,Aster Day Surgery Center - Madinat Zayed,Abu Dhabi,General Practitioner,26.0,Active
DOC01805,Dr. Danielle Taylor,Internal Medicine,FAC00716,National Hospital - Ras Al Khaimah,Ras Al Khaimah,Consultant,27.0,Active
DOC01806,Dr. Jennifer Rogers,Psychiatry,FAC00128,Prime Medical Center - Al Ain,Abu Dhabi,General Practitioner,7.0,On Leave
DOC01807,Dr. Jeffrey Williams,Urology,FAC01642,Prime Clinic - Masfout,Ajman,Resident,6.0,Active
DOC01808,Dr. Veronica Hughes,Ophthalmology,FAC01525,Burjeel Specialty Center - Abu Dhabi,Abu Dhabi,Resident,27.0,Active
DOC01809,Dr. John Moore,Psychiatry,FAC01507,Life Specialty Center - Dhaid,Sharjah,Specialist,2.0,Active
DOC01810,Dr. John Montgomery,Cardiology,FAC00386,Burjeel Hospital - Khor Fakkan,Sharjah,General Practitioner,15.0,On Leave
DOC01811,Dr. Christine Horton,Urology,FAC01337,National Medical Center - Umm Al Quwain,Umm Al Quwain,Specialist,24.0,Active
DOC01812,Dr. Gloria Fisher,General Surgery,FAC01307,Prime Hospital - Madinat Zayed,Abu Dhabi,Resident,4.0,Active
DOC01813,Dr. Jason Moore,Ophthalmology,FAC01173,NMC Clinic - Ruwais,Abu Dhabi,Resident,17.0,On Leave
DOC01814,Dr. Monica Rodgers,Psychiatry,FAC00700,National Medical Center - Dubai,Dubai,Resident,4.0,Active
DOC01815,Dr. Mary Morris,Pediatrics,FAC00873,Al Noor Day Surgery Center - Fujairah,Fujairah,Consultant,27.0,Active
DOC01816,Dr. Samuel Reeves,Obstetrics & Gynecology,FAC00715,MediCare Hospital - Kalba,Sharjah,Specialist,25.0,Active
DOC01817,Dr. Mitchell Ramirez,Neurology,FAC00075,NMC Medical Center - Abu Dhabi,Abu Dhabi,Specialist,9.0,Active
DOC01818,Dr. Darren Shah,Urology,FAC01486,Al Noor Specialty Center - Khor Fakkan,Sharjah,Specialist,15.0,On Leave
DOC01819,Dr. Fernando Newman,Internal Medicine,FAC01295,NMC Hospital - Madinat Zayed,Abu Dhabi,General Practitioner,27.0,Active
DOC01820,Dr. Cory Dennis,Dermatology,FAC01360,Life Day Surgery Center - Hatta,Dubai,General Practitioner,1.0,Active
DOC01821,Dr. Christopher Sherman,Nephrology,FAC00404,Burjeel Clinic - Ras Al Khaimah,Ras Al Khaimah,Specialist,5.0,Active
DOC01822,Dr. Courtney Smith,Orthopedics,FAC00589,Gulf Medical Center - Dubai,Dubai,General Practitioner,13.0,Active
DOC01823,Dr. Nancy Mendoza,Nephrology,FAC00278,Emirates Clinic - Hatta,Dubai,General Practitioner,12.0,Active
DOC01824,Dr. Jennifer Harrington,Pulmonology,FAC00522,Gulf Clinic - Kalba,Sharjah,Resident,19.0,Active
DOC01825,Dr. Karl Jefferson,General Surgery,FAC00242,Al Noor Medical Center - Umm Al Quwain,Umm Al Quwain,Resident,24.0,On Leave
DOC01826,Dr. Tonya Bolton,Oncology,FAC00984,NMC Clinic - Madinat Zayed,Abu Dhabi,Consultant,3.0,On Leave
DOC01827,Dr. Nancy Shepherd,Pediatrics,FAC00818,Burjeel Hospital - Hatta,Dubai,Consultant,9.0,Active
DOC01828,Dr. Dawn Clark,Nephrology,FAC00403,Life Specialty Center - Ras Al Khaimah,Ras Al Khaimah,Consultant,25.0,Active
DOC01829,Dr. Robert Jordan,Nephrology,FAC00059,Life Clinic - Ruwais,Abu Dhabi,Specialist,26.0,Active
DOC01830,Dr. Kayla Perry,Endocrinology,FAC00216,Gulf Clinic - Ras Al Khaimah,Ras Al Khaimah,Resident,2.0,Active
DOC01831,Dr. Kevin Garcia,ENT,FAC00731,National Hospital - Al Ain,Abu Dhabi,Consultant,19.0,Active
DOC01832,Dr. Sally Martinez,Neurology,FAC01472,Burjeel Hospital - Al Ain,Abu Dhabi,General Practitioner,6.0,Active
DOC01833,Dr. Shane Alvarez,Pulmonology,FAC00500,National Specialty Center - Madinat Zayed,Abu Dhabi,Resident,22.0,Active
DOC01834,Dr. Cynthia Hernandez,Gastroenterology,FAC00165,Al Noor Medical Center - Ajman,Ajman,General Practitioner,23.0,On Leave
DOC01835,Dr. Gregory Faulkner,Ophthalmology,FAC00768,Gulf Day Surgery Center - Fujairah,Fujairah,General Practitioner,16.0,Active
DOC01836,Dr. Garrett Compton,Gastroenterology,FAC00299,NMC Day Surgery Center - Al Ain,Abu Dhabi,Resident,6.0,Active
DOC01837,Dr. Joseph Collins,Neurology,FAC00044,Prime Specialty Center - Khor Fakkan,Sharjah,Consultant,15.0,Active
DOC01838,Dr. Jesus Lopez,Psychiatry,FAC00483,Life Clinic - Dibba Al-Fujairah,Fujairah,General Practitioner,13.0,Active
DOC01839,Dr. Claire Williams,Urology,FAC00855,National Clinic - Umm Al Quwain,Umm Al Quwain,General Practitioner,2.0,Active
DOC01840,Dr. Teresa Fields,Oncology,FAC00739,Aster Day Surgery Center - Ruwais,Abu Dhabi,Consultant,3.0,Active
DOC01841,Dr. Joshua Gonzalez,Pediatrics,FAC01556,Gulf Medical Center - Umm Al Quwain,Umm Al Quwain,Consultant,1.0,On Leave
DOC01842,Dr. Rebecca Gross,Neurology,FAC01406,Aster Hospital - Abu Dhabi,Abu Dhabi,General Practitioner,11.0,On Leave
DOC01843,Dr. Brendan Maxwell,Gastroenterology,FAC01599,Al Noor Clinic - Dibba Al-Fujairah,Fujairah,Specialist,7.0,Active
DOC01844,Dr. Lauren Nunez,Gastroenterology,FAC00196,Prime Hospital - Abu Dhabi,Abu Dhabi,Specialist,15.0,On Leave
DOC01845,Dr. Diana Buck,Orthopedics,FAC01289,National Hospital - Umm Al Quwain,Umm Al Quwain,General Practitioner,23.0,Active
DOC01846,Dr. Amanda Osborne,Dermatology,FAC00033,MediCare Specialty Center - Khor Fakkan,Sharjah,Consultant,21.0,Active
DOC01847,Dr. Alexandria Allen,Neurology,FAC00905,Prime Clinic - Jebel Ali,Dubai,General Practitioner,26.0,Active
DOC01848,Dr. Brad Whitaker,Endocrinology,FAC00793,National Specialty Center - Madinat Zayed,Abu Dhabi,Consultant,26.0,Active
DOC01849,Dr. Jennifer Ortiz,ENT,FAC01219,Emirates Medical Center - Abu Dhabi,Abu Dhabi,Resident,7.0,Active
DOC01850,Dr. Felicia Gilbert,Internal Medicine,FAC00168,Prime Clinic - Madinat Zayed,Abu Dhabi,Resident,1.0,Active
DOC01851,Dr. Ronald Wilcox,Urology,FAC00966,Gulf Medical Center - Ruwais,Abu Dhabi,Specialist,13.0,Active
DOC01852,Dr. Gregory Salas,Psychiatry,FAC00890,MediCare Hospital - Ruwais,Abu Dhabi,General Practitioner,26.0,Active
DOC01853,Dr. Lisa Gentry,Urology,FAC00712,Al Noor Specialty Center - Dibba Al-Fujairah,Fujairah,Consultant,1.0,Active
DOC01854,Dr. Matthew Pearson,Nephrology,FAC01229,Emirates Medical Center - Jebel Ali,Dubai,General Practitioner,6.0,Active
DOC01855,Dr. Kelly Williamson,Pulmonology,FAC00964,MediCare Clinic - Madinat Zayed,Abu Dhabi,Consultant,13.0,Active
DOC01856,Dr. Christopher Rivera,Ophthalmology,FAC01169,MediCare Clinic - Madinat Zayed,Abu Dhabi,General Practitioner,27.0,On Leave
DOC01857,Dr. Mary Mcknight,Pediatrics,FAC01373,Life Clinic - Kalba,Sharjah,Resident,27.0,On Leave
DOC01858,Dr. Joseph Robinson,Pulmonology,FAC00798,NMC Medical Center - Jebel Ali,Dubai,Resident,13.0,On Leave
DOC01859,Dr. Jennifer Smith,Nephrology,FAC00652,Gulf Clinic - Abu Dhabi,Abu Dhabi,Resident,7.0,Active
DOC01860,Dr. Tommy Adams,Pediatrics,FAC01026,Al Noor Clinic - Ruwais,Abu Dhabi,Resident,12.0,Active
DOC01861,Dr. John Smith,Dermatology,FAC00895,Gulf Hospital - Kalba,Sharjah,General Practitioner,26.0,Active
DOC01862,Dr. Julie Taylor,ENT,FAC01361,Prime Hospital - Ajman,Ajman,Consultant,26.0,Active
DOC01863,Dr. Eric Brewer,Oncology,FAC00807,Al Noor Hospital - Hatta,Dubai,Consultant,7.0,Active
DOC01864,Dr. Susan Barry,Internal Medicine,FAC01446,Burjeel Medical Center - Kalba,Sharjah,Specialist,6.0,Active
DOC01865,Dr. Becky Burns,Gastroenterology,FAC00751,Emirates Specialty Center - Fujairah,Fujairah,Specialist,9.0,On Leave
DOC01866,Dr. Maria Mcintyre,ENT,FAC01512,Life Medical Center - Dubai,Dubai,Consultant,13.0,Active
DOC01867,Dr. Derek Lyons,Psychiatry,FAC00769,Emirates Specialty Center - Al Ain,Abu Dhabi,Resident,5.0,Active
DOC01868,Dr. Jeffrey Miller,Cardiology,FAC01176,National Day Surgery Center - Al Ain,Abu Dhabi,Resident,17.0,Active
DOC01869,Dr. Jane Calderon,Cardiology,FAC01448,Al Noor Hospital - Hatta,Dubai,Resident,8.0,Active
DOC01870,Dr. Nicole Murray,Cardiology,FAC01241,Aster Clinic - Al Ain,Abu Dhabi,Resident,5.0,Active
DOC01871,Dr. Robin Carpenter,Orthopedics,FAC00254,Gulf Medical Center - Ajman,Ajman,Consultant,22.0,On Leave
DOC01872,Dr. Robert Chapman,Dermatology,FAC01058,Al Noor Hospital - Jebel Ali,Dubai,Resident,6.0,Active
DOC01873,Dr. Erica Stein,Endocrinology,FAC00184,Aster Medical Center - Ruwais,Abu Dhabi,General Practitioner,21.0,Active
DOC01874,Dr. Angel Shaw,Ophthalmology,FAC00660,Aster Hospital - Ruwais,Abu Dhabi,Resident,24.0,On Leave
DOC01875,Dr. Robin Scott,Pediatrics,FAC00791,Aster Clinic - Jebel Ali,Dubai,General Practitioner,4.0,On Leave
DOC01876,Dr. Kristy Watson,Endocrinology,FAC01573,National Clinic - Abu Dhabi,Abu Dhabi,General Practitioner,16.0,Active
DOC01877,Dr. Madison Owens,Pulmonology,FAC01432,MediCare Specialty Center - Umm Al Quwain,Umm Al Quwain,General Practitioner,19.0,Active
DOC01878,Dr. Kari Miller,Pulmonology,FAC01501,Life Hospital - Ruwais,Abu Dhabi,Consultant,26.0,Active
DOC01879,Dr. Heather Mclaughlin,Dermatology,FAC00482,Aster Clinic - Dibba Al-Fujairah,Fujairah,General Practitioner,2.0,Active
DOC01880,Dr. Jim Baldwin,Urology,FAC00311,Gulf Day Surgery Center - Madinat Zayed,Abu Dhabi,Specialist,25.0,Active
DOC01881,Dr. Anna Clark,Pediatrics,FAC00455,Gulf Medical Center - Ras Al Khaimah,Ras Al Khaimah,Specialist,9.0,On Leave
DOC01882,Dr. Richard Jackson,Oncology,FAC00563,MediCare Medical Center - Ras Al Khaimah,Ras Al Khaimah,General Practitioner,,On Leave
DOC01883,Dr. Yvette Patton,Internal Medicine,FAC00441,Life Hospital - Ras Al Khaimah,Ras Al Khaimah,General Practitioner,19.0,Active
DOC01884,Dr. Sean Petty,ENT,FAC01389,Prime Medical Center - Ruwais,Abu Dhabi,General Practitioner,11.0,Active
DOC01885,Dr. Timothy Campbell,Internal Medicine,FAC01472,Burjeel Hospital - Al Ain,Abu Dhabi,Resident,21.0,On Leave
DOC01886,Dr. Michael Key,Neurology,FAC00248,Prime Medical Center - Fujairah,Fujairah,Specialist,4.0,Active
DOC01887,Dr. Curtis Riley,General Surgery,FAC01522,Life Hospital - Ras Al Khaimah,Ras Al Khaimah,Specialist,19.0,On Leave
DOC01888,Dr. Nathan Cabrera,Gastroenterology,FAC01134,Emirates Hospital - Jebel Ali,Dubai,Consultant,15.0,Active
DOC01889,Dr. Mario Oconnor,Endocrinology,FAC00554,National Medical Center - Jebel Ali,Dubai,Specialist,12.0,Active
DOC01890,Dr. Barbara Vang,Nephrology,FAC01321,Emirates Medical Center - Madinat Zayed,Abu Dhabi,Consultant,4.0,Active
DOC01891,Dr. Jason Bennett,Orthopedics,FAC00512,Gulf Clinic - Ras Al Khaimah,Ras Al Khaimah,Specialist,2.0,On Leave
DOC01892,Dr. Timothy Burns,Neurology,FAC00509,Aster Medical Center - Al Ain,Abu Dhabi,Resident,4.0,Active
DOC01893,Dr. Margaret Gonzalez,ENT,FAC01328,NMC Medical Center - Sharjah,Sharjah,General Practitioner,24.0,Active
DOC01894,Dr. James Simpson,Orthopedics,FAC01496,MediCare Hospital - Dibba Al-Fujairah,Fujairah,Consultant,3.0,On Leave
DOC01895,Dr. Jamie Potter,Orthopedics,FAC01012,Prime Medical Center - Abu Dhabi,Abu Dhabi,Consultant,10.0,Active
DOC01896,Dr. Tyler Barker,Dermatology,FAC00960,Burjeel Medical Center - Abu Dhabi,Abu Dhabi,Consultant,12.0,Active
DOC01897,Dr. Jacqueline Peters,Ophthalmology,FAC01568,Aster Medical Center - Abu Dhabi,Abu Dhabi,General Practitioner,10.0,Active
DOC01898,Dr. Timothy Weber,Psychiatry,FAC00205,Burjeel Specialty Center - Khor Fakkan,Sharjah,Resident,19.0,Active
DOC01899,Dr. George Collier,Oncology,FAC01004,Al Noor Hospital - Umm Al Quwain,Umm Al Quwain,Resident,13.0,Active
DOC01900,Dr. Eddie Smith,Gastroenterology,FAC01586,Aster Specialty Center - Al Ain,Abu Dhabi,Consultant,2.0,Active
DOC01901,Dr. Marcus Bowers,Oncology,FAC01617,NMC Clinic - Madinat Zayed,Abu Dhabi,Specialist,23.0,Active
DOC01902,Dr. Jennifer Hull,Oncology,FAC00844,Aster Clinic - Dubai,Dubai,Consultant,13.0,Active
DOC01903,Dr. Meghan Cortez,Oncology,FAC00319,NMC Medical Center - Ruwais,Abu Dhabi,Consultant,21.0,Active
DOC01904,Dr. Deborah Mcdonald,Gastroenterology,FAC00437,Burjeel Specialty Center - Dibba Al-Fujairah,Fujairah,Resident,25.0,Active
DOC01905,Dr. Jack Stout,Gastroenterology,FAC00598,Emirates Specialty Center - Al Ain,Abu Dhabi,Consultant,22.0,Active
DOC01906,Dr. Jennifer Davis,Pediatrics,FAC01389,Prime Medical Center - Ruwais,Abu Dhabi,Resident,11.0,Active
DOC01907,Dr. Tonya Duncan,Psychiatry,FAC01508,Burjeel Medical Center - Masfout,Ajman,Consultant,12.0,Active
DOC01908,Dr. Jeffrey Nichols,Obstetrics & Gynecology,FAC01182,National Clinic - Sharjah,Sharjah,General Practitioner,9.0,Active
DOC01909,Dr. Patricia Hughes,Psychiatry,FAC01083,Emirates Specialty Center - Hatta,Dubai,General Practitioner,2.0,Active
DOC01910,Dr. Mary Ortiz,Ophthalmology,FAC01194,National Clinic - Sharjah,Sharjah,Specialist,7.0,Active
DOC01911,Dr. Lori Hess,ENT,FAC00312,Al Noor Medical Center - Khor Fakkan,Sharjah,Specialist,10.0,Active
DOC01912,Dr. Gabriel Avila,Internal Medicine,FAC00568,Prime Clinic - Jebel Ali,Dubai,Specialist,17.0,Active
DOC01913,Dr. Tracy Miller,Obstetrics & Gynecology,FAC01455,Gulf Specialty Center - Dubai,Dubai,General Practitioner,12.0,Active
DOC01914,Dr. Misty Rogers,General Surgery,FAC00855,National Clinic - Umm Al Quwain,Umm Al Quwain,General Practitioner,9.0,On Leave
DOC01915,Dr. Justin Wilson,Obstetrics & Gynecology,FAC00360,NMC Clinic - Madinat Zayed,Abu Dhabi,Resident,2.0,On Leave
DOC01916,Dr. William Franco,Ophthalmology,FAC00368,Gulf Hospital - Al Ain,Abu Dhabi,Consultant,11.0,On Leave
DOC01917,Dr. Edward Reynolds,Obstetrics & Gynecology,FAC00505,Emirates Hospital - Masfout,Ajman,Specialist,24.0,Active
DOC01918,Dr. Taylor Barnett,Obstetrics & Gynecology,FAC01444,Burjeel Hospital - Abu Dhabi,Abu Dhabi,Consultant,2.0,On Leave
DOC01919,Dr. Hannah Kelly,Urology,FAC00656,Prime Day Surgery Center - Ras Al Khaimah,Ras Al Khaimah,Consultant,15.0,Active
DOC01920,Dr. George Martin,Gastroenterology,FAC00911,Burjeel Medical Center - Dhaid,Sharjah,Consultant,4.0,Active
DOC01921,Dr. Kenneth Norman,General Surgery,FAC00964,MediCare Clinic - Madinat Zayed,Abu Dhabi,Resident,14.0,On Leave
DOC01922,Dr. Gregory Miller,Internal Medicine,FAC00679,Life Specialty Center - Dhaid,Sharjah,General Practitioner,21.0,Active
DOC01923,Dr. Regina Deleon,Nephrology,FAC00737,Aster Day Surgery Center - Dhaid,Sharjah,General Practitioner,10.0,Active
DOC01924,Dr. Lisa Wilcox,Endocrinology,FAC00132,Burjeel Clinic - Sharjah,Sharjah,Specialist,4.0,Active
DOC01925,Dr. Brian Macias,ENT,FAC01247,Gulf Hospital - Fujairah,Fujairah,General Practitioner,7.0,Active
DOC01926,Dr. Gerald Gonzalez,Neurology,FAC00243,Prime Specialty Center - Dubai,Dubai,Specialist,9.0,Active
DOC01927,Dr. Angela Caldwell,Pulmonology,FAC00370,MediCare Hospital - Sharjah,Sharjah,Consultant,2.0,Active
DOC01928,Dr. Amy Munoz,Dermatology,FAC01581,MediCare Day Surgery Center - Sharjah,Sharjah,Specialist,17.0,Active
DOC01929,Dr. Mike Harris,Dermatology,FAC00263,Life Clinic - Kalba,Sharjah,Consultant,8.0,Active
DOC01930,Dr. Kyle Wall,ENT,FAC00069,Aster Clinic - Dhaid,Sharjah,Resident,13.0,On Leave
DOC01931,Dr. Kevin Smith,Endocrinology,FAC00177,Life Clinic - Madinat Zayed,Abu Dhabi,General Practitioner,8.0,Active
DOC01932,Dr. Michelle Orozco,Obstetrics & Gynecology,FAC00844,Aster Clinic - Dubai,Dubai,Specialist,4.0,On Leave
DOC01933,Dr. Dawn Ferrell,Nephrology,FAC00319,NMC Medical Center - Ruwais,Abu Dhabi,General Practitioner,3.0,Active
DOC01934,Dr. Lori Moore,Nephrology,FAC01312,Aster Medical Center - Masfout,Ajman,Resident,16.0,Active
DOC01935,Dr. Tiffany Anderson,Cardiology,FAC00030,NMC Hospital - Al Ain,Abu Dhabi,Consultant,26.0,Active
DOC01936,Dr. Kristine Jones,Pediatrics,FAC01584,Prime Hospital - Ruwais,Abu Dhabi,Specialist,15.0,On Leave
DOC01937,Dr. Spencer Bennett,General Surgery,FAC00052,Burjeel Specialty Center - Ruwais,Abu Dhabi,Consultant,14.0,On Leave
DOC01938,Dr. William Hayes,Gastroenterology,FAC00986,Al Noor Medical Center - Umm Al Quwain,Umm Al Quwain,General Practitioner,19.0,Active
DOC01939,Dr. Elizabeth Howard,ENT,FAC00904,Emirates Hospital - Ras Al Khaimah,Ras Al Khaimah,General Practitioner,4.0,On Leave
DOC01940,Dr. Neil Webb,Internal Medicine,FAC01628,Prime Clinic - Umm Al Quwain,Umm Al Quwain,Specialist,24.0,Active
DOC01941,Dr. Matthew Austin,Neurology,FAC00247,Aster Hospital - Masfout,Ajman,Specialist,4.0,On Leave
DOC01942,Dr. Barbara Edwards,Urology,FAC00986,Al Noor Medical Center - Umm Al Quwain,Umm Al Quwain,Specialist,1.0,On Leave
DOC01943,Dr. Chad Taylor,Neurology,FAC01174,National Hospital - Al Ain,Abu Dhabi,General Practitioner,19.0,Active
DOC01944,Dr. Joseph Moyer,Nephrology,FAC00407,Life Specialty Center - Ajman,Ajman,General Practitioner,11.0,Active
DOC01945,Dr. Heather Brown,Ophthalmology,FAC00720,Al Noor Medical Center - Madinat Zayed,Abu Dhabi,General Practitioner,13.0,Active
DOC01946,Dr. Brian Smith,Gastroenterology,FAC00284,Aster Day Surgery Center - Ras Al Khaimah,Ras Al Khaimah,Resident,,Active
DOC01947,Dr. Jonathan Williams,Pediatrics,FAC00054,National Specialty Center - Hatta,Dubai,Specialist,23.0,On Leave
DOC01948,Dr. Tiffany Brown,Ophthalmology,FAC00278,Emirates Clinic - Hatta,Dubai,Resident,10.0,Active
DOC01949,Dr. Joseph Mitchell,Obstetrics & Gynecology,FAC00705,Prime Hospital - Hatta,Dubai,Specialist,19.0,On Leave
DOC01950,Dr. Adrian Monroe,ENT,FAC01447,National Medical Center - Abu Dhabi,Abu Dhabi,Consultant,2.0,Active
DOC01951,Dr. Tina Mckenzie,Endocrinology,FAC01338,Al Noor Clinic - Ras Al Khaimah,Ras Al Khaimah,Resident,12.0,On Leave
DOC01952,Dr. Jennifer Jenkins,General Surgery,FAC01173,NMC Clinic - Ruwais,Abu Dhabi,Resident,25.0,On Leave
DOC01953,Dr. Nichole Lee,Orthopedics,FAC00548,Aster Medical Center - Ras Al Khaimah,Ras Al Khaimah,Resident,27.0,Active
DOC01954,Dr. Steven Chung,Urology,FAC01138,National Specialty Center - Jebel Ali,Dubai,Specialist,26.0,On Leave
DOC01955,Dr. Emily Alexander,Pediatrics,FAC00713,NMC Clinic - Kalba,Sharjah,Resident,26.0,On Leave
DOC01956,Dr. James Smith,General Surgery,FAC00524,Al Noor Medical Center - Abu Dhabi,Abu Dhabi,Resident,12.0,Active
DOC01957,Dr. Robert Booth,Psychiatry,FAC00351,Prime Medical Center - Ras Al Khaimah,Ras Al Khaimah,Specialist,12.0,On Leave
DOC01958,Dr. Michael Richards,Nephrology,FAC00932,Life Hospital - Ajman,Ajman,Resident,17.0,Active
DOC01959,Dr. John Chandler,Endocrinology,FAC01353,NMC Hospital - Jebel Ali,Dubai,Specialist,6.0,On Leave
DOC01960,Dr. Terrance Dixon,General Surgery,FAC00234,MediCare Hospital - Ajman,Ajman,General Practitioner,1.0,Active
DOC01961,Dr. Laura Dean,Pulmonology,FAC00597,Emirates Clinic - Sharjah,Sharjah,Consultant,,On Leave
DOC01962,Dr. Molly Adams,Urology,FAC00054,National Specialty Center - Hatta,Dubai,Resident,24.0,On Leave
DOC01963,Dr. Pamela Thompson,Dermatology,FAC00488,Burjeel Clinic - Madinat Zayed,Abu Dhabi,Consultant,3.0,Active
DOC01964,Dr. Julie Gomez,Endocrinology,FAC01282,MediCare Hospital - Al Ain,Abu Dhabi,Specialist,10.0,On Leave
DOC01965,Dr. Brianna Johnson,Neurology,FAC00842,National Specialty Center - Masfout,Ajman,Consultant,14.0,On Leave
DOC01966,Dr. Joseph Skinner,Dermatology,FAC01276,Burjeel Hospital - Hatta,Dubai,Consultant,7.0,On Leave
DOC01967,Dr. Danielle Montgomery,Urology,FAC00279,National Specialty Center - Sharjah,Sharjah,Resident,10.0,Active
DOC01968,Dr. Steven Peters,Neurology,FAC00599,Burjeel Clinic - Hatta,Dubai,Consultant,1.0,Active
DOC01969,Dr. Kayla Carr,Orthopedics,FAC00609,Al Noor Hospital - Ruwais,Abu Dhabi,Consultant,6.0,Active
DOC01970,Dr. Matthew Ford,General Surgery,FAC01247,Gulf Hospital - Fujairah,Fujairah,Specialist,10.0,Active
DOC01971,Dr. Richard Wallace,Pediatrics,FAC00359,Life Hospital - Kalba,Sharjah,Resident,11.0,Active
DOC01972,Dr. Bryan Smith,Gastroenterology,FAC00230,MediCare Medical Center - Fujairah,Fujairah,Resident,26.0,On Leave
DOC01973,Dr. Melissa Houston,Gastroenterology,FAC00539,Emirates Clinic - Kalba,Sharjah,General Practitioner,,Active
DOC01974,Dr. Melissa Martinez,Dermatology,FAC01434,Burjeel Specialty Center - Umm Al Quwain,Umm Al Quwain,Resident,7.0,On Leave
DOC01975,Dr. Michael Olson,Nephrology,FAC00839,Gulf Day Surgery Center - Al Ain,Abu Dhabi,Consultant,22.0,On Leave
DOC01976,Dr. Emily Diaz,Internal Medicine,FAC00913,NMC Clinic - Jebel Ali,Dubai,Specialist,27.0,Active
DOC01977,Dr. Heather Gray,Urology,FAC00393,Emirates Clinic - Hatta,Dubai,General Practitioner,7.0,Active
DOC01978,Dr. Nathan Young,Endocrinology,FAC01082,Life Day Surgery Center - Umm Al Quwain,Umm Al Quwain,Consultant,17.0,On Leave
DOC01979,Dr. Lori Davis,Urology,FAC00497,Emirates Medical Center - Abu Dhabi,Abu Dhabi,General Practitioner,9.0,Active
DOC01980,Dr. Michael Torres,Pediatrics,FAC00582,Emirates Clinic - Madinat Zayed,Abu Dhabi,Specialist,12.0,Active
DOC01981,Dr. Crystal Taylor,Orthopedics,FAC00281,Emirates Medical Center - Jebel Ali,Dubai,General Practitioner,15.0,On Leave
DOC01982,Dr. Robert Ingram,Oncology,FAC00395,MediCare Medical Center - Jebel Ali,Dubai,General Practitioner,15.0,Active
DOC01983,Dr. Melanie Holt,Dermatology,FAC00780,NMC Day Surgery Center - Fujairah,Fujairah,Specialist,11.0,Active
DOC01984,Dr. John Beard,Endocrinology,FAC00049,Life Clinic - Jebel Ali,Dubai,Specialist,17.0,Active
DOC01985,Dr. Jeffrey Douglas,ENT,FAC00138,Prime Clinic - Jebel Ali,Dubai,Resident,5.0,On Leave
DOC01986,Dr. Ana Fleming,Pediatrics,FAC01430,MediCare Medical Center - Dubai,Dubai,Resident,25.0,Active
DOC01987,Dr. Madison Love,Internal Medicine,FAC00047,National Clinic - Dubai,Dubai,General Practitioner,2.0,On Leave
DOC01988,Dr. Matthew Lester,Neurology,FAC01177,National Medical Center - Al Ain,Abu Dhabi,Consultant,21.0,On Leave
DOC01989,Dr. Joseph Young,Ophthalmology,FAC01318,Al Noor Hospital - Ajman,Ajman,General Practitioner,9.0,Active
DOC01990,Dr. Donald Mathis,General Surgery,FAC01349,Prime Clinic - Dibba Al-Fujairah,Fujairah,Resident,8.0,On Leave
DOC01991,Dr. Amy Young,Dermatology,FAC00713,NMC Clinic - Kalba,Sharjah,Consultant,17.0,Active
DOC01992,Dr. Ruben Black,Endocrinology,FAC00553,Burjeel Medical Center - Madinat Zayed,Abu Dhabi,General Practitioner,9.0,Active
DOC01993,Dr. Taylor Ortiz,Endocrinology,FAC00886,National Clinic - Kalba,Sharjah,Resident,14.0,Active
DOC01994,Dr. Patrick Mccoy,Cardiology,FAC01255,Life Clinic - Dubai,Dubai,Specialist,6.0,Active
DOC01995,Dr. James Webb,Urology,FAC00208,NMC Clinic - Dubai,Dubai,General Practitioner,9.0,On Leave
DOC01996,Dr. Peter Giles,Cardiology,FAC00419,Emirates Clinic - Hatta,Dubai,General Practitioner,27.0,Active
DOC01997,Dr. Frank Martin,Nephrology,FAC00756,Aster Medical Center - Kalba,Sharjah,General Practitioner,8.0,Active
DOC01998,Dr. Danielle Anderson,Dermatology,FAC00452,Aster Clinic - Jebel Ali,Dubai,Resident,25.0,Active
DOC01999,Dr. Benjamin Mason,Ophthalmology,FAC00434,Aster Clinic - Dubai,Dubai,General Practitioner,26.0,Active
DOC02000,Dr. Elizabeth Morris,Oncology,FAC00907,MediCare Clinic - Al Ain,Abu Dhabi,Specialist,19.0,Active
DOC02001,Dr. Jessica King,Internal Medicine,FAC00769,Emirates Specialty Center - Al Ain,Abu Dhabi,Resident,10.0,On Leave
DOC02002,Dr. Scott Thomas,Psychiatry,FAC00334,Prime Clinic - Khor Fakkan,Sharjah,General Practitioner,24.0,Active
DOC02003,Dr. Kelly Huerta,Internal Medicine,FAC00186,Gulf Day Surgery Center - Al Ain,Abu Dhabi,Specialist,3.0,Active
DOC02004,Dr. Sara Adkins,Cardiology,FAC00127,Burjeel Clinic - Ras Al Khaimah,Ras Al Khaimah,Specialist,16.0,Active
DOC02005,Dr. William Phillips,Obstetrics & Gynecology,FAC00316,Aster Clinic - Al Ain,Abu Dhabi,General Practitioner,17.0,Active
DOC02006,Dr. Carrie Armstrong,ENT,FAC01273,National Clinic - Ras Al Khaimah,Ras Al Khaimah,General Practitioner,14.0,On Leave
DOC02007,Dr. Samuel Torres,Internal Medicine,FAC00202,Life Medical Center - Ras Al Khaimah,Ras Al Khaimah,Consultant,17.0,Active
DOC02008,Dr. Kristen Burnett,Cardiology,FAC01565,Burjeel Clinic - Madinat Zayed,Abu Dhabi,Resident,24.0,Active
DOC02009,Dr. Michael Lopez,Orthopedics,FAC00665,Life Medical Center - Madinat Zayed,Abu Dhabi,Resident,15.0,Active
DOC02010,Dr. Erik Martinez,Oncology,FAC01234,Life Day Surgery Center - Madinat Zayed,Abu Dhabi,Specialist,1.0,Active
DOC02011,Dr. James Hughes,Oncology,FAC00681,MediCare Clinic - Abu Dhabi,Abu Dhabi,Specialist,5.0,Active
DOC02012,Dr. Brian Gillespie,Dermatology,FAC00254,Gulf Medical Center - Ajman,Ajman,Consultant,3.0,Active
DOC02013,Dr. Henry Nixon,Psychiatry,FAC01123,NMC Clinic - Hatta,Dubai,Specialist,20.0,Active
DOC02014,Dr. Ashley Brock,General Surgery,FAC01477,MediCare Medical Center - Al Ain,Abu Dhabi,Specialist,8.0,Active
DOC02015,Dr. Jennifer Salinas,Orthopedics,FAC01452,Life Clinic - Hatta,Dubai,General Practitioner,4.0,Active
DOC02016,Dr. Monica Williams,Urology,FAC01198,Burjeel Clinic - Jebel Ali,Dubai,Consultant,15.0,Active
DOC02017,Dr. Mandy Welch,Ophthalmology,FAC00189,National Specialty Center - Kalba,Sharjah,Specialist,26.0,Active
DOC02018,Dr. Sarah Mendez,Obstetrics & Gynecology,FAC00447,Al Noor Clinic - Ruwais,Abu Dhabi,Specialist,9.0,Active
DOC02019,Dr. John Sharp,Endocrinology,FAC00512,Gulf Clinic - Ras Al Khaimah,Ras Al Khaimah,Consultant,8.0,On Leave
DOC02020,Dr. Patricia Spencer,Internal Medicine,FAC01540,Burjeel Clinic - Umm Al Quwain,Umm Al Quwain,Specialist,27.0,On Leave
DOC02021,Dr. Lauren Wells,Pulmonology,FAC00388,Emirates Clinic - Khor Fakkan,Sharjah,Specialist,18.0,Active
DOC02022,Dr. Elizabeth Neal,General Surgery,FAC00220,Aster Hospital - Sharjah,Sharjah,Resident,26.0,Active
DOC02023,Dr. Raymond Vaughan,Internal Medicine,FAC00502,National Medical Center - Ras Al Khaimah,Ras Al Khaimah,Resident,5.0,Active
DOC02024,Dr. Anna Reeves,Neurology,FAC00195,National Clinic - Masfout,Ajman,Resident,8.0,Active
DOC02025,Dr. Christopher Ballard,Oncology,FAC00185,Prime Clinic - Dubai,Dubai,Resident,27.0,On Leave
DOC02026,Dr. Charles Kirby,Neurology,FAC01137,Emirates Clinic - Dubai,Dubai,Resident,1.0,Active
DOC02027,Dr. Gina Nolan,Endocrinology,FAC00961,Life Medical Center - Madinat Zayed,Abu Dhabi,Specialist,13.0,Active
DOC02028,Dr. Kara Miller,Neurology,FAC00531,MediCare Clinic - Dhaid,Sharjah,Consultant,7.0,Active
DOC02029,Dr. Karen Rollins,Pediatrics,FAC00433,Emirates Specialty Center - Dubai,Dubai,Specialist,2.0,On Leave
DOC02030,Dr. Michael Mcclain,ENT,FAC00199,Gulf Hospital - Kalba,Sharjah,Consultant,9.0,Active
DOC02031,Dr. Teresa Levy,Internal Medicine,FAC01243,Gulf Clinic - Al Ain,Abu Dhabi,Specialist,21.0,Active
DOC02032,Dr. Miguel Montes,General Surgery,FAC00294,National Medical Center - Jebel Ali,Dubai,Consultant,7.0,On Leave
DOC02033,Dr. Abigail Simmons,Pediatrics,FAC00401,Prime Clinic - Al Ain,Abu Dhabi,Specialist,3.0,On Leave
DOC02034,Dr. David Rasmussen,Orthopedics,FAC00331,Gulf Specialty Center - Jebel Ali,Dubai,Specialist,1.0,Active
DOC02035,Dr. Alison Bray,Dermatology,FAC01629,Burjeel Hospital - Sharjah,Sharjah,Specialist,22.0,Active
DOC02036,Dr. Sharon Everett,Ophthalmology,FAC00940,Life Clinic - Masfout,Ajman,Consultant,5.0,Active
DOC02037,Dr. Sherry Butler,Psychiatry,FAC00345,Aster Clinic - Dubai,Dubai,Specialist,15.0,On Leave
DOC02038,Dr. Jason Freeman,Pediatrics,FAC00722,MediCare Clinic - Madinat Zayed,Abu Dhabi,Consultant,22.0,On Leave
DOC02039,Dr. Mary Preston,Pediatrics,FAC00311,Gulf Day Surgery Center - Madinat Zayed,Abu Dhabi,Consultant,9.0,On Leave
DOC02040,Dr. Andrew Hayes,Pulmonology,FAC00495,Emirates Clinic - Masfout,Ajman,Consultant,3.0,Active
DOC02041,Dr. Dale Bender,Urology,FAC01526,Aster Specialty Center - Dibba Al-Fujairah,Fujairah,Specialist,4.0,On Leave
DOC02042,Dr. Alice Frye,Neurology,FAC00528,Al Noor Hospital - Fujairah,Fujairah,Consultant,17.0,Active
DOC02043,Dr. Kara Combs,Pulmonology,FAC00147,Burjeel Medical Center - Al Ain,Abu Dhabi,Resident,6.0,Active
DOC02044,Dr. Michelle Wilson,Pediatrics,FAC00249,Life Specialty Center - Dubai,Dubai,Specialist,25.0,Active
DOC02045,Dr. Willie Smith,General Surgery,FAC00522,Gulf Clinic - Kalba,Sharjah,Consultant,12.0,Active
DOC02046,Dr. Brianna Salazar,Urology,FAC01330,Al Noor Specialty Center - Abu Dhabi,Abu Dhabi,Consultant,19.0,Active
DOC02047,Dr. Samantha Walker,Oncology,FAC00674,Al Noor Medical Center - Madinat Zayed,Abu Dhabi,Resident,25.0,Active
DOC02048,Dr. Paula Davenport,Nephrology,FAC01533,Al Noor Hospital - Fujairah,Fujairah,General Practitioner,16.0,Active
DOC02049,Dr. Jason Lopez,Pediatrics,FAC00591,Prime Specialty Center - Ajman,Ajman,General Practitioner,,Active
DOC02050,Dr. Zachary Reed,Gastroenterology,FAC00536,NMC Hospital - Ruwais,Abu Dhabi,General Practitioner,22.0,On Leave
DOC02051,Dr. James Johnson,General Surgery,FAC01030,Gulf Medical Center - Jebel Ali,Dubai,Resident,23.0,Active
DOC02052,Dr. Kelly Gill,Neurology,FAC01317,Life Clinic - Dibba Al-Fujairah,Fujairah,Resident,12.0,Active
DOC02053,Dr. Aaron Day,Pediatrics,FAC01088,Emirates Clinic - Abu Dhabi,Abu Dhabi,Resident,3.0,On Leave
DOC02054,Dr. Steve Davenport,Ophthalmology,FAC01272,Aster Clinic - Dibba Al-Fujairah,Fujairah,Resident,12.0,Active
DOC02055,Dr. Andrew Stewart,Orthopedics,FAC00031,Life Clinic - Dubai,Dubai,General Practitioner,7.0,On Leave
DOC02056,Dr. Michael Cox,Obstetrics & Gynecology,FAC01397,Burjeel Medical Center - Kalba,Sharjah,Resident,11.0,Active
DOC02057,Dr. Scott Cohen,Pulmonology,FAC01096,Al Noor Specialty Center - Al Ain,Abu Dhabi,Specialist,7.0,On Leave
DOC02058,Dr. Scott Harper,Pediatrics,FAC00204,Prime Clinic - Sharjah,Sharjah,General Practitioner,24.0,On Leave
DOC02059,Dr. Teresa Walker,Urology,FAC00779,Prime Clinic - Madinat Zayed,Abu Dhabi,Consultant,22.0,Active
DOC02060,Dr. Angela Sanders,Cardiology,FAC00505,Emirates Hospital - Masfout,Ajman,Consultant,24.0,Active
DOC02061,Dr. Jennifer Mayer,Endocrinology,FAC00685,Emirates Clinic - Hatta,Dubai,Resident,22.0,On Leave
DOC02062,Dr. Melinda Hernandez,Urology,FAC00181,National Clinic - Abu Dhabi,Abu Dhabi,Specialist,21.0,Active
DOC02063,Dr. Katie Garcia,Obstetrics & Gynecology,FAC00481,Aster Medical Center - Dubai,Dubai,General Practitioner,19.0,Active
DOC02064,Dr. Joshua Green,ENT,FAC00672,MediCare Hospital - Ruwais,Abu Dhabi,Resident,1.0,Active
DOC02065,Dr. Taylor Vaughan,ENT,FAC00877,Gulf Clinic - Jebel Ali,Dubai,Consultant,1.0,On Leave
DOC02066,Dr. Katherine Long,Dermatology,FAC00859,MediCare Medical Center - Jebel Ali,Dubai,Consultant,1.0,Active
DOC02067,Dr. Tyler Rivera,Nephrology,FAC01236,Gulf Hospital - Madinat Zayed,Abu Dhabi,Resident,25.0,Active
DOC02068,Dr. Joshua Daniel,Internal Medicine,FAC00772,Prime Medical Center - Sharjah,Sharjah,Consultant,8.0,Active
DOC02069,Dr. Austin Blake,Ophthalmology,FAC00007,Emirates Clinic - Kalba,Sharjah,General Practitioner,6.0,Active
DOC02070,Dr. Taylor Mills,Psychiatry,FAC01543,National Specialty Center - Masfout,Ajman,Specialist,6.0,Active
DOC02071,Dr. Emily Huber,ENT,FAC01339,Life Clinic - Dubai,Dubai,General Practitioner,16.0,Active
DOC02072,Dr. Elaine Briggs,Gastroenterology,FAC01074,Prime Hospital - Hatta,Dubai,Specialist,3.0,Active
DOC02073,Dr. Jessica Bryant,Nephrology,FAC00537,Aster Day Surgery Center - Ajman,Ajman,Consultant,23.0,Active
DOC02074,Dr. Melinda Perez,Obstetrics & Gynecology,FAC01021,Al Noor Clinic - Khor Fakkan,Sharjah,Resident,9.0,Active
DOC02075,Dr. Stacey Clark,Oncology,FAC01536,Al Noor Specialty Center - Khor Fakkan,Sharjah,Consultant,6.0,On Leave
DOC02076,Dr. Jay Love,General Surgery,FAC01381,National Medical Center - Dibba Al-Fujairah,Fujairah,Specialist,20.0,Active
DOC02077,Dr. Susan Anderson,Pediatrics,FAC01264,National Clinic - Dubai,Dubai,General Practitioner,2.0,Active
DOC02078,Dr. John Baker,Cardiology,FAC00760,NMC Clinic - Jebel Ali,Dubai,General Practitioner,3.0,Active
DOC02079,Dr. Mary Riley,Dermatology,FAC00407,Life Specialty Center - Ajman,Ajman,Consultant,27.0,On Leave
DOC02080,Dr. Fernando Hooper,General Surgery,FAC00322,National Day Surgery Center - Jebel Ali,Dubai,Resident,4.0,On Leave
DOC02081,Dr. Andrew Jordan,Psychiatry,FAC01172,Prime Medical Center - Dubai,Dubai,Specialist,4.0,Active
DOC02082,Dr. Melody Miller,Cardiology,FAC01049,National Hospital - Hatta,Dubai,Resident,21.0,Active
DOC02083,Dr. Jennifer Chapman,Internal Medicine,FAC00357,NMC Hospital - Jebel Ali,Dubai,Consultant,27.0,Active
DOC02084,Dr. Ashley Schwartz,Neurology,FAC01356,Prime Clinic - Fujairah,Fujairah,Consultant,25.0,Active
DOC02085,Dr. Kyle Li,Orthopedics,FAC00061,National Medical Center - Dubai,Dubai,Resident,8.0,Active
DOC02086,Dr. Cassandra Miles,ENT,FAC00238,National Medical Center - Ruwais,Abu Dhabi,Resident,6.0,On Leave
DOC02087,Dr. Brianna Mullins,Cardiology,FAC00116,Aster Clinic - Abu Dhabi,Abu Dhabi,Specialist,10.0,Active
DOC02088,Dr. Matthew Harris,Neurology,FAC00112,Aster Specialty Center - Ruwais,Abu Dhabi,Resident,8.0,On Leave
DOC02089,Dr. James Montgomery,ENT,FAC00222,National Clinic - Khor Fakkan,Sharjah,General Practitioner,2.0,On Leave
DOC02090,Dr. Susan Smith,Endocrinology,FAC00241,MediCare Hospital - Abu Dhabi,Abu Dhabi,Resident,1.0,Active
DOC02091,Dr. Thomas Jones,Endocrinology,FAC01639,National Day Surgery Center - Dhaid,Sharjah,Consultant,5.0,Active
DOC02092,Dr. Robert Strickland,Oncology,FAC00775,National Clinic - Dubai,Dubai,General Practitioner,17.0,Active
DOC02093,Dr. Benjamin Kelly,Cardiology,FAC00947,Life Specialty Center - Al Ain,Abu Dhabi,Resident,4.0,Active
DOC02094,Dr. Jenny Rodriguez,Pulmonology,FAC00422,Prime Clinic - Dubai,Dubai,Consultant,26.0,Active
DOC02095,Dr. John Pacheco,ENT,FAC00626,Life Specialty Center - Abu Dhabi,Abu Dhabi,General Practitioner,11.0,Active
DOC02096,Dr. Tara Griffin,ENT,FAC00178,Emirates Medical Center - Hatta,Dubai,Specialist,10.0,On Leave
DOC02097,Dr. Rodney Winters,Obstetrics & Gynecology,FAC01063,Aster Medical Center - Hatta,Dubai,Resident,7.0,Active
DOC02098,Dr. Jonathan Gutierrez,Neurology,FAC01234,Life Day Surgery Center - Madinat Zayed,Abu Dhabi,Specialist,14.0,Active
DOC02099,Dr. Barry Robinson,Neurology,FAC00073,Gulf Clinic - Dibba Al-Fujairah,Fujairah,Specialist,15.0,On Leave
DOC02100,Dr. Robert Dickson,Psychiatry,FAC00469,NMC Clinic - Dhaid,Sharjah,Specialist,20.0,On Leave
DOC02101,Dr. Maria Parker,Oncology,FAC00223,Burjeel Clinic - Dibba Al-Fujairah,Fujairah,Resident,9.0,Active
DOC02102,Dr. Nicole Figueroa,General Surgery,FAC01615,Emirates Clinic - Jebel Ali,Dubai,Consultant,11.0,Active
DOC02103,Dr. Stacy Walton,Endocrinology,FAC00500,National Specialty Center - Madinat Zayed,Abu Dhabi,Resident,3.0,On Leave
DOC02104,Dr. Joe Woods,Psychiatry,FAC00551,MediCare Day Surgery Center - Madinat Zayed,Abu Dhabi,Consultant,14.0,Active
DOC02105,Dr. Sierra Mahoney,Nephrology,FAC00058,Burjeel Clinic - Dhaid,Sharjah,Resident,11.0,Active
DOC02106,Dr. Brad Johnson,Endocrinology,FAC01098,Life Clinic - Jebel Ali,Dubai,General Practitioner,22.0,Active
DOC02107,Dr. John Sandoval,Urology,FAC00035,Gulf Medical Center - Dubai,Dubai,Resident,19.0,Active
DOC02108,Dr. Brian Walker,Endocrinology,FAC00301,Prime Clinic - Hatta,Dubai,Resident,17.0,Active
DOC02109,Dr. Timothy Wright,Urology,FAC00916,MediCare Clinic - Umm Al Quwain,Umm Al Quwain,Consultant,18.0,Active
DOC02110,Dr. Jessica Lynn,Orthopedics,FAC00839,Gulf Day Surgery Center - Al Ain,Abu Dhabi,Specialist,14.0,Active
DOC02111,Dr. Dalton Knight,Dermatology,FAC00991,Prime Specialty Center - Kalba,Sharjah,Resident,4.0,Active
DOC02112,Dr. Holly Combs,Orthopedics,FAC00032,Life Hospital - Hatta,Dubai,Consultant,6.0,Active
DOC02113,Dr. William Garcia,Orthopedics,FAC00532,MediCare Clinic - Dubai,Dubai,Specialist,26.0,On Leave
DOC02114,Dr. Eric Martinez,General Surgery,FAC00602,Emirates Specialty Center - Umm Al Quwain,Umm Al Quwain,Resident,15.0,Active
DOC02115,Dr. Justin Williams,ENT,FAC01366,Emirates Medical Center - Madinat Zayed,Abu Dhabi,Consultant,6.0,Active
DOC02116,Dr. Francisco Hernandez,Gastroenterology,FAC01008,Al Noor Medical Center - Fujairah,Fujairah,Consultant,11.0,On Leave
DOC02117,Dr. Kevin Garcia,Cardiology,FAC00473,Emirates Clinic - Ras Al Khaimah,Ras Al Khaimah,Consultant,1.0,On Leave
DOC02118,Dr. Joanna Cole,Internal Medicine,FAC00238,National Medical Center - Ruwais,Abu Dhabi,Specialist,19.0,Active
DOC02119,Dr. Rhonda Watts,Orthopedics,FAC01430,MediCare Medical Center - Dubai,Dubai,General Practitioner,22.0,Active
DOC02120,Dr. Seth Malone,Oncology,FAC01249,Aster Clinic - Ruwais,Abu Dhabi,General Practitioner,10.0,Active
DOC02121,Dr. Kelly Beltran,Pediatrics,FAC01028,NMC Medical Center - Sharjah,Sharjah,Resident,3.0,Active
DOC02122,Dr. Melanie Taylor,Oncology,FAC00899,Life Clinic - Hatta,Dubai,Specialist,16.0,On Leave
DOC02123,Dr. Patricia Henry,Psychiatry,FAC01583,Gulf Hospital - Dubai,Dubai,Consultant,4.0,Active
DOC02124,Dr. Dakota Wright,Urology,FAC00791,Aster Clinic - Jebel Ali,Dubai,Consultant,26.0,Active
DOC02125,Dr. Richard Kelly,Urology,FAC00046,NMC Clinic - Madinat Zayed,Abu Dhabi,General Practitioner,11.0,Active
DOC02126,Dr. Steve Smith,Orthopedics,FAC01595,Aster Medical Center - Dhaid,Sharjah,Consultant,17.0,Active
DOC02127,Dr. Kevin Gray,Pediatrics,FAC00663,National Clinic - Al Ain,Abu Dhabi,General Practitioner,4.0,Active
DOC02128,Dr. Victoria Reilly,ENT,FAC00889,Al Noor Clinic - Jebel Ali,Dubai,Consultant,2.0,Active
DOC02129,Dr. Daniel Adams,Oncology,FAC00796,Gulf Specialty Center - Madinat Zayed,Abu Dhabi,Resident,22.0,Active
DOC02130,Dr. Julie Brown,ENT,FAC01227,Gulf Specialty Center - Ruwais,Abu Dhabi,General Practitioner,7.0,On Leave
DOC02131,Dr. Elizabeth Davis,Urology,FAC00624,NMC Medical Center - Ras Al Khaimah,Ras Al Khaimah,Consultant,26.0,On Leave
DOC02132,Dr. Maureen Cook,Cardiology,FAC01315,Life Clinic - Fujairah,Fujairah,Consultant,3.0,Active
DOC02133,Dr. Lauren Alexander,Cardiology,FAC00793,National Specialty Center - Madinat Zayed,Abu Dhabi,Consultant,12.0,Active
DOC02134,Dr. Cody Jones,Nephrology,FAC00833,Gulf Medical Center - Madinat Zayed,Abu Dhabi,Resident,17.0,Active
DOC02135,Dr. Stephanie Mercado,Nephrology,FAC01457,MediCare Clinic - Ruwais,Abu Dhabi,Specialist,12.0,On Leave
DOC02136,Dr. Sheila Perez,Obstetrics & Gynecology,FAC00005,Prime Clinic - Ruwais,Abu Dhabi,Resident,5.0,Active
DOC02137,Dr. Kyle Phillips,Neurology,FAC00943,MediCare Day Surgery Center - Ruwais,Abu Dhabi,General Practitioner,23.0,Active
DOC02138,Dr. Mark Arnold,Dermatology,FAC00503,Prime Clinic - Madinat Zayed,Abu Dhabi,Resident,25.0,Active
DOC02139,Dr. Gregory Russell,Cardiology,FAC00754,MediCare Day Surgery Center - Masfout,Ajman,Specialist,26.0,Active
DOC02140,Dr. Jeff Hernandez,Obstetrics & Gynecology,FAC01109,National Specialty Center - Abu Dhabi,Abu Dhabi,Specialist,14.0,Active
DOC02141,Dr. Joshua Patterson,Internal Medicine,FAC00409,Emirates Clinic - Fujairah,Fujairah,Consultant,15.0,Active
DOC02142,Dr. Zachary Vega,Neurology,FAC01638,National Clinic - Hatta,Dubai,Consultant,4.0,On Leave
DOC02143,Dr. Ashley Harrington,Endocrinology,FAC00004,MediCare Medical Center - Al Ain,Abu Dhabi,Specialist,21.0,Active
DOC02144,Dr. Monica Howe,General Surgery,FAC00825,National Clinic - Madinat Zayed,Abu Dhabi,Resident,19.0,Active
DOC02145,Dr. Roberto Davis,Psychiatry,FAC01559,Gulf Medical Center - Khor Fakkan,Sharjah,Resident,2.0,Active
DOC02146,Dr. Mia Brooks,Dermatology,FAC01582,National Clinic - Ruwais,Abu Dhabi,Consultant,25.0,Active
DOC02147,Dr. Levi Gomez,Cardiology,FAC00726,MediCare Hospital - Ras Al Khaimah,Ras Al Khaimah,Specialist,22.0,Active
DOC02148,Dr. John Hartman,Urology,FAC01115,National Medical Center - Ras Al Khaimah,Ras Al Khaimah,Consultant,25.0,Active
DOC02149,Dr. Stephen Miller,Pulmonology,FAC00039,Emirates Clinic - Dhaid,Sharjah,Resident,20.0,Active
DOC02150,Dr. Nicole Martinez,Nephrology,FAC00981,MediCare Clinic - Dubai,Dubai,Specialist,13.0,Active
DOC02151,Dr. Sonya Dominguez,Cardiology,FAC00982,NMC Medical Center - Al Ain,Abu Dhabi,Resident,3.0,Active
DOC02152,Dr. Dana Meyer,ENT,FAC00260,National Medical Center - Dibba Al-Fujairah,Fujairah,Consultant,7.0,Active
DOC02153,Dr. Theodore Heath,Nephrology,FAC00927,National Medical Center - Kalba,Sharjah,Specialist,3.0,Active
DOC02154,Dr. Jessica Whitaker,Cardiology,FAC00744,National Clinic - Dubai,Dubai,Specialist,24.0,Active
DOC02155,Dr. Yvette Powell,General Surgery,FAC00152,Burjeel Day Surgery Center - Ruwais,Abu Dhabi,General Practitioner,5.0,Active
DOC02156,Dr. Rebecca Smith,Pediatrics,FAC00422,Prime Clinic - Dubai,Dubai,Resident,17.0,Active
DOC02157,Dr. Kristina Mcdaniel,Cardiology,FAC00522,Gulf Clinic - Kalba,Sharjah,General Practitioner,9.0,Active
DOC02158,Dr. Jennifer Preston,Gastroenterology,FAC01105,Prime Hospital - Dubai,Dubai,Specialist,,Active
DOC02159,Dr. Tyler Mills,Orthopedics,FAC01052,National Medical Center - Dubai,Dubai,General Practitioner,24.0,Active
DOC02160,Dr. Kyle Stevens,Gastroenterology,FAC01169,MediCare Clinic - Madinat Zayed,Abu Dhabi,General Practitioner,4.0,Active
DOC02161,Dr. Sean Burgess,Gastroenterology,FAC01150,Aster Medical Center - Khor Fakkan,Sharjah,Resident,16.0,Active
DOC02162,Dr. Maureen Buchanan,Neurology,FAC00588,National Hospital - Jebel Ali,Dubai,General Practitioner,18.0,Active
DOC02163,Dr. Bryan Santos,Oncology,FAC00469,NMC Clinic - Dhaid,Sharjah,General Practitioner,23.0,Active
DOC02164,Dr. Valerie Mcmillan,General Surgery,FAC00500,National Specialty Center - Madinat Zayed,Abu Dhabi,Consultant,16.0,Active
DOC02165,Dr. Jennifer Lee,General Surgery,FAC01008,Al Noor Medical Center - Fujairah,Fujairah,General Practitioner,14.0,Active
DOC02166,Dr. Sharon Morales,Gastroenterology,FAC00291,Aster Specialty Center - Dubai,Dubai,Consultant,18.0,Active
DOC02167,Dr. Julie Cardenas,Psychiatry,FAC01289,National Hospital - Umm Al Quwain,Umm Al Quwain,Specialist,12.0,Active
DOC02168,Dr. Sandra King,Nephrology,FAC01127,NMC Medical Center - Al Ain,Abu Dhabi,Resident,7.0,Active
DOC02169,Dr. Donna Rios,Dermatology,FAC01061,Life Clinic - Ruwais,Abu Dhabi,Specialist,10.0,Active
DOC02170,Dr. Victoria Hayes,Obstetrics & Gynecology,FAC00665,Life Medical Center - Madinat Zayed,Abu Dhabi,Consultant,19.0,Active
DOC02171,Dr. Jaime Dillon,Nephrology,FAC01388,National Clinic - Umm Al Quwain,Umm Al Quwain,Consultant,12.0,Active
DOC02172,Dr. Jeffrey Delacruz,Endocrinology,FAC01646,Life Medical Center - Ruwais,Abu Dhabi,Specialist,6.0,Active
DOC02173,Dr. Thomas Bailey,Urology,FAC01332,NMC Specialty Center - Madinat Zayed,Abu Dhabi,Specialist,13.0,Active
DOC02174,Dr. Paul Ortiz,Gastroenterology,FAC00452,Aster Clinic - Jebel Ali,Dubai,Consultant,2.0,Active
DOC02175,Dr. Mark Malone,Oncology,FAC01631,Life Medical Center - Dubai,Dubai,General Practitioner,1.0,Active
DOC02176,Dr. Emily Miller,Pediatrics,FAC01274,Burjeel Clinic - Jebel Ali,Dubai,General Practitioner,11.0,On Leave
DOC02177,Dr. Tina Wright,Endocrinology,FAC00939,Burjeel Hospital - Dubai,Dubai,Consultant,14.0,Active
DOC02178,Dr. Peter Hernandez,Obstetrics & Gynecology,FAC00101,Aster Hospital - Hatta,Dubai,General Practitioner,21.0,Active
DOC02179,Dr. Elizabeth Alvarez,Orthopedics,FAC00104,MediCare Day Surgery Center - Jebel Ali,Dubai,Consultant,2.0,Active
DOC02180,Dr. Carlos Patrick,Pulmonology,FAC01401,National Day Surgery Center - Hatta,Dubai,General Practitioner,3.0,Active
DOC02181,Dr. Brandy Jacobs,Psychiatry,FAC00872,NMC Clinic - Kalba,Sharjah,Consultant,25.0,Active
DOC02182,Dr. Joann Howell,Ophthalmology,FAC01405,NMC Day Surgery Center - Al Ain,Abu Dhabi,Specialist,9.0,Active
DOC02183,Dr. Micheal Clay,Pediatrics,FAC01320,Aster Clinic - Jebel Ali,Dubai,Resident,6.0,On Leave
DOC02184,Dr. Timothy Scott,Gastroenterology,FAC01339,Life Clinic - Dubai,Dubai,Resident,,Active
DOC02185,Dr. Heather Mccall,Psychiatry,FAC00459,Gulf Medical Center - Abu Dhabi,Abu Dhabi,General Practitioner,27.0,Active
DOC02186,Dr. Ronnie Cross,Cardiology,FAC00209,NMC Specialty Center - Ruwais,Abu Dhabi,General Practitioner,6.0,Active
DOC02187,Dr. Heather Sanders,Nephrology,FAC01025,NMC Day Surgery Center - Abu Dhabi,Abu Dhabi,Consultant,27.0,Active
DOC02188,Dr. Caleb White,Urology,FAC00043,Gulf Clinic - Ruwais,Abu Dhabi,Consultant,5.0,Active
DOC02189,Dr. Kyle Jones,Internal Medicine,FAC00953,National Specialty Center - Jebel Ali,Dubai,Specialist,12.0,On Leave
DOC02190,Dr. Cynthia Williams,Gastroenterology,FAC00358,Gulf Hospital - Ras Al Khaimah,Ras Al Khaimah,Specialist,1.0,Active
DOC02191,Dr. Chris Bates,Orthopedics,FAC00101,Aster Hospital - Hatta,Dubai,General Practitioner,17.0,On Leave
DOC02192,Dr. Antonio Lynch,Obstetrics & Gynecology,FAC01493,Life Medical Center - Al Ain,Abu Dhabi,General Practitioner,5.0,Active
DOC02193,Dr. Yvonne Davis,Cardiology,FAC01209,Gulf Hospital - Masfout,Ajman,Consultant,18.0,Active
DOC02194,Dr. William Pope,Endocrinology,FAC01414,Aster Hospital - Al Ain,Abu Dhabi,Specialist,27.0,Active
DOC02195,Dr. Cory Shaffer,Cardiology,FAC00441,Life Hospital - Ras Al Khaimah,Ras Al Khaimah,Resident,25.0,Active
DOC02196,Dr. Dawn Allen,Psychiatry,FAC00823,Aster Medical Center - Umm Al Quwain,Umm Al Quwain,Consultant,20.0,On Leave
DOC02197,Dr. Danny Nelson,Internal Medicine,FAC00310,Burjeel Clinic - Hatta,Dubai,General Practitioner,26.0,Active
DOC02198,Dr. Virginia Baldwin,Psychiatry,FAC00574,Gulf Specialty Center - Ras Al Khaimah,Ras Al Khaimah,Consultant,22.0,Active
DOC02199,Dr. Sharon Rivera,General Surgery,FAC01506,Prime Clinic - Dubai,Dubai,General Practitioner,15.0,Active
DOC02200,Dr. John Cannon,Gastroenterology,FAC00097,Burjeel Clinic - Al Ain,Abu Dhabi,Specialist,23.0,Active
DOC02201,Dr. David Christensen,Pulmonology,FAC01616,Emirates Clinic - Hatta,Dubai,Consultant,1.0,Active
DOC02202,Dr. Linda Wilson,Gastroenterology,FAC00566,National Hospital - Madinat Zayed,Abu Dhabi,Consultant,16.0,On Leave
DOC02203,Dr. Thomas Chapman,Orthopedics,FAC00525,Al Noor Clinic - Dibba Al-Fujairah,Fujairah,General Practitioner,23.0,Active
DOC02204,Dr. Michael Hansen,Internal Medicine,FAC00342,Aster Specialty Center - Hatta,Dubai,Consultant,3.0,Active
DOC02205,Dr. Robert Taylor,Pediatrics,FAC00935,Emirates Hospital - Dubai,Dubai,Specialist,14.0,Active
DOC02206,Dr. David Haley,Pulmonology,FAC01456,Aster Medical Center - Abu Dhabi,Abu Dhabi,Resident,26.0,Active
DOC02207,Dr. Linda Lopez,Orthopedics,FAC00718,Burjeel Clinic - Abu Dhabi,Abu Dhabi,Consultant,4.0,Active
DOC02208,Dr. Matthew Hamilton,Pulmonology,FAC01574,MediCare Day Surgery Center - Al Ain,Abu Dhabi,Consultant,20.0,Active
DOC02209,Dr. Michael Durham,Cardiology,FAC01525,Burjeel Specialty Center - Abu Dhabi,Abu Dhabi,Consultant,24.0,Active
DOC02210,Dr. Judith Smith,Cardiology,FAC01438,NMC Hospital - Jebel Ali,Dubai,Specialist,24.0,Active
DOC02211,Dr. John Allen,Pediatrics,FAC00428,Gulf Day Surgery Center - Ras Al Khaimah,Ras Al Khaimah,Consultant,27.0,Active
DOC02212,Dr. Mark Lopez,Ophthalmology,FAC00909,Gulf Hospital - Khor Fakkan,Sharjah,Consultant,20.0,Active
DOC02213,Dr. Rebecca Taylor,Endocrinology,FAC01422,Prime Medical Center - Ras Al Khaimah,Ras Al Khaimah,Consultant,8.0,Active
DOC02214,Dr. Ian Taylor,Gastroenterology,FAC01251,Al Noor Hospital - Ruwais,Abu Dhabi,Resident,9.0,Active
DOC02215,Dr. Tammy Taylor,Dermatology,FAC00505,Emirates Hospital - Masfout,Ajman,Consultant,19.0,Active
DOC02216,Dr. Maria Williams,ENT,FAC00691,Gulf Clinic - Abu Dhabi,Abu Dhabi,Consultant,21.0,On Leave
DOC02217,Dr. Timothy Davis,Pediatrics,FAC00527,Life Clinic - Ajman,Ajman,General Practitioner,5.0,On Leave
DOC02218,Dr. Stephanie Jones,Pediatrics,FAC00896,Burjeel Hospital - Ruwais,Abu Dhabi,Specialist,27.0,Active
DOC02219,Dr. Arthur Shaw,Internal Medicine,FAC00849,Prime Clinic - Madinat Zayed,Abu Dhabi,Specialist,17.0,Active
DOC02220,Dr. Christopher Harris,Dermatology,FAC00698,National Specialty Center - Dhaid,Sharjah,Specialist,19.0,Active
DOC02221,Dr. James Duran,General Surgery,FAC00531,MediCare Clinic - Dhaid,Sharjah,Consultant,7.0,On Leave
DOC02222,Dr. Joseph Ward,ENT,FAC00115,Al Noor Clinic - Khor Fakkan,Sharjah,General Practitioner,11.0,Active
DOC02223,Dr. Craig Johnson,Psychiatry,FAC01205,Al Noor Day Surgery Center - Masfout,Ajman,Specialist,1.0,Active
DOC02224,Dr. Sandra Chavez,Orthopedics,FAC01365,Life Clinic - Al Ain,Abu Dhabi,Resident,6.0,Active
DOC02225,Dr. Melinda Cooper,Obstetrics & Gynecology,FAC00741,Aster Medical Center - Ras Al Khaimah,Ras Al Khaimah,Resident,4.0,Active
DOC02226,Dr. Barbara Duncan,Internal Medicine,FAC00555,Aster Hospital - Al Ain,Abu Dhabi,Specialist,17.0,Active
DOC02227,Dr. Jason Graham,Nephrology,FAC01645,Aster Clinic - Hatta,Dubai,Specialist,18.0,Active
DOC02228,Dr. Joseph Perez,Ophthalmology,FAC01522,Life Hospital - Ras Al Khaimah,Ras Al Khaimah,General Practitioner,15.0,On Leave
DOC02229,Dr. Logan Rodriguez,Neurology,FAC01552,Burjeel Hospital - Al Ain,Abu Dhabi,Consultant,1.0,Active
DOC02230,Dr. Austin Lane,Ophthalmology,FAC01397,Burjeel Medical Center - Kalba,Sharjah,General Practitioner,9.0,Active
DOC02231,Dr. Sarah Sharp,General Surgery,FAC00846,Aster Medical Center - Madinat Zayed,Abu Dhabi,Resident,10.0,Active
DOC02232,Dr. Michael Perez,Nephrology,FAC00467,Al Noor Hospital - Masfout,Ajman,General Practitioner,2.0,Active
DOC02233,Dr. Colin Howard,Oncology,FAC00609,Al Noor Hospital - Ruwais,Abu Dhabi,Specialist,26.0,Active
DOC02234,Dr. Samuel Thomas,Cardiology,FAC00818,Burjeel Hospital - Hatta,Dubai,Resident,14.0,On Leave
DOC02235,Dr. Beth Koch,General Surgery,FAC00111,Prime Clinic - Ras Al Khaimah,Ras Al Khaimah,General Practitioner,7.0,On Leave
DOC02236,Dr. Maria Cruz,Orthopedics,FAC00720,Al Noor Medical Center - Madinat Zayed,Abu Dhabi,Resident,13.0,Active
DOC02237,Dr. Matthew Green,ENT,FAC01383,National Hospital - Sharjah,Sharjah,General Practitioner,10.0,Active
DOC02238,Dr. Bradley Allen,Pulmonology,FAC00779,Prime Clinic - Madinat Zayed,Abu Dhabi,Resident,13.0,Active
DOC02239,Dr. Kenneth Branch,Orthopedics,FAC00658,Emirates Hospital - Masfout,Ajman,Specialist,23.0,On Leave
DOC02240,Dr. Pamela Andrade,General Surgery,FAC01508,Burjeel Medical Center - Masfout,Ajman,Resident,9.0,Active
DOC02241,Dr. Erin Harrell,Cardiology,FAC00519,Burjeel Clinic - Madinat Zayed,Abu Dhabi,Specialist,10.0,Active
DOC02242,Dr. Tonya Ho,Internal Medicine,FAC01468,Gulf Medical Center - Dubai,Dubai,Consultant,10.0,Active
DOC02243,Dr. Edwin Greene,Neurology,FAC00436,National Clinic - Kalba,Sharjah,General Practitioner,4.0,On Leave
DOC02244,Dr. Joanne Mendez,Cardiology,FAC01485,MediCare Hospital - Khor Fakkan,Sharjah,General Practitioner,7.0,On Leave
DOC02245,Dr. Stephanie Mack,Psychiatry,FAC00718,Burjeel Clinic - Abu Dhabi,Abu Dhabi,Specialist,16.0,Active
DOC02246,Dr. Paul Horne,Dermatology,FAC01107,NMC Clinic - Madinat Zayed,Abu Dhabi,Resident,14.0,Active
DOC02247,Dr. Angela Taylor,Gastroenterology,FAC00758,MediCare Day Surgery Center - Hatta,Dubai,Consultant,9.0,Active
DOC02248,Dr. Nicholas Frederick,Nephrology,FAC00188,NMC Clinic - Masfout,Ajman,Resident,1.0,On Leave
DOC02249,Dr. Johnny Hall,Ophthalmology,FAC00465,Al Noor Clinic - Dubai,Dubai,Consultant,21.0,Active
DOC02250,Dr. Omar Haynes,Neurology,FAC01439,Emirates Medical Center - Dubai,Dubai,General Practitioner,13.0,On Leave
DOC02251,Dr. Travis Rodriguez,Gastroenterology,FAC00734,Aster Specialty Center - Ajman,Ajman,Consultant,8.0,Active
DOC02252,Dr. Vanessa Wright,Gastroenterology,FAC00859,MediCare Medical Center - Jebel Ali,Dubai,General Practitioner,23.0,Active
DOC02253,Dr. Debra Warren,Ophthalmology,FAC01220,Burjeel Clinic - Hatta,Dubai,Consultant,13.0,Active
DOC02254,Dr. Catherine Stewart,Gastroenterology,FAC00172,Al Noor Specialty Center - Dhaid,Sharjah,Specialist,21.0,Active
DOC02255,Dr. Christopher Schroeder,Endocrinology,FAC00096,Burjeel Clinic - Umm Al Quwain,Umm Al Quwain,Consultant,15.0,Active
DOC02256,Dr. William Ward,Pediatrics,FAC00285,Aster Medical Center - Al Ain,Abu Dhabi,General Practitioner,13.0,Active
DOC02257,Dr. Rachel Williams,Pulmonology,FAC00629,Life Medical Center - Kalba,Sharjah,Specialist,12.0,Active
DOC02258,Dr. Sarah Reed,Endocrinology,FAC01159,Life Clinic - Jebel Ali,Dubai,General Practitioner,9.0,Active
DOC02259,Dr. Eddie Anderson,Urology,FAC01556,Gulf Medical Center - Umm Al Quwain,Umm Al Quwain,Specialist,27.0,Active
DOC02260,Dr. Dawn Williams,Dermatology,FAC01589,Prime Medical Center - Madinat Zayed,Abu Dhabi,Specialist,5.0,Active
DOC02261,Dr. Nicole Obrien,Urology,FAC00853,Aster Medical Center - Jebel Ali,Dubai,Resident,14.0,Active
DOC02262,Dr. Seth Thomas,ENT,FAC00734,Aster Specialty Center - Ajman,Ajman,General Practitioner,11.0,Active
DOC02263,Dr. Shelby Allen,Neurology,FAC00724,MediCare Clinic - Al Ain,Abu Dhabi,General Practitioner,27.0,Active
DOC02264,Dr. Timothy Matthews,General Surgery,FAC01311,MediCare Specialty Center - Madinat Zayed,Abu Dhabi,Resident,23.0,Active
DOC02265,Dr. Jason Peck,Ophthalmology,FAC01358,Aster Clinic - Ajman,Ajman,Consultant,7.0,On Leave
DOC02266,Dr. Autumn Williams,ENT,FAC00335,Al Noor Medical Center - Jebel Ali,Dubai,Consultant,23.0,On Leave
DOC02267,Dr. Cassie Shields,Pulmonology,FAC00886,National Clinic - Kalba,Sharjah,General Practitioner,13.0,Active
DOC02268,Dr. Karen Fernandez,Dermatology,FAC01638,National Clinic - Hatta,Dubai,General Practitioner,11.0,On Leave
DOC02269,Dr. Joshua Briggs,ENT,FAC00630,Prime Hospital - Al Ain,Abu Dhabi,Specialist,11.0,Active
DOC02270,Dr. Rachel Martinez,Psychiatry,FAC00438,Prime Medical Center - Al Ain,Abu Dhabi,Consultant,18.0,On Leave
DOC02271,Dr. Keith Fritz,Nephrology,FAC01148,Life Clinic - Abu Dhabi,Abu Dhabi,Specialist,18.0,On Leave
DOC02272,Dr. Julia Wright,Endocrinology,FAC00841,Aster Clinic - Dubai,Dubai,Consultant,22.0,Active
DOC02273,Dr. Isaac Maxwell,Oncology,FAC00721,Al Noor Day Surgery Center - Kalba,Sharjah,Consultant,15.0,Active
DOC02274,Dr. Jacob Rogers,Obstetrics & Gynecology,FAC00630,Prime Hospital - Al Ain,Abu Dhabi,General Practitioner,,On Leave
DOC02275,Dr. Lauren Lopez,Obstetrics & Gynecology,FAC01609,Al Noor Clinic - Dubai,Dubai,Specialist,15.0,Active
DOC02276,Dr. Troy Johnston,Pulmonology,FAC00067,MediCare Medical Center - Madinat Zayed,Abu Dhabi,Resident,,Active
DOC02277,Dr. Elaine Foley,Neurology,FAC01336,NMC Hospital - Hatta,Dubai,Consultant,3.0,Active
DOC02278,Dr. Morgan Mathis,Obstetrics & Gynecology,FAC01433,Al Noor Clinic - Dubai,Dubai,General Practitioner,22.0,On Leave
DOC02279,Dr. Tanya Shah,Nephrology,FAC01488,National Hospital - Dubai,Dubai,General Practitioner,,Active
DOC02280,Dr. Larry Copeland,Oncology,FAC00605,NMC Clinic - Abu Dhabi,Abu Dhabi,Specialist,8.0,Active
DOC02281,Dr. Melissa Harrison,Urology,FAC00721,Al Noor Day Surgery Center - Kalba,Sharjah,Resident,3.0,Active
DOC02282,Dr. Veronica Preston,Gastroenterology,FAC01070,Emirates Day Surgery Center - Hatta,Dubai,General Practitioner,4.0,Active
DOC02283,Dr. Brent Reed,Nephrology,FAC01421,MediCare Clinic - Ras Al Khaimah,Ras Al Khaimah,Specialist,22.0,Active
DOC02284,Dr. Mary Gallagher,Endocrinology,FAC01413,Burjeel Medical Center - Dubai,Dubai,Specialist,19.0,Active
DOC02285,Dr. Lacey Wilson,Cardiology,FAC01072,MediCare Clinic - Abu Dhabi,Abu Dhabi,General Practitioner,19.0,Active
DOC02286,Dr. Christopher Daniels,Endocrinology,FAC01616,Emirates Clinic - Hatta,Dubai,Specialist,5.0,On Leave
DOC02287,Dr. Amanda Green,Endocrinology,FAC01576,MediCare Day Surgery Center - Umm Al Quwain,Umm Al Quwain,Specialist,12.0,Active
DOC02288,Dr. Todd Willis,Cardiology,FAC00458,Gulf Clinic - Sharjah,Sharjah,Consultant,21.0,Active
DOC02289,Dr. Steven Lucas,Pulmonology,FAC01551,Prime Specialty Center - Umm Al Quwain,Umm Al Quwain,Specialist,8.0,Active
DOC02290,Dr. Caitlin Lawrence,Dermatology,FAC00507,Prime Medical Center - Umm Al Quwain,Umm Al Quwain,Consultant,10.0,Active
DOC02291,Dr. Keith Miller,Endocrinology,FAC00149,Life Medical Center - Jebel Ali,Dubai,Consultant,4.0,Active
DOC02292,Dr. Ashley Howard,Pulmonology,FAC00490,NMC Clinic - Khor Fakkan,Sharjah,General Practitioner,24.0,Active
DOC02293,Dr. Jose Clark,Dermatology,FAC01212,Prime Clinic - Dibba Al-Fujairah,Fujairah,Consultant,25.0,Active
DOC02294,Dr. Gregory Hobbs,Pulmonology,FAC00011,Emirates Hospital - Fujairah,Fujairah,Specialist,6.0,Active
DOC02295,Dr. Jason Lewis,Internal Medicine,FAC01122,MediCare Day Surgery Center - Fujairah,Fujairah,General Practitioner,22.0,Active
DOC02296,Dr. Melanie Baker,Nephrology,FAC01350,Emirates Medical Center - Ruwais,Abu Dhabi,Consultant,3.0,Active
DOC02297,Dr. Russell Alvarez,Dermatology,FAC00346,NMC Clinic - Jebel Ali,Dubai,General Practitioner,7.0,Active
DOC02298,Dr. James Herrera,Dermatology,FAC00454,Burjeel Day Surgery Center - Ruwais,Abu Dhabi,General Practitioner,1.0,Active
DOC02299,Dr. Jacqueline Lee,General Surgery,FAC00729,Gulf Clinic - Dibba Al-Fujairah,Fujairah,General Practitioner,24.0,Active
DOC02300,Dr. Jessica Morris,Internal Medicine,FAC00567,Aster Clinic - Dubai,Dubai,Consultant,3.0,Active
DOC02301,Dr. Heidi Mccoy,Gastroenterology,FAC01533,Al Noor Hospital - Fujairah,Fujairah,Specialist,22.0,Active
DOC02302,Dr. Kayla Jones,Neurology,FAC00479,NMC Clinic - Jebel Ali,Dubai,Specialist,16.0,Active
DOC02303,Dr. Jennifer Benton,Endocrinology,FAC01609,Al Noor Clinic - Dubai,Dubai,Resident,24.0,Active
DOC02304,Dr. Destiny Miller,Pulmonology,FAC00976,Emirates Hospital - Umm Al Quwain,Umm Al Quwain,Specialist,8.0,Active
DOC02305,Dr. Jaime Sherman,Endocrinology,FAC01617,NMC Clinic - Madinat Zayed,Abu Dhabi,Consultant,14.0,Active
DOC02306,Dr. Andrew Cruz,Dermatology,FAC00730,NMC Hospital - Ras Al Khaimah,Ras Al Khaimah,Resident,13.0,Active
DOC02307,Dr. Sharon Macdonald,General Surgery,FAC01283,Life Specialty Center - Hatta,Dubai,Specialist,19.0,Active
DOC02308,Dr. Bradley Blackwell,Endocrinology,FAC01197,Emirates Medical Center - Ruwais,Abu Dhabi,Consultant,4.0,Active
DOC02309,Dr. Abigail Miller,Endocrinology,FAC00788,Burjeel Medical Center - Jebel Ali,Dubai,Specialist,10.0,Active
DOC02310,Dr. Christina Greene,Pediatrics,FAC01456,Aster Medical Center - Abu Dhabi,Abu Dhabi,Resident,8.0,Active
DOC02311,Dr. Robin Faulkner,ENT,FAC01322,Prime Day Surgery Center - Al Ain,Abu Dhabi,General Practitioner,26.0,Active
DOC02312,Dr. Debra Foster,Nephrology,FAC01459,Prime Medical Center - Dubai,Dubai,Resident,16.0,Active
DOC02313,Dr. Regina Garrison,Neurology,FAC01610,Prime Clinic - Umm Al Quwain,Umm Al Quwain,General Practitioner,7.0,Active
DOC02314,Dr. James Wilson,Urology,FAC00433,Emirates Specialty Center - Dubai,Dubai,General Practitioner,25.0,Active
DOC02315,Dr. Joseph Davis,ENT,FAC00602,Emirates Specialty Center - Umm Al Quwain,Umm Al Quwain,Consultant,6.0,Active
DOC02316,Dr. Lisa Deleon,Obstetrics & Gynecology,FAC00789,Gulf Medical Center - Ras Al Khaimah,Ras Al Khaimah,Resident,7.0,Active
DOC02317,Dr. Jasmin Charles,Psychiatry,FAC00394,Life Clinic - Abu Dhabi,Abu Dhabi,General Practitioner,18.0,Active
DOC02318,Dr. Timothy Golden,Nephrology,FAC00701,Gulf Clinic - Al Ain,Abu Dhabi,Consultant,27.0,Active
DOC02319,Dr. James Davis,General Surgery,FAC00589,Gulf Medical Center - Dubai,Dubai,General Practitioner,11.0,Active
DOC02320,Dr. Carrie Montes,Neurology,FAC01192,Al Noor Medical Center - Fujairah,Fujairah,General Practitioner,9.0,Active
DOC02321,Dr. Brian Taylor,Dermatology,FAC00922,Al Noor Clinic - Dubai,Dubai,Specialist,10.0,Active
DOC02322,Dr. James Mooney,Ophthalmology,FAC00286,NMC Specialty Center - Al Ain,Abu Dhabi,General Practitioner,10.0,Active
DOC02323,Dr. David Adams,Oncology,FAC00566,National Hospital - Madinat Zayed,Abu Dhabi,General Practitioner,5.0,Active
DOC02324,Dr. Jennifer Davis,Nephrology,FAC00233,Gulf Day Surgery Center - Khor Fakkan,Sharjah,Consultant,22.0,Active
DOC02325,Dr. Todd Gallegos,Internal Medicine,FAC00329,Burjeel Clinic - Madinat Zayed,Abu Dhabi,Consultant,10.0,Active
DOC02326,Dr. Rebecca Boyd,Ophthalmology,FAC00565,MediCare Specialty Center - Umm Al Quwain,Umm Al Quwain,Resident,26.0,Active
DOC02327,Dr. Jesus Wood,Endocrinology,FAC01123,NMC Clinic - Hatta,Dubai,Resident,12.0,Active
DOC02328,Dr. Christopher Beard,Neurology,FAC00471,Life Hospital - Jebel Ali,Dubai,Resident,25.0,On Leave
DOC02329,Dr. William Bowers,Obstetrics & Gynecology,FAC00184,Aster Medical Center - Ruwais,Abu Dhabi,Specialist,8.0,Active
DOC02330,Dr. Whitney Parker,Cardiology,FAC00552,Prime Clinic - Khor Fakkan,Sharjah,Specialist,17.0,Active
DOC02331,Dr. Katelyn Mitchell,Cardiology,FAC01162,Prime Clinic - Ruwais,Abu Dhabi,Specialist,17.0,Active
DOC02332,Dr. Paul Little,ENT,FAC00899,Life Clinic - Hatta,Dubai,General Practitioner,20.0,On Leave
DOC02333,Dr. Omar Frank,Dermatology,FAC00869,Al Noor Medical Center - Ruwais,Abu Dhabi,Resident,27.0,Active
DOC02334,Dr. Robert Williams,Internal Medicine,FAC00155,Burjeel Specialty Center - Al Ain,Abu Dhabi,Consultant,1.0,On Leave
DOC02335,Dr. Erin Hart,Ophthalmology,FAC00523,National Clinic - Ajman,Ajman,General Practitioner,11.0,Active
DOC02336,Dr. Jasmine Morales,Orthopedics,FAC01487,Life Clinic - Umm Al Quwain,Umm Al Quwain,General Practitioner,1.0,On Leave
DOC02337,Dr. Patrick Bailey,ENT,FAC01041,Al Noor Specialty Center - Hatta,Dubai,Resident,22.0,On Leave
DOC02338,Dr. Pamela Reynolds,Oncology,FAC00455,Gulf Medical Center - Ras Al Khaimah,Ras Al Khaimah,Consultant,9.0,Active
DOC02339,Dr. Karen Harris,Pulmonology,FAC00047,National Clinic - Dubai,Dubai,General Practitioner,10.0,Active
DOC02340,Dr. Victoria Shepard,Obstetrics & Gynecology,FAC01478,Gulf Clinic - Khor Fakkan,Sharjah,Consultant,18.0,Active
DOC02341,Dr. Claire Green,Oncology,FAC00608,Life Hospital - Al Ain,Abu Dhabi,Resident,19.0,Active
DOC02342,Dr. Bryan Brown,Pediatrics,FAC00911,Burjeel Medical Center - Dhaid,Sharjah,Consultant,20.0,Active
DOC02343,Dr. Anthony Fletcher,Gastroenterology,FAC00952,MediCare Medical Center - Dibba Al-Fujairah,Fujairah,Resident,4.0,On Leave
DOC02344,Dr. Jamie Davis,Dermatology,FAC00899,Life Clinic - Hatta,Dubai,General Practitioner,11.0,Active
DOC02345,Dr. James Peterson,Urology,FAC01312,Aster Medical Center - Masfout,Ajman,Consultant,16.0,Active
DOC02346,Dr. Holly Turner,Neurology,FAC00093,NMC Clinic - Fujairah,Fujairah,Resident,5.0,Active
DOC02347,Dr. Bryan Wright,General Surgery,FAC01027,Burjeel Medical Center - Hatta,Dubai,Specialist,12.0,Active
DOC02348,Dr. Troy Mays,Psychiatry,FAC01151,Prime Clinic - Hatta,Dubai,Consultant,11.0,Active
DOC02349,Dr. Carmen Anderson,Urology,FAC00172,Al Noor Specialty Center - Dhaid,Sharjah,Consultant,27.0,On Leave
DOC02350,Dr. Timothy Sanchez,Gastroenterology,FAC00881,Emirates Clinic - Jebel Ali,Dubai,Consultant,12.0,Active
DOC02351,Dr. John Wood,Neurology,FAC01370,Gulf Day Surgery Center - Ruwais,Abu Dhabi,General Practitioner,3.0,On Leave
DOC02352,Dr. Billy Perez,Pediatrics,FAC01567,Life Clinic - Dubai,Dubai,Resident,4.0,Active
DOC02353,Dr. Christina Walker,Psychiatry,FAC01125,Burjeel Hospital - Ruwais,Abu Dhabi,Consultant,13.0,Active
DOC02354,Dr. Carmen Herrera,Neurology,FAC00977,Emirates Clinic - Fujairah,Fujairah,General Practitioner,10.0,Active
DOC02355,Dr. Renee Patel,Gastroenterology,FAC00983,Al Noor Day Surgery Center - Al Ain,Abu Dhabi,Consultant,2.0,On Leave
DOC02356,Dr. Elizabeth Reynolds,Internal Medicine,FAC00611,Aster Hospital - Ras Al Khaimah,Ras Al Khaimah,Consultant,26.0,Active
DOC02357,Dr. James Alexander,Obstetrics & Gynecology,FAC00512,Gulf Clinic - Ras Al Khaimah,Ras Al Khaimah,General Practitioner,22.0,Active
DOC02358,Dr. Sara Jones,Orthopedics,FAC01482,National Clinic - Masfout,Ajman,General Practitioner,16.0,On Leave
DOC02359,Dr. Vanessa Brown,Ophthalmology,FAC00497,Emirates Medical Center - Abu Dhabi,Abu Dhabi,General Practitioner,25.0,Active
DOC02360,Dr. Kayla Ross,Psychiatry,FAC00065,Al Noor Clinic - Sharjah,Sharjah,Specialist,8.0,On Leave
DOC02361,Dr. Mike Davis,Nephrology,FAC00219,MediCare Hospital - Dubai,Dubai,General Practitioner,7.0,Active
DOC02362,Dr. Kirk Burgess,Pediatrics,FAC00259,National Specialty Center - Dhaid,Sharjah,Resident,1.0,Active
DOC02363,Dr. Micheal Garcia,ENT,FAC01601,Burjeel Clinic - Al Ain,Abu Dhabi,Consultant,23.0,Active
DOC02364,Dr. Nicholas Freeman,Psychiatry,FAC00538,Gulf Specialty Center - Dibba Al-Fujairah,Fujairah,Specialist,5.0,Active
DOC02365,Dr. Stacy Cole,Cardiology,FAC00453,Aster Medical Center - Kalba,Sharjah,Specialist,22.0,On Leave
DOC02366,Dr. Megan Howell,Orthopedics,FAC00498,Gulf Clinic - Sharjah,Sharjah,Resident,14.0,Active
DOC02367,Dr. Joanna Rivera,Pediatrics,FAC00868,National Medical Center - Sharjah,Sharjah,Consultant,11.0,On Leave
DOC02368,Dr. Christopher Ferrell,Internal Medicine,FAC00061,National Medical Center - Dubai,Dubai,Specialist,14.0,Active
DOC02369,Dr. Gabriella Nguyen,Obstetrics & Gynecology,FAC00252,Burjeel Clinic - Hatta,Dubai,General Practitioner,4.0,On Leave
DOC02370,Dr. Peter Morgan,Gastroenterology,FAC01033,Burjeel Clinic - Sharjah,Sharjah,General Practitioner,4.0,Active
DOC02371,Dr. Ryan Johnson,Nephrology,FAC00804,Prime Medical Center - Umm Al Quwain,Umm Al Quwain,General Practitioner,25.0,Active
DOC02372,Dr. Clinton Mccullough,Psychiatry,FAC01235,Life Medical Center - Hatta,Dubai,Specialist,5.0,On Leave
DOC02373,Dr. Danielle Jones,Psychiatry,FAC00430,Burjeel Hospital - Abu Dhabi,Abu Dhabi,Consultant,3.0,Active
DOC02374,Dr. Annette Moses,Ophthalmology,FAC01188,Prime Specialty Center - Dubai,Dubai,Consultant,27.0,Active
DOC02375,Dr. Adam Morrison,Ophthalmology,FAC00924,Burjeel Hospital - Khor Fakkan,Sharjah,Specialist,4.0,Active
DOC02376,Dr. Jonathan Ortiz,Dermatology,FAC00359,Life Hospital - Kalba,Sharjah,General Practitioner,26.0,On Leave
DOC02377,Dr. James Green,Cardiology,FAC00858,Aster Clinic - Madinat Zayed,Abu Dhabi,Specialist,19.0,On Leave
DOC02378,Dr. Yolanda Stewart,Pediatrics,FAC01623,MediCare Clinic - Ras Al Khaimah,Ras Al Khaimah,Specialist,27.0,Active
DOC02379,Dr. Clinton Fox,Pediatrics,FAC00713,NMC Clinic - Kalba,Sharjah,Resident,10.0,Active
DOC02380,Dr. Ana Moses,Cardiology,FAC01631,Life Medical Center - Dubai,Dubai,Resident,20.0,Active
DOC02381,Dr. Melinda Norris,Gastroenterology,FAC00300,Prime Clinic - Khor Fakkan,Sharjah,General Practitioner,3.0,On Leave
DOC02382,Dr. Michael Cross,Pediatrics,FAC00767,Burjeel Specialty Center - Umm Al Quwain,Umm Al Quwain,Resident,17.0,Active
DOC02383,Dr. Nancy Edwards,Obstetrics & Gynecology,FAC00975,MediCare Specialty Center - Ruwais,Abu Dhabi,Consultant,10.0,Active
DOC02384,Dr. Robert Green,Urology,FAC00632,Burjeel Specialty Center - Sharjah,Sharjah,Consultant,23.0,Active
DOC02385,Dr. Victoria Thomas,Dermatology,FAC00385,Prime Hospital - Jebel Ali,Dubai,General Practitioner,11.0,On Leave
DOC02386,Dr. Mary Duke,Oncology,FAC01018,Burjeel Clinic - Dibba Al-Fujairah,Fujairah,Consultant,25.0,On Leave
DOC02387,Dr. Diana Hill,Endocrinology,FAC00207,Aster Medical Center - Kalba,Sharjah,General Practitioner,22.0,Active
DOC02388,Dr. Gabrielle Jackson,Cardiology,FAC01106,NMC Clinic - Madinat Zayed,Abu Dhabi,General Practitioner,17.0,On Leave
DOC02389,Dr. Anthony Hoffman,Endocrinology,FAC01433,Al Noor Clinic - Dubai,Dubai,General Practitioner,8.0,Active
DOC02390,Dr. Matthew Kennedy,Nephrology,FAC00543,NMC Hospital - Ras Al Khaimah,Ras Al Khaimah,Specialist,22.0,Active
DOC02391,Dr. Michael Medina,Orthopedics,FAC00148,Prime Clinic - Hatta,Dubai,Specialist,13.0,On Leave
DOC02392,Dr. Amanda Austin,Endocrinology,FAC01440,National Hospital - Jebel Ali,Dubai,Resident,27.0,Active
DOC02393,Dr. Danny Mills,Neurology,FAC00293,Prime Hospital - Abu Dhabi,Abu Dhabi,Consultant,17.0,Active
DOC02394,Dr. Krista Martinez,Orthopedics,FAC01557,Aster Clinic - Dibba Al-Fujairah,Fujairah,Specialist,10.0,Active
DOC02395,Dr. Erin Campbell,Cardiology,FAC01466,Prime Clinic - Madinat Zayed,Abu Dhabi,Resident,5.0,Active
DOC02396,Dr. Carrie Davis,Nephrology,FAC01081,MediCare Specialty Center - Madinat Zayed,Abu Dhabi,Specialist,5.0,On Leave
DOC02397,Dr. Amanda Martinez,Endocrinology,FAC00922,Al Noor Clinic - Dubai,Dubai,Consultant,6.0,Active
DOC02398,Dr. Jeremy Coffey,General Surgery,FAC00435,Prime Clinic - Hatta,Dubai,General Practitioner,3.0,Active
DOC02399,Dr. Kimberly Thomas,Internal Medicine,FAC01240,National Hospital - Hatta,Dubai,Consultant,24.0,On Leave
DOC02400,Dr. Anthony Vance,Cardiology,FAC00156,MediCare Medical Center - Fujairah,Fujairah,General Practitioner,16.0,On Leave
DOC02401,Dr. Steven Jennings,Orthopedics,FAC00747,MediCare Hospital - Dubai,Dubai,Resident,1.0,Active
DOC02402,Dr. Zachary Wilson,Pediatrics,FAC00837,Al Noor Hospital - Ajman,Ajman,Consultant,21.0,Active
DOC02403,Dr. Mark Howe,Oncology,FAC01313,Aster Hospital - Dubai,Dubai,Consultant,21.0,Active
DOC02404,Dr. Jacob Watkins,Dermatology,FAC00054,National Specialty Center - Hatta,Dubai,Resident,21.0,On Leave
DOC02405,Dr. Jennifer Morales,Orthopedics,FAC01046,Al Noor Hospital - Ajman,Ajman,Resident,26.0,On Leave
DOC02406,Dr. Todd Hall,Pulmonology,FAC00766,Life Clinic - Hatta,Dubai,General Practitioner,7.0,Active
DOC02407,Dr. Amber Reynolds,Pulmonology,FAC01210,MediCare Specialty Center - Ajman,Ajman,General Practitioner,25.0,Active
DOC02408,Dr. Matthew Ferrell,Endocrinology,FAC00125,Aster Medical Center - Madinat Zayed,Abu Dhabi,Specialist,23.0,On Leave
DOC02409,Dr. Natasha Stanton,Urology,FAC00586,Emirates Specialty Center - Hatta,Dubai,Specialist,26.0,Active
DOC02410,Dr. Katie Mitchell,Dermatology,FAC00391,Aster Medical Center - Madinat Zayed,Abu Dhabi,General Practitioner,25.0,Active
DOC02411,Dr. Timothy Sims,Ophthalmology,FAC00400,National Medical Center - Jebel Ali,Dubai,General Practitioner,11.0,Active
DOC02412,Dr. Adam Mclaughlin,Nephrology,FAC01011,MediCare Clinic - Ruwais,Abu Dhabi,General Practitioner,1.0,Active
DOC02413,Dr. Wendy West,Obstetrics & Gynecology,FAC01253,Emirates Medical Center - Al Ain,Abu Dhabi,Resident,,Active
DOC02414,Dr. Patrick Pena,Gastroenterology,FAC01087,Gulf Day Surgery Center - Jebel Ali,Dubai,Consultant,3.0,Active
DOC02415,Dr. Daniel Moreno,Pediatrics,FAC00476,Burjeel Clinic - Dubai,Dubai,General Practitioner,,Active
DOC02416,Dr. Patricia Murray,Oncology,FAC00348,Prime Clinic - Dhaid,Sharjah,Consultant,14.0,On Leave
DOC02417,Dr. Kathy Dudley,General Surgery,FAC00203,Al Noor Clinic - Al Ain,Abu Dhabi,General Practitioner,19.0,Active
DOC02418,Dr. Desiree Smith,Obstetrics & Gynecology,FAC00952,MediCare Medical Center - Dibba Al-Fujairah,Fujairah,Consultant,20.0,Active
DOC02419,Dr. Allen Wade,Ophthalmology,FAC00929,Al Noor Clinic - Ajman,Ajman,General Practitioner,9.0,On Leave
DOC02420,Dr. Jill Ortiz,Nephrology,FAC00484,Al Noor Clinic - Jebel Ali,Dubai,Resident,8.0,Active
DOC02421,Dr. Glenn Osborne,Neurology,FAC00113,Al Noor Hospital - Dibba Al-Fujairah,Fujairah,General Practitioner,17.0,Active
DOC02422,Dr. Stephanie Lopez,Oncology,FAC00010,National Medical Center - Dubai,Dubai,Resident,12.0,On Leave
DOC02423,Dr. Brandon Haney,Oncology,FAC01295,NMC Hospital - Madinat Zayed,Abu Dhabi,Consultant,1.0,Active
DOC02424,Dr. Patricia Gomez,ENT,FAC00198,National Specialty Center - Al Ain,Abu Dhabi,Consultant,26.0,Active
DOC02425,Dr. Taylor Kennedy,Internal Medicine,FAC00272,Burjeel Clinic - Hatta,Dubai,Consultant,10.0,On Leave
DOC02426,Dr. Samantha Welch,Dermatology,FAC01433,Al Noor Clinic - Dubai,Dubai,General Practitioner,22.0,Active
DOC02427,Dr. Ronald Schultz,Dermatology,FAC00450,Emirates Clinic - Ajman,Ajman,General Practitioner,24.0,Active
DOC02428,Dr. Joshua Norton,Cardiology,FAC00921,Burjeel Medical Center - Umm Al Quwain,Umm Al Quwain,General Practitioner,7.0,Active
DOC02429,Dr. Earl Herrera,ENT,FAC00339,Al Noor Clinic - Dibba Al-Fujairah,Fujairah,General Practitioner,10.0,On Leave
DOC02430,Dr. Lori Foster,Gastroenterology,FAC00960,Burjeel Medical Center - Abu Dhabi,Abu Dhabi,Consultant,12.0,Active
DOC02431,Dr. Christina Summers,Gastroenterology,FAC01382,Prime Medical Center - Al Ain,Abu Dhabi,Consultant,11.0,Active
DOC02432,Dr. Daniel Torres,Urology,FAC01491,MediCare Clinic - Ruwais,Abu Dhabi,Consultant,19.0,Active
DOC02433,Dr. Dana Mcmahon,Pulmonology,FAC00517,Life Specialty Center - Hatta,Dubai,General Practitioner,15.0,On Leave
DOC02434,Dr. Troy Wagner,Pediatrics,FAC00965,MediCare Clinic - Sharjah,Sharjah,Consultant,5.0,On Leave
DOC02435,Dr. Jack Hunter,Psychiatry,FAC00084,NMC Hospital - Jebel Ali,Dubai,Resident,15.0,Active
DOC02436,Dr. Robert Ramos,Dermatology,FAC00888,Burjeel Medical Center - Dubai,Dubai,Consultant,25.0,On Leave
DOC02437,Dr. Samantha Fitzgerald,Urology,FAC00479,NMC Clinic - Jebel Ali,Dubai,Resident,6.0,On Leave
DOC02438,Dr. James Henry,Gastroenterology,FAC00204,Prime Clinic - Sharjah,Sharjah,General Practitioner,20.0,Active
DOC02439,Dr. Thomas Owens,Dermatology,FAC01406,Aster Hospital - Abu Dhabi,Abu Dhabi,General Practitioner,1.0,Active
DOC02440,Dr. Courtney Jordan,ENT,FAC01559,Gulf Medical Center - Khor Fakkan,Sharjah,Specialist,4.0,On Leave
DOC02441,Dr. Robert Scott,Orthopedics,FAC00462,MediCare Hospital - Ras Al Khaimah,Ras Al Khaimah,Resident,22.0,Active
DOC02442,Dr. Hannah Ramirez,Psychiatry,FAC00056,MediCare Medical Center - Kalba,Sharjah,Consultant,23.0,On Leave
DOC02443,Dr. Joseph Rogers,Internal Medicine,FAC00439,Aster Hospital - Hatta,Dubai,Specialist,3.0,Active
DOC02444,Dr. Dustin House,Oncology,FAC00526,Burjeel Clinic - Hatta,Dubai,Resident,1.0,Active
DOC02445,Dr. Erin Hernandez,Dermatology,FAC00445,NMC Medical Center - Hatta,Dubai,Specialist,12.0,Active
DOC02446,Dr. Gary Marshall,Psychiatry,FAC00616,Emirates Clinic - Hatta,Dubai,General Practitioner,26.0,Active
DOC02447,Dr. Nicholas Thompson,Pulmonology,FAC00715,MediCare Hospital - Kalba,Sharjah,Resident,19.0,Active
DOC02448,Dr. Sarah Booth,Endocrinology,FAC00756,Aster Medical Center - Kalba,Sharjah,General Practitioner,19.0,Active
DOC02449,Dr. David Ramos,Pediatrics,FAC01027,Burjeel Medical Center - Hatta,Dubai,Specialist,26.0,Active
DOC02450,Dr. Marilyn Hartman,Oncology,FAC01243,Gulf Clinic - Al Ain,Abu Dhabi,Consultant,2.0,Active
DOC02451,Dr. Alexa Boyd,Internal Medicine,FAC00260,National Medical Center - Dibba Al-Fujairah,Fujairah,Specialist,9.0,On Leave
DOC02452,Dr. Lindsey Robinson,Ophthalmology,FAC00086,NMC Hospital - Fujairah,Fujairah,General Practitioner,26.0,Active
DOC02453,Dr. Stephanie Hansen,ENT,FAC00795,Life Clinic - Dubai,Dubai,General Practitioner,21.0,Active
DOC02454,Dr. William Morton,Gastroenterology,FAC00207,Aster Medical Center - Kalba,Sharjah,General Practitioner,6.0,On Leave
DOC02455,Dr. Kathleen Weaver,Obstetrics & Gynecology,FAC00118,Prime Medical Center - Ajman,Ajman,General Practitioner,5.0,Active
DOC02456,Dr. Sean Leonard,Ophthalmology,FAC01490,Prime Clinic - Sharjah,Sharjah,Specialist,15.0,Active
DOC02457,Dr. Blake Cooley,Neurology,FAC00536,NMC Hospital - Ruwais,Abu Dhabi,Resident,21.0,Active
DOC02458,Dr. Linda Allen,Psychiatry,FAC00999,Emirates Clinic - Madinat Zayed,Abu Dhabi,Specialist,14.0,Active
DOC02459,Dr. Nicholas Holland,Internal Medicine,FAC00860,NMC Day Surgery Center - Jebel Ali,Dubai,Specialist,15.0,On Leave
DOC02460,Dr. Nicholas Durham,Internal Medicine,FAC01375,Gulf Specialty Center - Umm Al Quwain,Umm Al Quwain,Specialist,16.0,Active
DOC02461,Dr. Tracy Trevino,Orthopedics,FAC01146,NMC Clinic - Khor Fakkan,Sharjah,Specialist,24.0,Active
DOC02462,Dr. Lisa Simmons,Gastroenterology,FAC01541,MediCare Day Surgery Center - Hatta,Dubai,Consultant,19.0,Active
DOC02463,Dr. Jeffrey Page,Internal Medicine,FAC00386,Burjeel Hospital - Khor Fakkan,Sharjah,General Practitioner,5.0,On Leave
DOC02464,Dr. Kenneth Anthony,Obstetrics & Gynecology,FAC00334,Prime Clinic - Khor Fakkan,Sharjah,Specialist,9.0,Active
DOC02465,Dr. John Smith,Internal Medicine,FAC00910,Gulf Clinic - Al Ain,Abu Dhabi,Resident,5.0,On Leave
DOC02466,Dr. Beverly Kennedy,Ophthalmology,FAC00596,National Medical Center - Ras Al Khaimah,Ras Al Khaimah,General Practitioner,20.0,Active
DOC02467,Dr. Darlene Kent,Nephrology,FAC00969,Gulf Hospital - Dubai,Dubai,Consultant,11.0,Active
DOC02468,Dr. Michael Lutz,Urology,FAC01412,Burjeel Clinic - Khor Fakkan,Sharjah,Specialist,14.0,Active
DOC02469,Dr. Julie Moore,Nephrology,FAC01483,Al Noor Hospital - Dibba Al-Fujairah,Fujairah,Specialist,21.0,Active
DOC02470,Dr. Meagan Randall,Endocrinology,FAC00861,National Specialty Center - Ras Al Khaimah,Ras Al Khaimah,Specialist,1.0,Active
DOC02471,Dr. Lauren Flores,Oncology,FAC01474,Prime Day Surgery Center - Al Ain,Abu Dhabi,Consultant,21.0,Active
DOC02472,Dr. Lindsay Klein,Nephrology,FAC01327,National Clinic - Madinat Zayed,Abu Dhabi,Specialist,19.0,On Leave
DOC02473,Dr. Wendy Murphy,Orthopedics,FAC00762,Al Noor Clinic - Abu Dhabi,Abu Dhabi,Specialist,11.0,Active
DOC02474,Dr. Christopher Jackson,Ophthalmology,FAC00728,Life Day Surgery Center - Dubai,Dubai,Consultant,18.0,Active
DOC02475,Dr. Terri Calhoun,ENT,FAC01510,Burjeel Day Surgery Center - Al Ain,Abu Dhabi,Specialist,6.0,Active
DOC02476,Dr. Rebekah Charles,ENT,FAC01552,Burjeel Hospital - Al Ain,Abu Dhabi,Consultant,8.0,Active
DOC02477,Dr. Ana Floyd,Internal Medicine,FAC00155,Burjeel Specialty Center - Al Ain,Abu Dhabi,General Practitioner,11.0,On Leave
DOC02478,Dr. Christopher White,Obstetrics & Gynecology,FAC01497,Aster Medical Center - Jebel Ali,Dubai,Resident,24.0,Active
DOC02479,Dr. Robert Parker,Orthopedics,FAC00387,Al Noor Medical Center - Dubai,Dubai,Consultant,7.0,On Leave
DOC02480,Dr. Linda Salinas,Neurology,FAC01015,NMC Specialty Center - Fujairah,Fujairah,General Practitioner,16.0,On Leave
DOC02481,Dr. Yvonne Orr,Obstetrics & Gynecology,FAC00855,National Clinic - Umm Al Quwain,Umm Al Quwain,Consultant,5.0,On Leave
DOC02482,Dr. Javier Kelly,Endocrinology,FAC01242,Life Clinic - Al Ain,Abu Dhabi,Consultant,18.0,Active
DOC02483,Dr. Sarah Martinez,Pulmonology,FAC01266,Life Clinic - Khor Fakkan,Sharjah,Resident,3.0,Active
DOC02484,Dr. Michael Mason,Endocrinology,FAC00455,Gulf Medical Center - Ras Al Khaimah,Ras Al Khaimah,Specialist,16.0,Active
DOC02485,Dr. Joseph Peterson,General Surgery,FAC00349,Aster Clinic - Dubai,Dubai,Specialist,10.0,Active
DOC02486,Dr. Hannah Evans,Endocrinology,FAC01429,Emirates Hospital - Madinat Zayed,Abu Dhabi,Resident,16.0,On Leave
DOC02487,Dr. Sandra Clark,Pediatrics,FAC01509,Burjeel Clinic - Jebel Ali,Dubai,Consultant,8.0,On Leave
DOC02488,Dr. Laura Johnson,Oncology,FAC01341,Aster Hospital - Madinat Zayed,Abu Dhabi,Resident,9.0,Active
DOC02489,Dr. Mercedes Wood,Obstetrics & Gynecology,FAC00991,Prime Specialty Center - Kalba,Sharjah,Consultant,21.0,Active
DOC02490,Dr. Alexandra Hill,Internal Medicine,FAC00851,Emirates Clinic - Dubai,Dubai,General Practitioner,19.0,Active
DOC02491,Dr. Eric Gray,Psychiatry,FAC01047,Aster Clinic - Dubai,Dubai,Specialist,11.0,Active
DOC02492,Dr. Jason Murray,Dermatology,FAC00274,Gulf Clinic - Madinat Zayed,Abu Dhabi,Specialist,5.0,Active
DOC02493,Dr. Nathan Moore,Urology,FAC01219,Emirates Medical Center - Abu Dhabi,Abu Dhabi,General Practitioner,13.0,Active
DOC02494,Dr. Alison Morris,Dermatology,FAC00790,Aster Day Surgery Center - Dibba Al-Fujairah,Fujairah,Specialist,14.0,Active
DOC02495,Dr. Sarah Garcia,Endocrinology,FAC00420,NMC Specialty Center - Dubai,Dubai,Consultant,16.0,Active
DOC02496,Dr. Cindy Brown,ENT,FAC00918,Al Noor Medical Center - Ras Al Khaimah,Ras Al Khaimah,Specialist,7.0,Active
DOC02497,Dr. Karen Herrera,ENT,FAC00689,Burjeel Medical Center - Dubai,Dubai,Resident,10.0,Active
DOC02498,Dr. Victoria Brown,Endocrinology,FAC00751,Emirates Specialty Center - Fujairah,Fujairah,Resident,17.0,Active
DOC02499,Dr. Brian Lozano,Dermatology,FAC00389,Emirates Medical Center - Al Ain,Abu Dhabi,Specialist,25.0,Active
DOC02500,Dr. Kimberly Wilson,ENT,FAC00767,Burjeel Specialty Center - Umm Al Quwain,Umm Al Quwain,Specialist,16.0,Active
DOC02501,Dr. Casey Conrad,Endocrinology,FAC01031,Life Clinic - Abu Dhabi,Abu Dhabi,General Practitioner,13.0,On Leave
DOC02502,Dr. Joseph Hill,Cardiology,FAC00239,NMC Medical Center - Al Ain,Abu Dhabi,General Practitioner,21.0,Active
DOC02503,Dr. Denise Ramirez,Ophthalmology,FAC01518,MediCare Specialty Center - Jebel Ali,Dubai,General Practitioner,16.0,Active
DOC02504,Dr. Sara Anderson,Pediatrics,FAC00517,Life Specialty Center - Hatta,Dubai,General Practitioner,21.0,Active
DOC02505,Dr. Brittney Martin,Obstetrics & Gynecology,FAC01201,Burjeel Medical Center - Hatta,Dubai,General Practitioner,12.0,Active
DOC02506,Dr. Aaron Thompson,Gastroenterology,FAC00869,Al Noor Medical Center - Ruwais,Abu Dhabi,Specialist,6.0,Active
DOC02507,Dr. Thomas Perez,Ophthalmology,FAC00079,Life Medical Center - Kalba,Sharjah,Specialist,1.0,Active
DOC02508,Dr. Mia Henderson,Cardiology,FAC00983,Al Noor Day Surgery Center - Al Ain,Abu Dhabi,Consultant,20.0,Active
DOC02509,Dr. Kaitlyn Wallace,Gastroenterology,FAC00245,Emirates Clinic - Fujairah,Fujairah,Resident,4.0,On Leave
DOC02510,Dr. Kaylee Rios,Cardiology,FAC00463,Life Hospital - Abu Dhabi,Abu Dhabi,Specialist,9.0,Active
DOC02511,Dr. Gina Brown,Neurology,FAC00647,NMC Medical Center - Umm Al Quwain,Umm Al Quwain,General Practitioner,25.0,On Leave
DOC02512,Dr. Joseph Ramirez,Gastroenterology,FAC01471,Burjeel Clinic - Ajman,Ajman,General Practitioner,27.0,Active
DOC02513,Dr. Bryan Moore,Gastroenterology,FAC00793,National Specialty Center - Madinat Zayed,Abu Dhabi,Specialist,5.0,On Leave
DOC02514,Dr. Michelle Smith,Internal Medicine,FAC00422,Prime Clinic - Dubai,Dubai,Specialist,16.0,Active
DOC02515,Dr. Joshua Morgan,Internal Medicine,FAC00539,Emirates Clinic - Kalba,Sharjah,Specialist,17.0,On Leave
DOC02516,Dr. Bianca Nelson,ENT,FAC00724,MediCare Clinic - Al Ain,Abu Dhabi,Consultant,17.0,On Leave
DOC02517,Dr. Kevin Pearson,Dermatology,FAC01456,Aster Medical Center - Abu Dhabi,Abu Dhabi,Consultant,19.0,Active
DOC02518,Dr. Nicole Gibson,Nephrology,FAC00996,Life Clinic - Madinat Zayed,Abu Dhabi,General Practitioner,4.0,Active
DOC02519,Dr. Roberto Hill,Dermatology,FAC00706,Al Noor Medical Center - Jebel Ali,Dubai,Resident,12.0,Active
DOC02520,Dr. Miguel Henry,Pediatrics,FAC00879,NMC Specialty Center - Umm Al Quwain,Umm Al Quwain,Consultant,10.0,Active
DOC02521,Dr. Michael Flores,Endocrinology,FAC01068,Emirates Day Surgery Center - Madinat Zayed,Abu Dhabi,Specialist,1.0,Active
DOC02522,Dr. Kylie Ramos,General Surgery,FAC00170,MediCare Clinic - Dubai,Dubai,Specialist,26.0,Active
DOC02523,Dr. Shane Watson,Psychiatry,FAC00793,National Specialty Center - Madinat Zayed,Abu Dhabi,Specialist,21.0,Active
DOC02524,Dr. Kendra Rodriguez,Oncology,FAC00605,NMC Clinic - Abu Dhabi,Abu Dhabi,Consultant,3.0,Active
DOC02525,Dr. Sara Singleton,ENT,FAC00088,MediCare Hospital - Dibba Al-Fujairah,Fujairah,Consultant,13.0,Active
DOC02526,Dr. Paul Cox,Cardiology,FAC00219,MediCare Hospital - Dubai,Dubai,General Practitioner,17.0,Active
DOC02527,Dr. Daniel Lyons,Nephrology,FAC00615,Burjeel Medical Center - Hatta,Dubai,General Practitioner,16.0,On Leave
DOC02528,Dr. Luis Gutierrez,Pediatrics,FAC00552,Prime Clinic - Khor Fakkan,Sharjah,Specialist,20.0,Active
DOC02529,Dr. Nicole Long,Neurology,FAC00766,Life Clinic - Hatta,Dubai,Consultant,5.0,Active
DOC02530,Dr. Carl Gonzalez,Nephrology,FAC00616,Emirates Clinic - Hatta,Dubai,Resident,22.0,On Leave
DOC02531,Dr. Michelle Norman,General Surgery,FAC00324,National Clinic - Sharjah,Sharjah,Resident,16.0,Active
DOC02532,Dr. Jason Tyler,ENT,FAC00161,Prime Hospital - Madinat Zayed,Abu Dhabi,General Practitioner,13.0,Active
DOC02533,Dr. Matthew Byrd,Urology,FAC00172,Al Noor Specialty Center - Dhaid,Sharjah,Consultant,25.0,Active
DOC02534,Dr. Stacey Mcdaniel,Urology,FAC00511,Al Noor Specialty Center - Al Ain,Abu Dhabi,General Practitioner,3.0,On Leave
DOC02535,Dr. Garrett Anderson,Urology,FAC01102,National Clinic - Dibba Al-Fujairah,Fujairah,Resident,19.0,Active
DOC02536,Dr. Gwendolyn Lewis,General Surgery,FAC00606,Emirates Clinic - Jebel Ali,Dubai,Resident,17.0,Active
DOC02537,Dr. Michael Calhoun,Ophthalmology,FAC00306,Al Noor Medical Center - Madinat Zayed,Abu Dhabi,Consultant,7.0,Active
DOC02538,Dr. Gregory Smith,Obstetrics & Gynecology,FAC01383,National Hospital - Sharjah,Sharjah,Specialist,22.0,Active
DOC02539,Dr. Angela Simon,Internal Medicine,FAC00870,National Hospital - Abu Dhabi,Abu Dhabi,Consultant,18.0,Active
DOC02540,Dr. David Thomas,Obstetrics & Gynecology,FAC00219,MediCare Hospital - Dubai,Dubai,Specialist,14.0,Active
DOC02541,Dr. Ashlee Coleman,Pediatrics,FAC00794,Life Clinic - Masfout,Ajman,Consultant,27.0,Active
DOC02542,Dr. Ann Robinson,Neurology,FAC00149,Life Medical Center - Jebel Ali,Dubai,Consultant,,Active
DOC02543,Dr. Lisa Keith,Cardiology,FAC00193,Life Clinic - Dhaid,Sharjah,Resident,23.0,On Leave
DOC02544,Dr. Kyle Landry,Urology,FAC00092,Aster Clinic - Sharjah,Sharjah,Resident,3.0,Active
DOC02545,Dr. Willie Davis,Ophthalmology,FAC00365,MediCare Hospital - Hatta,Dubai,Consultant,22.0,Active
DOC02546,Dr. Anthony Lopez,Neurology,FAC00435,Prime Clinic - Hatta,Dubai,Specialist,,Active
DOC02547,Dr. Brian Reeves,General Surgery,FAC00254,Gulf Medical Center - Ajman,Ajman,General Practitioner,7.0,Active
DOC02548,Dr. Patrick Smith,Endocrinology,FAC00621,Aster Clinic - Sharjah,Sharjah,General Practitioner,14.0,On Leave
DOC02549,Dr. Don Landry,Pediatrics,FAC01570,Life Clinic - Sharjah,Sharjah,Consultant,4.0,Active
DOC02550,Dr. Joshua Johnson,Oncology,FAC00821,National Clinic - Ras Al Khaimah,Ras Al Khaimah,General Practitioner,25.0,On Leave
DOC02551,Dr. Dylan Levy,Pulmonology,FAC00937,Aster Medical Center - Umm Al Quwain,Umm Al Quwain,Resident,11.0,Active
DOC02552,Dr. Sophia Beard,Obstetrics & Gynecology,FAC00886,National Clinic - Kalba,Sharjah,General Practitioner,9.0,Active
DOC02553,Dr. Sean Franklin,Ophthalmology,FAC00609,Al Noor Hospital - Ruwais,Abu Dhabi,Resident,12.0,Active
DOC02554,Dr. Andrea Morris,ENT,FAC01279,Gulf Hospital - Madinat Zayed,Abu Dhabi,Consultant,9.0,On Leave
DOC02555,Dr. Katie Baker,Obstetrics & Gynecology,FAC01064,MediCare Medical Center - Al Ain,Abu Dhabi,General Practitioner,10.0,Active
DOC02556,Dr. Paula Clements,Urology,FAC01223,Emirates Clinic - Fujairah,Fujairah,Resident,4.0,Active
DOC02557,Dr. April Smith,Neurology,FAC01446,Burjeel Medical Center - Kalba,Sharjah,Resident,11.0,Active
DOC02558,Dr. Claudia Peters,Ophthalmology,FAC01316,Gulf Clinic - Dibba Al-Fujairah,Fujairah,Specialist,17.0,Active
DOC02559,Dr. Gregory Jones,Gastroenterology,FAC01041,Al Noor Specialty Center - Hatta,Dubai,General Practitioner,26.0,Active
DOC02560,Dr. Jasmine Bryant,Nephrology,FAC00324,National Clinic - Sharjah,Sharjah,Resident,5.0,On Leave
DOC02561,Dr. Michael Johnson,Obstetrics & Gynecology,FAC00521,Life Hospital - Sharjah,Sharjah,General Practitioner,23.0,Active
DOC02562,Dr. Melissa Atkinson,Orthopedics,FAC01425,MediCare Clinic - Jebel Ali,Dubai,Consultant,14.0,Active
DOC02563,Dr. Jennifer Benson,Obstetrics & Gynecology,FAC00453,Aster Medical Center - Kalba,Sharjah,General Practitioner,16.0,Active
DOC02564,Dr. Austin Lucero,General Surgery,FAC00227,National Clinic - Umm Al Quwain,Umm Al Quwain,Consultant,4.0,Active
DOC02565,Dr. Robert Yang,Internal Medicine,FAC00033,MediCare Specialty Center - Khor Fakkan,Sharjah,General Practitioner,9.0,Active
DOC02566,Dr. Dale Jacobs,Endocrinology,FAC00132,Burjeel Clinic - Sharjah,Sharjah,Consultant,18.0,Active
DOC02567,Dr. Heather Vaughn,Pulmonology,FAC01542,National Clinic - Umm Al Quwain,Umm Al Quwain,Consultant,2.0,On Leave
DOC02568,Dr. Philip Klein,Dermatology,FAC01196,National Clinic - Abu Dhabi,Abu Dhabi,General Practitioner,21.0,Active
DOC02569,Dr. Aaron Contreras,Pulmonology,FAC01482,National Clinic - Masfout,Ajman,General Practitioner,12.0,Active
DOC02570,Dr. Ryan Garrison,Urology,FAC00285,Aster Medical Center - Al Ain,Abu Dhabi,Consultant,21.0,Active
DOC02571,Dr. Mariah Hart,Psychiatry,FAC00677,Al Noor Clinic - Jebel Ali,Dubai,Specialist,13.0,Active
DOC02572,Dr. Donna Nelson,Psychiatry,FAC01533,Al Noor Hospital - Fujairah,Fujairah,Resident,22.0,Active
DOC02573,Dr. Kathryn Estrada,Internal Medicine,FAC00577,NMC Specialty Center - Sharjah,Sharjah,Specialist,7.0,Active
DOC02574,Dr. Nicole Fletcher,Psychiatry,FAC00980,Emirates Clinic - Ruwais,Abu Dhabi,Specialist,18.0,Active
DOC02575,Dr. Michael Mcdonald,Psychiatry,FAC00368,Gulf Hospital - Al Ain,Abu Dhabi,Resident,26.0,On Leave
DOC02576,Dr. Randy Butler,ENT,FAC01562,Prime Clinic - Ruwais,Abu Dhabi,General Practitioner,14.0,Active
DOC02577,Dr. Ashley Hayes,Oncology,FAC00588,National Hospital - Jebel Ali,Dubai,Resident,26.0,Active
DOC02578,Dr. Carrie Sharp,Ophthalmology,FAC00802,Emirates Clinic - Jebel Ali,Dubai,Consultant,11.0,Active
DOC02579,Dr. Andrew Bailey,Psychiatry,FAC01353,NMC Hospital - Jebel Ali,Dubai,General Practitioner,14.0,On Leave
DOC02580,Dr. Dawn Kennedy,Psychiatry,FAC01566,Gulf Clinic - Sharjah,Sharjah,General Practitioner,6.0,Active
DOC02581,Dr. Christopher Hughes,Obstetrics & Gynecology,FAC01130,Al Noor Clinic - Dibba Al-Fujairah,Fujairah,Resident,14.0,Active
DOC02582,Dr. John Hall,Orthopedics,FAC00767,Burjeel Specialty Center - Umm Al Quwain,Umm Al Quwain,General Practitioner,18.0,On Leave
DOC02583,Dr. Dalton Griffin,Pediatrics,FAC00412,Al Noor Specialty Center - Abu Dhabi,Abu Dhabi,Consultant,4.0,Active
DOC02584,Dr. Kristine Henry,Pediatrics,FAC00828,Life Medical Center - Fujairah,Fujairah,General Practitioner,4.0,Active
DOC02585,Dr. Samantha Smith,Obstetrics & Gynecology,FAC00055,Burjeel Specialty Center - Dibba Al-Fujairah,Fujairah,Consultant,6.0,On Leave
DOC02586,Dr. Nathan Yu,General Surgery,FAC00626,Life Specialty Center - Abu Dhabi,Abu Dhabi,Consultant,,Active
DOC02587,Dr. Erica Snow,Endocrinology,FAC00243,Prime Specialty Center - Dubai,Dubai,Specialist,17.0,Active
DOC02588,Dr. Larry Richardson,Ophthalmology,FAC01419,Aster Hospital - Ruwais,Abu Dhabi,General Practitioner,3.0,On Leave
DOC02589,Dr. Christopher Butler,Dermatology,FAC01222,Prime Medical Center - Hatta,Dubai,Consultant,11.0,On Leave
DOC02590,Dr. Lisa Miller,Oncology,FAC00444,NMC Clinic - Abu Dhabi,Abu Dhabi,General Practitioner,20.0,Active
DOC02591,Dr. Karen Johnson,General Surgery,FAC00941,Aster Medical Center - Madinat Zayed,Abu Dhabi,Specialist,26.0,Active
DOC02592,Dr. Mikayla Harris,Orthopedics,FAC01463,Al Noor Clinic - Jebel Ali,Dubai,General Practitioner,15.0,Active
DOC02593,Dr. Julie Mack,Dermatology,FAC01005,NMC Medical Center - Fujairah,Fujairah,General Practitioner,4.0,Active
DOC02594,Dr. Matthew Evans,Nephrology,FAC00241,MediCare Hospital - Abu Dhabi,Abu Dhabi,General Practitioner,26.0,Active
DOC02595,Dr. Derek Smith,ENT,FAC00558,Emirates Day Surgery Center - Sharjah,Sharjah,General Practitioner,2.0,Active
DOC02596,Dr. Katherine Keller,Pulmonology,FAC00861,National Specialty Center - Ras Al Khaimah,Ras Al Khaimah,Consultant,27.0,Active
DOC02597,Dr. Katrina Miller,Oncology,FAC01602,NMC Medical Center - Al Ain,Abu Dhabi,General Practitioner,27.0,Active
DOC02598,Dr. Joseph Wiley,Psychiatry,FAC00445,NMC Medical Center - Hatta,Dubai,General Practitioner,26.0,Active
DOC02599,Dr. Kimberly Maxwell,Orthopedics,FAC01523,MediCare Medical Center - Umm Al Quwain,Umm Al Quwain,Resident,18.0,Active
DOC02600,Dr. Desiree Skinner,Psychiatry,FAC01476,Al Noor Clinic - Dubai,Dubai,Specialist,20.0,Active
DOC02601,Dr. Douglas Smith,Pulmonology,FAC01477,MediCare Medical Center - Al Ain,Abu Dhabi,Specialist,26.0,Active
DOC02602,Dr. Carlos Bailey,Internal Medicine,FAC00147,Burjeel Medical Center - Al Ain,Abu Dhabi,Specialist,2.0,Active
DOC02603,Dr. Catherine Barrett,Pulmonology,FAC00461,Gulf Medical Center - Dubai,Dubai,General Practitioner,25.0,Active
DOC02604,Dr. Erika Perkins,Cardiology,FAC00052,Burjeel Specialty Center - Ruwais,Abu Dhabi,General Practitioner,5.0,Active
DOC02605,Dr. Jamie Coffey,Gastroenterology,FAC00686,Al Noor Clinic - Madinat Zayed,Abu Dhabi,Specialist,21.0,Active
DOC02606,Dr. Kristy Morris,ENT,FAC01263,Gulf Clinic - Hatta,Dubai,Specialist,10.0,Active
DOC02607,Dr. William Harris,Neurology,FAC00748,Al Noor Clinic - Ras Al Khaimah,Ras Al Khaimah,Specialist,18.0,On Leave
DOC02608,Dr. Michael Mitchell,Endocrinology,FAC00266,Al Noor Specialty Center - Hatta,Dubai,Resident,20.0,On Leave
DOC02609,Dr. Barry Caldwell,Urology,FAC01392,Al Noor Hospital - Dubai,Dubai,Specialist,15.0,On Leave
DOC02610,Dr. Danny Huynh,Cardiology,FAC00571,Gulf Medical Center - Hatta,Dubai,Resident,9.0,On Leave
DOC02611,Dr. Christopher Jones,Cardiology,FAC01501,Life Hospital - Ruwais,Abu Dhabi,General Practitioner,2.0,Active
DOC02612,Dr. Marissa Smith,Dermatology,FAC00350,MediCare Hospital - Ras Al Khaimah,Ras Al Khaimah,Consultant,12.0,Active
DOC02613,Dr. Stephen Wright,Dermatology,FAC00413,Al Noor Clinic - Abu Dhabi,Abu Dhabi,Consultant,12.0,Active
DOC02614,Dr. Michelle James,Neurology,FAC01505,Prime Clinic - Jebel Ali,Dubai,General Practitioner,20.0,Active
DOC02615,Dr. Kenneth Thompson,Psychiatry,FAC00588,National Hospital - Jebel Ali,Dubai,Specialist,23.0,On Leave
DOC02616,Dr. Kelly Berger,Dermatology,FAC01047,Aster Clinic - Dubai,Dubai,Consultant,9.0,On Leave
DOC02617,Dr. Michaela Willis,Cardiology,FAC01417,Emirates Clinic - Sharjah,Sharjah,General Practitioner,4.0,Active
DOC02618,Dr. Alicia Charles,Dermatology,FAC01017,Al Noor Clinic - Hatta,Dubai,Specialist,2.0,Active
DOC02619,Dr. Holly Dawson,ENT,FAC01501,Life Hospital - Ruwais,Abu Dhabi,General Practitioner,,Active
DOC02620,Dr. Samantha Hart,Psychiatry,FAC00546,Prime Day Surgery Center - Khor Fakkan,Sharjah,General Practitioner,15.0,Active
DOC02621,Dr. Jeff Barrett,General Surgery,FAC00476,Burjeel Clinic - Dubai,Dubai,Consultant,10.0,On Leave
DOC02622,Dr. Joshua Ford,ENT,FAC01503,Burjeel Clinic - Umm Al Quwain,Umm Al Quwain,Specialist,26.0,Active
DOC02623,Dr. Joseph Graham,Urology,FAC00978,NMC Hospital - Khor Fakkan,Sharjah,Specialist,23.0,On Leave
DOC02624,Dr. Darryl Frank,Endocrinology,FAC01641,Gulf Medical Center - Ruwais,Abu Dhabi,Specialist,10.0,On Leave
DOC02625,Dr. Mark Elliott,Internal Medicine,FAC00550,Al Noor Medical Center - Jebel Ali,Dubai,Specialist,19.0,Active
DOC02626,Dr. Thomas Richards,Orthopedics,FAC00411,MediCare Medical Center - Dhaid,Sharjah,Specialist,16.0,Active
DOC02627,Dr. Jessica White,General Surgery,FAC00502,National Medical Center - Ras Al Khaimah,Ras Al Khaimah,General Practitioner,14.0,Active
DOC02628,Dr. Daisy Roberts,Nephrology,FAC00639,National Clinic - Dubai,Dubai,General Practitioner,6.0,Active
DOC02629,Dr. Jon Silva,Cardiology,FAC00948,National Hospital - Jebel Ali,Dubai,Consultant,18.0,Active
DOC02630,Dr. Randall Holland,Gastroenterology,FAC00288,MediCare Clinic - Ruwais,Abu Dhabi,Resident,4.0,Active
DOC02631,Dr. Meagan Morrison,ENT,FAC00704,Burjeel Clinic - Kalba,Sharjah,Consultant,19.0,Active
DOC02632,Dr. Kenneth Lane,Neurology,FAC00815,NMC Medical Center - Al Ain,Abu Dhabi,Resident,18.0,On Leave
DOC02633,Dr. Nicole Green,Dermatology,FAC00945,Prime Clinic - Abu Dhabi,Abu Dhabi,Specialist,6.0,On Leave
DOC02634,Dr. Monica Drake,Neurology,FAC00677,Al Noor Clinic - Jebel Ali,Dubai,Resident,8.0,On Leave
DOC02635,Dr. Matthew Hughes,Orthopedics,FAC01583,Gulf Hospital - Dubai,Dubai,Resident,3.0,On Leave
DOC02636,Dr. Robert Rodriguez,Gastroenterology,FAC01170,Life Medical Center - Kalba,Sharjah,Specialist,17.0,Active
DOC02637,Dr. Greg Jimenez,Oncology,FAC01100,Burjeel Clinic - Abu Dhabi,Abu Dhabi,Specialist,19.0,Active
DOC02638,Dr. Samuel Simpson,Pulmonology,FAC01089,NMC Medical Center - Dubai,Dubai,General Practitioner,17.0,Active
DOC02639,Dr. Sharon Beck,General Surgery,FAC00266,Al Noor Specialty Center - Hatta,Dubai,Specialist,6.0,Active
DOC02640,Dr. Jason Miller,Endocrinology,FAC00539,Emirates Clinic - Kalba,Sharjah,Resident,10.0,Active
DOC02641,Dr. Jeffrey Taylor,Urology,FAC01474,Prime Day Surgery Center - Al Ain,Abu Dhabi,Specialist,6.0,On Leave
DOC02642,Dr. Mary Peterson,Pulmonology,FAC00421,National Hospital - Dubai,Dubai,General Practitioner,9.0,On Leave
DOC02643,Dr. Nicholas Larson,Gastroenterology,FAC01431,MediCare Clinic - Khor Fakkan,Sharjah,Specialist,2.0,Active
DOC02644,Dr. Veronica May,Dermatology,FAC01123,NMC Clinic - Hatta,Dubai,Specialist,,Active
DOC02645,Dr. Jennifer Adkins,ENT,FAC00361,Burjeel Clinic - Dubai,Dubai,Specialist,26.0,On Leave
DOC02646,Dr. Michael Brown,ENT,FAC00687,Aster Clinic - Fujairah,Fujairah,Resident,24.0,Active
DOC02647,Dr. Donna Martin,Oncology,FAC00890,MediCare Hospital - Ruwais,Abu Dhabi,General Practitioner,4.0,Active
DOC02648,Dr. Michael Wilson,Obstetrics & Gynecology,FAC00745,NMC Hospital - Al Ain,Abu Dhabi,General Practitioner,22.0,Active
DOC02649,Dr. Erika Thomas,Orthopedics,FAC01354,Prime Hospital - Masfout,Ajman,Consultant,25.0,On Leave
DOC02650,Dr. Nathaniel Green,Orthopedics,FAC00593,Life Clinic - Madinat Zayed,Abu Dhabi,Specialist,12.0,Active
DOC02651,Dr. Ryan Obrien,Internal Medicine,FAC00759,Gulf Clinic - Dhaid,Sharjah,Resident,9.0,Active
DOC02652,Dr. Thomas Reyes,ENT,FAC01162,Prime Clinic - Ruwais,Abu Dhabi,Resident,20.0,Active
DOC02653,Dr. Autumn Johnson,Endocrinology,FAC00836,Prime Clinic - Fujairah,Fujairah,Resident,24.0,On Leave
DOC02654,Dr. April Hanna,Internal Medicine,FAC00404,Burjeel Clinic - Ras Al Khaimah,Ras Al Khaimah,Consultant,23.0,Active
DOC02655,Dr. Linda Hayes,Endocrinology,FAC00748,Al Noor Clinic - Ras Al Khaimah,Ras Al Khaimah,Specialist,9.0,Active
DOC02656,Dr. Bianca Miles,Oncology,FAC01071,National Hospital - Madinat Zayed,Abu Dhabi,Consultant,,Active
DOC02657,Dr. Elizabeth Walters,Urology,FAC00222,National Clinic - Khor Fakkan,Sharjah,Specialist,27.0,Active
DOC02658,Dr. James Chase,ENT,FAC00465,Al Noor Clinic - Dubai,Dubai,Consultant,21.0,Active
DOC02659,Dr. Jason Olson,Psychiatry,FAC00468,Emirates Medical Center - Abu Dhabi,Abu Dhabi,General Practitioner,20.0,Active
DOC02660,Dr. Laura Walter,Pediatrics,FAC01646,Life Medical Center - Ruwais,Abu Dhabi,Resident,26.0,On Leave
DOC02661,Dr. Manuel Smith,ENT,FAC00115,Al Noor Clinic - Khor Fakkan,Sharjah,General Practitioner,22.0,Active
DOC02662,Dr. Michael Hall,Nephrology,FAC01536,Al Noor Specialty Center - Khor Fakkan,Sharjah,Consultant,24.0,Active
DOC02663,Dr. Anthony Gordon,Cardiology,FAC01162,Prime Clinic - Ruwais,Abu Dhabi,Consultant,11.0,On Leave
DOC02664,Dr. Elizabeth Smith,Internal Medicine,FAC01636,NMC Medical Center - Madinat Zayed,Abu Dhabi,Specialist,4.0,Active
DOC02665,Dr. Mark Dyer,Internal Medicine,FAC00288,MediCare Clinic - Ruwais,Abu Dhabi,Specialist,17.0,On Leave
DOC02666,Dr. David Baker,Neurology,FAC00652,Gulf Clinic - Abu Dhabi,Abu Dhabi,Specialist,4.0,Active
DOC02667,Dr. Anita Hines,Pediatrics,FAC00374,National Medical Center - Dhaid,Sharjah,Consultant,8.0,On Leave
DOC02668,Dr. Jessica Watkins,General Surgery,FAC00783,MediCare Medical Center - Madinat Zayed,Abu Dhabi,Consultant,21.0,On Leave
DOC02669,Dr. Brian Burgess,Dermatology,FAC00276,NMC Specialty Center - Dubai,Dubai,Resident,6.0,Active
DOC02670,Dr. Jason Smith,Orthopedics,FAC01414,Aster Hospital - Al Ain,Abu Dhabi,Resident,6.0,Active
DOC02671,Dr. Gregory Sims,Obstetrics & Gynecology,FAC00438,Prime Medical Center - Al Ain,Abu Dhabi,Resident,27.0,Active
DOC02672,Dr. Sarah Rivas,Internal Medicine,FAC01379,Prime Hospital - Jebel Ali,Dubai,Specialist,17.0,On Leave
DOC02673,Dr. Zachary Olsen,Cardiology,FAC00544,Gulf Specialty Center - Ras Al Khaimah,Ras Al Khaimah,General Practitioner,25.0,Active
DOC02674,Dr. Brian Williams,Ophthalmology,FAC00440,National Medical Center - Sharjah,Sharjah,Consultant,24.0,Active
DOC02675,Dr. Shaun Foster,Cardiology,FAC00726,MediCare Hospital - Ras Al Khaimah,Ras Al Khaimah,General Practitioner,4.0,On Leave
DOC02676,Dr. Steven Miranda,ENT,FAC00572,NMC Specialty Center - Madinat Zayed,Abu Dhabi,Specialist,7.0,Active
DOC02677,Dr. Pamela Bray,ENT,FAC00713,NMC Clinic - Kalba,Sharjah,General Practitioner,16.0,Active
DOC02678,Dr. Eric Kim,Neurology,FAC01136,National Hospital - Ruwais,Abu Dhabi,Resident,15.0,On Leave
DOC02679,Dr. Bryan Taylor,Neurology,FAC01143,National Hospital - Jebel Ali,Dubai,Resident,7.0,Active
DOC02680,Dr. David Phelps,ENT,FAC00660,Aster Hospital - Ruwais,Abu Dhabi,General Practitioner,18.0,Active
DOC02681,Dr. Jorge Stafford,Ophthalmology,FAC00954,MediCare Hospital - Jebel Ali,Dubai,Consultant,14.0,Active
DOC02682,Dr. Jon Kaiser,Endocrinology,FAC01042,Emirates Hospital - Al Ain,Abu Dhabi,Resident,21.0,On Leave
DOC02683,Dr. Robert Martinez,Ophthalmology,FAC01106,NMC Clinic - Madinat Zayed,Abu Dhabi,General Practitioner,12.0,Active
DOC02684,Dr. Manuel Ellison,Oncology,FAC01073,Burjeel Hospital - Ruwais,Abu Dhabi,Resident,26.0,Active
DOC02685,Dr. Ashley Hobbs,Dermatology,FAC01607,Gulf Hospital - Masfout,Ajman,Consultant,25.0,Active
DOC02686,Dr. Karen Glover,Psychiatry,FAC01252,Al Noor Clinic - Fujairah,Fujairah,Consultant,23.0,Active
DOC02687,Dr. Alicia Porter,Ophthalmology,FAC01545,Gulf Hospital - Hatta,Dubai,Specialist,24.0,Active
DOC02688,Dr. Richard Webb,Ophthalmology,FAC00928,National Clinic - Ruwais,Abu Dhabi,Specialist,27.0,Active
DOC02689,Dr. Theresa Lewis,Endocrinology,FAC00994,Aster Medical Center - Abu Dhabi,Abu Dhabi,Consultant,11.0,On Leave
DOC02690,Dr. Brian Munoz,Dermatology,FAC01451,NMC Clinic - Abu Dhabi,Abu Dhabi,General Practitioner,22.0,Active
DOC02691,Dr. Courtney Black,Pediatrics,FAC01590,Burjeel Clinic - Ruwais,Abu Dhabi,General Practitioner,25.0,On Leave
DOC02692,Dr. Rebecca Galloway,Pediatrics,FAC01357,Gulf Clinic - Abu Dhabi,Abu Dhabi,Consultant,1.0,Active
DOC02693,Dr. Mary Turner,Cardiology,FAC00251,Prime Clinic - Al Ain,Abu Dhabi,Specialist,27.0,Active
DOC02694,Dr. Kayla Bailey,Dermatology,FAC00323,NMC Clinic - Hatta,Dubai,General Practitioner,9.0,Active
DOC02695,Dr. Deborah Gillespie,Nephrology,FAC01328,NMC Medical Center - Sharjah,Sharjah,Specialist,15.0,Active
DOC02696,Dr. Daniel Miller,Internal Medicine,FAC01639,National Day Surgery Center - Dhaid,Sharjah,Consultant,2.0,Active
DOC02697,Dr. Crystal Norris,General Surgery,FAC00673,National Clinic - Madinat Zayed,Abu Dhabi,Resident,9.0,On Leave
DOC02698,Dr. Kyle Maldonado,Internal Medicine,FAC00888,Burjeel Medical Center - Dubai,Dubai,Resident,17.0,Active
DOC02699,Dr. Aaron Fritz,Pediatrics,FAC00184,Aster Medical Center - Ruwais,Abu Dhabi,Consultant,11.0,Active
DOC02700,Dr. Anita Ponce,General Surgery,FAC00548,Aster Medical Center - Ras Al Khaimah,Ras Al Khaimah,General Practitioner,23.0,On Leave
DOC02701,Dr. Alexander Carpenter,Nephrology,FAC00719,MediCare Specialty Center - Dubai,Dubai,Resident,6.0,Active
DOC02702,Dr. Jamie Green,Oncology,FAC00188,NMC Clinic - Masfout,Ajman,Resident,23.0,On Leave
DOC02703,Dr. Anne Goodwin,Oncology,FAC00920,NMC Clinic - Hatta,Dubai,General Practitioner,10.0,Active
DOC02704,Dr. Marvin Fox,Cardiology,FAC01347,National Specialty Center - Dubai,Dubai,General Practitioner,3.0,Active
DOC02705,Dr. Phillip Hunter,Pulmonology,FAC00822,MediCare Medical Center - Jebel Ali,Dubai,Specialist,11.0,On Leave
DOC02706,Dr. Dustin Norton,Orthopedics,FAC00680,Aster Day Surgery Center - Fujairah,Fujairah,Resident,8.0,Active
DOC02707,Dr. Timothy Anderson,Psychiatry,FAC00843,Emirates Medical Center - Ruwais,Abu Dhabi,Resident,3.0,Active
DOC02708,Dr. Dylan Ryan,Psychiatry,FAC00023,Prime Hospital - Kalba,Sharjah,Resident,9.0,On Leave
DOC02709,Dr. Christy Thomas,Pediatrics,FAC00291,Aster Specialty Center - Dubai,Dubai,General Practitioner,14.0,Active
DOC02710,Dr. Elizabeth Stevens,ENT,FAC01192,Al Noor Medical Center - Fujairah,Fujairah,Resident,21.0,Active
DOC02711,Dr. Rebecca Williams,Orthopedics,FAC01500,Gulf Medical Center - Masfout,Ajman,Specialist,23.0,On Leave
DOC02712,Dr. Brittany Ashley,Oncology,FAC01471,Burjeel Clinic - Ajman,Ajman,Consultant,14.0,Active
DOC02713,Dr. Jason Berry,Gastroenterology,FAC01464,NMC Clinic - Dhaid,Sharjah,Specialist,24.0,Active
DOC02714,Dr. Anna Medina,Cardiology,FAC00971,Al Noor Medical Center - Sharjah,Sharjah,Resident,27.0,Active
DOC02715,Dr. Maureen Wood,Ophthalmology,FAC01260,MediCare Hospital - Dubai,Dubai,Specialist,25.0,On Leave
DOC02716,Dr. Angela Yates,Dermatology,FAC00678,Burjeel Specialty Center - Masfout,Ajman,Consultant,1.0,Active
DOC02717,Dr. James Li,Cardiology,FAC01306,Aster Medical Center - Dubai,Dubai,Consultant,10.0,Active
DOC02718,Dr. David Robertson,Ophthalmology,FAC00426,National Medical Center - Al Ain,Abu Dhabi,Consultant,20.0,Active
DOC02719,Dr. Calvin Benjamin,Ophthalmology,FAC00538,Gulf Specialty Center - Dibba Al-Fujairah,Fujairah,Resident,27.0,On Leave
DOC02720,Dr. Timothy Hunter,ENT,FAC00459,Gulf Medical Center - Abu Dhabi,Abu Dhabi,Consultant,19.0,On Leave
DOC02721,Dr. Mark Sanchez,Orthopedics,FAC00107,NMC Hospital - Khor Fakkan,Sharjah,Consultant,20.0,Active
DOC02722,Dr. Betty Mathews,Gastroenterology,FAC01454,Al Noor Specialty Center - Hatta,Dubai,Resident,9.0,Active
DOC02723,Dr. Adam Dennis,Cardiology,FAC00044,Prime Specialty Center - Khor Fakkan,Sharjah,Consultant,12.0,Active
DOC02724,Dr. Randy Bell,Oncology,FAC01331,Aster Medical Center - Ruwais,Abu Dhabi,Resident,9.0,Active
DOC02725,Dr. Ricky Thompson,Ophthalmology,FAC00315,Prime Medical Center - Al Ain,Abu Dhabi,General Practitioner,1.0,On Leave
DOC02726,Dr. Megan Roberson,Pulmonology,FAC01525,Burjeel Specialty Center - Abu Dhabi,Abu Dhabi,General Practitioner,26.0,Active
DOC02727,Dr. Janet Bailey,Ophthalmology,FAC00305,NMC Medical Center - Ras Al Khaimah,Ras Al Khaimah,Consultant,24.0,Active
DOC02728,Dr. Donna Cohen,General Surgery,FAC01356,Prime Clinic - Fujairah,Fujairah,Specialist,,Active
DOC02729,Dr. Bill Lucero,General Surgery,FAC00242,Al Noor Medical Center - Umm Al Quwain,Umm Al Quwain,General Practitioner,7.0,Active
DOC02730,Dr. Whitney Gomez,ENT,FAC00323,NMC Clinic - Hatta,Dubai,Consultant,7.0,On Leave
DOC02731,Dr. Ronald Sloan,Urology,FAC00040,NMC Clinic - Dubai,Dubai,Consultant,19.0,On Leave
DOC02732,Dr. Erika Wright,Endocrinology,FAC01317,Life Clinic - Dibba Al-Fujairah,Fujairah,Consultant,5.0,Active
DOC02733,Dr. Jason Sosa,ENT,FAC01420,Prime Clinic - Abu Dhabi,Abu Dhabi,Specialist,3.0,On Leave
DOC02734,Dr. Kelly Jones,Pulmonology,FAC00923,Gulf Hospital - Umm Al Quwain,Umm Al Quwain,Specialist,3.0,Active
DOC02735,Dr. Jaime Skinner,Gastroenterology,FAC00954,MediCare Hospital - Jebel Ali,Dubai,General Practitioner,12.0,Active
DOC02736,Dr. Victor Richardson,Ophthalmology,FAC00074,National Clinic - Ras Al Khaimah,Ras Al Khaimah,Resident,12.0,On Leave
DOC02737,Dr. Melvin Smith,Dermatology,FAC00452,Aster Clinic - Jebel Ali,Dubai,Resident,22.0,On Leave
DOC02738,Dr. Brandon Hawkins,Orthopedics,FAC01353,NMC Hospital - Jebel Ali,Dubai,General Practitioner,7.0,Active
DOC02739,Dr. Brandon Larson,Ophthalmology,FAC01540,Burjeel Clinic - Umm Al Quwain,Umm Al Quwain,General Practitioner,13.0,On Leave
DOC02740,Dr. Victoria Yates,Ophthalmology,FAC00849,Prime Clinic - Madinat Zayed,Abu Dhabi,Specialist,9.0,Active
DOC02741,Dr. Megan Williams,Ophthalmology,FAC01307,Prime Hospital - Madinat Zayed,Abu Dhabi,Resident,9.0,Active
DOC02742,Dr. Keith Allen,Gastroenterology,FAC00127,Burjeel Clinic - Ras Al Khaimah,Ras Al Khaimah,General Practitioner,12.0,Active
DOC02743,Dr. Christopher Brown,Cardiology,FAC00780,NMC Day Surgery Center - Fujairah,Fujairah,Consultant,14.0,On Leave
DOC02744,Dr. Michael Calhoun,Oncology,FAC00355,Gulf Medical Center - Masfout,Ajman,General Practitioner,24.0,On Leave
DOC02745,Dr. Amanda Stone,Ophthalmology,FAC01309,Prime Medical Center - Masfout,Ajman,General Practitioner,13.0,On Leave
DOC02746,Dr. Diamond Smith,Dermatology,FAC01397,Burjeel Medical Center - Kalba,Sharjah,General Practitioner,19.0,Active
DOC02747,Dr. Stacey Gonzalez,Gastroenterology,FAC01231,Al Noor Clinic - Hatta,Dubai,General Practitioner,25.0,Active
DOC02748,Dr. Melissa Lang,Cardiology,FAC00709,NMC Hospital - Ras Al Khaimah,Ras Al Khaimah,Resident,27.0,Active
DOC02749,Dr. Richard Martin,Gastroenterology,FAC01501,Life Hospital - Ruwais,Abu Dhabi,Specialist,4.0,Active
DOC02750,Dr. Rachel Wall,Oncology,FAC01597,National Medical Center - Ras Al Khaimah,Ras Al Khaimah,Resident,9.0,On Leave
DOC02751,Dr. Michael Duncan,Orthopedics,FAC01399,NMC Medical Center - Ruwais,Abu Dhabi,Consultant,7.0,Active
DOC02752,Dr. Matthew Daniels,Orthopedics,FAC00527,Life Clinic - Ajman,Ajman,General Practitioner,9.0,Active
DOC02753,Dr. Danielle Cameron,Oncology,FAC00691,Gulf Clinic - Abu Dhabi,Abu Dhabi,General Practitioner,18.0,Active
DOC02754,Dr. Jeanette Smith,Obstetrics & Gynecology,FAC01198,Burjeel Clinic - Jebel Ali,Dubai,General Practitioner,21.0,On Leave
DOC02755,Dr. Kevin Bowers,Gastroenterology,FAC01050,Life Clinic - Madinat Zayed,Abu Dhabi,General Practitioner,2.0,On Leave
DOC02756,Dr. Michael Murray,Dermatology,FAC00494,NMC Specialty Center - Ras Al Khaimah,Ras Al Khaimah,General Practitioner,17.0,Active
DOC02757,Dr. Pam Bowman,Ophthalmology,FAC01338,Al Noor Clinic - Ras Al Khaimah,Ras Al Khaimah,Consultant,11.0,Active
DOC02758,Dr. Kevin Williams,Endocrinology,FAC00683,Al Noor Day Surgery Center - Umm Al Quwain,Umm Al Quwain,Resident,22.0,On Leave
DOC02759,Dr. Melissa Thomas,Orthopedics,FAC01358,Aster Clinic - Ajman,Ajman,Specialist,5.0,On Leave
DOC02760,Dr. Eddie Kim,Cardiology,FAC01466,Prime Clinic - Madinat Zayed,Abu Dhabi,Resident,12.0,On Leave
DOC02761,Dr. Michele Smith,Dermatology,FAC00005,Prime Clinic - Ruwais,Abu Dhabi,General Practitioner,6.0,On Leave
DOC02762,Dr. Hannah Garcia,Obstetrics & Gynecology,FAC01066,Al Noor Clinic - Ruwais,Abu Dhabi,Resident,24.0,On Leave
DOC02763,Dr. Cassandra Rogers,Dermatology,FAC01508,Burjeel Medical Center - Masfout,Ajman,Resident,17.0,Active
DOC02764,Dr. Julie Hart,Orthopedics,FAC00928,National Clinic - Ruwais,Abu Dhabi,General Practitioner,21.0,Active
DOC02765,Dr. Joseph Foster,Ophthalmology,FAC00405,NMC Medical Center - Sharjah,Sharjah,Specialist,15.0,Active
DOC02766,Dr. Margaret Flores,Psychiatry,FAC00548,Aster Medical Center - Ras Al Khaimah,Ras Al Khaimah,Consultant,7.0,Active
DOC02767,Dr. Randy Schultz,Orthopedics,FAC00854,MediCare Medical Center - Ruwais,Abu Dhabi,Resident,4.0,Active
DOC02768,Dr. David Thompson,Obstetrics & Gynecology,FAC00858,Aster Clinic - Madinat Zayed,Abu Dhabi,Specialist,27.0,Active
DOC02769,Dr. Ryan Williams,Nephrology,FAC00130,Al Noor Clinic - Ajman,Ajman,Consultant,9.0,Active
DOC02770,Dr. Jeffery Chan,Psychiatry,FAC00848,Gulf Clinic - Umm Al Quwain,Umm Al Quwain,General Practitioner,6.0,Active
DOC02771,Dr. Anne Cohen,Pulmonology,FAC00551,MediCare Day Surgery Center - Madinat Zayed,Abu Dhabi,Specialist,14.0,Active
DOC02772,Dr. Douglas Andrews,Internal Medicine,FAC00026,Prime Medical Center - Madinat Zayed,Abu Dhabi,General Practitioner,2.0,On Leave
DOC02773,Dr. Dawn Williams,Ophthalmology,FAC00091,Gulf Day Surgery Center - Abu Dhabi,Abu Dhabi,General Practitioner,4.0,Active
DOC02774,Dr. Bradley Mccullough,Internal Medicine,FAC00550,Al Noor Medical Center - Jebel Ali,Dubai,Specialist,26.0,On Leave
DOC02775,Dr. Edward King,Dermatology,FAC00932,Life Hospital - Ajman,Ajman,General Practitioner,8.0,Active
DOC02776,Dr. Charles Gonzalez,Nephrology,FAC00423,MediCare Day Surgery Center - Al Ain,Abu Dhabi,General Practitioner,1.0,Active
DOC02777,Dr. Colleen Frank,Psychiatry,FAC00200,NMC Clinic - Madinat Zayed,Abu Dhabi,General Practitioner,13.0,On Leave
DOC02778,Dr. Paul Wilson,Gastroenterology,FAC00691,Gulf Clinic - Abu Dhabi,Abu Dhabi,Resident,3.0,Active
DOC02779,Dr. Anna Ball,Endocrinology,FAC00036,MediCare Hospital - Dhaid,Sharjah,Specialist,15.0,Active
DOC02780,Dr. Alexis Henderson,Orthopedics,FAC01043,Life Clinic - Dibba Al-Fujairah,Fujairah,General Practitioner,17.0,On Leave
DOC02781,Dr. Leah Ray,Pediatrics,FAC00592,MediCare Hospital - Sharjah,Sharjah,Consultant,13.0,Active
DOC02782,Dr. Christina Ryan,Nephrology,FAC00125,Aster Medical Center - Madinat Zayed,Abu Dhabi,Consultant,10.0,On Leave
DOC02783,Dr. Daniel Nelson,Obstetrics & Gynecology,FAC00097,Burjeel Clinic - Al Ain,Abu Dhabi,Specialist,4.0,Active
DOC02784,Dr. Ashley Higgins,Orthopedics,FAC01459,Prime Medical Center - Dubai,Dubai,Resident,4.0,On Leave
DOC02785,Dr. David Mora,Oncology,FAC00619,National Medical Center - Jebel Ali,Dubai,Consultant,,On Leave
DOC02786,Dr. Kyle Thompson,Gastroenterology,FAC01377,Prime Clinic - Dibba Al-Fujairah,Fujairah,Specialist,23.0,Active
DOC02787,Dr. Rachel Perry,Dermatology,FAC00404,Burjeel Clinic - Ras Al Khaimah,Ras Al Khaimah,Resident,19.0,Active
DOC02788,Dr. Teresa Jones,Urology,FAC00668,NMC Clinic - Madinat Zayed,Abu Dhabi,Specialist,2.0,Active
DOC02789,Dr. Mary Walker,Psychiatry,FAC01041,Al Noor Specialty Center - Hatta,Dubai,General Practitioner,5.0,On Leave
DOC02790,Dr. William Cabrera,General Surgery,FAC00098,Burjeel Medical Center - Ruwais,Abu Dhabi,Consultant,21.0,Active
DOC02791,Dr. Anthony Smith,Obstetrics & Gynecology,FAC01392,Al Noor Hospital - Dubai,Dubai,General Practitioner,25.0,Active
DOC02792,Dr. Jeffrey Thompson,ENT,FAC00339,Al Noor Clinic - Dibba Al-Fujairah,Fujairah,General Practitioner,4.0,Active
DOC02793,Dr. Bianca Stevens,Ophthalmology,FAC01203,Gulf Specialty Center - Ajman,Ajman,Specialist,4.0,Active
DOC02794,Dr. Sarah Lopez,Pulmonology,FAC01457,MediCare Clinic - Ruwais,Abu Dhabi,General Practitioner,8.0,On Leave
DOC02795,Dr. Jennifer Flores,Pulmonology,FAC00035,Gulf Medical Center - Dubai,Dubai,Specialist,4.0,On Leave
DOC02796,Dr. Ashley Smith,Neurology,FAC00125,Aster Medical Center - Madinat Zayed,Abu Dhabi,Specialist,21.0,On Leave
DOC02797,Dr. Joshua Thomas,Gastroenterology,FAC01012,Prime Medical Center - Abu Dhabi,Abu Dhabi,General Practitioner,22.0,Active
DOC02798,Dr. Kathryn Shannon,Pediatrics,FAC00304,Life Medical Center - Al Ain,Abu Dhabi,General Practitioner,27.0,Active
DOC02799,Dr. Brandy Johnson,Cardiology,FAC00730,NMC Hospital - Ras Al Khaimah,Ras Al Khaimah,Resident,17.0,Active
DOC02800,Dr. Karen Avila,Urology,FAC01510,Burjeel Day Surgery Center - Al Ain,Abu Dhabi,Resident,10.0,On Leave
DOC02801,Dr. Linda Moon,Psychiatry,FAC00064,Emirates Clinic - Dubai,Dubai,General Practitioner,10.0,Active
DOC02802,Dr. Bethany Howell,Neurology,FAC00842,National Specialty Center - Masfout,Ajman,Consultant,12.0,Active
DOC02803,Dr. Amy Garcia,Urology,FAC01073,Burjeel Hospital - Ruwais,Abu Dhabi,General Practitioner,9.0,Active
DOC02804,Dr. Natalie Acosta,ENT,FAC01599,Al Noor Clinic - Dibba Al-Fujairah,Fujairah,Specialist,3.0,Active
DOC02805,Dr. Terri Johnson,Dermatology,FAC00978,NMC Hospital - Khor Fakkan,Sharjah,General Practitioner,11.0,Active
DOC02806,Dr. Joseph Smith,Gastroenterology,FAC00437,Burjeel Specialty Center - Dibba Al-Fujairah,Fujairah,Resident,3.0,On Leave
DOC02807,Dr. Beth Francis,Dermatology,FAC01098,Life Clinic - Jebel Ali,Dubai,Resident,26.0,Active
DOC02808,Dr. Todd Shea,Gastroenterology,FAC00127,Burjeel Clinic - Ras Al Khaimah,Ras Al Khaimah,Resident,25.0,Active
DOC02809,Dr. Amanda Stevenson,Endocrinology,FAC01078,Al Noor Medical Center - Hatta,Dubai,Resident,8.0,Active
DOC02810,Dr. Guy Cruz,Neurology,FAC00532,MediCare Clinic - Dubai,Dubai,Resident,2.0,Active
DOC02811,Dr. Stephen Ramirez,Cardiology,FAC00154,Life Clinic - Hatta,Dubai,Specialist,17.0,Active
DOC02812,Dr. Michael Torres,Pediatrics,FAC00499,Emirates Hospital - Umm Al Quwain,Umm Al Quwain,Specialist,16.0,Active
DOC02813,Dr. Jessica Walsh,Obstetrics & Gynecology,FAC00948,National Hospital - Jebel Ali,Dubai,Specialist,4.0,Active
DOC02814,Dr. Laura Weiss,Gastroenterology,FAC00657,Emirates Hospital - Madinat Zayed,Abu Dhabi,Consultant,17.0,Active
DOC02815,Dr. Mary Mcdonald,Pediatrics,FAC00691,Gulf Clinic - Abu Dhabi,Abu Dhabi,Resident,17.0,Active
DOC02816,Dr. Regina White,Endocrinology,FAC00540,Emirates Day Surgery Center - Ras Al Khaimah,Ras Al Khaimah,Specialist,9.0,Active
DOC02817,Dr. John Kane,Orthopedics,FAC01092,Aster Specialty Center - Ajman,Ajman,Consultant,26.0,Active
DOC02818,Dr. Brandy Duran,Nephrology,FAC00948,National Hospital - Jebel Ali,Dubai,General Practitioner,14.0,On Leave
DOC02819,Dr. Kristen French,Nephrology,FAC00910,Gulf Clinic - Al Ain,Abu Dhabi,Specialist,8.0,Active
DOC02820,Dr. Richard Bailey,ENT,FAC00896,Burjeel Hospital - Ruwais,Abu Dhabi,General Practitioner,21.0,Active
DOC02821,Dr. Angela Ford,Pediatrics,FAC00226,Life Medical Center - Dhaid,Sharjah,Resident,18.0,On Leave
DOC02822,Dr. Jo Fisher,Obstetrics & Gynecology,FAC00196,Prime Hospital - Abu Dhabi,Abu Dhabi,General Practitioner,6.0,On Leave
DOC02823,Dr. Heather Skinner,Dermatology,FAC00192,NMC Clinic - Madinat Zayed,Abu Dhabi,General Practitioner,18.0,On Leave
DOC02824,Dr. Destiny Gutierrez,Orthopedics,FAC01595,Aster Medical Center - Dhaid,Sharjah,General Practitioner,10.0,Active
DOC02825,Dr. Jeremy Schneider,Obstetrics & Gynecology,FAC00664,Prime Clinic - Al Ain,Abu Dhabi,Resident,23.0,On Leave
DOC02826,Dr. Anita Thompson,Urology,FAC01544,Burjeel Clinic - Ras Al Khaimah,Ras Al Khaimah,Specialist,17.0,Active
DOC02827,Dr. Nancy Anderson,Ophthalmology,FAC01240,National Hospital - Hatta,Dubai,Resident,10.0,Active
DOC02828,Dr. Michael Deleon,Neurology,FAC00776,Emirates Medical Center - Hatta,Dubai,Specialist,19.0,Active
DOC02829,Dr. Vanessa Meyer,Internal Medicine,FAC01514,National Hospital - Dibba Al-Fujairah,Fujairah,General Practitioner,7.0,Active
DOC02830,Dr. Alexandra Gill,Neurology,FAC00418,NMC Specialty Center - Ajman,Ajman,Resident,13.0,Active
DOC02831,Dr. Kristen Butler,Pediatrics,FAC01489,Aster Medical Center - Al Ain,Abu Dhabi,General Practitioner,10.0,On Leave
DOC02832,Dr. Becky Dominguez,ENT,FAC00204,Prime Clinic - Sharjah,Sharjah,Specialist,7.0,On Leave
DOC02833,Dr. Daniel Howard,Nephrology,FAC01476,Al Noor Clinic - Dubai,Dubai,General Practitioner,25.0,On Leave
DOC02834,Dr. Brandon Greer,ENT,FAC00233,Gulf Day Surgery Center - Khor Fakkan,Sharjah,Specialist,12.0,On Leave
DOC02835,Dr. Bryan Garza,Orthopedics,FAC00840,Gulf Medical Center - Ruwais,Abu Dhabi,Resident,4.0,Active
DOC02836,Dr. Timothy Simpson,Gastroenterology,FAC00282,MediCare Clinic - Al Ain,Abu Dhabi,General Practitioner,11.0,Active
DOC02837,Dr. Mathew Baker,Internal Medicine,FAC01099,Burjeel Clinic - Kalba,Sharjah,Resident,21.0,Active
DOC02838,Dr. Christina Keller,Nephrology,FAC00624,NMC Medical Center - Ras Al Khaimah,Ras Al Khaimah,Consultant,22.0,Active
DOC02839,Dr. Jonathan Brown,General Surgery,FAC01039,Burjeel Clinic - Abu Dhabi,Abu Dhabi,Specialist,10.0,On Leave
DOC02840,Dr. Richard Lopez,Obstetrics & Gynecology,FAC01151,Prime Clinic - Hatta,Dubai,General Practitioner,17.0,Active
DOC02841,Dr. Brian Rose,Orthopedics,FAC00188,NMC Clinic - Masfout,Ajman,Specialist,23.0,On Leave
DOC02842,Dr. Pam Richardson,ENT,FAC00616,Emirates Clinic - Hatta,Dubai,Consultant,25.0,Active
DOC02843,Dr. Brenda Rodriguez,Gastroenterology,FAC01381,National Medical Center - Dibba Al-Fujairah,Fujairah,Resident,17.0,On Leave
DOC02844,Dr. William Ibarra,Cardiology,FAC00818,Burjeel Hospital - Hatta,Dubai,Specialist,26.0,On Leave
DOC02845,Dr. Malik Wilson,Ophthalmology,FAC00892,MediCare Clinic - Madinat Zayed,Abu Dhabi,Consultant,26.0,Active
DOC02846,Dr. Brian Young,Orthopedics,FAC00041,Aster Medical Center - Al Ain,Abu Dhabi,Resident,1.0,On Leave
DOC02847,Dr. Caitlin Benson,Ophthalmology,FAC01589,Prime Medical Center - Madinat Zayed,Abu Dhabi,Resident,12.0,On Leave
DOC02848,Dr. Christopher Roman,ENT,FAC01467,MediCare Clinic - Ras Al Khaimah,Ras Al Khaimah,General Practitioner,26.0,Active
DOC02849,Dr. Theresa Brown,Cardiology,FAC00593,Life Clinic - Madinat Zayed,Abu Dhabi,General Practitioner,27.0,Active
DOC02850,Dr. Krystal Mccullough,Endocrinology,FAC00977,Emirates Clinic - Fujairah,Fujairah,General Practitioner,6.0,Active
DOC02851,Dr. Brittany Garcia,Orthopedics,FAC00398,Prime Medical Center - Dubai,Dubai,Specialist,16.0,Active
DOC02852,Dr. Christy Brown,Gastroenterology,FAC00019,NMC Medical Center - Al Ain,Abu Dhabi,Resident,1.0,Active
DOC02853,Dr. Mark Contreras,Neurology,FAC01582,National Clinic - Ruwais,Abu Dhabi,General Practitioner,22.0,Active
DOC02854,Dr. Richard Berry,Urology,FAC00606,Emirates Clinic - Jebel Ali,Dubai,Consultant,3.0,On Leave
DOC02855,Dr. Elizabeth Wolfe,Pulmonology,FAC00964,MediCare Clinic - Madinat Zayed,Abu Dhabi,General Practitioner,12.0,Active
DOC02856,Dr. Maria Simmons,Pediatrics,FAC00138,Prime Clinic - Jebel Ali,Dubai,General Practitioner,4.0,On Leave
DOC02857,Dr. Amber Jackson,ENT,FAC01585,National Clinic - Ras Al Khaimah,Ras Al Khaimah,Consultant,20.0,Active
DOC02858,Dr. Heather Holden,Orthopedics,FAC01585,National Clinic - Ras Al Khaimah,Ras Al Khaimah,Consultant,7.0,Active
DOC02859,Dr. Kristina Hernandez,Obstetrics & Gynecology,FAC01208,Gulf Clinic - Ruwais,Abu Dhabi,Consultant,11.0,On Leave
DOC02860,Dr. William Smith,Internal Medicine,FAC00342,Aster Specialty Center - Hatta,Dubai,Consultant,8.0,Active
DOC02861,Dr. Richard Sanchez,Internal Medicine,FAC00739,Aster Day Surgery Center - Ruwais,Abu Dhabi,Consultant,22.0,Active
DOC02862,Dr. Erin Davis,Dermatology,FAC00444,NMC Clinic - Abu Dhabi,Abu Dhabi,Specialist,14.0,Active
DOC02863,Dr. Kimberly Weaver,Nephrology,FAC01337,National Medical Center - Umm Al Quwain,Umm Al Quwain,Specialist,3.0,Active
DOC02864,Dr. John Phillips,Internal Medicine,FAC00385,Prime Hospital - Jebel Ali,Dubai,Specialist,27.0,On Leave
DOC02865,Dr. Christopher White,Pediatrics,FAC01490,Prime Clinic - Sharjah,Sharjah,Resident,18.0,Active
DOC02866,Dr. Justin Rodriguez,ENT,FAC01058,Al Noor Hospital - Jebel Ali,Dubai,General Practitioner,9.0,Active
DOC02867,Dr. Christine Gonzalez,Dermatology,FAC01647,MediCare Clinic - Hatta,Dubai,General Practitioner,8.0,Active
DOC02868,Dr. Deborah Evans,Orthopedics,FAC00537,Aster Day Surgery Center - Ajman,Ajman,Resident,21.0,Active
DOC02869,Dr. Michael Meyer,Obstetrics & Gynecology,FAC01400,Burjeel Medical Center - Abu Dhabi,Abu Dhabi,Resident,10.0,On Leave
DOC02870,Dr. Shannon Perez,ENT,FAC00665,Life Medical Center - Madinat Zayed,Abu Dhabi,Specialist,19.0,On Leave
DOC02871,Dr. Kimberly Stewart,Pediatrics,FAC01420,Prime Clinic - Abu Dhabi,Abu Dhabi,Consultant,4.0,On Leave
DOC02872,Dr. Debra Rangel,Nephrology,FAC01354,Prime Hospital - Masfout,Ajman,General Practitioner,3.0,On Leave
DOC02873,Dr. Tiffany Wallace,Neurology,FAC00678,Burjeel Specialty Center - Masfout,Ajman,Consultant,21.0,On Leave
DOC02874,Dr. Roberto Cabrera,Gastroenterology,FAC00109,Al Noor Specialty Center - Al Ain,Abu Dhabi,General Practitioner,12.0,Active
DOC02875,Dr. Angel Patton,Orthopedics,FAC01606,MediCare Medical Center - Khor Fakkan,Sharjah,Consultant,16.0,Active
DOC02876,Dr. Tony Hunt,Oncology,FAC01461,Al Noor Medical Center - Kalba,Sharjah,Consultant,17.0,Active
DOC02877,Dr. Rebecca Barron,Psychiatry,FAC01386,Al Noor Medical Center - Sharjah,Sharjah,Consultant,7.0,Active
DOC02878,Dr. Melanie Flores,General Surgery,FAC00682,MediCare Day Surgery Center - Ruwais,Abu Dhabi,General Practitioner,9.0,Active
DOC02879,Dr. Troy Robinson,Endocrinology,FAC01468,Gulf Medical Center - Dubai,Dubai,Specialist,26.0,Active
DOC02880,Dr. Joseph Howe,Obstetrics & Gynecology,FAC00829,Prime Medical Center - Abu Dhabi,Abu Dhabi,Specialist,20.0,Active
DOC02881,Dr. Aaron Skinner,Cardiology,FAC00837,Al Noor Hospital - Ajman,Ajman,Specialist,21.0,Active
DOC02882,Dr. Francisco Woods,Endocrinology,FAC00713,NMC Clinic - Kalba,Sharjah,Resident,4.0,Active
DOC02883,Dr. Monica Sanders,Pulmonology,FAC01324,Gulf Specialty Center - Madinat Zayed,Abu Dhabi,Resident,1.0,On Leave
DOC02884,Dr. Kristen Hebert,Gastroenterology,FAC01542,National Clinic - Umm Al Quwain,Umm Al Quwain,Consultant,26.0,Active
DOC02885,Dr. Curtis Rhodes,Ophthalmology,FAC00880,Aster Clinic - Dubai,Dubai,Specialist,26.0,Active
DOC02886,Dr. Edward Green,Cardiology,FAC00173,NMC Medical Center - Jebel Ali,Dubai,Resident,24.0,Active
DOC02887,Dr. Christian Smith,Obstetrics & Gynecology,FAC00686,Al Noor Clinic - Madinat Zayed,Abu Dhabi,General Practitioner,16.0,Active
DOC02888,Dr. Lynn Carlson,Urology,FAC01044,Burjeel Day Surgery Center - Ras Al Khaimah,Ras Al Khaimah,General Practitioner,25.0,Active
DOC02889,Dr. Amber Mccarthy,Pediatrics,FAC00498,Gulf Clinic - Sharjah,Sharjah,General Practitioner,15.0,Active
DOC02890,Dr. Karen Stone,Endocrinology,FAC00684,Aster Clinic - Umm Al Quwain,Umm Al Quwain,Specialist,17.0,Active
DOC02891,Dr. Brent Richard,Endocrinology,FAC00255,Prime Day Surgery Center - Madinat Zayed,Abu Dhabi,Specialist,23.0,Active
DOC02892,Dr. Joseph Becker,Pulmonology,FAC01032,Emirates Clinic - Abu Dhabi,Abu Dhabi,General Practitioner,11.0,Active
DOC02893,Dr. Cody Phillips,Urology,FAC00063,MediCare Day Surgery Center - Dhaid,Sharjah,Consultant,15.0,Active
DOC02894,Dr. Mary Clayton,Neurology,FAC00336,Life Day Surgery Center - Sharjah,Sharjah,General Practitioner,6.0,Active
DOC02895,Dr. Kelsey Chavez,Gastroenterology,FAC00550,Al Noor Medical Center - Jebel Ali,Dubai,Consultant,10.0,Active
DOC02896,Dr. Gregory White,Pulmonology,FAC01158,MediCare Medical Center - Abu Dhabi,Abu Dhabi,General Practitioner,19.0,Active
DOC02897,Dr. Kendra Smith,Internal Medicine,FAC00367,Gulf Medical Center - Khor Fakkan,Sharjah,Resident,12.0,Active
DOC02898,Dr. Steven Wilson,General Surgery,FAC01429,Emirates Hospital - Madinat Zayed,Abu Dhabi,General Practitioner,19.0,Active
DOC02899,Dr. Alan Collins,Gastroenterology,FAC00702,Al Noor Day Surgery Center - Al Ain,Abu Dhabi,Specialist,26.0,Active
DOC02900,Dr. Carla Gardner,Gastroenterology,FAC00280,Burjeel Clinic - Abu Dhabi,Abu Dhabi,General Practitioner,27.0,Active
DOC02901,Dr. Steven Howe,General Surgery,FAC00640,Emirates Medical Center - Madinat Zayed,Abu Dhabi,Specialist,2.0,Active
DOC02902,Dr. Nicholas Weiss,Urology,FAC00679,Life Specialty Center - Dhaid,Sharjah,Consultant,15.0,Active
DOC02903,Dr. Krystal Parrish,Psychiatry,FAC01025,NMC Day Surgery Center - Abu Dhabi,Abu Dhabi,General Practitioner,1.0,Active
DOC02904,Dr. Dana Hardy,Neurology,FAC00659,National Hospital - Madinat Zayed,Abu Dhabi,Consultant,3.0,Active
DOC02905,Dr. Tiffany Green,Neurology,FAC01490,Prime Clinic - Sharjah,Sharjah,General Practitioner,3.0,Active
DOC02906,Dr. Diana Mcdaniel,Orthopedics,FAC00691,Gulf Clinic - Abu Dhabi,Abu Dhabi,General Practitioner,1.0,Active
DOC02907,Dr. Robert Rodriguez,Neurology,FAC01409,Aster Medical Center - Dhaid,Sharjah,Specialist,13.0,Active
DOC02908,Dr. Tiffany Hawkins,Internal Medicine,FAC00506,MediCare Hospital - Ras Al Khaimah,Ras Al Khaimah,Specialist,14.0,Active
DOC02909,Dr. Ashley Thomas,Orthopedics,FAC00888,Burjeel Medical Center - Dubai,Dubai,Specialist,6.0,Active
DOC02910,Dr. Ashley Schmitt,Orthopedics,FAC01213,Aster Medical Center - Masfout,Ajman,Consultant,15.0,On Leave
DOC02911,Dr. Grace Fritz,Orthopedics,FAC00370,MediCare Hospital - Sharjah,Sharjah,Specialist,13.0,Active
DOC02912,Dr. Joshua Mccann,Ophthalmology,FAC00244,Aster Day Surgery Center - Kalba,Sharjah,Specialist,19.0,Active
DOC02913,Dr. Jason Cobb,Ophthalmology,FAC00631,NMC Clinic - Madinat Zayed,Abu Dhabi,General Practitioner,14.0,Active
DOC02914,Dr. Derek Anderson,Pulmonology,FAC00372,Aster Clinic - Madinat Zayed,Abu Dhabi,General Practitioner,9.0,Active
DOC02915,Dr. Dakota Cordova,Pulmonology,FAC00274,Gulf Clinic - Madinat Zayed,Abu Dhabi,Resident,,Active
DOC02916,Dr. Pamela Hoffman,Dermatology,FAC00271,MediCare Clinic - Kalba,Sharjah,Resident,21.0,Active
DOC02917,Dr. Donna Davis,Orthopedics,FAC00256,Aster Medical Center - Madinat Zayed,Abu Dhabi,Consultant,10.0,Active
DOC02918,Dr. Jessica Cross,Internal Medicine,FAC00249,Life Specialty Center - Dubai,Dubai,Resident,14.0,Active
DOC02919,Dr. Aaron Campbell,General Surgery,FAC00086,NMC Hospital - Fujairah,Fujairah,Resident,10.0,Active
DOC02920,Dr. Mark Washington,Ophthalmology,FAC00363,Life Specialty Center - Dubai,Dubai,Specialist,23.0,Active
DOC02921,Dr. Kevin Jacobs,Pediatrics,FAC01565,Burjeel Clinic - Madinat Zayed,Abu Dhabi,General Practitioner,10.0,Active
DOC02922,Dr. Jeff Smith,Obstetrics & Gynecology,FAC01034,Prime Day Surgery Center - Khor Fakkan,Sharjah,Specialist,2.0,On Leave
DOC02923,Dr. Lindsay Brown,Pediatrics,FAC00556,Aster Clinic - Khor Fakkan,Sharjah,Consultant,14.0,Active
DOC02924,Dr. Joseph Schneider,Orthopedics,FAC00212,Aster Medical Center - Al Ain,Abu Dhabi,Consultant,17.0,Active
DOC02925,Dr. Michael Gilbert,Cardiology,FAC01626,Life Hospital - Ruwais,Abu Dhabi,General Practitioner,19.0,Active
DOC02926,Dr. David Wilkins,Nephrology,FAC01233,Prime Medical Center - Jebel Ali,Dubai,Consultant,27.0,Active
DOC02927,Dr. Thomas Allen,Pulmonology,FAC01027,Burjeel Medical Center - Hatta,Dubai,General Practitioner,5.0,On Leave
DOC02928,Dr. Elizabeth Nunez,General Surgery,FAC00526,Burjeel Clinic - Hatta,Dubai,Resident,16.0,Active
DOC02929,Dr. Michelle Williams,Obstetrics & Gynecology,FAC00012,NMC Medical Center - Jebel Ali,Dubai,Consultant,7.0,Active
DOC02930,Dr. Danielle Payne,Pulmonology,FAC00691,Gulf Clinic - Abu Dhabi,Abu Dhabi,Resident,1.0,Active
DOC02931,Dr. Carrie Davis,Cardiology,FAC01035,Al Noor Specialty Center - Ras Al Khaimah,Ras Al Khaimah,Resident,1.0,Active
DOC02932,Dr. Kenneth Moreno,Orthopedics,FAC00260,National Medical Center - Dibba Al-Fujairah,Fujairah,Resident,24.0,On Leave
DOC02933,Dr. Ian Johnson,Dermatology,FAC00280,Burjeel Clinic - Abu Dhabi,Abu Dhabi,Specialist,,Active
DOC02934,Dr. Crystal Wells,Psychiatry,FAC01385,Al Noor Clinic - Sharjah,Sharjah,Consultant,23.0,Active
DOC02935,Dr. Chase Montoya,Neurology,FAC01518,MediCare Specialty Center - Jebel Ali,Dubai,General Practitioner,11.0,Active
DOC02936,Dr. Savannah Frye,General Surgery,FAC00986,Al Noor Medical Center - Umm Al Quwain,Umm Al Quwain,General Practitioner,16.0,Active
DOC02937,Dr. Andrew White,General Surgery,FAC01225,Burjeel Medical Center - Dubai,Dubai,Consultant,17.0,Active
DOC02938,Dr. Jessica Williams,Urology,FAC00575,National Medical Center - Dibba Al-Fujairah,Fujairah,Consultant,21.0,Active
DOC02939,Dr. Andrew Dillon,Psychiatry,FAC00632,Burjeel Specialty Center - Sharjah,Sharjah,General Practitioner,25.0,Active
DOC02940,Dr. James Robinson,Neurology,FAC00210,Gulf Medical Center - Jebel Ali,Dubai,Resident,7.0,On Leave
DOC02941,Dr. Jody Thomas,Internal Medicine,FAC01417,Emirates Clinic - Sharjah,Sharjah,General Practitioner,18.0,Active
DOC02942,Dr. Elizabeth Chan,ENT,FAC01452,Life Clinic - Hatta,Dubai,General Practitioner,9.0,Active
DOC02943,Dr. Christina Torres,Cardiology,FAC01513,NMC Medical Center - Ras Al Khaimah,Ras Al Khaimah,Consultant,7.0,On Leave
DOC02944,Dr. Travis Curry,Obstetrics & Gynecology,FAC01320,Aster Clinic - Jebel Ali,Dubai,Specialist,4.0,Active
DOC02945,Dr. Sandra Edwards,Nephrology,FAC00592,MediCare Hospital - Sharjah,Sharjah,Resident,9.0,On Leave
DOC02946,Dr. Peter Lopez,Orthopedics,FAC00734,Aster Specialty Center - Ajman,Ajman,Specialist,26.0,On Leave
DOC02947,Dr. Tony Winters,Pulmonology,FAC00088,MediCare Hospital - Dibba Al-Fujairah,Fujairah,Specialist,24.0,Active
DOC02948,Dr. Katie Smith,Internal Medicine,FAC00496,Al Noor Day Surgery Center - Fujairah,Fujairah,Specialist,25.0,Active
DOC02949,Dr. Sean Mcintosh,Dermatology,FAC01160,Emirates Clinic - Hatta,Dubai,Specialist,16.0,Active
DOC02950,Dr. Gabrielle Bentley,Urology,FAC00178,Emirates Medical Center - Hatta,Dubai,Specialist,3.0,Active
DOC02951,Dr. Derek Cooper,General Surgery,FAC00392,Emirates Medical Center - Al Ain,Abu Dhabi,General Practitioner,20.0,On Leave
DOC02952,Dr. Curtis Kelly,Orthopedics,FAC01505,Prime Clinic - Jebel Ali,Dubai,General Practitioner,11.0,Active
DOC02953,Dr. Joanna Murphy,Obstetrics & Gynecology,FAC00847,Al Noor Clinic - Fujairah,Fujairah,Consultant,9.0,Active
DOC02954,Dr. Sarah Forbes,Dermatology,FAC00834,Emirates Specialty Center - Khor Fakkan,Sharjah,General Practitioner,18.0,Active
DOC02955,Dr. Justin Martinez,Psychiatry,FAC00346,NMC Clinic - Jebel Ali,Dubai,Specialist,12.0,Active
DOC02956,Dr. Jacob Neal,Nephrology,FAC01497,Aster Medical Center - Jebel Ali,Dubai,Specialist,17.0,Active
DOC02957,Dr. Gregory Hudson,Gastroenterology,FAC00261,NMC Clinic - Fujairah,Fujairah,Specialist,27.0,Active
DOC02958,Dr. Michael Whitney,Internal Medicine,FAC01522,Life Hospital - Ras Al Khaimah,Ras Al Khaimah,Resident,17.0,Active
DOC02959,Dr. Randy Mckee,Internal Medicine,FAC00377,MediCare Clinic - Madinat Zayed,Abu Dhabi,General Practitioner,22.0,Active
DOC02960,Dr. Jacqueline Myers,Pulmonology,FAC01428,National Clinic - Masfout,Ajman,Consultant,4.0,Active
DOC02961,Dr. Cody Duran,Pulmonology,FAC00149,Life Medical Center - Jebel Ali,Dubai,General Practitioner,19.0,On Leave
DOC02962,Dr. Jessica Pearson,Pulmonology,FAC01131,Gulf Clinic - Dubai,Dubai,General Practitioner,12.0,On Leave
DOC02963,Dr. David Cohen,Psychiatry,FAC01006,Aster Clinic - Dubai,Dubai,Consultant,5.0,Active
DOC02964,Dr. Brenda Browning,Endocrinology,FAC00616,Emirates Clinic - Hatta,Dubai,Specialist,17.0,Active
DOC02965,Dr. Joann Villanueva,Oncology,FAC01590,Burjeel Clinic - Ruwais,Abu Dhabi,Consultant,2.0,Active
DOC02966,Dr. Mary Bailey,Urology,FAC01070,Emirates Day Surgery Center - Hatta,Dubai,Resident,20.0,Active
DOC02967,Dr. Colleen Carpenter,Pediatrics,FAC00683,Al Noor Day Surgery Center - Umm Al Quwain,Umm Al Quwain,Consultant,15.0,On Leave
DOC02968,Dr. Spencer Butler,Pulmonology,FAC01434,Burjeel Specialty Center - Umm Al Quwain,Umm Al Quwain,Resident,14.0,Active
DOC02969,Dr. Susan Chavez,Psychiatry,FAC00282,MediCare Clinic - Al Ain,Abu Dhabi,Consultant,18.0,Active
DOC02970,Dr. James Johnson,Gastroenterology,FAC00744,National Clinic - Dubai,Dubai,Specialist,8.0,Active
DOC02971,Dr. Dawn Mcdaniel,General Surgery,FAC00513,Aster Medical Center - Ajman,Ajman,Resident,1.0,Active
DOC02972,Dr. Richard Wilson,Obstetrics & Gynecology,FAC01151,Prime Clinic - Hatta,Dubai,Resident,21.0,Active
DOC02973,Dr. Joshua Carey,Psychiatry,FAC00108,Prime Clinic - Madinat Zayed,Abu Dhabi,Consultant,19.0,Active
DOC02974,Dr. Jack Gutierrez,Pulmonology,FAC00332,MediCare Medical Center - Umm Al Quwain,Umm Al Quwain,General Practitioner,1.0,On Leave
DOC02975,Dr. Angela Mitchell,Oncology,FAC00094,Prime Clinic - Dubai,Dubai,General Practitioner,1.0,On Leave
DOC02976,Dr. Pamela Davidson,Pediatrics,FAC00191,Gulf Medical Center - Ruwais,Abu Dhabi,Specialist,15.0,Active
DOC02977,Dr. Andrew Brewer,Pediatrics,FAC00430,Burjeel Hospital - Abu Dhabi,Abu Dhabi,Resident,25.0,Active
DOC02978,Dr. Angela Fox,Internal Medicine,FAC00882,National Day Surgery Center - Dubai,Dubai,Specialist,1.0,On Leave
DOC02979,Dr. Rebecca Waters,Pediatrics,FAC00745,NMC Hospital - Al Ain,Abu Dhabi,Consultant,1.0,Active
DOC02980,Dr. Ryan Lane,Nephrology,FAC00801,Aster Clinic - Al Ain,Abu Dhabi,Consultant,,On Leave
DOC02981,Dr. Brittany Stewart,Orthopedics,FAC01028,NMC Medical Center - Sharjah,Sharjah,Consultant,18.0,On Leave
DOC02982,Dr. Angela Mendez,Gastroenterology,FAC00575,National Medical Center - Dibba Al-Fujairah,Fujairah,General Practitioner,26.0,On Leave
DOC02983,Dr. Melody Lindsey,Neurology,FAC01068,Emirates Day Surgery Center - Madinat Zayed,Abu Dhabi,Resident,2.0,Active
DOC02984,Dr. Darrell Sullivan,Pediatrics,FAC00217,Gulf Medical Center - Sharjah,Sharjah,Resident,26.0,On Leave
DOC02985,Dr. Thomas Klein,Cardiology,FAC01489,Aster Medical Center - Al Ain,Abu Dhabi,Consultant,5.0,Active
DOC02986,Dr. David Gonzalez,Neurology,FAC00470,NMC Hospital - Ras Al Khaimah,Ras Al Khaimah,General Practitioner,23.0,Active
DOC02987,Dr. Sabrina Lamb,Oncology,FAC00046,NMC Clinic - Madinat Zayed,Abu Dhabi,Resident,23.0,On Leave
DOC02988,Dr. Rodney Peters,Internal Medicine,FAC00296,National Clinic - Abu Dhabi,Abu Dhabi,General Practitioner,,Active
DOC02989,Dr. Jenna Clements,Pediatrics,FAC01478,Gulf Clinic - Khor Fakkan,Sharjah,Specialist,5.0,Active
DOC02990,Dr. John Martinez,Psychiatry,FAC01265,Al Noor Medical Center - Jebel Ali,Dubai,Specialist,25.0,On Leave
DOC02991,Dr. Johnathan Dunn,Oncology,FAC01087,Gulf Day Surgery Center - Jebel Ali,Dubai,General Practitioner,22.0,On Leave
DOC02992,Dr. Amber Jimenez,Dermatology,FAC00883,Emirates Clinic - Umm Al Quwain,Umm Al Quwain,Specialist,22.0,On Leave
DOC02993,Dr. Hunter Miller,ENT,FAC00957,Prime Hospital - Masfout,Ajman,Resident,13.0,Active
DOC02994,Dr. Michael Moss,Orthopedics,FAC01645,Aster Clinic - Hatta,Dubai,Resident,16.0,Active
DOC02995,Dr. Shannon Chen,Oncology,FAC00235,Gulf Specialty Center - Dubai,Dubai,General Practitioner,18.0,Active
DOC02996,Dr. James Gibson,Psychiatry,FAC00530,Al Noor Hospital - Madinat Zayed,Abu Dhabi,General Practitioner,19.0,On Leave
DOC02997,Dr. Blake Yates,Orthopedics,FAC00693,NMC Clinic - Khor Fakkan,Sharjah,Resident,24.0,Active
DOC02998,Dr. Brandon Spears,Neurology,FAC01006,Aster Clinic - Dubai,Dubai,Resident,13.0,Active
DOC02999,Dr. Donna Jackson,Pediatrics,FAC01491,MediCare Clinic - Ruwais,Abu Dhabi,General Practitioner,26.0,Active
DOC03000,Dr. Rebecca Carter,Gastroenterology,FAC00484,Al Noor Clinic - Jebel Ali,Dubai,Consultant,3.0,On Leave
DOC03001,Dr. Jeremy White,Oncology,FAC01619,Life Medical Center - Dubai,Dubai,Consultant,,Active
DOC03002,Dr. Karen Rivera,General Surgery,FAC01314,NMC Clinic - Dibba Al-Fujairah,Fujairah,General Practitioner,23.0,Active
DOC03003,Dr. Darren Escobar,General Surgery,FAC00471,Life Hospital - Jebel Ali,Dubai,Consultant,27.0,On Leave
DOC03004,Dr. Robert Hudson,General Surgery,FAC00728,Life Day Surgery Center - Dubai,Dubai,Resident,3.0,Active
DOC03005,Dr. Jacqueline Daniels,Cardiology,FAC01439,Emirates Medical Center - Dubai,Dubai,Specialist,18.0,Active
DOC03006,Dr. Gabriela Meadows,General Surgery,FAC00423,MediCare Day Surgery Center - Al Ain,Abu Dhabi,Resident,23.0,On Leave
DOC03007,Dr. Jennifer Nguyen,Ophthalmology,FAC00985,Life Day Surgery Center - Hatta,Dubai,Consultant,,Active
DOC03008,Dr. Laura Gonzalez,Nephrology,FAC00651,Emirates Hospital - Hatta,Dubai,Consultant,14.0,Active
DOC03009,Dr. Jacob Bennett,Oncology,FAC00984,NMC Clinic - Madinat Zayed,Abu Dhabi,Specialist,5.0,On Leave
DOC03010,Dr. Stephen Simmons,ENT,FAC01334,National Medical Center - Dubai,Dubai,Specialist,21.0,Active
DOC03011,Dr. Brandi Hall,Oncology,FAC01599,Al Noor Clinic - Dibba Al-Fujairah,Fujairah,General Practitioner,25.0,On Leave
DOC03012,Dr. Nicole Young,Internal Medicine,FAC01412,Burjeel Clinic - Khor Fakkan,Sharjah,Consultant,6.0,Active
DOC03013,Dr. Willie Allen,Ophthalmology,FAC01638,National Clinic - Hatta,Dubai,General Practitioner,7.0,On Leave
DOC03014,Dr. Cory Flores,Obstetrics & Gynecology,FAC00861,National Specialty Center - Ras Al Khaimah,Ras Al Khaimah,General Practitioner,26.0,Active
DOC03015,Dr. Amy Thomas,Ophthalmology,FAC00201,National Clinic - Umm Al Quwain,Umm Al Quwain,Consultant,14.0,On Leave
DOC03016,Dr. Richard Smith,Psychiatry,FAC01192,Al Noor Medical Center - Fujairah,Fujairah,Consultant,22.0,Active
DOC03017,Dr. Douglas Jackson,Gastroenterology,FAC00524,Al Noor Medical Center - Abu Dhabi,Abu Dhabi,General Practitioner,10.0,Active
DOC03018,Dr. Rhonda Flowers,Cardiology,FAC01143,National Hospital - Jebel Ali,Dubai,Consultant,13.0,On Leave
DOC03019,Dr. Dana Davis,General Surgery,FAC00610,Al Noor Hospital - Hatta,Dubai,Resident,4.0,Active
DOC03020,Dr. Kevin Kemp,Ophthalmology,FAC00989,Al Noor Day Surgery Center - Ruwais,Abu Dhabi,Specialist,6.0,Active
DOC03021,Dr. Mary Miller,Dermatology,FAC00646,Burjeel Clinic - Ruwais,Abu Dhabi,Consultant,5.0,On Leave
DOC03022,Dr. Alexander Heath,Pediatrics,FAC00278,Emirates Clinic - Hatta,Dubai,Resident,11.0,Active
DOC03023,Dr. Jason Reyes,Oncology,FAC01470,Life Hospital - Jebel Ali,Dubai,General Practitioner,4.0,Active
DOC03024,Dr. William Rodriguez,Orthopedics,FAC01516,Burjeel Clinic - Madinat Zayed,Abu Dhabi,Consultant,4.0,Active
DOC03025,Dr. Sarah Morrison,Neurology,FAC01317,Life Clinic - Dibba Al-Fujairah,Fujairah,General Practitioner,24.0,Active
DOC03026,Dr. Jennifer Roberts,Obstetrics & Gynecology,FAC01499,Emirates Hospital - Ruwais,Abu Dhabi,General Practitioner,1.0,Active
DOC03027,Dr. Angela Rogers,Oncology,FAC00247,Aster Hospital - Masfout,Ajman,Consultant,5.0,Active
DOC03028,Dr. Michael Richardson,ENT,FAC01469,Prime Clinic - Kalba,Sharjah,Consultant,15.0,Active
DOC03029,Dr. April Bell,Pediatrics,FAC00319,NMC Medical Center - Ruwais,Abu Dhabi,Resident,18.0,On Leave
DOC03030,Dr. Kristin Reed,Obstetrics & Gynecology,FAC00473,Emirates Clinic - Ras Al Khaimah,Ras Al Khaimah,Resident,,Active
DOC03031,Dr. Patrick Nunez,Internal Medicine,FAC01067,Burjeel Specialty Center - Ruwais,Abu Dhabi,Specialist,2.0,Active
DOC03032,Dr. Kevin Morris,Dermatology,FAC00451,MediCare Clinic - Al Ain,Abu Dhabi,Resident,25.0,Active
DOC03033,Dr. Hector White,Psychiatry,FAC00021,MediCare Specialty Center - Kalba,Sharjah,Consultant,21.0,On Leave
DOC03034,Dr. Samuel Vaughn,Neurology,FAC00517,Life Specialty Center - Hatta,Dubai,Resident,16.0,Active
DOC03035,Dr. Dustin Villarreal,Internal Medicine,FAC01610,Prime Clinic - Umm Al Quwain,Umm Al Quwain,Consultant,21.0,On Leave
DOC03036,Dr. Nancy Wilson,Oncology,FAC01116,Gulf Hospital - Abu Dhabi,Abu Dhabi,General Practitioner,19.0,Active
DOC03037,Dr. Melinda Savage,Psychiatry,FAC00623,National Medical Center - Ras Al Khaimah,Ras Al Khaimah,Specialist,11.0,On Leave
DOC03038,Dr. Amanda Smith,Endocrinology,FAC01118,National Specialty Center - Kalba,Sharjah,Consultant,9.0,Active
DOC03039,Dr. Jennifer Palmer,Cardiology,FAC00118,Prime Medical Center - Ajman,Ajman,Resident,19.0,Active
DOC03040,Dr. Katelyn Hill,Oncology,FAC00171,MediCare Clinic - Kalba,Sharjah,General Practitioner,26.0,Active
DOC03041,Dr. Michael Warner,Nephrology,FAC00668,NMC Clinic - Madinat Zayed,Abu Dhabi,Specialist,11.0,Active
DOC03042,Dr. Meagan Buck,Dermatology,FAC00225,Al Noor Hospital - Dubai,Dubai,General Practitioner,18.0,Active
DOC03043,Dr. Jill Vasquez,Nephrology,FAC00589,Gulf Medical Center - Dubai,Dubai,Resident,2.0,Active
DOC03044,Dr. Patricia Travis,Gastroenterology,FAC01637,National Clinic - Sharjah,Sharjah,Specialist,23.0,Active
DOC03045,Dr. Toni Thomas,Pulmonology,FAC00223,Burjeel Clinic - Dibba Al-Fujairah,Fujairah,Resident,10.0,Active
DOC03046,Dr. Danielle Morgan,Pediatrics,FAC00302,Emirates Clinic - Fujairah,Fujairah,Resident,2.0,On Leave
DOC03047,Dr. Kimberly Clarke,Pediatrics,FAC00521,Life Hospital - Sharjah,Sharjah,Consultant,16.0,Active
DOC03048,Dr. Tiffany Johnson,Cardiology,FAC01126,Gulf Medical Center - Madinat Zayed,Abu Dhabi,Resident,14.0,Active
DOC03049,Dr. Donald Wilkins,Internal Medicine,FAC01281,Al Noor Specialty Center - Dubai,Dubai,Resident,12.0,Active
DOC03050,Dr. James Evans,Pulmonology,FAC01593,Burjeel Day Surgery Center - Ajman,Ajman,General Practitioner,8.0,On Leave
DOC03051,Dr. Alejandro James,Oncology,FAC01454,Al Noor Specialty Center - Hatta,Dubai,Resident,12.0,On Leave
DOC03052,Dr. Leslie Frederick,Gastroenterology,FAC00212,Aster Medical Center - Al Ain,Abu Dhabi,Resident,22.0,Active
DOC03053,Dr. Rodney Davis,Ophthalmology,FAC00641,MediCare Clinic - Umm Al Quwain,Umm Al Quwain,Consultant,15.0,Active
DOC03054,Dr. John Mcdonald,Ophthalmology,FAC00765,NMC Clinic - Hatta,Dubai,Specialist,20.0,Active
DOC03055,Dr. Tyler Myers,Gastroenterology,FAC01520,Gulf Medical Center - Umm Al Quwain,Umm Al Quwain,Consultant,27.0,On Leave
DOC03056,Dr. Ruben Torres,ENT,FAC01478,Gulf Clinic - Khor Fakkan,Sharjah,Consultant,25.0,Active
DOC03057,Dr. Andrew Perez,Neurology,FAC01164,NMC Day Surgery Center - Ajman,Ajman,Resident,14.0,On Leave
DOC03058,Dr. Annette Richardson,Dermatology,FAC00521,Life Hospital - Sharjah,Sharjah,Specialist,17.0,Active
DOC03059,Dr. Sabrina Munoz,Psychiatry,FAC01583,Gulf Hospital - Dubai,Dubai,General Practitioner,16.0,Active
DOC03060,Dr. James Rose,Oncology,FAC01079,Prime Medical Center - Al Ain,Abu Dhabi,Consultant,18.0,On Leave
DOC03061,Dr. Robin Jones,Oncology,FAC00533,Gulf Hospital - Ras Al Khaimah,Ras Al Khaimah,Specialist,10.0,On Leave
DOC03062,Dr. Lisa Orr,Oncology,FAC01176,National Day Surgery Center - Al Ain,Abu Dhabi,General Practitioner,27.0,Active
DOC03063,Dr. Jamie Dean,Endocrinology,FAC00140,Aster Clinic - Jebel Ali,Dubai,Consultant,18.0,Active
DOC03064,Dr. Joseph Schneider,Ophthalmology,FAC01054,Gulf Hospital - Sharjah,Sharjah,Consultant,,On Leave
DOC03065,Dr. Brian Strong,Gastroenterology,FAC00796,Gulf Specialty Center - Madinat Zayed,Abu Dhabi,Consultant,3.0,Active
DOC03066,Dr. Larry Jackson,Orthopedics,FAC00693,NMC Clinic - Khor Fakkan,Sharjah,Specialist,12.0,Active
DOC03067,Dr. Julie Brady,Ophthalmology,FAC01041,Al Noor Specialty Center - Hatta,Dubai,General Practitioner,18.0,Active
DOC03068,Dr. Ronnie Carey,Obstetrics & Gynecology,FAC01259,NMC Clinic - Madinat Zayed,Abu Dhabi,Specialist,22.0,Active
DOC03069,Dr. Sarah Anderson,ENT,FAC01628,Prime Clinic - Umm Al Quwain,Umm Al Quwain,Specialist,,Active
DOC03070,Dr. Nicholas Garrison,Dermatology,FAC00147,Burjeel Medical Center - Al Ain,Abu Dhabi,Resident,10.0,Active
DOC03071,Dr. Ethan King,Gastroenterology,FAC00406,Life Clinic - Umm Al Quwain,Umm Al Quwain,General Practitioner,14.0,Active
DOC03072,Dr. Austin Mcgrath,Urology,FAC01070,Emirates Day Surgery Center - Hatta,Dubai,Consultant,6.0,Active
DOC03073,Dr. Charles Blake,Ophthalmology,FAC00758,MediCare Day Surgery Center - Hatta,Dubai,Consultant,15.0,Active
DOC03074,Dr. Megan Bennett,ENT,FAC00842,National Specialty Center - Masfout,Ajman,General Practitioner,18.0,Active
DOC03075,Dr. Christy Becker,Endocrinology,FAC01340,NMC Clinic - Hatta,Dubai,General Practitioner,,Active
DOC03076,Dr. Charles Taylor,Oncology,FAC01601,Burjeel Clinic - Al Ain,Abu Dhabi,General Practitioner,15.0,Active
DOC03077,Dr. Stacy Thompson,Nephrology,FAC00117,Al Noor Clinic - Al Ain,Abu Dhabi,General Practitioner,20.0,Active
DOC03078,Dr. Sandra Castillo,Internal Medicine,FAC00943,MediCare Day Surgery Center - Ruwais,Abu Dhabi,Resident,15.0,Active
DOC03079,Dr. Jake White,Orthopedics,FAC00777,Gulf Medical Center - Al Ain,Abu Dhabi,Specialist,26.0,On Leave
DOC03080,Dr. Rebecca Pearson,Urology,FAC00487,Al Noor Clinic - Hatta,Dubai,Resident,13.0,Active
DOC03081,Dr. John Brown,Dermatology,FAC00320,Prime Clinic - Dubai,Dubai,Consultant,2.0,Active
DOC03082,Dr. Stephen Bowman,General Surgery,FAC01528,Gulf Clinic - Dubai,Dubai,General Practitioner,7.0,Active
DOC03083,Dr. Kent Hawkins,Internal Medicine,FAC01368,Emirates Clinic - Hatta,Dubai,Specialist,4.0,On Leave
DOC03084,Dr. Matthew Mahoney,Orthopedics,FAC00027,Prime Day Surgery Center - Dhaid,Sharjah,Consultant,11.0,Active
DOC03085,Dr. Tammy Hill,Urology,FAC01226,Emirates Clinic - Abu Dhabi,Abu Dhabi,Consultant,13.0,Active
DOC03086,Dr. William Vasquez,Nephrology,FAC00731,National Hospital - Al Ain,Abu Dhabi,Resident,1.0,Active
DOC03087,Dr. Anne Shea,Nephrology,FAC01019,Burjeel Clinic - Ajman,Ajman,Specialist,18.0,Active
DOC03088,Dr. Brett Pineda,Pediatrics,FAC00910,Gulf Clinic - Al Ain,Abu Dhabi,Consultant,11.0,Active
DOC03089,Dr. Marcus Cooper,General Surgery,FAC00718,Burjeel Clinic - Abu Dhabi,Abu Dhabi,Consultant,26.0,On Leave
DOC03090,Dr. Daniel Mcdowell,Nephrology,FAC01253,Emirates Medical Center - Al Ain,Abu Dhabi,Specialist,27.0,On Leave
DOC03091,Dr. Martin Bell,General Surgery,FAC01301,NMC Clinic - Dubai,Dubai,Specialist,1.0,Active
DOC03092,Dr. Karen Myers,General Surgery,FAC00844,Aster Clinic - Dubai,Dubai,Consultant,4.0,Active
DOC03093,Dr. Joel Williams,Oncology,FAC01275,MediCare Medical Center - Hatta,Dubai,General Practitioner,1.0,Active
DOC03094,Dr. George Peterson,Dermatology,FAC01502,Life Specialty Center - Al Ain,Abu Dhabi,Consultant,14.0,Active
DOC03095,Dr. Carolyn Richards,Obstetrics & Gynecology,FAC00332,MediCare Medical Center - Umm Al Quwain,Umm Al Quwain,Resident,20.0,On Leave
DOC03096,Dr. Alexis Meyer,Cardiology,FAC01505,Prime Clinic - Jebel Ali,Dubai,General Practitioner,27.0,Active
DOC03097,Dr. Michael Rosario,Neurology,FAC00907,MediCare Clinic - Al Ain,Abu Dhabi,Consultant,23.0,Active
DOC03098,Dr. Ann Nichols,Urology,FAC00001,Al Noor Clinic - Ajman,Ajman,General Practitioner,12.0,Active
DOC03099,Dr. Isaac Lambert,Urology,FAC00299,NMC Day Surgery Center - Al Ain,Abu Dhabi,General Practitioner,18.0,Active
DOC03100,Dr. Jorge Obrien,Internal Medicine,FAC01013,National Clinic - Jebel Ali,Dubai,General Practitioner,18.0,Active
DOC03101,Dr. Steven Baker,Urology,FAC00279,National Specialty Center - Sharjah,Sharjah,Resident,8.0,Active
DOC03102,Dr. Nicholas Lopez,Orthopedics,FAC00970,NMC Specialty Center - Madinat Zayed,Abu Dhabi,Resident,21.0,Active
DOC03103,Dr. James Klein,Cardiology,FAC00561,Al Noor Specialty Center - Dubai,Dubai,General Practitioner,4.0,Active
DOC03104,Dr. Monica Pace,Cardiology,FAC00508,MediCare Medical Center - Hatta,Dubai,Specialist,11.0,Active
DOC03105,Dr. Alan Figueroa,Neurology,FAC01532,Emirates Clinic - Hatta,Dubai,Resident,7.0,Active
DOC03106,Dr. Travis Soto,Urology,FAC00638,Aster Clinic - Madinat Zayed,Abu Dhabi,General Practitioner,7.0,On Leave
DOC03107,Dr. John Key,Psychiatry,FAC00107,NMC Hospital - Khor Fakkan,Sharjah,Resident,7.0,Active
DOC03108,Dr. Christina Combs,Internal Medicine,FAC01612,Burjeel Medical Center - Ruwais,Abu Dhabi,Consultant,23.0,Active
DOC03109,Dr. Brenda Harris,ENT,FAC00388,Emirates Clinic - Khor Fakkan,Sharjah,Specialist,11.0,Active
DOC03110,Dr. Melissa Cox,Psychiatry,FAC00362,Al Noor Medical Center - Ruwais,Abu Dhabi,Consultant,26.0,Active
DOC03111,Dr. Lorraine Williams,Cardiology,FAC00591,Prime Specialty Center - Ajman,Ajman,General Practitioner,26.0,Active
DOC03112,Dr. Allison Olsen,Orthopedics,FAC00746,Life Hospital - Ras Al Khaimah,Ras Al Khaimah,General Practitioner,10.0,Active
DOC03113,Dr. Kara Davis,Dermatology,FAC01216,NMC Medical Center - Sharjah,Sharjah,Consultant,13.0,Active
DOC03114,Dr. Jennifer Jennings,ENT,FAC00432,National Medical Center - Ruwais,Abu Dhabi,Consultant,10.0,Active
DOC03115,Dr. Alexis Shaffer,Dermatology,FAC01191,Life Hospital - Jebel Ali,Dubai,Resident,27.0,Active
DOC03116,Dr. Patrick Hurley,Oncology,FAC00293,Prime Hospital - Abu Dhabi,Abu Dhabi,Resident,9.0,Active
DOC03117,Dr. George Vasquez,Neurology,FAC00066,Emirates Medical Center - Hatta,Dubai,General Practitioner,9.0,Active
DOC03118,Dr. Jacqueline King,Oncology,FAC00612,NMC Medical Center - Jebel Ali,Dubai,Consultant,20.0,Active
DOC03119,Dr. Edward Mclaughlin,Pulmonology,FAC00849,Prime Clinic - Madinat Zayed,Abu Dhabi,Specialist,19.0,Active
DOC03120,Dr. Lisa Simmons,Oncology,FAC00301,Prime Clinic - Hatta,Dubai,Resident,13.0,Active
DOC03121,Dr. Jessica Walker,Internal Medicine,FAC00514,Gulf Clinic - Kalba,Sharjah,Consultant,15.0,Active
DOC03122,Dr. Robert Matthews,General Surgery,FAC01045,Life Specialty Center - Ras Al Khaimah,Ras Al Khaimah,Consultant,23.0,Active
DOC03123,Dr. Matthew Estrada,Psychiatry,FAC01197,Emirates Medical Center - Ruwais,Abu Dhabi,Resident,7.0,Active
DOC03124,Dr. Elizabeth Aguirre,General Surgery,FAC01549,Aster Clinic - Masfout,Ajman,General Practitioner,4.0,On Leave
DOC03125,Dr. John Alvarez,Neurology,FAC00616,Emirates Clinic - Hatta,Dubai,Specialist,,Active
DOC03126,Dr. Jacob Williams,Dermatology,FAC00108,Prime Clinic - Madinat Zayed,Abu Dhabi,Consultant,7.0,Active
DOC03127,Dr. Patricia Rhodes,ENT,FAC00910,Gulf Clinic - Al Ain,Abu Dhabi,General Practitioner,22.0,Active
DOC03128,Dr. Amy Silva,Neurology,FAC00101,Aster Hospital - Hatta,Dubai,General Practitioner,5.0,Active
DOC03129,Dr. Bonnie Johnson,Neurology,FAC01250,Aster Medical Center - Ruwais,Abu Dhabi,General Practitioner,10.0,Active
DOC03130,Dr. Alejandra Ramsey,ENT,FAC00725,Al Noor Clinic - Hatta,Dubai,Resident,7.0,Active
DOC03131,Dr. Christina Strickland,Urology,FAC00762,Al Noor Clinic - Abu Dhabi,Abu Dhabi,General Practitioner,14.0,Active
DOC03132,Dr. Barbara Cole,Cardiology,FAC00332,MediCare Medical Center - Umm Al Quwain,Umm Al Quwain,Specialist,16.0,Active
DOC03133,Dr. Angela Walker,Endocrinology,FAC00266,Al Noor Specialty Center - Hatta,Dubai,Resident,13.0,On Leave
DOC03134,Dr. Cory Moreno,Obstetrics & Gynecology,FAC00155,Burjeel Specialty Center - Al Ain,Abu Dhabi,Resident,12.0,On Leave
DOC03135,Dr. Michael Hamilton,Oncology,FAC00678,Burjeel Specialty Center - Masfout,Ajman,Specialist,21.0,Active
DOC03136,Dr. John Pace,Urology,FAC01367,NMC Medical Center - Abu Dhabi,Abu Dhabi,Specialist,27.0,Active
DOC03137,Dr. Brandon Stone,Gastroenterology,FAC01636,NMC Medical Center - Madinat Zayed,Abu Dhabi,Specialist,16.0,Active
DOC03138,Dr. Zachary Olson,Obstetrics & Gynecology,FAC00080,Prime Clinic - Masfout,Ajman,Resident,7.0,Active
DOC03139,Dr. Kristen Ward,Neurology,FAC00070,Al Noor Medical Center - Masfout,Ajman,Consultant,7.0,Active
DOC03140,Dr. Debra Ward,Nephrology,FAC00129,Gulf Hospital - Hatta,Dubai,Resident,3.0,On Leave
DOC03141,Dr. Mary Burke,Internal Medicine,FAC00104,MediCare Day Surgery Center - Jebel Ali,Dubai,Consultant,24.0,On Leave
DOC03142,Dr. Gregory Perry,General Surgery,FAC00757,Burjeel Specialty Center - Dubai,Dubai,Resident,24.0,Active
DOC03143,Dr. Veronica Welch,Neurology,FAC01091,Life Hospital - Dubai,Dubai,Specialist,26.0,Active
DOC03144,Dr. Zachary Payne,Internal Medicine,FAC00850,NMC Clinic - Ruwais,Abu Dhabi,Resident,3.0,Active
DOC03145,Dr. David Deleon,Nephrology,FAC00744,National Clinic - Dubai,Dubai,General Practitioner,10.0,Active
DOC03146,Dr. Marie Woodard,Internal Medicine,FAC01086,National Medical Center - Madinat Zayed,Abu Dhabi,General Practitioner,18.0,On Leave
DOC03147,Dr. Melissa Miles,Pulmonology,FAC01623,MediCare Clinic - Ras Al Khaimah,Ras Al Khaimah,Specialist,3.0,Active
DOC03148,Dr. Christina Frederick,Pulmonology,FAC00513,Aster Medical Center - Ajman,Ajman,Resident,4.0,Active
DOC03149,Dr. David Harmon,Cardiology,FAC00926,Gulf Medical Center - Jebel Ali,Dubai,Specialist,16.0,Active
DOC03150,Dr. Jonathan Nichols,Cardiology,FAC00747,MediCare Hospital - Dubai,Dubai,General Practitioner,2.0,On Leave
DOC03151,Dr. Sarah Hampton,General Surgery,FAC01469,Prime Clinic - Kalba,Sharjah,Consultant,24.0,On Leave
DOC03152,Dr. Jake Hunt,Pulmonology,FAC01284,Aster Medical Center - Khor Fakkan,Sharjah,Resident,27.0,Active
DOC03153,Dr. Dylan Hall,Obstetrics & Gynecology,FAC00836,Prime Clinic - Fujairah,Fujairah,Consultant,24.0,Active
DOC03154,Dr. Brian Cox,Orthopedics,FAC00086,NMC Hospital - Fujairah,Fujairah,General Practitioner,24.0,Active
DOC03155,Dr. Megan Krueger,Nephrology,FAC00177,Life Clinic - Madinat Zayed,Abu Dhabi,Specialist,8.0,Active
DOC03156,Dr. Mary Taylor,Ophthalmology,FAC00176,Al Noor Hospital - Hatta,Dubai,Consultant,27.0,Active
DOC03157,Dr. Brandon Garza,Nephrology,FAC01503,Burjeel Clinic - Umm Al Quwain,Umm Al Quwain,Consultant,19.0,Active
DOC03158,Dr. Erica Young,Internal Medicine,FAC00515,MediCare Clinic - Hatta,Dubai,Resident,13.0,On Leave
DOC03159,Dr. Matthew West,Neurology,FAC01268,Gulf Clinic - Madinat Zayed,Abu Dhabi,Resident,1.0,Active
DOC03160,Dr. Diana Miller,Nephrology,FAC00399,Burjeel Clinic - Jebel Ali,Dubai,Resident,11.0,Active
DOC03161,Dr. Lisa Kim,General Surgery,FAC00190,Al Noor Day Surgery Center - Dubai,Dubai,General Practitioner,4.0,Active
DOC03162,Dr. Robert Green,ENT,FAC01215,Gulf Clinic - Ruwais,Abu Dhabi,Resident,15.0,On Leave
DOC03163,Dr. Daniel Chan,General Surgery,FAC01091,Life Hospital - Dubai,Dubai,Resident,20.0,Active
DOC03164,Dr. Joel Holland,Gastroenterology,FAC00131,Burjeel Clinic - Abu Dhabi,Abu Dhabi,Specialist,3.0,Active
DOC03165,Dr. Jay Little,Obstetrics & Gynecology,FAC01313,Aster Hospital - Dubai,Dubai,Specialist,25.0,On Leave
DOC03166,Dr. Courtney Terry,Orthopedics,FAC00990,Burjeel Day Surgery Center - Ras Al Khaimah,Ras Al Khaimah,Consultant,17.0,On Leave
DOC03167,Dr. Daniel Smith,Obstetrics & Gynecology,FAC00706,Al Noor Medical Center - Jebel Ali,Dubai,Consultant,3.0,On Leave
DOC03168,Dr. Amy Wilson,ENT,FAC01574,MediCare Day Surgery Center - Al Ain,Abu Dhabi,Consultant,13.0,On Leave
DOC03169,Dr. Rhonda Pierce,Cardiology,FAC00305,NMC Medical Center - Ras Al Khaimah,Ras Al Khaimah,General Practitioner,2.0,On Leave
DOC03170,Dr. Daniel Ward,Orthopedics,FAC01307,Prime Hospital - Madinat Zayed,Abu Dhabi,Resident,7.0,Active
DOC03171,Dr. Kelli Fletcher,Orthopedics,FAC00310,Burjeel Clinic - Hatta,Dubai,General Practitioner,8.0,Active
DOC03172,Dr. Erik Peterson,Obstetrics & Gynecology,FAC00615,Burjeel Medical Center - Hatta,Dubai,General Practitioner,12.0,Active
DOC03173,Dr. Valerie Mata,Dermatology,FAC00737,Aster Day Surgery Center - Dhaid,Sharjah,Resident,20.0,Active
DOC03174,Dr. Karen Blackwell,Cardiology,FAC00005,Prime Clinic - Ruwais,Abu Dhabi,General Practitioner,4.0,Active
DOC03175,Dr. Samantha Morgan,Neurology,FAC00733,NMC Specialty Center - Al Ain,Abu Dhabi,Specialist,10.0,Active
DOC03176,Dr. Mark Garcia,General Surgery,FAC01405,NMC Day Surgery Center - Al Ain,Abu Dhabi,General Practitioner,4.0,Active
DOC03177,Dr. Kathryn Rhodes,Dermatology,FAC01466,Prime Clinic - Madinat Zayed,Abu Dhabi,Specialist,5.0,On Leave
DOC03178,Dr. Jason Lee,Orthopedics,FAC00158,Gulf Medical Center - Abu Dhabi,Abu Dhabi,Resident,10.0,Active
DOC03179,Dr. Justin Alvarado,Oncology,FAC01028,NMC Medical Center - Sharjah,Sharjah,General Practitioner,20.0,Active
DOC03180,Dr. James Hahn,Pediatrics,FAC00664,Prime Clinic - Al Ain,Abu Dhabi,General Practitioner,5.0,Active
DOC03181,Dr. Heather Rogers,Psychiatry,FAC00988,National Hospital - Hatta,Dubai,General Practitioner,17.0,Active
DOC03182,Dr. Jeffrey Anderson,Psychiatry,FAC00388,Emirates Clinic - Khor Fakkan,Sharjah,Specialist,2.0,Active
DOC03183,Dr. William Wise,Endocrinology,FAC00973,Life Hospital - Dhaid,Sharjah,Consultant,13.0,Active
DOC03184,Dr. Jonathan Lawrence,Internal Medicine,FAC01020,Prime Clinic - Kalba,Sharjah,Consultant,15.0,Active
DOC03185,Dr. Patricia Lynch,Cardiology,FAC00993,Burjeel Medical Center - Dubai,Dubai,Specialist,19.0,Active
DOC03186,Dr. Justin Bean,Psychiatry,FAC01044,Burjeel Day Surgery Center - Ras Al Khaimah,Ras Al Khaimah,Consultant,12.0,Active
DOC03187,Dr. Sarah Watson,Cardiology,FAC01644,National Hospital - Ras Al Khaimah,Ras Al Khaimah,Consultant,21.0,On Leave
DOC03188,Dr. David Jones,Internal Medicine,FAC00306,Al Noor Medical Center - Madinat Zayed,Abu Dhabi,Consultant,8.0,Active
DOC03189,Dr. Christy Cooper,Orthopedics,FAC00472,Gulf Clinic - Kalba,Sharjah,Resident,15.0,Active
DOC03190,Dr. Mitchell Woods,Neurology,FAC00282,MediCare Clinic - Al Ain,Abu Dhabi,Resident,21.0,Active
DOC03191,Dr. Kimberly Mitchell,ENT,FAC01231,Al Noor Clinic - Hatta,Dubai,Consultant,,Active
DOC03192,Dr. Michelle Nichols,Orthopedics,FAC00574,Gulf Specialty Center - Ras Al Khaimah,Ras Al Khaimah,Resident,18.0,Active
DOC03193,Dr. Lauren Colon,Cardiology,FAC00305,NMC Medical Center - Ras Al Khaimah,Ras Al Khaimah,General Practitioner,3.0,Active
DOC03194,Dr. Mary Harrison,Pediatrics,FAC01621,Al Noor Specialty Center - Abu Dhabi,Abu Dhabi,General Practitioner,8.0,Active
DOC03195,Dr. Michelle Rodriguez,Pulmonology,FAC00853,Aster Medical Center - Jebel Ali,Dubai,Resident,25.0,Active
DOC03196,Dr. Jose Cruz,ENT,FAC00024,Emirates Clinic - Madinat Zayed,Abu Dhabi,Consultant,7.0,Active
DOC03197,Dr. Tony Hughes,General Surgery,FAC00142,MediCare Clinic - Dubai,Dubai,Resident,18.0,Active
DOC03198,Dr. Debra Boyer,Dermatology,FAC01083,Emirates Specialty Center - Hatta,Dubai,General Practitioner,5.0,Active
DOC03199,Dr. Erin Brown,Endocrinology,FAC00244,Aster Day Surgery Center - Kalba,Sharjah,Resident,23.0,Active
DOC03200,Dr. Jeffrey Martinez,Internal Medicine,FAC01498,Emirates Medical Center - Dubai,Dubai,General Practitioner,26.0,Active
