Lab_Result_ID,Encounter_ID,Patient_ID,Result_Date,Test_Name,Test_Category,Result_Value,Unit,Result_Status,Laboratory_Name,Verification_Status
LAB0000001,,,,,,,,,,
LAB0000002,,,,,,,,,,
LAB0000003,,,,,,,,,,
LAB0000004,,,,,,,,,,
LAB0000005,,,,,,,,,,
LAB0000006,,,,,,,,,,
LAB0000007,,,,,,,,,,
LAB0000008,,,,,,,,,,
LAB0000009,,,,,,,,,,
LAB0000010,,,,,,,,,,
LAB0000011,,,,,,,,,,
LAB0000012,,,,,,,,,,
LAB0000013,,,,,,,,,,
LAB0000014,,,,,,,,,,
LAB0000015,,,,,,,,,,
LAB0000016,,,,,,,,,,
LAB0000017,,,,,,,,,,
LAB0000018,,,,,,,,,,
LAB0000019,,,,,,,,,,
LAB0000020,,,,,,,,,,
LAB0000021,,,,,,,,,,
LAB0000022,,,,,,,,,,
LAB0000023,,,,,,,,,,
LAB0000024,,,,,,,,,,
LAB0000025,,,,,,,,,,
LAB0000026,,,,,,,,,,
LAB0000027,,,,,,,,,,
LAB0000028,,,,,,,,,,
LAB0000029,,,,,,,,,,
LAB0000030,,,,,,,,,,
LAB0000031,,,,,,,,,,
LAB0000032,,,,,,,,,,
LAB0000033,,,,,,,,,,
LAB0000034,,,,,,,,,,
LAB0000035,,,,,,,,,,
LAB0000036,,,,,,,,,,
LAB0000037,,,,,,,,,,
LAB0000038,,,,,,,,,,
LAB0000039,,,,,,,,,,
LAB0000040,,,,,,,,,,
LAB0000041,,,,,,,,,,
LAB0000042,,,,,,,,,,
LAB0000043,,,,,,,,,,
LAB0000044,,,,,,,,,,
LAB0000045,,,,,,,,,,
LAB0000046,,,,,,,,,,
LAB0000047,,,,,,,,,,
LAB0000048,,,,,,,,,,
LAB0000049,,,,,,,,,,
LAB0000050,,,,,,,,,,
LAB0000051,,,,,,,,,,
LAB0000052,,,,,,,,,,
LAB0000053,,,,,,,,,,
LAB0000054,,,,,,,,,,
LAB0000055,,,,,,,,,,
LAB0000056,,,,,,,,,,
LAB0000057,,,,,,,,,,
LAB0000058,,,,,,,,,,
LAB0000059,,,,,,,,,,
LAB0000060,,,,,,,,,,
LAB0000061,,,,,,,,,,
LAB0000062,,,,,,,,,,
LAB0000063,,,,,,,,,,
LAB0000064,,,,,,,,,,
LAB0000065,,,,,,,,,,
LAB0000066,,,,,,,,,,
LAB0000067,,,,,,,,,,
LAB0000068,,,,,,,,,,
LAB0000069,,,,,,,,,,
LAB0000070,,,,,,,,,,
LAB0000071,,,,,,,,,,
LAB0000072,,,,,,,,,,
LAB0000073,,,,,,,,,,
LAB0000074,,,,,,,,,,
LAB0000075,,,,,,,,,,
LAB0000076,,,,,,,,,,
LAB0000077,,,,,,,,,,
LAB0000078,,,,,,,,,,
LAB0000079,,,,,,,,,,
LAB0000080,,,,,,,,,,
LAB0000081,,,,,,,,,,
LAB0000082,,,,,,,,,,
LAB0000083,,,,,,,,,,
LAB0000084,,,,,,,,,,
LAB0000085,,,,,,,,,,
LAB0000086,,,,,,,,,,
LAB0000087,,,,,,,,,,
LAB0000088,,,,,,,,,,
LAB0000089,,,,,,,,,,
LAB0000090,,,,,,,,,,
LAB0000091,,,,,,,,,,
LAB0000092,,,,,,,,,,
LAB0000093,,,,,,,,,,
LAB0000094,,,,,,,,,,
LAB0000095,,,,,,,,,,
LAB0000096,,,,,,,,,,
LAB0000097,,,,,,,,,,
LAB0000098,,,,,,,,,,
LAB0000099,,,,,,,,,,
LAB0000100,,,,,,,,,,
LAB0000101,,,,,,,,,,
LAB0000102,,,,,,,,,,
LAB0000103,,,,,,,,,,
LAB0000104,,,,,,,,,,
LAB0000105,,,,,,,,,,
LAB0000106,,,,,,,,,,
LAB0000107,,,,,,,,,,
LAB0000108,,,,,,,,,,
LAB0000109,,,,,,,,,,
LAB0000110,,,,,,,,,,
LAB0000111,,,,,,,,,,
LAB0000112,,,,,,,,,,
LAB0000113,,,,,,,,,,
LAB0000114,,,,,,,,,,
LAB0000115,,,,,,,,,,
LAB0000116,,,,,,,,,,
LAB0000117,,,,,,,,,,
LAB0000118,,,,,,,,,,
LAB0000119,,,,,,,,,,
LAB0000120,,,,,,,,,,
LAB0000121,,,,,,,,,,
LAB0000122,,,,,,,,,,
LAB0000123,,,,,,,,,,
LAB0000124,,,,,,,,,,
LAB0000125,,,,,,,,,,
LAB0000126,,,,,,,,,,
LAB0000127,,,,,,,,,,
LAB0000128,,,,,,,,,,
LAB0000129,,,,,,,,,,
LAB0000130,,,,,,,,,,
LAB0000131,,,,,,,,,,
LAB0000132,,,,,,,,,,
LAB0000133,,,,,,,,,,
LAB0000134,,,,,,,,,,
LAB0000135,,,,,,,,,,
LAB0000136,,,,,,,,,,
LAB0000137,,,,,,,,,,
LAB0000138,,,,,,,,,,
LAB0000139,,,,,,,,,,
LAB0000140,,,,,,,,,,
LAB0000141,,,,,,,,,,
LAB0000142,,,,,,,,,,
LAB0000143,,,,,,,,,,
LAB0000144,,,,,,,,,,
LAB0000145,,,,,,,,,,
LAB0000146,,,,,,,,,,
LAB0000147,,,,,,,,,,
LAB0000148,,,,,,,,,,
LAB0000149,,,,,,,,,,
LAB0000150,,,,,,,,,,
LAB0000151,,,,,,,,,,
LAB0000152,,,,,,,,,,
LAB0000153,,,,,,,,,,
LAB0000154,,,,,,,,,,
LAB0000155,,,,,,,,,,
LAB0000156,,,,,,,,,,
LAB0000157,,,,,,,,,,
LAB0000158,,,,,,,,,,
LAB0000159,,,,,,,,,,
LAB0000160,,,,,,,,,,
LAB0000161,,,,,,,,,,
LAB0000162,,,,,,,,,,
LAB0000163,,,,,,,,,,
LAB0000164,,,,,,,,,,
LAB0000165,,,,,,,,,,
LAB0000166,,,,,,,,,,
LAB0000167,,,,,,,,,,
LAB0000168,,,,,,,,,,
LAB0000169,,,,,,,,,,
LAB0000170,,,,,,,,,,
LAB0000171,,,,,,,,,,
LAB0000172,,,,,,,,,,
LAB0000173,,,,,,,,,,
LAB0000174,,,,,,,,,,
LAB0000175,,,,,,,,,,
LAB0000176,,,,,,,,,,
LAB0000177,,,,,,,,,,
LAB0000178,,,,,,,,,,
LAB0000179,,,,,,,,,,
LAB0000180,,,,,,,,,,
LAB0000181,,,,,,,,,,
LAB0000182,,,,,,,,,,
LAB0000183,,,,,,,,,,
LAB0000184,,,,,,,,,,
LAB0000185,,,,,,,,,,
LAB0000186,,,,,,,,,,
LAB0000187,,,,,,,,,,
LAB0000188,,,,,,,,,,
LAB0000189,,,,,,,,,,
LAB0000190,,,,,,,,,,
LAB0000191,,,,,,,,,,
LAB0000192,,,,,,,,,,
LAB0000193,,,,,,,,,,
LAB0000194,,,,,,,,,,
LAB0000195,,,,,,,,,,
LAB0000196,,,,,,,,,,
LAB0000197,,,,,,,,,,
LAB0000198,,,,,,,,,,
LAB0000199,,,,,,,,,,
LAB0000200,,,,,,,,,,
LAB0000201,,,,,,,,,,
LAB0000202,,,,,,,,,,
LAB0000203,,,,,,,,,,
LAB0000204,,,,,,,,,,
LAB0000205,,,,,,,,,,
LAB0000206,,,,,,,,,,
LAB0000207,,,,,,,,,,
LAB0000208,,,,,,,,,,
LAB0000209,,,,,,,,,,
LAB0000210,,,,,,,,,,
LAB0000211,,,,,,,,,,
LAB0000212,,,,,,,,,,
LAB0000213,,,,,,,,,,
LAB0000214,,,,,,,,,,
LAB0000215,,,,,,,,,,
LAB0000216,,,,,,,,,,
LAB0000217,,,,,,,,,,
LAB0000218,,,,,,,,,,
LAB0000219,,,,,,,,,,
LAB0000220,,,,,,,,,,
LAB0000221,,,,,,,,,,
LAB0000222,,,,,,,,,,
LAB0000223,,,,,,,,,,
LAB0000224,,,,,,,,,,
LAB0000225,,,,,,,,,,
LAB0000226,,,,,,,,,,
LAB0000227,,,,,,,,,,
LAB0000228,,,,,,,,,,
LAB0000229,,,,,,,,,,
LAB0000230,,,,,,,,,,
LAB0000231,,,,,,,,,,
LAB0000232,,,,,,,,,,
LAB0000233,,,,,,,,,,
LAB0000234,,,,,,,,,,
LAB0000235,,,,,,,,,,
LAB0000236,,,,,,,,,,
LAB0000237,,,,,,,,,,
LAB0000238,,,,,,,,,,
LAB0000239,,,,,,,,,,
LAB0000240,,,,,,,,,,
LAB0000241,,,,,,,,,,
LAB0000242,,,,,,,,,,
LAB0000243,,,,,,,,,,
LAB0000244,,,,,,,,,,
LAB0000245,,,,,,,,,,
LAB0000246,,,,,,,,,,
LAB0000247,,,,,,,,,,
LAB0000248,,,,,,,,,,
LAB0000249,,,,,,,,,,
LAB0000250,,,,,,,,,,
LAB0000251,,,,,,,,,,
LAB0000252,,,,,,,,,,
LAB0000253,,,,,,,,,,
LAB0000254,,,,,,,,,,
LAB0000255,,,,,,,,,,
LAB0000256,,,,,,,,,,
LAB0000257,,,,,,,,,,
LAB0000258,,,,,,,,,,
LAB0000259,,,,,,,,,,
LAB0000260,,,,,,,,,,
LAB0000261,,,,,,,,,,
LAB0000262,,,,,,,,,,
LAB0000263,,,,,,,,,,
LAB0000264,,,,,,,,,,
LAB0000265,,,,,,,,,,
LAB0000266,,,,,,,,,,
LAB0000267,,,,,,,,,,
LAB0000268,,,,,,,,,,
LAB0000269,,,,,,,,,,
LAB0000270,,,,,,,,,,
LAB0000271,,,,,,,,,,
LAB0000272,,,,,,,,,,
LAB0000273,,,,,,,,,,
LAB0000274,,,,,,,,,,
LAB0000275,,,,,,,,,,
LAB0000276,,,,,,,,,,
LAB0000277,,,,,,,,,,
LAB0000278,,,,,,,,,,
LAB0000279,,,,,,,,,,
LAB0000280,,,,,,,,,,
LAB0000281,,,,,,,,,,
LAB0000282,,,,,,,,,,
LAB0000283,,,,,,,,,,
LAB0000284,,,,,,,,,,
LAB0000285,,,,,,,,,,
LAB0000286,,,,,,,,,,
LAB0000287,,,,,,,,,,
LAB0000288,,,,,,,,,,
LAB0000289,,,,,,,,,,
LAB0000290,,,,,,,,,,
LAB0000291,,,,,,,,,,
LAB0000292,,,,,,,,,,
LAB0000293,,,,,,,,,,
LAB0000294,,,,,,,,,,
LAB0000295,,,,,,,,,,
LAB0000296,,,,,,,,,,
LAB0000297,,,,,,,,,,
LAB0000298,,,,,,,,,,
LAB0000299,,,,,,,,,,
LAB0000300,,,,,,,,,,
LAB0000301,,,,,,,,,,
LAB0000302,,,,,,,,,,
LAB0000303,,,,,,,,,,
LAB0000304,,,,,,,,,,
LAB0000305,,,,,,,,,,
LAB0000306,,,,,,,,,,
LAB0000307,,,,,,,,,,
LAB0000308,,,,,,,,,,
LAB0000309,,,,,,,,,,
LAB0000310,,,,,,,,,,
LAB0000311,,,,,,,,,,
LAB0000312,,,,,,,,,,
LAB0000313,,,,,,,,,,
LAB0000314,,,,,,,,,,
LAB0000315,,,,,,,,,,
LAB0000316,,,,,,,,,,
LAB0000317,,,,,,,,,,
LAB0000318,,,,,,,,,,
LAB0000319,,,,,,,,,,
LAB0000320,,,,,,,,,,
LAB0000321,,,,,,,,,,
LAB0000322,,,,,,,,,,
LAB0000323,,,,,,,,,,
LAB0000324,,,,,,,,,,
LAB0000325,,,,,,,,,,
LAB0000326,,,,,,,,,,
LAB0000327,,,,,,,,,,
LAB0000328,,,,,,,,,,
LAB0000329,,,,,,,,,,
LAB0000330,,,,,,,,,,
LAB0000331,,,,,,,,,,
LAB0000332,,,,,,,,,,
LAB0000333,,,,,,,,,,
LAB0000334,,,,,,,,,,
LAB0000335,,,,,,,,,,
LAB0000336,,,,,,,,,,
LAB0000337,,,,,,,,,,
LAB0000338,,,,,,,,,,
LAB0000339,,,,,,,,,,
LAB0000340,,,,,,,,,,
LAB0000341,,,,,,,,,,
LAB0000342,,,,,,,,,,
LAB0000343,,,,,,,,,,
LAB0000344,,,,,,,,,,
LAB0000345,,,,,,,,,,
LAB0000346,,,,,,,,,,
LAB0000347,,,,,,,,,,
LAB0000348,,,,,,,,,,
LAB0000349,,,,,,,,,,
LAB0000350,,,,,,,,,,
LAB0000351,,,,,,,,,,
LAB0000352,,,,,,,,,,
LAB0000353,,,,,,,,,,
LAB0000354,,,,,,,,,,
LAB0000355,,,,,,,,,,
LAB0000356,,,,,,,,,,
LAB0000357,,,,,,,,,,
LAB0000358,,,,,,,,,,
LAB0000359,,,,,,,,,,
LAB0000360,,,,,,,,,,
LAB0000361,,,,,,,,,,
LAB0000362,,,,,,,,,,
LAB0000363,,,,,,,,,,
LAB0000364,,,,,,,,,,
LAB0000365,,,,,,,,,,
LAB0000366,,,,,,,,,,
LAB0000367,,,,,,,,,,
LAB0000368,,,,,,,,,,
LAB0000369,,,,,,,,,,
LAB0000370,,,,,,,,,,
LAB0000371,,,,,,,,,,
LAB0000372,,,,,,,,,,
LAB0000373,,,,,,,,,,
LAB0000374,,,,,,,,,,
LAB0000375,,,,,,,,,,
LAB0000376,,,,,,,,,,
LAB0000377,,,,,,,,,,
LAB0000378,,,,,,,,,,
LAB0000379,,,,,,,,,,
LAB0000380,,,,,,,,,,
LAB0000381,,,,,,,,,,
LAB0000382,,,,,,,,,,
LAB0000383,,,,,,,,,,
LAB0000384,,,,,,,,,,
LAB0000385,,,,,,,,,,
LAB0000386,,,,,,,,,,
LAB0000387,,,,,,,,,,
LAB0000388,,,,,,,,,,
LAB0000389,,,,,,,,,,
LAB0000390,,,,,,,,,,
LAB0000391,,,,,,,,,,
LAB0000392,,,,,,,,,,
LAB0000393,,,,,,,,,,
LAB0000394,,,,,,,,,,
LAB0000395,,,,,,,,,,
LAB0000396,,,,,,,,,,
LAB0000397,,,,,,,,,,
LAB0000398,,,,,,,,,,
LAB0000399,,,,,,,,,,
LAB0000400,,,,,,,,,,
LAB0000401,,,,,,,,,,
LAB0000402,,,,,,,,,,
LAB0000403,,,,,,,,,,
LAB0000404,,,,,,,,,,
LAB0000405,,,,,,,,,,
LAB0000406,,,,,,,,,,
LAB0000407,,,,,,,,,,
LAB0000408,,,,,,,,,,
LAB0000409,,,,,,,,,,
LAB0000410,,,,,,,,,,
LAB0000411,,,,,,,,,,
LAB0000412,,,,,,,,,,
LAB0000413,,,,,,,,,,
LAB0000414,,,,,,,,,,
LAB0000415,,,,,,,,,,
LAB0000416,,,,,,,,,,
LAB0000417,,,,,,,,,,
LAB0000418,,,,,,,,,,
LAB0000419,,,,,,,,,,
LAB0000420,,,,,,,,,,
LAB0000421,,,,,,,,,,
LAB0000422,,,,,,,,,,
LAB0000423,,,,,,,,,,
LAB0000424,,,,,,,,,,
LAB0000425,,,,,,,,,,
LAB0000426,,,,,,,,,,
LAB0000427,,,,,,,,,,
LAB0000428,,,,,,,,,,
LAB0000429,,,,,,,,,,
LAB0000430,,,,,,,,,,
LAB0000431,,,,,,,,,,
LAB0000432,,,,,,,,,,
LAB0000433,,,,,,,,,,
LAB0000434,,,,,,,,,,
LAB0000435,,,,,,,,,,
LAB0000436,,,,,,,,,,
LAB0000437,,,,,,,,,,
LAB0000438,,,,,,,,,,
LAB0000439,,,,,,,,,,
LAB0000440,,,,,,,,,,
LAB0000441,,,,,,,,,,
LAB0000442,,,,,,,,,,
LAB0000443,,,,,,,,,,
LAB0000444,,,,,,,,,,
LAB0000445,,,,,,,,,,
LAB0000446,,,,,,,,,,
LAB0000447,,,,,,,,,,
LAB0000448,,,,,,,,,,
LAB0000449,,,,,,,,,,
LAB0000450,,,,,,,,,,
LAB0000451,,,,,,,,,,
LAB0000452,,,,,,,,,,
LAB0000453,,,,,,,,,,
LAB0000454,,,,,,,,,,
LAB0000455,,,,,,,,,,
LAB0000456,,,,,,,,,,
LAB0000457,,,,,,,,,,
LAB0000458,,,,,,,,,,
LAB0000459,,,,,,,,,,
LAB0000460,,,,,,,,,,
LAB0000461,,,,,,,,,,
LAB0000462,,,,,,,,,,
LAB0000463,,,,,,,,,,
LAB0000464,,,,,,,,,,
LAB0000465,,,,,,,,,,
LAB0000466,,,,,,,,,,
LAB0000467,,,,,,,,,,
LAB0000468,,,,,,,,,,
LAB0000469,,,,,,,,,,
LAB0000470,,,,,,,,,,
LAB0000471,,,,,,,,,,
LAB0000472,,,,,,,,,,
LAB0000473,,,,,,,,,,
LAB0000474,,,,,,,,,,
LAB0000475,,,,,,,,,,
LAB0000476,,,,,,,,,,
LAB0000477,,,,,,,,,,
LAB0000478,,,,,,,,,,
LAB0000479,,,,,,,,,,
LAB0000480,,,,,,,,,,
LAB0000481,,,,,,,,,,
LAB0000482,,,,,,,,,,
LAB0000483,,,,,,,,,,
LAB0000484,,,,,,,,,,
LAB0000485,,,,,,,,,,
LAB0000486,,,,,,,,,,
LAB0000487,,,,,,,,,,
LAB0000488,,,,,,,,,,
LAB0000489,,,,,,,,,,
LAB0000490,,,,,,,,,,
LAB0000491,,,,,,,,,,
LAB0000492,,,,,,,,,,
LAB0000493,,,,,,,,,,
LAB0000494,,,,,,,,,,
LAB0000495,,,,,,,,,,
LAB0000496,,,,,,,,,,
LAB0000497,,,,,,,,,,
LAB0000498,,,,,,,,,,
LAB0000499,,,,,,,,,,
LAB0000500,,,,,,,,,,
LAB0000501,,,,,,,,,,
LAB0000502,,,,,,,,,,
LAB0000503,,,,,,,,,,
LAB0000504,,,,,,,,,,
LAB0000505,,,,,,,,,,
LAB0000506,,,,,,,,,,
LAB0000507,,,,,,,,,,
LAB0000508,,,,,,,,,,
LAB0000509,,,,,,,,,,
LAB0000510,,,,,,,,,,
LAB0000511,,,,,,,,,,
LAB0000512,,,,,,,,,,
LAB0000513,,,,,,,,,,
LAB0000514,,,,,,,,,,
LAB0000515,,,,,,,,,,
LAB0000516,,,,,,,,,,
LAB0000517,,,,,,,,,,
LAB0000518,,,,,,,,,,
LAB0000519,,,,,,,,,,
LAB0000520,,,,,,,,,,
LAB0000521,,,,,,,,,,
LAB0000522,,,,,,,,,,
LAB0000523,,,,,,,,,,
LAB0000524,,,,,,,,,,
LAB0000525,,,,,,,,,,
LAB0000526,,,,,,,,,,
LAB0000527,,,,,,,,,,
LAB0000528,,,,,,,,,,
LAB0000529,,,,,,,,,,
LAB0000530,,,,,,,,,,
LAB0000531,,,,,,,,,,
LAB0000532,,,,,,,,,,
LAB0000533,,,,,,,,,,
LAB0000534,,,,,,,,,,
LAB0000535,,,,,,,,,,
LAB0000536,,,,,,,,,,
LAB0000537,,,,,,,,,,
LAB0000538,,,,,,,,,,
LAB0000539,,,,,,,,,,
LAB0000540,,,,,,,,,,
LAB0000541,,,,,,,,,,
LAB0000542,,,,,,,,,,
LAB0000543,,,,,,,,,,
LAB0000544,,,,,,,,,,
LAB0000545,,,,,,,,,,
LAB0000546,,,,,,,,,,
LAB0000547,,,,,,,,,,
LAB0000548,,,,,,,,,,
LAB0000549,,,,,,,,,,
LAB0000550,,,,,,,,,,
LAB0000551,,,,,,,,,,
LAB0000552,,,,,,,,,,
LAB0000553,,,,,,,,,,
LAB0000554,,,,,,,,,,
LAB0000555,,,,,,,,,,
LAB0000556,,,,,,,,,,
LAB0000557,,,,,,,,,,
LAB0000558,,,,,,,,,,
LAB0000559,,,,,,,,,,
LAB0000560,,,,,,,,,,
LAB0000561,,,,,,,,,,
LAB0000562,,,,,,,,,,
LAB0000563,,,,,,,,,,
LAB0000564,,,,,,,,,,
LAB0000565,,,,,,,,,,
LAB0000566,,,,,,,,,,
LAB0000567,,,,,,,,,,
LAB0000568,,,,,,,,,,
LAB0000569,,,,,,,,,,
LAB0000570,,,,,,,,,,
LAB0000571,,,,,,,,,,
LAB0000572,,,,,,,,,,
LAB0000573,,,,,,,,,,
LAB0000574,,,,,,,,,,
LAB0000575,,,,,,,,,,
LAB0000576,,,,,,,,,,
LAB0000577,,,,,,,,,,
LAB0000578,,,,,,,,,,
LAB0000579,,,,,,,,,,
LAB0000580,,,,,,,,,,
LAB0000581,,,,,,,,,,
LAB0000582,,,,,,,,,,
LAB0000583,,,,,,,,,,
LAB0000584,,,,,,,,,,
LAB0000585,,,,,,,,,,
LAB0000586,,,,,,,,,,
LAB0000587,,,,,,,,,,
LAB0000588,,,,,,,,,,
LAB0000589,,,,,,,,,,
LAB0000590,,,,,,,,,,
LAB0000591,,,,,,,,,,
LAB0000592,,,,,,,,,,
LAB0000593,,,,,,,,,,
LAB0000594,,,,,,,,,,
LAB0000595,,,,,,,,,,
LAB0000596,,,,,,,,,,
LAB0000597,,,,,,,,,,
LAB0000598,,,,,,,,,,
LAB0000599,,,,,,,,,,
LAB0000600,,,,,,,,,,
LAB0000601,,,,,,,,,,
LAB0000602,,,,,,,,,,
LAB0000603,,,,,,,,,,
LAB0000604,,,,,,,,,,
LAB0000605,,,,,,,,,,
LAB0000606,,,,,,,,,,
LAB0000607,,,,,,,,,,
LAB0000608,,,,,,,,,,
LAB0000609,,,,,,,,,,
LAB0000610,,,,,,,,,,
LAB0000611,,,,,,,,,,
LAB0000612,,,,,,,,,,
LAB0000613,,,,,,,,,,
LAB0000614,,,,,,,,,,
LAB0000615,,,,,,,,,,
LAB0000616,,,,,,,,,,
LAB0000617,,,,,,,,,,
LAB0000618,,,,,,,,,,
LAB0000619,,,,,,,,,,
LAB0000620,,,,,,,,,,
LAB0000621,,,,,,,,,,
LAB0000622,,,,,,,,,,
LAB0000623,,,,,,,,,,
LAB0000624,,,,,,,,,,
LAB0000625,,,,,,,,,,
LAB0000626,,,,,,,,,,
LAB0000627,,,,,,,,,,
LAB0000628,,,,,,,,,,
LAB0000629,,,,,,,,,,
LAB0000630,,,,,,,,,,
LAB0000631,,,,,,,,,,
LAB0000632,,,,,,,,,,
LAB0000633,,,,,,,,,,
LAB0000634,,,,,,,,,,
LAB0000635,,,,,,,,,,
LAB0000636,,,,,,,,,,
LAB0000637,,,,,,,,,,
LAB0000638,,,,,,,,,,
LAB0000639,,,,,,,,,,
LAB0000640,,,,,,,,,,
LAB0000641,,,,,,,,,,
LAB0000642,,,,,,,,,,
LAB0000643,,,,,,,,,,
LAB0000644,,,,,,,,,,
LAB0000645,,,,,,,,,,
LAB0000646,,,,,,,,,,
LAB0000647,,,,,,,,,,
LAB0000648,,,,,,,,,,
LAB0000649,,,,,,,,,,
LAB0000650,,,,,,,,,,
LAB0000651,,,,,,,,,,
LAB0000652,,,,,,,,,,
LAB0000653,,,,,,,,,,
LAB0000654,,,,,,,,,,
LAB0000655,,,,,,,,,,
LAB0000656,,,,,,,,,,
LAB0000657,,,,,,,,,,
LAB0000658,,,,,,,,,,
LAB0000659,,,,,,,,,,
LAB0000660,,,,,,,,,,
LAB0000661,,,,,,,,,,
LAB0000662,,,,,,,,,,
LAB0000663,,,,,,,,,,
LAB0000664,,,,,,,,,,
LAB0000665,,,,,,,,,,
LAB0000666,,,,,,,,,,
LAB0000667,,,,,,,,,,
LAB0000668,,,,,,,,,,
LAB0000669,,,,,,,,,,
LAB0000670,,,,,,,,,,
LAB0000671,,,,,,,,,,
LAB0000672,,,,,,,,,,
LAB0000673,,,,,,,,,,
LAB0000674,,,,,,,,,,
LAB0000675,,,,,,,,,,
LAB0000676,,,,,,,,,,
LAB0000677,,,,,,,,,,
LAB0000678,,,,,,,,,,
LAB0000679,,,,,,,,,,
LAB0000680,,,,,,,,,,
LAB0000681,,,,,,,,,,
LAB0000682,,,,,,,,,,
LAB0000683,,,,,,,,,,
LAB0000684,,,,,,,,,,
LAB0000685,,,,,,,,,,
LAB0000686,,,,,,,,,,
LAB0000687,,,,,,,,,,
LAB0000688,,,,,,,,,,
LAB0000689,,,,,,,,,,
LAB0000690,,,,,,,,,,
LAB0000691,,,,,,,,,,
LAB0000692,,,,,,,,,,
LAB0000693,,,,,,,,,,
LAB0000694,,,,,,,,,,
LAB0000695,,,,,,,,,,
LAB0000696,,,,,,,,,,
LAB0000697,,,,,,,,,,
LAB0000698,,,,,,,,,,
LAB0000699,,,,,,,,,,
LAB0000700,,,,,,,,,,
LAB0000701,,,,,,,,,,
LAB0000702,,,,,,,,,,
LAB0000703,,,,,,,,,,
LAB0000704,,,,,,,,,,
LAB0000705,,,,,,,,,,
LAB0000706,,,,,,,,,,
LAB0000707,,,,,,,,,,
LAB0000708,,,,,,,,,,
LAB0000709,,,,,,,,,,
LAB0000710,,,,,,,,,,
LAB0000711,,,,,,,,,,
LAB0000712,,,,,,,,,,
LAB0000713,,,,,,,,,,
LAB0000714,,,,,,,,,,
LAB0000715,,,,,,,,,,
LAB0000716,,,,,,,,,,
LAB0000717,,,,,,,,,,
LAB0000718,,,,,,,,,,
LAB0000719,,,,,,,,,,
LAB0000720,,,,,,,,,,
LAB0000721,,,,,,,,,,
LAB0000722,,,,,,,,,,
LAB0000723,,,,,,,,,,
LAB0000724,,,,,,,,,,
LAB0000725,,,,,,,,,,
LAB0000726,,,,,,,,,,
LAB0000727,,,,,,,,,,
LAB0000728,,,,,,,,,,
LAB0000729,,,,,,,,,,
LAB0000730,,,,,,,,,,
LAB0000731,,,,,,,,,,
LAB0000732,,,,,,,,,,
LAB0000733,,,,,,,,,,
LAB0000734,,,,,,,,,,
LAB0000735,,,,,,,,,,
LAB0000736,,,,,,,,,,
LAB0000737,,,,,,,,,,
LAB0000738,,,,,,,,,,
LAB0000739,,,,,,,,,,
LAB0000740,,,,,,,,,,
LAB0000741,,,,,,,,,,
LAB0000742,,,,,,,,,,
LAB0000743,,,,,,,,,,
LAB0000744,,,,,,,,,,
LAB0000745,,,,,,,,,,
LAB0000746,,,,,,,,,,
LAB0000747,,,,,,,,,,
LAB0000748,,,,,,,,,,
LAB0000749,,,,,,,,,,
LAB0000750,,,,,,,,,,
LAB0000751,,,,,,,,,,
LAB0000752,,,,,,,,,,
LAB0000753,,,,,,,,,,
LAB0000754,,,,,,,,,,
LAB0000755,,,,,,,,,,
LAB0000756,,,,,,,,,,
LAB0000757,,,,,,,,,,
LAB0000758,,,,,,,,,,
LAB0000759,,,,,,,,,,
LAB0000760,,,,,,,,,,
LAB0000761,,,,,,,,,,
LAB0000762,,,,,,,,,,
LAB0000763,,,,,,,,,,
LAB0000764,,,,,,,,,,
LAB0000765,,,,,,,,,,
LAB0000766,,,,,,,,,,
LAB0000767,,,,,,,,,,
LAB0000768,,,,,,,,,,
LAB0000769,,,,,,,,,,
LAB0000770,,,,,,,,,,
LAB0000771,,,,,,,,,,
LAB0000772,,,,,,,,,,
LAB0000773,,,,,,,,,,
LAB0000774,,,,,,,,,,
LAB0000775,,,,,,,,,,
LAB0000776,,,,,,,,,,
LAB0000777,,,,,,,,,,
LAB0000778,,,,,,,,,,
LAB0000779,,,,,,,,,,
LAB0000780,,,,,,,,,,
LAB0000781,,,,,,,,,,
LAB0000782,,,,,,,,,,
LAB0000783,,,,,,,,,,
LAB0000784,,,,,,,,,,
LAB0000785,,,,,,,,,,
LAB0000786,,,,,,,,,,
LAB0000787,,,,,,,,,,
LAB0000788,,,,,,,,,,
LAB0000789,,,,,,,,,,
LAB0000790,,,,,,,,,,
LAB0000791,,,,,,,,,,
LAB0000792,,,,,,,,,,
LAB0000793,,,,,,,,,,
LAB0000794,,,,,,,,,,
LAB0000795,,,,,,,,,,
LAB0000796,,,,,,,,,,
LAB0000797,,,,,,,,,,
LAB0000798,,,,,,,,,,
LAB0000799,,,,,,,,,,
LAB0000800,,,,,,,,,,
LAB0000801,,,,,,,,,,
LAB0000802,,,,,,,,,,
LAB0000803,,,,,,,,,,
LAB0000804,,,,,,,,,,
LAB0000805,,,,,,,,,,
LAB0000806,,,,,,,,,,
LAB0000807,,,,,,,,,,
LAB0000808,,,,,,,,,,
LAB0000809,,,,,,,,,,
LAB0000810,,,,,,,,,,
LAB0000811,,,,,,,,,,
LAB0000812,,,,,,,,,,
LAB0000813,,,,,,,,,,
LAB0000814,,,,,,,,,,
LAB0000815,,,,,,,,,,
LAB0000816,,,,,,,,,,
LAB0000817,,,,,,,,,,
LAB0000818,,,,,,,,,,
LAB0000819,,,,,,,,,,
LAB0000820,,,,,,,,,,
LAB0000821,,,,,,,,,,
LAB0000822,,,,,,,,,,
LAB0000823,,,,,,,,,,
LAB0000824,,,,,,,,,,
LAB0000825,,,,,,,,,,
LAB0000826,,,,,,,,,,
LAB0000827,,,,,,,,,,
LAB0000828,,,,,,,,,,
LAB0000829,,,,,,,,,,
LAB0000830,,,,,,,,,,
LAB0000831,,,,,,,,,,
LAB0000832,,,,,,,,,,
LAB0000833,,,,,,,,,,
LAB0000834,,,,,,,,,,
LAB0000835,,,,,,,,,,
LAB0000836,,,,,,,,,,
LAB0000837,,,,,,,,,,
LAB0000838,,,,,,,,,,
LAB0000839,,,,,,,,,,
LAB0000840,,,,,,,,,,
LAB0000841,,,,,,,,,,
LAB0000842,,,,,,,,,,
LAB0000843,,,,,,,,,,
LAB0000844,,,,,,,,,,
LAB0000845,,,,,,,,,,
LAB0000846,,,,,,,,,,
LAB0000847,,,,,,,,,,
LAB0000848,,,,,,,,,,
LAB0000849,,,,,,,,,,
LAB0000850,,,,,,,,,,
LAB0000851,,,,,,,,,,
LAB0000852,,,,,,,,,,
LAB0000853,,,,,,,,,,
LAB0000854,,,,,,,,,,
LAB0000855,,,,,,,,,,
LAB0000856,,,,,,,,,,
LAB0000857,,,,,,,,,,
LAB0000858,,,,,,,,,,
LAB0000859,,,,,,,,,,
LAB0000860,,,,,,,,,,
LAB0000861,,,,,,,,,,
LAB0000862,,,,,,,,,,
LAB0000863,,,,,,,,,,
LAB0000864,,,,,,,,,,
LAB0000865,,,,,,,,,,
LAB0000866,,,,,,,,,,
LAB0000867,,,,,,,,,,
LAB0000868,,,,,,,,,,
LAB0000869,,,,,,,,,,
LAB0000870,,,,,,,,,,
LAB0000871,,,,,,,,,,
LAB0000872,,,,,,,,,,
LAB0000873,,,,,,,,,,
LAB0000874,,,,,,,,,,
LAB0000875,,,,,,,,,,
LAB0000876,,,,,,,,,,
LAB0000877,,,,,,,,,,
LAB0000878,,,,,,,,,,
LAB0000879,,,,,,,,,,
LAB0000880,,,,,,,,,,
LAB0000881,,,,,,,,,,
LAB0000882,,,,,,,,,,
LAB0000883,,,,,,,,,,
LAB0000884,,,,,,,,,,
LAB0000885,,,,,,,,,,
LAB0000886,,,,,,,,,,
LAB0000887,,,,,,,,,,
LAB0000888,,,,,,,,,,
LAB0000889,,,,,,,,,,
LAB0000890,,,,,,,,,,
LAB0000891,,,,,,,,,,
LAB0000892,,,,,,,,,,
LAB0000893,,,,,,,,,,
LAB0000894,,,,,,,,,,
LAB0000895,,,,,,,,,,
LAB0000896,,,,,,,,,,
LAB0000897,,,,,,,,,,
LAB0000898,,,,,,,,,,
LAB0000899,,,,,,,,,,
LAB0000900,,,,,,,,,,
LAB0000901,,,,,,,,,,
LAB0000902,,,,,,,,,,
LAB0000903,,,,,,,,,,
LAB0000904,,,,,,,,,,
LAB0000905,,,,,,,,,,
LAB0000906,,,,,,,,,,
LAB0000907,,,,,,,,,,
LAB0000908,,,,,,,,,,
LAB0000909,,,,,,,,,,
LAB0000910,,,,,,,,,,
LAB0000911,,,,,,,,,,
LAB0000912,,,,,,,,,,
LAB0000913,,,,,,,,,,
LAB0000914,,,,,,,,,,
LAB0000915,,,,,,,,,,
LAB0000916,,,,,,,,,,
LAB0000917,,,,,,,,,,
LAB0000918,,,,,,,,,,
LAB0000919,,,,,,,,,,
LAB0000920,,,,,,,,,,
LAB0000921,,,,,,,,,,
LAB0000922,,,,,,,,,,
LAB0000923,,,,,,,,,,
LAB0000924,,,,,,,,,,
LAB0000925,,,,,,,,,,
LAB0000926,,,,,,,,,,
LAB0000927,,,,,,,,,,
LAB0000928,,,,,,,,,,
LAB0000929,,,,,,,,,,
LAB0000930,,,,,,,,,,
LAB0000931,,,,,,,,,,
LAB0000932,,,,,,,,,,
LAB0000933,,,,,,,,,,
LAB0000934,,,,,,,,,,
LAB0000935,,,,,,,,,,
LAB0000936,,,,,,,,,,
LAB0000937,,,,,,,,,,
LAB0000938,,,,,,,,,,
LAB0000939,,,,,,,,,,
LAB0000940,,,,,,,,,,
LAB0000941,,,,,,,,,,
LAB0000942,,,,,,,,,,
LAB0000943,,,,,,,,,,
LAB0000944,,,,,,,,,,
LAB0000945,,,,,,,,,,
LAB0000946,,,,,,,,,,
LAB0000947,,,,,,,,,,
LAB0000948,,,,,,,,,,
LAB0000949,,,,,,,,,,
LAB0000950,,,,,,,,,,
LAB0000951,,,,,,,,,,
LAB0000952,,,,,,,,,,
LAB0000953,,,,,,,,,,
LAB0000954,,,,,,,,,,
LAB0000955,,,,,,,,,,
LAB0000956,,,,,,,,,,
LAB0000957,,,,,,,,,,
LAB0000958,,,,,,,,,,
LAB0000959,,,,,,,,,,
LAB0000960,,,,,,,,,,
LAB0000961,,,,,,,,,,
LAB0000962,,,,,,,,,,
LAB0000963,,,,,,,,,,
LAB0000964,,,,,,,,,,
LAB0000965,,,,,,,,,,
LAB0000966,,,,,,,,,,
LAB0000967,,,,,,,,,,
LAB0000968,,,,,,,,,,
LAB0000969,,,,,,,,,,
LAB0000970,,,,,,,,,,
LAB0000971,,,,,,,,,,
LAB0000972,,,,,,,,,,
LAB0000973,,,,,,,,,,
LAB0000974,,,,,,,,,,
LAB0000975,,,,,,,,,,
LAB0000976,,,,,,,,,,
LAB0000977,,,,,,,,,,
LAB0000978,,,,,,,,,,
LAB0000979,,,,,,,,,,
LAB0000980,,,,,,,,,,
LAB0000981,,,,,,,,,,
LAB0000982,,,,,,,,,,
LAB0000983,,,,,,,,,,
LAB0000984,,,,,,,,,,
LAB0000985,,,,,,,,,,
LAB0000986,,,,,,,,,,
LAB0000987,,,,,,,,,,
LAB0000988,,,,,,,,,,
LAB0000989,,,,,,,,,,
LAB0000990,,,,,,,,,,
LAB0000991,,,,,,,,,,
LAB0000992,,,,,,,,,,
LAB0000993,,,,,,,,,,
LAB0000994,,,,,,,,,,
LAB0000995,,,,,,,,,,
LAB0000996,,,,,,,,,,
LAB0000997,,,,,,,,,,
LAB0000998,,,,,,,,,,
LAB0000999,,,,,,,,,,
LAB0001000,,,,,,,,,,
LAB0001001,,,,,,,,,,
LAB0001002,,,,,,,,,,
LAB0001003,,,,,,,,,,
LAB0001004,,,,,,,,,,
LAB0001005,,,,,,,,,,
LAB0001006,,,,,,,,,,
LAB0001007,,,,,,,,,,
LAB0001008,,,,,,,,,,
LAB0001009,,,,,,,,,,
LAB0001010,,,,,,,,,,
LAB0001011,,,,,,,,,,
LAB0001012,,,,,,,,,,
LAB0001013,,,,,,,,,,
LAB0001014,,,,,,,,,,
LAB0001015,,,,,,,,,,
LAB0001016,,,,,,,,,,
LAB0001017,,,,,,,,,,
LAB0001018,,,,,,,,,,
LAB0001019,,,,,,,,,,
LAB0001020,,,,,,,,,,
LAB0001021,,,,,,,,,,
LAB0001022,,,,,,,,,,
LAB0001023,,,,,,,,,,
LAB0001024,,,,,,,,,,
LAB0001025,,,,,,,,,,
LAB0001026,,,,,,,,,,
LAB0001027,,,,,,,,,,
LAB0001028,,,,,,,,,,
LAB0001029,,,,,,,,,,
LAB0001030,,,,,,,,,,
LAB0001031,,,,,,,,,,
LAB0001032,,,,,,,,,,
LAB0001033,,,,,,,,,,
LAB0001034,,,,,,,,,,
LAB0001035,,,,,,,,,,
LAB0001036,,,,,,,,,,
LAB0001037,,,,,,,,,,
LAB0001038,,,,,,,,,,
LAB0001039,,,,,,,,,,
LAB0001040,,,,,,,,,,
LAB0001041,,,,,,,,,,
LAB0001042,,,,,,,,,,
LAB0001043,,,,,,,,,,
LAB0001044,,,,,,,,,,
LAB0001045,,,,,,,,,,
LAB0001046,,,,,,,,,,
LAB0001047,,,,,,,,,,
LAB0001048,,,,,,,,,,
LAB0001049,,,,,,,,,,
LAB0001050,,,,,,,,,,
LAB0001051,,,,,,,,,,
LAB0001052,,,,,,,,,,
LAB0001053,,,,,,,,,,
LAB0001054,,,,,,,,,,
LAB0001055,,,,,,,,,,
LAB0001056,,,,,,,,,,
LAB0001057,,,,,,,,,,
LAB0001058,,,,,,,,,,
LAB0001059,,,,,,,,,,
LAB0001060,,,,,,,,,,
LAB0001061,,,,,,,,,,
LAB0001062,,,,,,,,,,
LAB0001063,,,,,,,,,,
LAB0001064,,,,,,,,,,
LAB0001065,,,,,,,,,,
LAB0001066,,,,,,,,,,
LAB0001067,,,,,,,,,,
LAB0001068,,,,,,,,,,
LAB0001069,,,,,,,,,,
LAB0001070,,,,,,,,,,
LAB0001071,,,,,,,,,,
LAB0001072,,,,,,,,,,
LAB0001073,,,,,,,,,,
LAB0001074,,,,,,,,,,
LAB0001075,,,,,,,,,,
LAB0001076,,,,,,,,,,
LAB0001077,,,,,,,,,,
LAB0001078,,,,,,,,,,
LAB0001079,,,,,,,,,,
LAB0001080,,,,,,,,,,
LAB0001081,,,,,,,,,,
LAB0001082,,,,,,,,,,
LAB0001083,,,,,,,,,,
LAB0001084,,,,,,,,,,
LAB0001085,,,,,,,,,,
LAB0001086,,,,,,,,,,
LAB0001087,,,,,,,,,,
LAB0001088,,,,,,,,,,
LAB0001089,,,,,,,,,,
LAB0001090,,,,,,,,,,
LAB0001091,,,,,,,,,,
LAB0001092,,,,,,,,,,
LAB0001093,,,,,,,,,,
LAB0001094,,,,,,,,,,
LAB0001095,,,,,,,,,,
LAB0001096,,,,,,,,,,
LAB0001097,,,,,,,,,,
LAB0001098,,,,,,,,,,
LAB0001099,,,,,,,,,,
LAB0001100,,,,,,,,,,
LAB0001101,,,,,,,,,,
LAB0001102,,,,,,,,,,
LAB0001103,,,,,,,,,,
LAB0001104,,,,,,,,,,
LAB0001105,,,,,,,,,,
LAB0001106,,,,,,,,,,
LAB0001107,,,,,,,,,,
LAB0001108,,,,,,,,,,
LAB0001109,,,,,,,,,,
LAB0001110,,,,,,,,,,
LAB0001111,,,,,,,,,,
LAB0001112,,,,,,,,,,
LAB0001113,,,,,,,,,,
LAB0001114,,,,,,,,,,
LAB0001115,,,,,,,,,,
LAB0001116,,,,,,,,,,
LAB0001117,,,,,,,,,,
LAB0001118,,,,,,,,,,
LAB0001119,,,,,,,,,,
LAB0001120,,,,,,,,,,
LAB0001121,,,,,,,,,,
LAB0001122,,,,,,,,,,
LAB0001123,,,,,,,,,,
LAB0001124,,,,,,,,,,
LAB0001125,,,,,,,,,,
LAB0001126,,,,,,,,,,
LAB0001127,,,,,,,,,,
LAB0001128,,,,,,,,,,
LAB0001129,,,,,,,,,,
LAB0001130,,,,,,,,,,
LAB0001131,,,,,,,,,,
LAB0001132,,,,,,,,,,
LAB0001133,,,,,,,,,,
LAB0001134,,,,,,,,,,
LAB0001135,,,,,,,,,,
LAB0001136,,,,,,,,,,
LAB0001137,,,,,,,,,,
LAB0001138,,,,,,,,,,
LAB0001139,,,,,,,,,,
LAB0001140,,,,,,,,,,
LAB0001141,,,,,,,,,,
LAB0001142,,,,,,,,,,
LAB0001143,,,,,,,,,,
LAB0001144,,,,,,,,,,
LAB0001145,,,,,,,,,,
LAB0001146,,,,,,,,,,
LAB0001147,,,,,,,,,,
LAB0001148,,,,,,,,,,
LAB0001149,,,,,,,,,,
LAB0001150,,,,,,,,,,
LAB0001151,,,,,,,,,,
LAB0001152,,,,,,,,,,
LAB0001153,,,,,,,,,,
LAB0001154,,,,,,,,,,
LAB0001155,,,,,,,,,,
LAB0001156,,,,,,,,,,
LAB0001157,,,,,,,,,,
LAB0001158,,,,,,,,,,
LAB0001159,,,,,,,,,,
LAB0001160,,,,,,,,,,
LAB0001161,,,,,,,,,,
LAB0001162,,,,,,,,,,
LAB0001163,,,,,,,,,,
LAB0001164,,,,,,,,,,
LAB0001165,,,,,,,,,,
LAB0001166,,,,,,,,,,
LAB0001167,,,,,,,,,,
LAB0001168,,,,,,,,,,
LAB0001169,,,,,,,,,,
LAB0001170,,,,,,,,,,
LAB0001171,,,,,,,,,,
LAB0001172,,,,,,,,,,
LAB0001173,,,,,,,,,,
LAB0001174,,,,,,,,,,
LAB0001175,,,,,,,,,,
LAB0001176,,,,,,,,,,
LAB0001177,,,,,,,,,,
LAB0001178,,,,,,,,,,
LAB0001179,,,,,,,,,,
LAB0001180,,,,,,,,,,
LAB0001181,,,,,,,,,,
LAB0001182,,,,,,,,,,
LAB0001183,,,,,,,,,,
LAB0001184,,,,,,,,,,
LAB0001185,,,,,,,,,,
LAB0001186,,,,,,,,,,
LAB0001187,,,,,,,,,,
LAB0001188,,,,,,,,,,
LAB0001189,,,,,,,,,,
LAB0001190,,,,,,,,,,
LAB0001191,,,,,,,,,,
LAB0001192,,,,,,,,,,
LAB0001193,,,,,,,,,,
LAB0001194,,,,,,,,,,
LAB0001195,,,,,,,,,,
LAB0001196,,,,,,,,,,
LAB0001197,,,,,,,,,,
LAB0001198,,,,,,,,,,
LAB0001199,,,,,,,,,,
LAB0001200,,,,,,,,,,
LAB0001201,,,,,,,,,,
LAB0001202,,,,,,,,,,
LAB0001203,,,,,,,,,,
LAB0001204,,,,,,,,,,
LAB0001205,,,,,,,,,,
LAB0001206,,,,,,,,,,
LAB0001207,,,,,,,,,,
LAB0001208,,,,,,,,,,
LAB0001209,,,,,,,,,,
LAB0001210,,,,,,,,,,
LAB0001211,,,,,,,,,,
LAB0001212,,,,,,,,,,
LAB0001213,,,,,,,,,,
LAB0001214,,,,,,,,,,
LAB0001215,,,,,,,,,,
LAB0001216,,,,,,,,,,
LAB0001217,,,,,,,,,,
LAB0001218,,,,,,,,,,
LAB0001219,,,,,,,,,,
LAB0001220,,,,,,,,,,
LAB0001221,,,,,,,,,,
LAB0001222,,,,,,,,,,
LAB0001223,,,,,,,,,,
LAB0001224,,,,,,,,,,
LAB0001225,,,,,,,,,,
LAB0001226,,,,,,,,,,
LAB0001227,,,,,,,,,,
LAB0001228,,,,,,,,,,
LAB0001229,,,,,,,,,,
LAB0001230,,,,,,,,,,
LAB0001231,,,,,,,,,,
LAB0001232,,,,,,,,,,
LAB0001233,,,,,,,,,,
LAB0001234,,,,,,,,,,
LAB0001235,,,,,,,,,,
LAB0001236,,,,,,,,,,
LAB0001237,,,,,,,,,,
LAB0001238,,,,,,,,,,
LAB0001239,,,,,,,,,,
LAB0001240,,,,,,,,,,
LAB0001241,,,,,,,,,,
LAB0001242,,,,,,,,,,
LAB0001243,,,,,,,,,,
LAB0001244,,,,,,,,,,
LAB0001245,,,,,,,,,,
LAB0001246,,,,,,,,,,
LAB0001247,,,,,,,,,,
LAB0001248,,,,,,,,,,
LAB0001249,,,,,,,,,,
LAB0001250,,,,,,,,,,
LAB0001251,,,,,,,,,,
LAB0001252,,,,,,,,,,
LAB0001253,,,,,,,,,,
LAB0001254,,,,,,,,,,
LAB0001255,,,,,,,,,,
LAB0001256,,,,,,,,,,
LAB0001257,,,,,,,,,,
LAB0001258,,,,,,,,,,
LAB0001259,,,,,,,,,,
LAB0001260,,,,,,,,,,
LAB0001261,,,,,,,,,,
LAB0001262,,,,,,,,,,
LAB0001263,,,,,,,,,,
LAB0001264,,,,,,,,,,
LAB0001265,,,,,,,,,,
LAB0001266,,,,,,,,,,
LAB0001267,,,,,,,,,,
LAB0001268,,,,,,,,,,
LAB0001269,,,,,,,,,,
LAB0001270,,,,,,,,,,
LAB0001271,,,,,,,,,,
LAB0001272,,,,,,,,,,
LAB0001273,,,,,,,,,,
LAB0001274,,,,,,,,,,
LAB0001275,,,,,,,,,,
LAB0001276,,,,,,,,,,
LAB0001277,,,,,,,,,,
LAB0001278,,,,,,,,,,
LAB0001279,,,,,,,,,,
LAB0001280,,,,,,,,,,
LAB0001281,,,,,,,,,,
LAB0001282,,,,,,,,,,
LAB0001283,,,,,,,,,,
LAB0001284,,,,,,,,,,
LAB0001285,,,,,,,,,,
LAB0001286,,,,,,,,,,
LAB0001287,,,,,,,,,,
LAB0001288,,,,,,,,,,
LAB0001289,,,,,,,,,,
LAB0001290,,,,,,,,,,
LAB0001291,,,,,,,,,,
LAB0001292,,,,,,,,,,
LAB0001293,,,,,,,,,,
LAB0001294,,,,,,,,,,
LAB0001295,,,,,,,,,,
LAB0001296,,,,,,,,,,
LAB0001297,,,,,,,,,,
LAB0001298,,,,,,,,,,
LAB0001299,,,,,,,,,,
LAB0001300,,,,,,,,,,
LAB0001301,,,,,,,,,,
LAB0001302,,,,,,,,,,
LAB0001303,,,,,,,,,,
LAB0001304,,,,,,,,,,
LAB0001305,,,,,,,,,,
LAB0001306,,,,,,,,,,
LAB0001307,,,,,,,,,,
LAB0001308,,,,,,,,,,
LAB0001309,,,,,,,,,,
LAB0001310,,,,,,,,,,
LAB0001311,,,,,,,,,,
LAB0001312,,,,,,,,,,
LAB0001313,,,,,,,,,,
LAB0001314,,,,,,,,,,
LAB0001315,,,,,,,,,,
LAB0001316,,,,,,,,,,
LAB0001317,,,,,,,,,,
LAB0001318,,,,,,,,,,
LAB0001319,,,,,,,,,,
LAB0001320,,,,,,,,,,
LAB0001321,,,,,,,,,,
LAB0001322,,,,,,,,,,
LAB0001323,,,,,,,,,,
LAB0001324,,,,,,,,,,
LAB0001325,,,,,,,,,,
LAB0001326,,,,,,,,,,
LAB0001327,,,,,,,,,,
LAB0001328,,,,,,,,,,
LAB0001329,,,,,,,,,,
LAB0001330,,,,,,,,,,
LAB0001331,,,,,,,,,,
LAB0001332,,,,,,,,,,
LAB0001333,,,,,,,,,,
LAB0001334,,,,,,,,,,
LAB0001335,,,,,,,,,,
LAB0001336,,,,,,,,,,
LAB0001337,,,,,,,,,,
LAB0001338,,,,,,,,,,
LAB0001339,,,,,,,,,,
LAB0001340,,,,,,,,,,
LAB0001341,,,,,,,,,,
LAB0001342,,,,,,,,,,
LAB0001343,,,,,,,,,,
LAB0001344,,,,,,,,,,
LAB0001345,,,,,,,,,,
LAB0001346,,,,,,,,,,
LAB0001347,,,,,,,,,,
LAB0001348,,,,,,,,,,
LAB0001349,,,,,,,,,,
LAB0001350,,,,,,,,,,
LAB0001351,,,,,,,,,,
LAB0001352,,,,,,,,,,
LAB0001353,,,,,,,,,,
LAB0001354,,,,,,,,,,
LAB0001355,,,,,,,,,,
LAB0001356,,,,,,,,,,
LAB0001357,,,,,,,,,,
LAB0001358,,,,,,,,,,
LAB0001359,,,,,,,,,,
LAB0001360,,,,,,,,,,
LAB0001361,,,,,,,,,,
LAB0001362,,,,,,,,,,
LAB0001363,,,,,,,,,,
LAB0001364,,,,,,,,,,
LAB0001365,,,,,,,,,,
LAB0001366,,,,,,,,,,
LAB0001367,,,,,,,,,,
LAB0001368,,,,,,,,,,
LAB0001369,,,,,,,,,,
LAB0001370,,,,,,,,,,
LAB0001371,,,,,,,,,,
LAB0001372,,,,,,,,,,
LAB0001373,,,,,,,,,,
LAB0001374,,,,,,,,,,
LAB0001375,,,,,,,,,,
LAB0001376,,,,,,,,,,
LAB0001377,,,,,,,,,,
LAB0001378,,,,,,,,,,
LAB0001379,,,,,,,,,,
LAB0001380,,,,,,,,,,
LAB0001381,,,,,,,,,,
LAB0001382,,,,,,,,,,
LAB0001383,,,,,,,,,,
LAB0001384,,,,,,,,,,
LAB0001385,,,,,,,,,,
LAB0001386,,,,,,,,,,
LAB0001387,,,,,,,,,,
LAB0001388,,,,,,,,,,
LAB0001389,,,,,,,,,,
LAB0001390,,,,,,,,,,
LAB0001391,,,,,,,,,,
LAB0001392,,,,,,,,,,
LAB0001393,,,,,,,,,,
LAB0001394,,,,,,,,,,
LAB0001395,,,,,,,,,,
LAB0001396,,,,,,,,,,
LAB0001397,,,,,,,,,,
LAB0001398,,,,,,,,,,
LAB0001399,,,,,,,,,,
LAB0001400,,,,,,,,,,
LAB0001401,,,,,,,,,,
LAB0001402,,,,,,,,,,
LAB0001403,,,,,,,,,,
LAB0001404,,,,,,,,,,
LAB0001405,,,,,,,,,,
LAB0001406,,,,,,,,,,
LAB0001407,,,,,,,,,,
LAB0001408,,,,,,,,,,
LAB0001409,,,,,,,,,,
LAB0001410,,,,,,,,,,
LAB0001411,,,,,,,,,,
LAB0001412,,,,,,,,,,
LAB0001413,,,,,,,,,,
LAB0001414,,,,,,,,,,
LAB0001415,,,,,,,,,,
LAB0001416,,,,,,,,,,
LAB0001417,,,,,,,,,,
LAB0001418,,,,,,,,,,
LAB0001419,,,,,,,,,,
LAB0001420,,,,,,,,,,
LAB0001421,,,,,,,,,,
LAB0001422,,,,,,,,,,
LAB0001423,,,,,,,,,,
LAB0001424,,,,,,,,,,
LAB0001425,,,,,,,,,,
LAB0001426,,,,,,,,,,
LAB0001427,,,,,,,,,,
LAB0001428,,,,,,,,,,
LAB0001429,,,,,,,,,,
LAB0001430,,,,,,,,,,
LAB0001431,,,,,,,,,,
LAB0001432,,,,,,,,,,
LAB0001433,,,,,,,,,,
LAB0001434,,,,,,,,,,
LAB0001435,,,,,,,,,,
LAB0001436,,,,,,,,,,
LAB0001437,,,,,,,,,,
LAB0001438,,,,,,,,,,
LAB0001439,,,,,,,,,,
LAB0001440,,,,,,,,,,
LAB0001441,,,,,,,,,,
LAB0001442,,,,,,,,,,
LAB0001443,,,,,,,,,,
LAB0001444,,,,,,,,,,
LAB0001445,,,,,,,,,,
LAB0001446,,,,,,,,,,
LAB0001447,,,,,,,,,,
LAB0001448,,,,,,,,,,
LAB0001449,,,,,,,,,,
LAB0001450,,,,,,,,,,
LAB0001451,,,,,,,,,,
LAB0001452,,,,,,,,,,
LAB0001453,,,,,,,,,,
LAB0001454,,,,,,,,,,
LAB0001455,,,,,,,,,,
LAB0001456,,,,,,,,,,
LAB0001457,,,,,,,,,,
LAB0001458,,,,,,,,,,
LAB0001459,,,,,,,,,,
LAB0001460,,,,,,,,,,
LAB0001461,,,,,,,,,,
LAB0001462,,,,,,,,,,
LAB0001463,,,,,,,,,,
LAB0001464,,,,,,,,,,
LAB0001465,,,,,,,,,,
LAB0001466,,,,,,,,,,
LAB0001467,,,,,,,,,,
LAB0001468,,,,,,,,,,
LAB0001469,,,,,,,,,,
LAB0001470,,,,,,,,,,
LAB0001471,,,,,,,,,,
LAB0001472,,,,,,,,,,
LAB0001473,,,,,,,,,,
LAB0001474,,,,,,,,,,
LAB0001475,,,,,,,,,,
LAB0001476,,,,,,,,,,
LAB0001477,,,,,,,,,,
LAB0001478,,,,,,,,,,
LAB0001479,,,,,,,,,,
LAB0001480,,,,,,,,,,
LAB0001481,,,,,,,,,,
LAB0001482,,,,,,,,,,
LAB0001483,,,,,,,,,,
LAB0001484,,,,,,,,,,
LAB0001485,,,,,,,,,,
LAB0001486,,,,,,,,,,
LAB0001487,,,,,,,,,,
LAB0001488,,,,,,,,,,
LAB0001489,,,,,,,,,,
LAB0001490,,,,,,,,,,
LAB0001491,,,,,,,,,,
LAB0001492,,,,,,,,,,
LAB0001493,,,,,,,,,,
LAB0001494,,,,,,,,,,
LAB0001495,,,,,,,,,,
LAB0001496,,,,,,,,,,
LAB0001497,,,,,,,,,,
LAB0001498,,,,,,,,,,
LAB0001499,,,,,,,,,,
LAB0001500,,,,,,,,,,
LAB0001501,,,,,,,,,,
LAB0001502,,,,,,,,,,
LAB0001503,,,,,,,,,,
LAB0001504,,,,,,,,,,
LAB0001505,,,,,,,,,,
LAB0001506,,,,,,,,,,
LAB0001507,,,,,,,,,,
LAB0001508,,,,,,,,,,
LAB0001509,,,,,,,,,,
LAB0001510,,,,,,,,,,
LAB0001511,,,,,,,,,,
LAB0001512,,,,,,,,,,
LAB0001513,,,,,,,,,,
LAB0001514,,,,,,,,,,
LAB0001515,,,,,,,,,,
LAB0001516,,,,,,,,,,
LAB0001517,,,,,,,,,,
LAB0001518,,,,,,,,,,
LAB0001519,,,,,,,,,,
LAB0001520,,,,,,,,,,
LAB0001521,,,,,,,,,,
LAB0001522,,,,,,,,,,
LAB0001523,,,,,,,,,,
LAB0001524,,,,,,,,,,
LAB0001525,,,,,,,,,,
LAB0001526,,,,,,,,,,
LAB0001527,,,,,,,,,,
LAB0001528,,,,,,,,,,
LAB0001529,,,,,,,,,,
LAB0001530,,,,,,,,,,
LAB0001531,,,,,,,,,,
LAB0001532,,,,,,,,,,
LAB0001533,,,,,,,,,,
LAB0001534,,,,,,,,,,
LAB0001535,,,,,,,,,,
LAB0001536,,,,,,,,,,
LAB0001537,,,,,,,,,,
LAB0001538,,,,,,,,,,
LAB0001539,,,,,,,,,,
LAB0001540,,,,,,,,,,
LAB0001541,,,,,,,,,,
LAB0001542,,,,,,,,,,
LAB0001543,,,,,,,,,,
LAB0001544,,,,,,,,,,
LAB0001545,,,,,,,,,,
LAB0001546,,,,,,,,,,
LAB0001547,,,,,,,,,,
LAB0001548,,,,,,,,,,
LAB0001549,,,,,,,,,,
LAB0001550,,,,,,,,,,
LAB0001551,,,,,,,,,,
LAB0001552,,,,,,,,,,
LAB0001553,,,,,,,,,,
LAB0001554,,,,,,,,,,
LAB0001555,,,,,,,,,,
LAB0001556,,,,,,,,,,
LAB0001557,,,,,,,,,,
LAB0001558,,,,,,,,,,
LAB0001559,,,,,,,,,,
LAB0001560,,,,,,,,,,
LAB0001561,,,,,,,,,,
LAB0001562,,,,,,,,,,
LAB0001563,,,,,,,,,,
LAB0001564,,,,,,,,,,
LAB0001565,,,,,,,,,,
LAB0001566,,,,,,,,,,
LAB0001567,,,,,,,,,,
LAB0001568,,,,,,,,,,
LAB0001569,,,,,,,,,,
LAB0001570,,,,,,,,,,
LAB0001571,,,,,,,,,,
LAB0001572,,,,,,,,,,
LAB0001573,,,,,,,,,,
LAB0001574,,,,,,,,,,
LAB0001575,,,,,,,,,,
LAB0001576,,,,,,,,,,
LAB0001577,,,,,,,,,,
LAB0001578,,,,,,,,,,
LAB0001579,,,,,,,,,,
LAB0001580,,,,,,,,,,
LAB0001581,,,,,,,,,,
LAB0001582,,,,,,,,,,
LAB0001583,,,,,,,,,,
LAB0001584,,,,,,,,,,
LAB0001585,,,,,,,,,,
LAB0001586,,,,,,,,,,
LAB0001587,,,,,,,,,,
LAB0001588,,,,,,,,,,
LAB0001589,,,,,,,,,,
LAB0001590,,,,,,,,,,
LAB0001591,,,,,,,,,,
LAB0001592,,,,,,,,,,
LAB0001593,,,,,,,,,,
LAB0001594,,,,,,,,,,
LAB0001595,,,,,,,,,,
LAB0001596,,,,,,,,,,
LAB0001597,,,,,,,,,,
LAB0001598,,,,,,,,,,
LAB0001599,,,,,,,,,,
LAB0001600,,,,,,,,,,
LAB0001601,,,,,,,,,,
LAB0001602,,,,,,,,,,
LAB0001603,,,,,,,,,,
LAB0001604,,,,,,,,,,
LAB0001605,,,,,,,,,,
LAB0001606,,,,,,,,,,
LAB0001607,,,,,,,,,,
LAB0001608,,,,,,,,,,
LAB0001609,,,,,,,,,,
LAB0001610,,,,,,,,,,
LAB0001611,,,,,,,,,,
LAB0001612,,,,,,,,,,
LAB0001613,,,,,,,,,,
LAB0001614,,,,,,,,,,
LAB0001615,,,,,,,,,,
LAB0001616,,,,,,,,,,
LAB0001617,,,,,,,,,,
LAB0001618,,,,,,,,,,
LAB0001619,,,,,,,,,,
LAB0001620,,,,,,,,,,
LAB0001621,,,,,,,,,,
LAB0001622,,,,,,,,,,
LAB0001623,,,,,,,,,,
LAB0001624,,,,,,,,,,
LAB0001625,,,,,,,,,,
LAB0001626,,,,,,,,,,
LAB0001627,,,,,,,,,,
LAB0001628,,,,,,,,,,
LAB0001629,,,,,,,,,,
LAB0001630,,,,,,,,,,
LAB0001631,,,,,,,,,,
LAB0001632,,,,,,,,,,
LAB0001633,,,,,,,,,,
LAB0001634,,,,,,,,,,
LAB0001635,,,,,,,,,,
LAB0001636,,,,,,,,,,
LAB0001637,,,,,,,,,,
LAB0001638,,,,,,,,,,
LAB0001639,,,,,,,,,,
LAB0001640,,,,,,,,,,
LAB0001641,,,,,,,,,,
LAB0001642,,,,,,,,,,
LAB0001643,,,,,,,,,,
LAB0001644,,,,,,,,,,
LAB0001645,,,,,,,,,,
LAB0001646,,,,,,,,,,
LAB0001647,,,,,,,,,,
LAB0001648,,,,,,,,,,
LAB0001649,,,,,,,,,,
LAB0001650,,,,,,,,,,
LAB0001651,,,,,,,,,,
LAB0001652,,,,,,,,,,
LAB0001653,,,,,,,,,,
LAB0001654,,,,,,,,,,
LAB0001655,,,,,,,,,,
LAB0001656,,,,,,,,,,
LAB0001657,,,,,,,,,,
LAB0001658,,,,,,,,,,
LAB0001659,,,,,,,,,,
LAB0001660,,,,,,,,,,
LAB0001661,,,,,,,,,,
LAB0001662,,,,,,,,,,
LAB0001663,,,,,,,,,,
LAB0001664,,,,,,,,,,
LAB0001665,,,,,,,,,,
LAB0001666,,,,,,,,,,
LAB0001667,,,,,,,,,,
LAB0001668,,,,,,,,,,
LAB0001669,,,,,,,,,,
LAB0001670,,,,,,,,,,
LAB0001671,,,,,,,,,,
LAB0001672,,,,,,,,,,
LAB0001673,,,,,,,,,,
LAB0001674,,,,,,,,,,
LAB0001675,,,,,,,,,,
LAB0001676,,,,,,,,,,
LAB0001677,,,,,,,,,,
LAB0001678,,,,,,,,,,
LAB0001679,,,,,,,,,,
LAB0001680,,,,,,,,,,
LAB0001681,,,,,,,,,,
LAB0001682,,,,,,,,,,
LAB0001683,,,,,,,,,,
LAB0001684,,,,,,,,,,
LAB0001685,,,,,,,,,,
LAB0001686,,,,,,,,,,
LAB0001687,,,,,,,,,,
LAB0001688,,,,,,,,,,
LAB0001689,,,,,,,,,,
LAB0001690,,,,,,,,,,
LAB0001691,,,,,,,,,,
LAB0001692,,,,,,,,,,
LAB0001693,,,,,,,,,,
LAB0001694,,,,,,,,,,
LAB0001695,,,,,,,,,,
LAB0001696,,,,,,,,,,
LAB0001697,,,,,,,,,,
LAB0001698,,,,,,,,,,
LAB0001699,,,,,,,,,,
LAB0001700,,,,,,,,,,
LAB0001701,,,,,,,,,,
LAB0001702,,,,,,,,,,
LAB0001703,,,,,,,,,,
LAB0001704,,,,,,,,,,
LAB0001705,,,,,,,,,,
LAB0001706,,,,,,,,,,
LAB0001707,,,,,,,,,,
LAB0001708,,,,,,,,,,
LAB0001709,,,,,,,,,,
LAB0001710,,,,,,,,,,
LAB0001711,,,,,,,,,,
LAB0001712,,,,,,,,,,
LAB0001713,,,,,,,,,,
LAB0001714,,,,,,,,,,
LAB0001715,,,,,,,,,,
LAB0001716,,,,,,,,,,
LAB0001717,,,,,,,,,,
LAB0001718,,,,,,,,,,
LAB0001719,,,,,,,,,,
LAB0001720,,,,,,,,,,
LAB0001721,,,,,,,,,,
LAB0001722,,,,,,,,,,
LAB0001723,,,,,,,,,,
LAB0001724,,,,,,,,,,
LAB0001725,,,,,,,,,,
LAB0001726,,,,,,,,,,
LAB0001727,,,,,,,,,,
LAB0001728,,,,,,,,,,
LAB0001729,,,,,,,,,,
LAB0001730,,,,,,,,,,
LAB0001731,,,,,,,,,,
LAB0001732,,,,,,,,,,
LAB0001733,,,,,,,,,,
LAB0001734,,,,,,,,,,
LAB0001735,,,,,,,,,,
LAB0001736,,,,,,,,,,
LAB0001737,,,,,,,,,,
LAB0001738,,,,,,,,,,
LAB0001739,,,,,,,,,,
LAB0001740,,,,,,,,,,
LAB0001741,,,,,,,,,,
LAB0001742,,,,,,,,,,
LAB0001743,,,,,,,,,,
LAB0001744,,,,,,,,,,
LAB0001745,,,,,,,,,,
LAB0001746,,,,,,,,,,
LAB0001747,,,,,,,,,,
LAB0001748,,,,,,,,,,
LAB0001749,,,,,,,,,,
LAB0001750,,,,,,,,,,
LAB0001751,,,,,,,,,,
LAB0001752,,,,,,,,,,
LAB0001753,,,,,,,,,,
LAB0001754,,,,,,,,,,
LAB0001755,,,,,,,,,,
LAB0001756,,,,,,,,,,
LAB0001757,,,,,,,,,,
LAB0001758,,,,,,,,,,
LAB0001759,,,,,,,,,,
LAB0001760,,,,,,,,,,
LAB0001761,,,,,,,,,,
LAB0001762,,,,,,,,,,
LAB0001763,,,,,,,,,,
LAB0001764,,,,,,,,,,
LAB0001765,,,,,,,,,,
LAB0001766,,,,,,,,,,
LAB0001767,,,,,,,,,,
LAB0001768,,,,,,,,,,
LAB0001769,,,,,,,,,,
LAB0001770,,,,,,,,,,
LAB0001771,,,,,,,,,,
LAB0001772,,,,,,,,,,
LAB0001773,,,,,,,,,,
LAB0001774,,,,,,,,,,
LAB0001775,,,,,,,,,,
LAB0001776,,,,,,,,,,
LAB0001777,,,,,,,,,,
LAB0001778,,,,,,,,,,
LAB0001779,,,,,,,,,,
LAB0001780,,,,,,,,,,
LAB0001781,,,,,,,,,,
LAB0001782,,,,,,,,,,
LAB0001783,,,,,,,,,,
LAB0001784,,,,,,,,,,
LAB0001785,,,,,,,,,,
LAB0001786,,,,,,,,,,
LAB0001787,,,,,,,,,,
LAB0001788,,,,,,,,,,
LAB0001789,,,,,,,,,,
LAB0001790,,,,,,,,,,
LAB0001791,,,,,,,,,,
LAB0001792,,,,,,,,,,
LAB0001793,,,,,,,,,,
LAB0001794,,,,,,,,,,
LAB0001795,,,,,,,,,,
LAB0001796,,,,,,,,,,
LAB0001797,,,,,,,,,,
LAB0001798,,,,,,,,,,
LAB0001799,,,,,,,,,,
LAB0001800,,,,,,,,,,
LAB0001801,,,,,,,,,,
LAB0001802,,,,,,,,,,
LAB0001803,,,,,,,,,,
LAB0001804,,,,,,,,,,
LAB0001805,,,,,,,,,,
LAB0001806,,,,,,,,,,
LAB0001807,,,,,,,,,,
LAB0001808,,,,,,,,,,
LAB0001809,,,,,,,,,,
LAB0001810,,,,,,,,,,
LAB0001811,,,,,,,,,,
LAB0001812,,,,,,,,,,
LAB0001813,,,,,,,,,,
LAB0001814,,,,,,,,,,
LAB0001815,,,,,,,,,,
LAB0001816,,,,,,,,,,
LAB0001817,,,,,,,,,,
LAB0001818,,,,,,,,,,
LAB0001819,,,,,,,,,,
LAB0001820,,,,,,,,,,
LAB0001821,,,,,,,,,,
LAB0001822,,,,,,,,,,
LAB0001823,,,,,,,,,,
LAB0001824,,,,,,,,,,
LAB0001825,,,,,,,,,,
LAB0001826,,,,,,,,,,
LAB0001827,,,,,,,,,,
LAB0001828,,,,,,,,,,
LAB0001829,,,,,,,,,,
LAB0001830,,,,,,,,,,
LAB0001831,,,,,,,,,,
LAB0001832,,,,,,,,,,
LAB0001833,,,,,,,,,,
LAB0001834,,,,,,,,,,
LAB0001835,,,,,,,,,,
LAB0001836,,,,,,,,,,
LAB0001837,,,,,,,,,,
LAB0001838,,,,,,,,,,
LAB0001839,,,,,,,,,,
LAB0001840,,,,,,,,,,
LAB0001841,,,,,,,,,,
LAB0001842,,,,,,,,,,
LAB0001843,,,,,,,,,,
LAB0001844,,,,,,,,,,
LAB0001845,,,,,,,,,,
LAB0001846,,,,,,,,,,
LAB0001847,,,,,,,,,,
LAB0001848,,,,,,,,,,
LAB0001849,,,,,,,,,,
LAB0001850,,,,,,,,,,
LAB0001851,,,,,,,,,,
LAB0001852,,,,,,,,,,
LAB0001853,,,,,,,,,,
LAB0001854,,,,,,,,,,
LAB0001855,,,,,,,,,,
LAB0001856,,,,,,,,,,
LAB0001857,,,,,,,,,,
LAB0001858,,,,,,,,,,
LAB0001859,,,,,,,,,,
LAB0001860,,,,,,,,,,
LAB0001861,,,,,,,,,,
LAB0001862,,,,,,,,,,
LAB0001863,,,,,,,,,,
LAB0001864,,,,,,,,,,
LAB0001865,,,,,,,,,,
LAB0001866,,,,,,,,,,
LAB0001867,,,,,,,,,,
LAB0001868,,,,,,,,,,
LAB0001869,,,,,,,,,,
LAB0001870,,,,,,,,,,
LAB0001871,,,,,,,,,,
LAB0001872,,,,,,,,,,
LAB0001873,,,,,,,,,,
LAB0001874,,,,,,,,,,
LAB0001875,,,,,,,,,,
LAB0001876,,,,,,,,,,
LAB0001877,,,,,,,,,,
LAB0001878,,,,,,,,,,
LAB0001879,,,,,,,,,,
LAB0001880,,,,,,,,,,
LAB0001881,,,,,,,,,,
LAB0001882,,,,,,,,,,
LAB0001883,,,,,,,,,,
LAB0001884,,,,,,,,,,
LAB0001885,,,,,,,,,,
LAB0001886,,,,,,,,,,
LAB0001887,,,,,,,,,,
LAB0001888,,,,,,,,,,
LAB0001889,,,,,,,,,,
LAB0001890,,,,,,,,,,
LAB0001891,,,,,,,,,,
LAB0001892,,,,,,,,,,
LAB0001893,,,,,,,,,,
LAB0001894,,,,,,,,,,
LAB0001895,,,,,,,,,,
LAB0001896,,,,,,,,,,
LAB0001897,,,,,,,,,,
LAB0001898,,,,,,,,,,
LAB0001899,,,,,,,,,,
LAB0001900,,,,,,,,,,
LAB0001901,,,,,,,,,,
LAB0001902,,,,,,,,,,
LAB0001903,,,,,,,,,,
LAB0001904,,,,,,,,,,
LAB0001905,,,,,,,,,,
LAB0001906,,,,,,,,,,
LAB0001907,,,,,,,,,,
LAB0001908,,,,,,,,,,
LAB0001909,,,,,,,,,,
LAB0001910,,,,,,,,,,
LAB0001911,,,,,,,,,,
LAB0001912,,,,,,,,,,
LAB0001913,,,,,,,,,,
LAB0001914,,,,,,,,,,
LAB0001915,,,,,,,,,,
LAB0001916,,,,,,,,,,
LAB0001917,,,,,,,,,,
LAB0001918,,,,,,,,,,
LAB0001919,,,,,,,,,,
LAB0001920,,,,,,,,,,
LAB0001921,,,,,,,,,,
LAB0001922,,,,,,,,,,
LAB0001923,,,,,,,,,,
LAB0001924,,,,,,,,,,
LAB0001925,,,,,,,,,,
LAB0001926,,,,,,,,,,
LAB0001927,,,,,,,,,,
LAB0001928,,,,,,,,,,
LAB0001929,,,,,,,,,,
LAB0001930,,,,,,,,,,
LAB0001931,,,,,,,,,,
LAB0001932,,,,,,,,,,
LAB0001933,,,,,,,,,,
LAB0001934,,,,,,,,,,
LAB0001935,,,,,,,,,,
LAB0001936,,,,,,,,,,
LAB0001937,,,,,,,,,,
LAB0001938,,,,,,,,,,
LAB0001939,,,,,,,,,,
LAB0001940,,,,,,,,,,
LAB0001941,,,,,,,,,,
LAB0001942,,,,,,,,,,
LAB0001943,,,,,,,,,,
LAB0001944,,,,,,,,,,
LAB0001945,,,,,,,,,,
LAB0001946,,,,,,,,,,
LAB0001947,,,,,,,,,,
LAB0001948,,,,,,,,,,
LAB0001949,,,,,,,,,,
LAB0001950,,,,,,,,,,
LAB0001951,,,,,,,,,,
LAB0001952,,,,,,,,,,
LAB0001953,,,,,,,,,,
LAB0001954,,,,,,,,,,
LAB0001955,,,,,,,,,,
LAB0001956,,,,,,,,,,
LAB0001957,,,,,,,,,,
LAB0001958,,,,,,,,,,
LAB0001959,,,,,,,,,,
LAB0001960,,,,,,,,,,
LAB0001961,,,,,,,,,,
LAB0001962,,,,,,,,,,
LAB0001963,,,,,,,,,,
LAB0001964,,,,,,,,,,
LAB0001965,,,,,,,,,,
LAB0001966,,,,,,,,,,
LAB0001967,,,,,,,,,,
LAB0001968,,,,,,,,,,
LAB0001969,,,,,,,,,,
LAB0001970,,,,,,,,,,
LAB0001971,,,,,,,,,,
LAB0001972,,,,,,,,,,
LAB0001973,,,,,,,,,,
LAB0001974,,,,,,,,,,
LAB0001975,,,,,,,,,,
LAB0001976,,,,,,,,,,
LAB0001977,,,,,,,,,,
LAB0001978,,,,,,,,,,
LAB0001979,,,,,,,,,,
LAB0001980,,,,,,,,,,
LAB0001981,,,,,,,,,,
LAB0001982,,,,,,,,,,
LAB0001983,,,,,,,,,,
LAB0001984,,,,,,,,,,
LAB0001985,,,,,,,,,,
LAB0001986,,,,,,,,,,
LAB0001987,,,,,,,,,,
LAB0001988,,,,,,,,,,
LAB0001989,,,,,,,,,,
LAB0001990,,,,,,,,,,
LAB0001991,,,,,,,,,,
LAB0001992,,,,,,,,,,
LAB0001993,,,,,,,,,,
LAB0001994,,,,,,,,,,
LAB0001995,,,,,,,,,,
LAB0001996,,,,,,,,,,
LAB0001997,,,,,,,,,,
LAB0001998,,,,,,,,,,
LAB0001999,,,,,,,,,,
LAB0002000,,,,,,,,,,
LAB0002001,,,,,,,,,,
LAB0002002,,,,,,,,,,
LAB0002003,,,,,,,,,,
LAB0002004,,,,,,,,,,
LAB0002005,,,,,,,,,,
LAB0002006,,,,,,,,,,
LAB0002007,,,,,,,,,,
LAB0002008,,,,,,,,,,
LAB0002009,,,,,,,,,,
LAB0002010,,,,,,,,,,
LAB0002011,,,,,,,,,,
LAB0002012,,,,,,,,,,
LAB0002013,,,,,,,,,,
LAB0002014,,,,,,,,,,
LAB0002015,,,,,,,,,,
LAB0002016,,,,,,,,,,
LAB0002017,,,,,,,,,,
LAB0002018,,,,,,,,,,
LAB0002019,,,,,,,,,,
LAB0002020,,,,,,,,,,
LAB0002021,,,,,,,,,,
LAB0002022,,,,,,,,,,
LAB0002023,,,,,,,,,,
LAB0002024,,,,,,,,,,
LAB0002025,,,,,,,,,,
LAB0002026,,,,,,,,,,
LAB0002027,,,,,,,,,,
LAB0002028,,,,,,,,,,
LAB0002029,,,,,,,,,,
LAB0002030,,,,,,,,,,
LAB0002031,,,,,,,,,,
LAB0002032,,,,,,,,,,
LAB0002033,,,,,,,,,,
LAB0002034,,,,,,,,,,
LAB0002035,,,,,,,,,,
LAB0002036,,,,,,,,,,
LAB0002037,,,,,,,,,,
LAB0002038,,,,,,,,,,
LAB0002039,,,,,,,,,,
LAB0002040,,,,,,,,,,
LAB0002041,,,,,,,,,,
LAB0002042,,,,,,,,,,
LAB0002043,,,,,,,,,,
LAB0002044,,,,,,,,,,
LAB0002045,,,,,,,,,,
LAB0002046,,,,,,,,,,
LAB0002047,,,,,,,,,,
LAB0002048,,,,,,,,,,
LAB0002049,,,,,,,,,,
LAB0002050,,,,,,,,,,
LAB0002051,,,,,,,,,,
LAB0002052,,,,,,,,,,
LAB0002053,,,,,,,,,,
LAB0002054,,,,,,,,,,
LAB0002055,,,,,,,,,,
LAB0002056,,,,,,,,,,
LAB0002057,,,,,,,,,,
LAB0002058,,,,,,,,,,
LAB0002059,,,,,,,,,,
LAB0002060,,,,,,,,,,
LAB0002061,,,,,,,,,,
LAB0002062,,,,,,,,,,
LAB0002063,,,,,,,,,,
LAB0002064,,,,,,,,,,
LAB0002065,,,,,,,,,,
LAB0002066,,,,,,,,,,
LAB0002067,,,,,,,,,,
LAB0002068,,,,,,,,,,
LAB0002069,,,,,,,,,,
LAB0002070,,,,,,,,,,
LAB0002071,,,,,,,,,,
LAB0002072,,,,,,,,,,
LAB0002073,,,,,,,,,,
LAB0002074,,,,,,,,,,
LAB0002075,,,,,,,,,,
LAB0002076,,,,,,,,,,
LAB0002077,,,,,,,,,,
LAB0002078,,,,,,,,,,
LAB0002079,,,,,,,,,,
LAB0002080,,,,,,,,,,
LAB0002081,,,,,,,,,,
LAB0002082,,,,,,,,,,
LAB0002083,,,,,,,,,,
LAB0002084,,,,,,,,,,
LAB0002085,,,,,,,,,,
LAB0002086,,,,,,,,,,
LAB0002087,,,,,,,,,,
LAB0002088,,,,,,,,,,
LAB0002089,,,,,,,,,,
LAB0002090,,,,,,,,,,
LAB0002091,,,,,,,,,,
LAB0002092,,,,,,,,,,
LAB0002093,,,,,,,,,,
LAB0002094,,,,,,,,,,
LAB0002095,,,,,,,,,,
LAB0002096,,,,,,,,,,
LAB0002097,,,,,,,,,,
LAB0002098,,,,,,,,,,
LAB0002099,,,,,,,,,,
LAB0002100,,,,,,,,,,
LAB0002101,,,,,,,,,,
LAB0002102,,,,,,,,,,
LAB0002103,,,,,,,,,,
LAB0002104,,,,,,,,,,
LAB0002105,,,,,,,,,,
LAB0002106,,,,,,,,,,
LAB0002107,,,,,,,,,,
LAB0002108,,,,,,,,,,
LAB0002109,,,,,,,,,,
LAB0002110,,,,,,,,,,
LAB0002111,,,,,,,,,,
LAB0002112,,,,,,,,,,
LAB0002113,,,,,,,,,,
LAB0002114,,,,,,,,,,
LAB0002115,,,,,,,,,,
LAB0002116,,,,,,,,,,
LAB0002117,,,,,,,,,,
LAB0002118,,,,,,,,,,
LAB0002119,,,,,,,,,,
LAB0002120,,,,,,,,,,
LAB0002121,,,,,,,,,,
LAB0002122,,,,,,,,,,
LAB0002123,,,,,,,,,,
LAB0002124,,,,,,,,,,
LAB0002125,,,,,,,,,,
LAB0002126,,,,,,,,,,
LAB0002127,,,,,,,,,,
LAB0002128,,,,,,,,,,
LAB0002129,,,,,,,,,,
LAB0002130,,,,,,,,,,
LAB0002131,,,,,,,,,,
LAB0002132,,,,,,,,,,
LAB0002133,,,,,,,,,,
LAB0002134,,,,,,,,,,
LAB0002135,,,,,,,,,,
LAB0002136,,,,,,,,,,
LAB0002137,,,,,,,,,,
LAB0002138,,,,,,,,,,
LAB0002139,,,,,,,,,,
LAB0002140,,,,,,,,,,
LAB0002141,,,,,,,,,,
LAB0002142,,,,,,,,,,
LAB0002143,,,,,,,,,,
LAB0002144,,,,,,,,,,
LAB0002145,,,,,,,,,,
LAB0002146,,,,,,,,,,
LAB0002147,,,,,,,,,,
LAB0002148,,,,,,,,,,
LAB0002149,,,,,,,,,,
LAB0002150,,,,,,,,,,
LAB0002151,,,,,,,,,,
LAB0002152,,,,,,,,,,
LAB0002153,,,,,,,,,,
LAB0002154,,,,,,,,,,
LAB0002155,,,,,,,,,,
LAB0002156,,,,,,,,,,
LAB0002157,,,,,,,,,,
LAB0002158,,,,,,,,,,
LAB0002159,,,,,,,,,,
LAB0002160,,,,,,,,,,
LAB0002161,,,,,,,,,,
LAB0002162,,,,,,,,,,
LAB0002163,,,,,,,,,,
LAB0002164,,,,,,,,,,
LAB0002165,,,,,,,,,,
LAB0002166,,,,,,,,,,
LAB0002167,,,,,,,,,,
LAB0002168,,,,,,,,,,
LAB0002169,,,,,,,,,,
LAB0002170,,,,,,,,,,
LAB0002171,,,,,,,,,,
LAB0002172,,,,,,,,,,
LAB0002173,,,,,,,,,,
LAB0002174,,,,,,,,,,
LAB0002175,,,,,,,,,,
LAB0002176,,,,,,,,,,
LAB0002177,,,,,,,,,,
LAB0002178,,,,,,,,,,
LAB0002179,,,,,,,,,,
LAB0002180,,,,,,,,,,
LAB0002181,,,,,,,,,,
LAB0002182,,,,,,,,,,
LAB0002183,,,,,,,,,,
LAB0002184,,,,,,,,,,
LAB0002185,,,,,,,,,,
LAB0002186,,,,,,,,,,
LAB0002187,,,,,,,,,,
LAB0002188,,,,,,,,,,
LAB0002189,,,,,,,,,,
LAB0002190,,,,,,,,,,
LAB0002191,,,,,,,,,,
LAB0002192,,,,,,,,,,
LAB0002193,,,,,,,,,,
LAB0002194,,,,,,,,,,
LAB0002195,,,,,,,,,,
LAB0002196,,,,,,,,,,
LAB0002197,,,,,,,,,,
LAB0002198,,,,,,,,,,
LAB0002199,,,,,,,,,,
LAB0002200,,,,,,,,,,
LAB0002201,,,,,,,,,,
LAB0002202,,,,,,,,,,
LAB0002203,,,,,,,,,,
LAB0002204,,,,,,,,,,
LAB0002205,,,,,,,,,,
LAB0002206,,,,,,,,,,
LAB0002207,,,,,,,,,,
LAB0002208,,,,,,,,,,
LAB0002209,,,,,,,,,,
LAB0002210,,,,,,,,,,
LAB0002211,,,,,,,,,,
LAB0002212,,,,,,,,,,
LAB0002213,,,,,,,,,,
LAB0002214,,,,,,,,,,
LAB0002215,,,,,,,,,,
LAB0002216,,,,,,,,,,
LAB0002217,,,,,,,,,,
LAB0002218,,,,,,,,,,
LAB0002219,,,,,,,,,,
LAB0002220,,,,,,,,,,
LAB0002221,,,,,,,,,,
LAB0002222,,,,,,,,,,
LAB0002223,,,,,,,,,,
LAB0002224,,,,,,,,,,
LAB0002225,,,,,,,,,,
LAB0002226,,,,,,,,,,
LAB0002227,,,,,,,,,,
LAB0002228,,,,,,,,,,
LAB0002229,,,,,,,,,,
LAB0002230,,,,,,,,,,
LAB0002231,,,,,,,,,,
LAB0002232,,,,,,,,,,
LAB0002233,,,,,,,,,,
LAB0002234,,,,,,,,,,
LAB0002235,,,,,,,,,,
LAB0002236,,,,,,,,,,
LAB0002237,,,,,,,,,,
LAB0002238,,,,,,,,,,
LAB0002239,,,,,,,,,,
LAB0002240,,,,,,,,,,
LAB0002241,,,,,,,,,,
LAB0002242,,,,,,,,,,
LAB0002243,,,,,,,,,,
LAB0002244,,,,,,,,,,
LAB0002245,,,,,,,,,,
LAB0002246,,,,,,,,,,
LAB0002247,,,,,,,,,,
LAB0002248,,,,,,,,,,
LAB0002249,,,,,,,,,,
LAB0002250,,,,,,,,,,
LAB0002251,,,,,,,,,,
LAB0002252,,,,,,,,,,
LAB0002253,,,,,,,,,,
LAB0002254,,,,,,,,,,
LAB0002255,,,,,,,,,,
LAB0002256,,,,,,,,,,
LAB0002257,,,,,,,,,,
LAB0002258,,,,,,,,,,
LAB0002259,,,,,,,,,,
LAB0002260,,,,,,,,,,
LAB0002261,,,,,,,,,,
LAB0002262,,,,,,,,,,
LAB0002263,,,,,,,,,,
LAB0002264,,,,,,,,,,
LAB0002265,,,,,,,,,,
LAB0002266,,,,,,,,,,
LAB0002267,,,,,,,,,,
LAB0002268,,,,,,,,,,
LAB0002269,,,,,,,,,,
LAB0002270,,,,,,,,,,
LAB0002271,,,,,,,,,,
LAB0002272,,,,,,,,,,
LAB0002273,,,,,,,,,,
LAB0002274,,,,,,,,,,
LAB0002275,,,,,,,,,,
LAB0002276,,,,,,,,,,
LAB0002277,,,,,,,,,,
LAB0002278,,,,,,,,,,
LAB0002279,,,,,,,,,,
LAB0002280,,,,,,,,,,
LAB0002281,,,,,,,,,,
LAB0002282,,,,,,,,,,
LAB0002283,,,,,,,,,,
LAB0002284,,,,,,,,,,
LAB0002285,,,,,,,,,,
LAB0002286,,,,,,,,,,
LAB0002287,,,,,,,,,,
LAB0002288,,,,,,,,,,
LAB0002289,,,,,,,,,,
LAB0002290,,,,,,,,,,
LAB0002291,,,,,,,,,,
LAB0002292,,,,,,,,,,
LAB0002293,,,,,,,,,,
LAB0002294,,,,,,,,,,
LAB0002295,,,,,,,,,,
LAB0002296,,,,,,,,,,
LAB0002297,,,,,,,,,,
LAB0002298,,,,,,,,,,
LAB0002299,,,,,,,,,,
LAB0002300,,,,,,,,,,
LAB0002301,,,,,,,,,,
LAB0002302,,,,,,,,,,
LAB0002303,,,,,,,,,,
LAB0002304,,,,,,,,,,
LAB0002305,,,,,,,,,,
LAB0002306,,,,,,,,,,
LAB0002307,,,,,,,,,,
LAB0002308,,,,,,,,,,
LAB0002309,,,,,,,,,,
LAB0002310,,,,,,,,,,
LAB0002311,,,,,,,,,,
LAB0002312,,,,,,,,,,
LAB0002313,,,,,,,,,,
LAB0002314,,,,,,,,,,
LAB0002315,,,,,,,,,,
LAB0002316,,,,,,,,,,
LAB0002317,,,,,,,,,,
LAB0002318,,,,,,,,,,
LAB0002319,,,,,,,,,,
LAB0002320,,,,,,,,,,
LAB0002321,,,,,,,,,,
LAB0002322,,,,,,,,,,
LAB0002323,,,,,,,,,,
LAB0002324,,,,,,,,,,
LAB0002325,,,,,,,,,,
LAB0002326,,,,,,,,,,
LAB0002327,,,,,,,,,,
LAB0002328,,,,,,,,,,
LAB0002329,,,,,,,,,,
LAB0002330,,,,,,,,,,
LAB0002331,,,,,,,,,,
LAB0002332,,,,,,,,,,
LAB0002333,,,,,,,,,,
LAB0002334,,,,,,,,,,
LAB0002335,,,,,,,,,,
LAB0002336,,,,,,,,,,
LAB0002337,,,,,,,,,,
LAB0002338,,,,,,,,,,
LAB0002339,,,,,,,,,,
LAB0002340,,,,,,,,,,
LAB0002341,,,,,,,,,,
LAB0002342,,,,,,,,,,
LAB0002343,,,,,,,,,,
LAB0002344,,,,,,,,,,
LAB0002345,,,,,,,,,,
LAB0002346,,,,,,,,,,
LAB0002347,,,,,,,,,,
LAB0002348,,,,,,,,,,
LAB0002349,,,,,,,,,,
LAB0002350,,,,,,,,,,
LAB0002351,,,,,,,,,,
LAB0002352,,,,,,,,,,
LAB0002353,,,,,,,,,,
LAB0002354,,,,,,,,,,
LAB0002355,,,,,,,,,,
LAB0002356,,,,,,,,,,
LAB0002357,,,,,,,,,,
LAB0002358,,,,,,,,,,
LAB0002359,,,,,,,,,,
LAB0002360,,,,,,,,,,
LAB0002361,,,,,,,,,,
LAB0002362,,,,,,,,,,
LAB0002363,,,,,,,,,,
LAB0002364,,,,,,,,,,
LAB0002365,,,,,,,,,,
LAB0002366,,,,,,,,,,
LAB0002367,,,,,,,,,,
LAB0002368,,,,,,,,,,
LAB0002369,,,,,,,,,,
LAB0002370,,,,,,,,,,
LAB0002371,,,,,,,,,,
LAB0002372,,,,,,,,,,
LAB0002373,,,,,,,,,,
LAB0002374,,,,,,,,,,
LAB0002375,,,,,,,,,,
LAB0002376,,,,,,,,,,
LAB0002377,,,,,,,,,,
LAB0002378,,,,,,,,,,
LAB0002379,,,,,,,,,,
LAB0002380,,,,,,,,,,
LAB0002381,,,,,,,,,,
LAB0002382,,,,,,,,,,
LAB0002383,,,,,,,,,,
LAB0002384,,,,,,,,,,
LAB0002385,,,,,,,,,,
LAB0002386,,,,,,,,,,
LAB0002387,,,,,,,,,,
LAB0002388,,,,,,,,,,
LAB0002389,,,,,,,,,,
LAB0002390,,,,,,,,,,
LAB0002391,,,,,,,,,,
LAB0002392,,,,,,,,,,
LAB0002393,,,,,,,,,,
LAB0002394,,,,,,,,,,
LAB0002395,,,,,,,,,,
LAB0002396,,,,,,,,,,
LAB0002397,,,,,,,,,,
LAB0002398,,,,,,,,,,
LAB0002399,,,,,,,,,,
LAB0002400,,,,,,,,,,
LAB0002401,,,,,,,,,,
LAB0002402,,,,,,,,,,
LAB0002403,,,,,,,,,,
LAB0002404,,,,,,,,,,
LAB0002405,,,,,,,,,,
LAB0002406,,,,,,,,,,
LAB0002407,,,,,,,,,,
LAB0002408,,,,,,,,,,
LAB0002409,,,,,,,,,,
LAB0002410,,,,,,,,,,
LAB0002411,,,,,,,,,,
LAB0002412,,,,,,,,,,
LAB0002413,,,,,,,,,,
LAB0002414,,,,,,,,,,
LAB0002415,,,,,,,,,,
LAB0002416,,,,,,,,,,
LAB0002417,,,,,,,,,,
LAB0002418,,,,,,,,,,
LAB0002419,,,,,,,,,,
LAB0002420,,,,,,,,,,
LAB0002421,,,,,,,,,,
LAB0002422,,,,,,,,,,
LAB0002423,,,,,,,,,,
LAB0002424,,,,,,,,,,
LAB0002425,,,,,,,,,,
LAB0002426,,,,,,,,,,
LAB0002427,,,,,,,,,,
LAB0002428,,,,,,,,,,
LAB0002429,,,,,,,,,,
LAB0002430,,,,,,,,,,
LAB0002431,,,,,,,,,,
LAB0002432,,,,,,,,,,
LAB0002433,,,,,,,,,,
LAB0002434,,,,,,,,,,
LAB0002435,,,,,,,,,,
LAB0002436,,,,,,,,,,
LAB0002437,,,,,,,,,,
LAB0002438,,,,,,,,,,
LAB0002439,,,,,,,,,,
LAB0002440,,,,,,,,,,
LAB0002441,,,,,,,,,,
LAB0002442,,,,,,,,,,
LAB0002443,,,,,,,,,,
LAB0002444,,,,,,,,,,
LAB0002445,,,,,,,,,,
LAB0002446,,,,,,,,,,
LAB0002447,,,,,,,,,,
LAB0002448,,,,,,,,,,
LAB0002449,,,,,,,,,,
LAB0002450,,,,,,,,,,
LAB0002451,,,,,,,,,,
LAB0002452,,,,,,,,,,
LAB0002453,,,,,,,,,,
LAB0002454,,,,,,,,,,
LAB0002455,,,,,,,,,,
LAB0002456,,,,,,,,,,
LAB0002457,,,,,,,,,,
LAB0002458,,,,,,,,,,
LAB0002459,,,,,,,,,,
LAB0002460,,,,,,,,,,
LAB0002461,,,,,,,,,,
LAB0002462,,,,,,,,,,
LAB0002463,,,,,,,,,,
LAB0002464,,,,,,,,,,
LAB0002465,,,,,,,,,,
LAB0002466,,,,,,,,,,
LAB0002467,,,,,,,,,,
LAB0002468,,,,,,,,,,
LAB0002469,,,,,,,,,,
LAB0002470,,,,,,,,,,
LAB0002471,,,,,,,,,,
LAB0002472,,,,,,,,,,
LAB0002473,,,,,,,,,,
LAB0002474,,,,,,,,,,
LAB0002475,,,,,,,,,,
LAB0002476,,,,,,,,,,
LAB0002477,,,,,,,,,,
LAB0002478,,,,,,,,,,
LAB0002479,,,,,,,,,,
LAB0002480,,,,,,,,,,
LAB0002481,,,,,,,,,,
LAB0002482,,,,,,,,,,
LAB0002483,,,,,,,,,,
LAB0002484,,,,,,,,,,
LAB0002485,,,,,,,,,,
LAB0002486,,,,,,,,,,
LAB0002487,,,,,,,,,,
LAB0002488,,,,,,,,,,
LAB0002489,,,,,,,,,,
LAB0002490,,,,,,,,,,
LAB0002491,,,,,,,,,,
LAB0002492,,,,,,,,,,
LAB0002493,,,,,,,,,,
LAB0002494,,,,,,,,,,
LAB0002495,,,,,,,,,,
LAB0002496,,,,,,,,,,
LAB0002497,,,,,,,,,,
LAB0002498,,,,,,,,,,
LAB0002499,,,,,,,,,,
LAB0002500,,,,,,,,,,
LAB0002501,,,,,,,,,,
LAB0002502,,,,,,,,,,
LAB0002503,,,,,,,,,,
LAB0002504,,,,,,,,,,
LAB0002505,,,,,,,,,,
LAB0002506,,,,,,,,,,
LAB0002507,,,,,,,,,,
LAB0002508,,,,,,,,,,
LAB0002509,,,,,,,,,,
LAB0002510,,,,,,,,,,
LAB0002511,,,,,,,,,,
LAB0002512,,,,,,,,,,
LAB0002513,,,,,,,,,,
LAB0002514,,,,,,,,,,
LAB0002515,,,,,,,,,,
LAB0002516,,,,,,,,,,
LAB0002517,,,,,,,,,,
LAB0002518,,,,,,,,,,
LAB0002519,,,,,,,,,,
LAB0002520,,,,,,,,,,
LAB0002521,,,,,,,,,,
LAB0002522,,,,,,,,,,
LAB0002523,,,,,,,,,,
LAB0002524,,,,,,,,,,
LAB0002525,,,,,,,,,,
LAB0002526,,,,,,,,,,
LAB0002527,,,,,,,,,,
LAB0002528,,,,,,,,,,
LAB0002529,,,,,,,,,,
LAB0002530,,,,,,,,,,
LAB0002531,,,,,,,,,,
LAB0002532,,,,,,,,,,
LAB0002533,,,,,,,,,,
LAB0002534,,,,,,,,,,
LAB0002535,,,,,,,,,,
LAB0002536,,,,,,,,,,
LAB0002537,,,,,,,,,,
LAB0002538,,,,,,,,,,
LAB0002539,,,,,,,,,,
LAB0002540,,,,,,,,,,
LAB0002541,,,,,,,,,,
LAB0002542,,,,,,,,,,
LAB0002543,,,,,,,,,,
LAB0002544,,,,,,,,,,
LAB0002545,,,,,,,,,,
LAB0002546,,,,,,,,,,
LAB0002547,,,,,,,,,,
LAB0002548,,,,,,,,,,
LAB0002549,,,,,,,,,,
LAB0002550,,,,,,,,,,
LAB0002551,,,,,,,,,,
LAB0002552,,,,,,,,,,
LAB0002553,,,,,,,,,,
LAB0002554,,,,,,,,,,
LAB0002555,,,,,,,,,,
LAB0002556,,,,,,,,,,
LAB0002557,,,,,,,,,,
LAB0002558,,,,,,,,,,
LAB0002559,,,,,,,,,,
LAB0002560,,,,,,,,,,
LAB0002561,,,,,,,,,,
LAB0002562,,,,,,,,,,
LAB0002563,,,,,,,,,,
LAB0002564,,,,,,,,,,
LAB0002565,,,,,,,,,,
LAB0002566,,,,,,,,,,
LAB0002567,,,,,,,,,,
LAB0002568,,,,,,,,,,
LAB0002569,,,,,,,,,,
LAB0002570,,,,,,,,,,
LAB0002571,,,,,,,,,,
LAB0002572,,,,,,,,,,
LAB0002573,,,,,,,,,,
LAB0002574,,,,,,,,,,
LAB0002575,,,,,,,,,,
LAB0002576,,,,,,,,,,
LAB0002577,,,,,,,,,,
LAB0002578,,,,,,,,,,
LAB0002579,,,,,,,,,,
LAB0002580,,,,,,,,,,
LAB0002581,,,,,,,,,,
LAB0002582,,,,,,,,,,
LAB0002583,,,,,,,,,,
LAB0002584,,,,,,,,,,
LAB0002585,,,,,,,,,,
LAB0002586,,,,,,,,,,
LAB0002587,,,,,,,,,,
LAB0002588,,,,,,,,,,
LAB0002589,,,,,,,,,,
LAB0002590,,,,,,,,,,
LAB0002591,,,,,,,,,,
LAB0002592,,,,,,,,,,
LAB0002593,,,,,,,,,,
LAB0002594,,,,,,,,,,
LAB0002595,,,,,,,,,,
LAB0002596,,,,,,,,,,
LAB0002597,,,,,,,,,,
LAB0002598,,,,,,,,,,
LAB0002599,,,,,,,,,,
LAB0002600,,,,,,,,,,
LAB0002601,,,,,,,,,,
LAB0002602,,,,,,,,,,
LAB0002603,,,,,,,,,,
LAB0002604,,,,,,,,,,
LAB0002605,,,,,,,,,,
LAB0002606,,,,,,,,,,
LAB0002607,,,,,,,,,,
LAB0002608,,,,,,,,,,
LAB0002609,,,,,,,,,,
LAB0002610,,,,,,,,,,
LAB0002611,,,,,,,,,,
LAB0002612,,,,,,,,,,
LAB0002613,,,,,,,,,,
LAB0002614,,,,,,,,,,
LAB0002615,,,,,,,,,,
LAB0002616,,,,,,,,,,
LAB0002617,,,,,,,,,,
LAB0002618,,,,,,,,,,
LAB0002619,,,,,,,,,,
LAB0002620,,,,,,,,,,
LAB0002621,,,,,,,,,,
LAB0002622,,,,,,,,,,
LAB0002623,,,,,,,,,,
LAB0002624,,,,,,,,,,
LAB0002625,,,,,,,,,,
LAB0002626,,,,,,,,,,
LAB0002627,,,,,,,,,,
LAB0002628,,,,,,,,,,
LAB0002629,,,,,,,,,,
LAB0002630,,,,,,,,,,
LAB0002631,,,,,,,,,,
LAB0002632,,,,,,,,,,
LAB0002633,,,,,,,,,,
LAB0002634,,,,,,,,,,
LAB0002635,,,,,,,,,,
LAB0002636,,,,,,,,,,
LAB0002637,,,,,,,,,,
LAB0002638,,,,,,,,,,
LAB0002639,,,,,,,,,,
LAB0002640,,,,,,,,,,
LAB0002641,,,,,,,,,,
LAB0002642,,,,,,,,,,
LAB0002643,,,,,,,,,,
LAB0002644,,,,,,,,,,
LAB0002645,,,,,,,,,,
LAB0002646,,,,,,,,,,
LAB0002647,,,,,,,,,,
LAB0002648,,,,,,,,,,
LAB0002649,,,,,,,,,,
LAB0002650,,,,,,,,,,
LAB0002651,,,,,,,,,,
LAB0002652,,,,,,,,,,
LAB0002653,,,,,,,,,,
LAB0002654,,,,,,,,,,
LAB0002655,,,,,,,,,,
LAB0002656,,,,,,,,,,
LAB0002657,,,,,,,,,,
LAB0002658,,,,,,,,,,
LAB0002659,,,,,,,,,,
LAB0002660,,,,,,,,,,
LAB0002661,,,,,,,,,,
LAB0002662,,,,,,,,,,
LAB0002663,,,,,,,,,,
LAB0002664,,,,,,,,,,
LAB0002665,,,,,,,,,,
LAB0002666,,,,,,,,,,
LAB0002667,,,,,,,,,,
LAB0002668,,,,,,,,,,
LAB0002669,,,,,,,,,,
LAB0002670,,,,,,,,,,
LAB0002671,,,,,,,,,,
LAB0002672,,,,,,,,,,
LAB0002673,,,,,,,,,,
LAB0002674,,,,,,,,,,
LAB0002675,,,,,,,,,,
LAB0002676,,,,,,,,,,
LAB0002677,,,,,,,,,,
LAB0002678,,,,,,,,,,
LAB0002679,,,,,,,,,,
LAB0002680,,,,,,,,,,
LAB0002681,,,,,,,,,,
LAB0002682,,,,,,,,,,
LAB0002683,,,,,,,,,,
LAB0002684,,,,,,,,,,
LAB0002685,,,,,,,,,,
LAB0002686,,,,,,,,,,
LAB0002687,,,,,,,,,,
LAB0002688,,,,,,,,,,
LAB0002689,,,,,,,,,,
LAB0002690,,,,,,,,,,
LAB0002691,,,,,,,,,,
LAB0002692,,,,,,,,,,
LAB0002693,,,,,,,,,,
LAB0002694,,,,,,,,,,
LAB0002695,,,,,,,,,,
LAB0002696,,,,,,,,,,
LAB0002697,,,,,,,,,,
LAB0002698,,,,,,,,,,
LAB0002699,,,,,,,,,,
LAB0002700,,,,,,,,,,
LAB0002701,,,,,,,,,,
LAB0002702,,,,,,,,,,
LAB0002703,,,,,,,,,,
LAB0002704,,,,,,,,,,
LAB0002705,,,,,,,,,,
LAB0002706,,,,,,,,,,
LAB0002707,,,,,,,,,,
LAB0002708,,,,,,,,,,
LAB0002709,,,,,,,,,,
LAB0002710,,,,,,,,,,
LAB0002711,,,,,,,,,,
LAB0002712,,,,,,,,,,
LAB0002713,,,,,,,,,,
LAB0002714,,,,,,,,,,
LAB0002715,,,,,,,,,,
LAB0002716,,,,,,,,,,
LAB0002717,,,,,,,,,,
LAB0002718,,,,,,,,,,
LAB0002719,,,,,,,,,,
LAB0002720,,,,,,,,,,
LAB0002721,,,,,,,,,,
LAB0002722,,,,,,,,,,
LAB0002723,,,,,,,,,,
LAB0002724,,,,,,,,,,
LAB0002725,,,,,,,,,,
LAB0002726,,,,,,,,,,
LAB0002727,,,,,,,,,,
LAB0002728,,,,,,,,,,
LAB0002729,,,,,,,,,,
LAB0002730,,,,,,,,,,
LAB0002731,,,,,,,,,,
LAB0002732,,,,,,,,,,
LAB0002733,,,,,,,,,,
LAB0002734,,,,,,,,,,
LAB0002735,,,,,,,,,,
LAB0002736,,,,,,,,,,
LAB0002737,,,,,,,,,,
LAB0002738,,,,,,,,,,
LAB0002739,,,,,,,,,,
LAB0002740,,,,,,,,,,
LAB0002741,,,,,,,,,,
LAB0002742,,,,,,,,,,
LAB0002743,,,,,,,,,,
LAB0002744,,,,,,,,,,
LAB0002745,,,,,,,,,,
LAB0002746,,,,,,,,,,
LAB0002747,,,,,,,,,,
LAB0002748,,,,,,,,,,
LAB0002749,,,,,,,,,,
LAB0002750,,,,,,,,,,
LAB0002751,,,,,,,,,,
LAB0002752,,,,,,,,,,
LAB0002753,,,,,,,,,,
LAB0002754,,,,,,,,,,
LAB0002755,,,,,,,,,,
LAB0002756,,,,,,,,,,
LAB0002757,,,,,,,,,,
LAB0002758,,,,,,,,,,
LAB0002759,,,,,,,,,,
LAB0002760,,,,,,,,,,
LAB0002761,,,,,,,,,,
LAB0002762,,,,,,,,,,
LAB0002763,,,,,,,,,,
LAB0002764,,,,,,,,,,
LAB0002765,,,,,,,,,,
LAB0002766,,,,,,,,,,
LAB0002767,,,,,,,,,,
LAB0002768,,,,,,,,,,
LAB0002769,,,,,,,,,,
LAB0002770,,,,,,,,,,
LAB0002771,,,,,,,,,,
LAB0002772,,,,,,,,,,
LAB0002773,,,,,,,,,,
LAB0002774,,,,,,,,,,
LAB0002775,,,,,,,,,,
LAB0002776,,,,,,,,,,
LAB0002777,,,,,,,,,,
LAB0002778,,,,,,,,,,
LAB0002779,,,,,,,,,,
LAB0002780,,,,,,,,,,
LAB0002781,,,,,,,,,,
LAB0002782,,,,,,,,,,
LAB0002783,,,,,,,,,,
LAB0002784,,,,,,,,,,
LAB0002785,,,,,,,,,,
LAB0002786,,,,,,,,,,
LAB0002787,,,,,,,,,,
LAB0002788,,,,,,,,,,
LAB0002789,,,,,,,,,,
LAB0002790,,,,,,,,,,
LAB0002791,,,,,,,,,,
LAB0002792,,,,,,,,,,
LAB0002793,,,,,,,,,,
LAB0002794,,,,,,,,,,
LAB0002795,,,,,,,,,,
LAB0002796,,,,,,,,,,
LAB0002797,,,,,,,,,,
LAB0002798,,,,,,,,,,
LAB0002799,,,,,,,,,,
LAB0002800,,,,,,,,,,
LAB0002801,,,,,,,,,,
LAB0002802,,,,,,,,,,
LAB0002803,,,,,,,,,,
LAB0002804,,,,,,,,,,
LAB0002805,,,,,,,,,,
LAB0002806,,,,,,,,,,
LAB0002807,,,,,,,,,,
LAB0002808,,,,,,,,,,
LAB0002809,,,,,,,,,,
LAB0002810,,,,,,,,,,
LAB0002811,,,,,,,,,,
LAB0002812,,,,,,,,,,
LAB0002813,,,,,,,,,,
LAB0002814,,,,,,,,,,
LAB0002815,,,,,,,,,,
LAB0002816,,,,,,,,,,
LAB0002817,,,,,,,,,,
LAB0002818,,,,,,,,,,
LAB0002819,,,,,,,,,,
LAB0002820,,,,,,,,,,
LAB0002821,,,,,,,,,,
LAB0002822,,,,,,,,,,
LAB0002823,,,,,,,,,,
LAB0002824,,,,,,,,,,
LAB0002825,,,,,,,,,,
LAB0002826,,,,,,,,,,
LAB0002827,,,,,,,,,,
LAB0002828,,,,,,,,,,
LAB0002829,,,,,,,,,,
LAB0002830,,,,,,,,,,
LAB0002831,,,,,,,,,,
LAB0002832,,,,,,,,,,
LAB0002833,,,,,,,,,,
LAB0002834,,,,,,,,,,
LAB0002835,,,,,,,,,,
LAB0002836,,,,,,,,,,
LAB0002837,,,,,,,,,,
LAB0002838,,,,,,,,,,
LAB0002839,,,,,,,,,,
LAB0002840,,,,,,,,,,
LAB0002841,,,,,,,,,,
LAB0002842,,,,,,,,,,
LAB0002843,,,,,,,,,,
LAB0002844,,,,,,,,,,
LAB0002845,,,,,,,,,,
LAB0002846,,,,,,,,,,
LAB0002847,,,,,,,,,,
LAB0002848,,,,,,,,,,
LAB0002849,,,,,,,,,,
LAB0002850,,,,,,,,,,
LAB0002851,,,,,,,,,,
LAB0002852,,,,,,,,,,
LAB0002853,,,,,,,,,,
LAB0002854,,,,,,,,,,
LAB0002855,,,,,,,,,,
LAB0002856,,,,,,,,,,
LAB0002857,,,,,,,,,,
LAB0002858,,,,,,,,,,
LAB0002859,,,,,,,,,,
LAB0002860,,,,,,,,,,
LAB0002861,,,,,,,,,,
LAB0002862,,,,,,,,,,
LAB0002863,,,,,,,,,,
LAB0002864,,,,,,,,,,
LAB0002865,,,,,,,,,,
LAB0002866,,,,,,,,,,
LAB0002867,,,,,,,,,,
LAB0002868,,,,,,,,,,
LAB0002869,,,,,,,,,,
LAB0002870,,,,,,,,,,
LAB0002871,,,,,,,,,,
LAB0002872,,,,,,,,,,
LAB0002873,,,,,,,,,,
LAB0002874,,,,,,,,,,
LAB0002875,,,,,,,,,,
LAB0002876,,,,,,,,,,
LAB0002877,,,,,,,,,,
LAB0002878,,,,,,,,,,
LAB0002879,,,,,,,,,,
LAB0002880,,,,,,,,,,
LAB0002881,,,,,,,,,,
LAB0002882,,,,,,,,,,
LAB0002883,,,,,,,,,,
LAB0002884,,,,,,,,,,
LAB0002885,,,,,,,,,,
LAB0002886,,,,,,,,,,
LAB0002887,,,,,,,,,,
LAB0002888,,,,,,,,,,
LAB0002889,,,,,,,,,,
LAB0002890,,,,,,,,,,
LAB0002891,,,,,,,,,,
LAB0002892,,,,,,,,,,
LAB0002893,,,,,,,,,,
LAB0002894,,,,,,,,,,
LAB0002895,,,,,,,,,,
LAB0002896,,,,,,,,,,
LAB0002897,,,,,,,,,,
LAB0002898,,,,,,,,,,
LAB0002899,,,,,,,,,,
LAB0002900,,,,,,,,,,
LAB0002901,,,,,,,,,,
LAB0002902,,,,,,,,,,
LAB0002903,,,,,,,,,,
LAB0002904,,,,,,,,,,
LAB0002905,,,,,,,,,,
LAB0002906,,,,,,,,,,
LAB0002907,,,,,,,,,,
LAB0002908,,,,,,,,,,
LAB0002909,,,,,,,,,,
LAB0002910,,,,,,,,,,
LAB0002911,,,,,,,,,,
LAB0002912,,,,,,,,,,
LAB0002913,,,,,,,,,,
LAB0002914,,,,,,,,,,
LAB0002915,,,,,,,,,,
LAB0002916,,,,,,,,,,
LAB0002917,,,,,,,,,,
LAB0002918,,,,,,,,,,
LAB0002919,,,,,,,,,,
LAB0002920,,,,,,,,,,
LAB0002921,,,,,,,,,,
LAB0002922,,,,,,,,,,
LAB0002923,,,,,,,,,,
LAB0002924,,,,,,,,,,
LAB0002925,,,,,,,,,,
LAB0002926,,,,,,,,,,
LAB0002927,,,,,,,,,,
LAB0002928,,,,,,,,,,
LAB0002929,,,,,,,,,,
LAB0002930,,,,,,,,,,
LAB0002931,,,,,,,,,,
LAB0002932,,,,,,,,,,
LAB0002933,,,,,,,,,,
LAB0002934,,,,,,,,,,
LAB0002935,,,,,,,,,,
LAB0002936,,,,,,,,,,
LAB0002937,,,,,,,,,,
LAB0002938,,,,,,,,,,
LAB0002939,,,,,,,,,,
LAB0002940,,,,,,,,,,
LAB0002941,,,,,,,,,,
LAB0002942,,,,,,,,,,
LAB0002943,,,,,,,,,,
LAB0002944,,,,,,,,,,
LAB0002945,,,,,,,,,,
LAB0002946,,,,,,,,,,
LAB0002947,,,,,,,,,,
LAB0002948,,,,,,,,,,
LAB0002949,,,,,,,,,,
LAB0002950,,,,,,,,,,
LAB0002951,,,,,,,,,,
LAB0002952,,,,,,,,,,
LAB0002953,,,,,,,,,,
LAB0002954,,,,,,,,,,
LAB0002955,,,,,,,,,,
LAB0002956,,,,,,,,,,
LAB0002957,,,,,,,,,,
LAB0002958,,,,,,,,,,
LAB0002959,,,,,,,,,,
LAB0002960,,,,,,,,,,
LAB0002961,,,,,,,,,,
LAB0002962,,,,,,,,,,
LAB0002963,,,,,,,,,,
LAB0002964,,,,,,,,,,
LAB0002965,,,,,,,,,,
LAB0002966,,,,,,,,,,
LAB0002967,,,,,,,,,,
LAB0002968,,,,,,,,,,
LAB0002969,,,,,,,,,,
LAB0002970,,,,,,,,,,
LAB0002971,,,,,,,,,,
LAB0002972,,,,,,,,,,
LAB0002973,,,,,,,,,,
LAB0002974,,,,,,,,,,
LAB0002975,,,,,,,,,,
LAB0002976,,,,,,,,,,
LAB0002977,,,,,,,,,,
LAB0002978,,,,,,,,,,
LAB0002979,,,,,,,,,,
LAB0002980,,,,,,,,,,
LAB0002981,,,,,,,,,,
LAB0002982,,,,,,,,,,
LAB0002983,,,,,,,,,,
LAB0002984,,,,,,,,,,
LAB0002985,,,,,,,,,,
LAB0002986,,,,,,,,,,
LAB0002987,,,,,,,,,,
LAB0002988,,,,,,,,,,
LAB0002989,,,,,,,,,,
LAB0002990,,,,,,,,,,
LAB0002991,,,,,,,,,,
LAB0002992,,,,,,,,,,
LAB0002993,,,,,,,,,,
LAB0002994,,,,,,,,,,
LAB0002995,,,,,,,,,,
LAB0002996,,,,,,,,,,
LAB0002997,,,,,,,,,,
LAB0002998,,,,,,,,,,
LAB0002999,,,,,,,,,,
LAB0003000,,,,,,,,,,
LAB0003001,,,,,,,,,,
LAB0003002,,,,,,,,,,
LAB0003003,,,,,,,,,,
LAB0003004,,,,,,,,,,
LAB0003005,,,,,,,,,,
LAB0003006,,,,,,,,,,
LAB0003007,,,,,,,,,,
LAB0003008,,,,,,,,,,
LAB0003009,,,,,,,,,,
LAB0003010,,,,,,,,,,
LAB0003011,,,,,,,,,,
LAB0003012,,,,,,,,,,
LAB0003013,,,,,,,,,,
LAB0003014,,,,,,,,,,
LAB0003015,,,,,,,,,,
LAB0003016,,,,,,,,,,
LAB0003017,,,,,,,,,,
LAB0003018,,,,,,,,,,
LAB0003019,,,,,,,,,,
LAB0003020,,,,,,,,,,
LAB0003021,,,,,,,,,,
LAB0003022,,,,,,,,,,
LAB0003023,,,,,,,,,,
LAB0003024,,,,,,,,,,
LAB0003025,,,,,,,,,,
LAB0003026,,,,,,,,,,
LAB0003027,,,,,,,,,,
LAB0003028,,,,,,,,,,
LAB0003029,,,,,,,,,,
LAB0003030,,,,,,,,,,
LAB0003031,,,,,,,,,,
LAB0003032,,,,,,,,,,
LAB0003033,,,,,,,,,,
LAB0003034,,,,,,,,,,
LAB0003035,,,,,,,,,,
LAB0003036,,,,,,,,,,
LAB0003037,,,,,,,,,,
LAB0003038,,,,,,,,,,
LAB0003039,,,,,,,,,,
LAB0003040,,,,,,,,,,
LAB0003041,,,,,,,,,,
LAB0003042,,,,,,,,,,
LAB0003043,,,,,,,,,,
LAB0003044,,,,,,,,,,
LAB0003045,,,,,,,,,,
LAB0003046,,,,,,,,,,
LAB0003047,,,,,,,,,,
LAB0003048,,,,,,,,,,
LAB0003049,,,,,,,,,,
LAB0003050,,,,,,,,,,
LAB0003051,,,,,,,,,,
LAB0003052,,,,,,,,,,
LAB0003053,,,,,,,,,,
LAB0003054,,,,,,,,,,
LAB0003055,,,,,,,,,,
LAB0003056,,,,,,,,,,
LAB0003057,,,,,,,,,,
LAB0003058,,,,,,,,,,
LAB0003059,,,,,,,,,,
LAB0003060,,,,,,,,,,
LAB0003061,,,,,,,,,,
LAB0003062,,,,,,,,,,
LAB0003063,,,,,,,,,,
LAB0003064,,,,,,,,,,
LAB0003065,,,,,,,,,,
LAB0003066,,,,,,,,,,
LAB0003067,,,,,,,,,,
LAB0003068,,,,,,,,,,
LAB0003069,,,,,,,,,,
LAB0003070,,,,,,,,,,
LAB0003071,,,,,,,,,,
LAB0003072,,,,,,,,,,
LAB0003073,,,,,,,,,,
LAB0003074,,,,,,,,,,
LAB0003075,,,,,,,,,,
LAB0003076,,,,,,,,,,
LAB0003077,,,,,,,,,,
LAB0003078,,,,,,,,,,
LAB0003079,,,,,,,,,,
LAB0003080,,,,,,,,,,
LAB0003081,,,,,,,,,,
LAB0003082,,,,,,,,,,
LAB0003083,,,,,,,,,,
LAB0003084,,,,,,,,,,
LAB0003085,,,,,,,,,,
LAB0003086,,,,,,,,,,
LAB0003087,,,,,,,,,,
LAB0003088,,,,,,,,,,
LAB0003089,,,,,,,,,,
LAB0003090,,,,,,,,,,
LAB0003091,,,,,,,,,,
LAB0003092,,,,,,,,,,
LAB0003093,,,,,,,,,,
LAB0003094,,,,,,,,,,
LAB0003095,,,,,,,,,,
LAB0003096,,,,,,,,,,
LAB0003097,,,,,,,,,,
LAB0003098,,,,,,,,,,
LAB0003099,,,,,,,,,,
LAB0003100,,,,,,,,,,
LAB0003101,,,,,,,,,,
LAB0003102,,,,,,,,,,
LAB0003103,,,,,,,,,,
LAB0003104,,,,,,,,,,
LAB0003105,,,,,,,,,,
LAB0003106,,,,,,,,,,
LAB0003107,,,,,,,,,,
LAB0003108,,,,,,,,,,
LAB0003109,,,,,,,,,,
LAB0003110,,,,,,,,,,
LAB0003111,,,,,,,,,,
LAB0003112,,,,,,,,,,
LAB0003113,,,,,,,,,,
LAB0003114,,,,,,,,,,
LAB0003115,,,,,,,,,,
LAB0003116,,,,,,,,,,
LAB0003117,,,,,,,,,,
LAB0003118,,,,,,,,,,
LAB0003119,,,,,,,,,,
LAB0003120,,,,,,,,,,
LAB0003121,,,,,,,,,,
LAB0003122,,,,,,,,,,
LAB0003123,,,,,,,,,,
LAB0003124,,,,,,,,,,
LAB0003125,,,,,,,,,,
LAB0003126,,,,,,,,,,
LAB0003127,,,,,,,,,,
LAB0003128,,,,,,,,,,
LAB0003129,,,,,,,,,,
LAB0003130,,,,,,,,,,
LAB0003131,,,,,,,,,,
LAB0003132,,,,,,,,,,
LAB0003133,,,,,,,,,,
LAB0003134,,,,,,,,,,
LAB0003135,,,,,,,,,,
LAB0003136,,,,,,,,,,
LAB0003137,,,,,,,,,,
LAB0003138,,,,,,,,,,
LAB0003139,,,,,,,,,,
LAB0003140,,,,,,,,,,
LAB0003141,,,,,,,,,,
LAB0003142,,,,,,,,,,
LAB0003143,,,,,,,,,,
LAB0003144,,,,,,,,,,
LAB0003145,,,,,,,,,,
LAB0003146,,,,,,,,,,
LAB0003147,,,,,,,,,,
LAB0003148,,,,,,,,,,
LAB0003149,,,,,,,,,,
LAB0003150,,,,,,,,,,
LAB0003151,,,,,,,,,,
LAB0003152,,,,,,,,,,
LAB0003153,,,,,,,,,,
LAB0003154,,,,,,,,,,
LAB0003155,,,,,,,,,,
LAB0003156,,,,,,,,,,
LAB0003157,,,,,,,,,,
LAB0003158,,,,,,,,,,
LAB0003159,,,,,,,,,,
LAB0003160,,,,,,,,,,
LAB0003161,,,,,,,,,,
LAB0003162,,,,,,,,,,
LAB0003163,,,,,,,,,,
LAB0003164,,,,,,,,,,
LAB0003165,,,,,,,,,,
LAB0003166,,,,,,,,,,
LAB0003167,,,,,,,,,,
LAB0003168,,,,,,,,,,
LAB0003169,,,,,,,,,,
LAB0003170,,,,,,,,,,
LAB0003171,,,,,,,,,,
LAB0003172,,,,,,,,,,
LAB0003173,,,,,,,,,,
LAB0003174,,,,,,,,,,
LAB0003175,,,,,,,,,,
LAB0003176,,,,,,,,,,
LAB0003177,,,,,,,,,,
LAB0003178,,,,,,,,,,
LAB0003179,,,,,,,,,,
LAB0003180,,,,,,,,,,
LAB0003181,,,,,,,,,,
LAB0003182,,,,,,,,,,
LAB0003183,,,,,,,,,,
LAB0003184,,,,,,,,,,
LAB0003185,,,,,,,,,,
LAB0003186,,,,,,,,,,
LAB0003187,,,,,,,,,,
LAB0003188,,,,,,,,,,
LAB0003189,,,,,,,,,,
LAB0003190,,,,,,,,,,
LAB0003191,,,,,,,,,,
LAB0003192,,,,,,,,,,
LAB0003193,,,,,,,,,,
LAB0003194,,,,,,,,,,
LAB0003195,,,,,,,,,,
LAB0003196,,,,,,,,,,
LAB0003197,,,,,,,,,,
LAB0003198,,,,,,,,,,
LAB0003199,,,,,,,,,,
LAB0003200,,,,,,,,,,
LAB0003201,,,,,,,,,,
LAB0003202,,,,,,,,,,
LAB0003203,,,,,,,,,,
LAB0003204,,,,,,,,,,
LAB0003205,,,,,,,,,,
LAB0003206,,,,,,,,,,
LAB0003207,,,,,,,,,,
LAB0003208,,,,,,,,,,
LAB0003209,,,,,,,,,,
LAB0003210,,,,,,,,,,
LAB0003211,,,,,,,,,,
LAB0003212,,,,,,,,,,
LAB0003213,,,,,,,,,,
LAB0003214,,,,,,,,,,
LAB0003215,,,,,,,,,,
LAB0003216,,,,,,,,,,
LAB0003217,,,,,,,,,,
LAB0003218,,,,,,,,,,
LAB0003219,,,,,,,,,,
LAB0003220,,,,,,,,,,
LAB0003221,,,,,,,,,,
LAB0003222,,,,,,,,,,
LAB0003223,,,,,,,,,,
LAB0003224,,,,,,,,,,
LAB0003225,,,,,,,,,,
LAB0003226,,,,,,,,,,
LAB0003227,,,,,,,,,,
LAB0003228,,,,,,,,,,
LAB0003229,,,,,,,,,,
LAB0003230,,,,,,,,,,
LAB0003231,,,,,,,,,,
LAB0003232,,,,,,,,,,
LAB0003233,,,,,,,,,,
LAB0003234,,,,,,,,,,
LAB0003235,,,,,,,,,,
LAB0003236,,,,,,,,,,
LAB0003237,,,,,,,,,,
LAB0003238,,,,,,,,,,
LAB0003239,,,,,,,,,,
LAB0003240,,,,,,,,,,
LAB0003241,,,,,,,,,,
LAB0003242,,,,,,,,,,
LAB0003243,,,,,,,,,,
LAB0003244,,,,,,,,,,
LAB0003245,,,,,,,,,,
LAB0003246,,,,,,,,,,
LAB0003247,,,,,,,,,,
LAB0003248,,,,,,,,,,
LAB0003249,,,,,,,,,,
LAB0003250,,,,,,,,,,
LAB0003251,,,,,,,,,,
LAB0003252,,,,,,,,,,
LAB0003253,,,,,,,,,,
LAB0003254,,,,,,,,,,
LAB0003255,,,,,,,,,,
LAB0003256,,,,,,,,,,
LAB0003257,,,,,,,,,,
LAB0003258,,,,,,,,,,
LAB0003259,,,,,,,,,,
LAB0003260,,,,,,,,,,
LAB0003261,,,,,,,,,,
LAB0003262,,,,,,,,,,
LAB0003263,,,,,,,,,,
LAB0003264,,,,,,,,,,
LAB0003265,,,,,,,,,,
LAB0003266,,,,,,,,,,
LAB0003267,,,,,,,,,,
LAB0003268,,,,,,,,,,
LAB0003269,,,,,,,,,,
LAB0003270,,,,,,,,,,
LAB0003271,,,,,,,,,,
LAB0003272,,,,,,,,,,
LAB0003273,,,,,,,,,,
LAB0003274,,,,,,,,,,
LAB0003275,,,,,,,,,,
LAB0003276,,,,,,,,,,
LAB0003277,,,,,,,,,,
LAB0003278,,,,,,,,,,
LAB0003279,,,,,,,,,,
LAB0003280,,,,,,,,,,
LAB0003281,,,,,,,,,,
LAB0003282,,,,,,,,,,
LAB0003283,,,,,,,,,,
LAB0003284,,,,,,,,,,
LAB0003285,,,,,,,,,,
LAB0003286,,,,,,,,,,
LAB0003287,,,,,,,,,,
LAB0003288,,,,,,,,,,
LAB0003289,,,,,,,,,,
LAB0003290,,,,,,,,,,
LAB0003291,,,,,,,,,,
LAB0003292,,,,,,,,,,
LAB0003293,,,,,,,,,,
LAB0003294,,,,,,,,,,
LAB0003295,,,,,,,,,,
LAB0003296,,,,,,,,,,
LAB0003297,,,,,,,,,,
LAB0003298,,,,,,,,,,
LAB0003299,,,,,,,,,,
LAB0003300,,,,,,,,,,
LAB0003301,,,,,,,,,,
LAB0003302,,,,,,,,,,
LAB0003303,,,,,,,,,,
LAB0003304,,,,,,,,,,
LAB0003305,,,,,,,,,,
LAB0003306,,,,,,,,,,
LAB0003307,,,,,,,,,,
LAB0003308,,,,,,,,,,
LAB0003309,,,,,,,,,,
LAB0003310,,,,,,,,,,
LAB0003311,,,,,,,,,,
LAB0003312,,,,,,,,,,
LAB0003313,,,,,,,,,,
LAB0003314,,,,,,,,,,
LAB0003315,,,,,,,,,,
LAB0003316,,,,,,,,,,
LAB0003317,,,,,,,,,,
LAB0003318,,,,,,,,,,
LAB0003319,,,,,,,,,,
LAB0003320,,,,,,,,,,
LAB0003321,,,,,,,,,,
LAB0003322,,,,,,,,,,
LAB0003323,,,,,,,,,,
LAB0003324,,,,,,,,,,
LAB0003325,,,,,,,,,,
LAB0003326,,,,,,,,,,
LAB0003327,,,,,,,,,,
LAB0003328,,,,,,,,,,
LAB0003329,,,,,,,,,,
LAB0003330,,,,,,,,,,
LAB0003331,,,,,,,,,,
LAB0003332,,,,,,,,,,
LAB0003333,,,,,,,,,,
LAB0003334,,,,,,,,,,
LAB0003335,,,,,,,,,,
LAB0003336,,,,,,,,,,
LAB0003337,,,,,,,,,,
LAB0003338,,,,,,,,,,
LAB0003339,,,,,,,,,,
LAB0003340,,,,,,,,,,
LAB0003341,,,,,,,,,,
LAB0003342,,,,,,,,,,
LAB0003343,,,,,,,,,,
LAB0003344,,,,,,,,,,
LAB0003345,,,,,,,,,,
LAB0003346,,,,,,,,,,
LAB0003347,,,,,,,,,,
LAB0003348,,,,,,,,,,
LAB0003349,,,,,,,,,,
LAB0003350,,,,,,,,,,
LAB0003351,,,,,,,,,,
LAB0003352,,,,,,,,,,
LAB0003353,,,,,,,,,,
LAB0003354,,,,,,,,,,
LAB0003355,,,,,,,,,,
LAB0003356,,,,,,,,,,
LAB0003357,,,,,,,,,,
LAB0003358,,,,,,,,,,
LAB0003359,,,,,,,,,,
LAB0003360,,,,,,,,,,
LAB0003361,,,,,,,,,,
LAB0003362,,,,,,,,,,
LAB0003363,,,,,,,,,,
LAB0003364,,,,,,,,,,
LAB0003365,,,,,,,,,,
LAB0003366,,,,,,,,,,
LAB0003367,,,,,,,,,,
LAB0003368,,,,,,,,,,
LAB0003369,,,,,,,,,,
LAB0003370,,,,,,,,,,
LAB0003371,,,,,,,,,,
LAB0003372,,,,,,,,,,
LAB0003373,,,,,,,,,,
LAB0003374,,,,,,,,,,
LAB0003375,,,,,,,,,,
LAB0003376,,,,,,,,,,
LAB0003377,,,,,,,,,,
LAB0003378,,,,,,,,,,
LAB0003379,,,,,,,,,,
LAB0003380,,,,,,,,,,
LAB0003381,,,,,,,,,,
LAB0003382,,,,,,,,,,
LAB0003383,,,,,,,,,,
LAB0003384,,,,,,,,,,
LAB0003385,,,,,,,,,,
LAB0003386,,,,,,,,,,
LAB0003387,,,,,,,,,,
LAB0003388,,,,,,,,,,
LAB0003389,,,,,,,,,,
LAB0003390,,,,,,,,,,
LAB0003391,,,,,,,,,,
LAB0003392,,,,,,,,,,
LAB0003393,,,,,,,,,,
LAB0003394,,,,,,,,,,
LAB0003395,,,,,,,,,,
LAB0003396,,,,,,,,,,
LAB0003397,,,,,,,,,,
LAB0003398,,,,,,,,,,
LAB0003399,,,,,,,,,,
LAB0003400,,,,,,,,,,
LAB0003401,,,,,,,,,,
LAB0003402,,,,,,,,,,
LAB0003403,,,,,,,,,,
LAB0003404,,,,,,,,,,
LAB0003405,,,,,,,,,,
LAB0003406,,,,,,,,,,
LAB0003407,,,,,,,,,,
LAB0003408,,,,,,,,,,
LAB0003409,,,,,,,,,,
LAB0003410,,,,,,,,,,
LAB0003411,,,,,,,,,,
LAB0003412,,,,,,,,,,
LAB0003413,,,,,,,,,,
LAB0003414,,,,,,,,,,
LAB0003415,,,,,,,,,,
LAB0003416,,,,,,,,,,
LAB0003417,,,,,,,,,,
LAB0003418,,,,,,,,,,
LAB0003419,,,,,,,,,,
LAB0003420,,,,,,,,,,
LAB0003421,,,,,,,,,,
LAB0003422,,,,,,,,,,
LAB0003423,,,,,,,,,,
LAB0003424,,,,,,,,,,
LAB0003425,,,,,,,,,,
LAB0003426,,,,,,,,,,
LAB0003427,,,,,,,,,,
LAB0003428,,,,,,,,,,
LAB0003429,,,,,,,,,,
LAB0003430,,,,,,,,,,
LAB0003431,,,,,,,,,,
LAB0003432,,,,,,,,,,
LAB0003433,,,,,,,,,,
LAB0003434,,,,,,,,,,
LAB0003435,,,,,,,,,,
LAB0003436,,,,,,,,,,
LAB0003437,,,,,,,,,,
LAB0003438,,,,,,,,,,
LAB0003439,,,,,,,,,,
LAB0003440,,,,,,,,,,
LAB0003441,,,,,,,,,,
LAB0003442,,,,,,,,,,
LAB0003443,,,,,,,,,,
LAB0003444,,,,,,,,,,
LAB0003445,,,,,,,,,,
LAB0003446,,,,,,,,,,
LAB0003447,,,,,,,,,,
LAB0003448,,,,,,,,,,
LAB0003449,,,,,,,,,,
LAB0003450,,,,,,,,,,
LAB0003451,,,,,,,,,,
LAB0003452,,,,,,,,,,
LAB0003453,,,,,,,,,,
LAB0003454,,,,,,,,,,
LAB0003455,,,,,,,,,,
LAB0003456,,,,,,,,,,
LAB0003457,,,,,,,,,,
LAB0003458,,,,,,,,,,
LAB0003459,,,,,,,,,,
LAB0003460,,,,,,,,,,
LAB0003461,,,,,,,,,,
LAB0003462,,,,,,,,,,
LAB0003463,,,,,,,,,,
LAB0003464,,,,,,,,,,
LAB0003465,,,,,,,,,,
LAB0003466,,,,,,,,,,
LAB0003467,,,,,,,,,,
LAB0003468,,,,,,,,,,
LAB0003469,,,,,,,,,,
LAB0003470,,,,,,,,,,
LAB0003471,,,,,,,,,,
LAB0003472,,,,,,,,,,
LAB0003473,,,,,,,,,,
LAB0003474,,,,,,,,,,
LAB0003475,,,,,,,,,,
LAB0003476,,,,,,,,,,
LAB0003477,,,,,,,,,,
LAB0003478,,,,,,,,,,
LAB0003479,,,,,,,,,,
LAB0003480,,,,,,,,,,
LAB0003481,,,,,,,,,,
LAB0003482,,,,,,,,,,
LAB0003483,,,,,,,,,,
LAB0003484,,,,,,,,,,
LAB0003485,,,,,,,,,,
LAB0003486,,,,,,,,,,
LAB0003487,,,,,,,,,,
LAB0003488,,,,,,,,,,
LAB0003489,,,,,,,,,,
LAB0003490,,,,,,,,,,
LAB0003491,,,,,,,,,,
LAB0003492,,,,,,,,,,
LAB0003493,,,,,,,,,,
LAB0003494,,,,,,,,,,
LAB0003495,,,,,,,,,,
LAB0003496,,,,,,,,,,
LAB0003497,,,,,,,,,,
LAB0003498,,,,,,,,,,
LAB0003499,,,,,,,,,,
LAB0003500,,,,,,,,,,
LAB0003501,,,,,,,,,,
LAB0003502,,,,,,,,,,
LAB0003503,,,,,,,,,,
LAB0003504,,,,,,,,,,
LAB0003505,,,,,,,,,,
LAB0003506,,,,,,,,,,
LAB0003507,,,,,,,,,,
LAB0003508,,,,,,,,,,
LAB0003509,,,,,,,,,,
LAB0003510,,,,,,,,,,
LAB0003511,,,,,,,,,,
LAB0003512,,,,,,,,,,
LAB0003513,,,,,,,,,,
LAB0003514,,,,,,,,,,
LAB0003515,,,,,,,,,,
LAB0003516,,,,,,,,,,
LAB0003517,,,,,,,,,,
LAB0003518,,,,,,,,,,
LAB0003519,,,,,,,,,,
LAB0003520,,,,,,,,,,
LAB0003521,,,,,,,,,,
LAB0003522,,,,,,,,,,
LAB0003523,,,,,,,,,,
LAB0003524,,,,,,,,,,
LAB0003525,,,,,,,,,,
LAB0003526,,,,,,,,,,
LAB0003527,,,,,,,,,,
LAB0003528,,,,,,,,,,
LAB0003529,,,,,,,,,,
LAB0003530,,,,,,,,,,
LAB0003531,,,,,,,,,,
LAB0003532,,,,,,,,,,
LAB0003533,,,,,,,,,,
LAB0003534,,,,,,,,,,
LAB0003535,,,,,,,,,,
LAB0003536,,,,,,,,,,
LAB0003537,,,,,,,,,,
LAB0003538,,,,,,,,,,
LAB0003539,,,,,,,,,,
LAB0003540,,,,,,,,,,
LAB0003541,,,,,,,,,,
LAB0003542,,,,,,,,,,
LAB0003543,,,,,,,,,,
LAB0003544,,,,,,,,,,
LAB0003545,,,,,,,,,,
LAB0003546,,,,,,,,,,
LAB0003547,,,,,,,,,,
LAB0003548,,,,,,,,,,
LAB0003549,,,,,,,,,,
LAB0003550,,,,,,,,,,
LAB0003551,,,,,,,,,,
LAB0003552,,,,,,,,,,
LAB0003553,,,,,,,,,,
LAB0003554,,,,,,,,,,
LAB0003555,,,,,,,,,,
LAB0003556,,,,,,,,,,
LAB0003557,,,,,,,,,,
LAB0003558,,,,,,,,,,
LAB0003559,,,,,,,,,,
LAB0003560,,,,,,,,,,
LAB0003561,,,,,,,,,,
LAB0003562,,,,,,,,,,
LAB0003563,,,,,,,,,,
LAB0003564,,,,,,,,,,
LAB0003565,,,,,,,,,,
LAB0003566,,,,,,,,,,
LAB0003567,,,,,,,,,,
LAB0003568,,,,,,,,,,
LAB0003569,,,,,,,,,,
LAB0003570,,,,,,,,,,
LAB0003571,,,,,,,,,,
LAB0003572,,,,,,,,,,
LAB0003573,,,,,,,,,,
LAB0003574,,,,,,,,,,
LAB0003575,,,,,,,,,,
LAB0003576,,,,,,,,,,
LAB0003577,,,,,,,,,,
LAB0003578,,,,,,,,,,
LAB0003579,,,,,,,,,,
LAB0003580,,,,,,,,,,
LAB0003581,,,,,,,,,,
LAB0003582,,,,,,,,,,
LAB0003583,,,,,,,,,,
LAB0003584,,,,,,,,,,
LAB0003585,,,,,,,,,,
LAB0003586,,,,,,,,,,
LAB0003587,,,,,,,,,,
LAB0003588,,,,,,,,,,
LAB0003589,,,,,,,,,,
LAB0003590,,,,,,,,,,
LAB0003591,,,,,,,,,,
LAB0003592,,,,,,,,,,
LAB0003593,,,,,,,,,,
LAB0003594,,,,,,,,,,
LAB0003595,,,,,,,,,,
LAB0003596,,,,,,,,,,
LAB0003597,,,,,,,,,,
LAB0003598,,,,,,,,,,
LAB0003599,,,,,,,,,,
LAB0003600,,,,,,,,,,
LAB0003601,,,,,,,,,,
LAB0003602,,,,,,,,,,
LAB0003603,,,,,,,,,,
LAB0003604,,,,,,,,,,
LAB0003605,,,,,,,,,,
LAB0003606,,,,,,,,,,
LAB0003607,,,,,,,,,,
LAB0003608,,,,,,,,,,
LAB0003609,,,,,,,,,,
LAB0003610,,,,,,,,,,
LAB0003611,,,,,,,,,,
LAB0003612,,,,,,,,,,
LAB0003613,,,,,,,,,,
LAB0003614,,,,,,,,,,
LAB0003615,,,,,,,,,,
LAB0003616,,,,,,,,,,
LAB0003617,,,,,,,,,,
LAB0003618,,,,,,,,,,
LAB0003619,,,,,,,,,,
LAB0003620,,,,,,,,,,
LAB0003621,,,,,,,,,,
LAB0003622,,,,,,,,,,
LAB0003623,,,,,,,,,,
LAB0003624,,,,,,,,,,
LAB0003625,,,,,,,,,,
LAB0003626,,,,,,,,,,
LAB0003627,,,,,,,,,,
LAB0003628,,,,,,,,,,
LAB0003629,,,,,,,,,,
LAB0003630,,,,,,,,,,
LAB0003631,,,,,,,,,,
LAB0003632,,,,,,,,,,
LAB0003633,,,,,,,,,,
LAB0003634,,,,,,,,,,
LAB0003635,,,,,,,,,,
LAB0003636,,,,,,,,,,
LAB0003637,,,,,,,,,,
LAB0003638,,,,,,,,,,
LAB0003639,,,,,,,,,,
LAB0003640,,,,,,,,,,
LAB0003641,,,,,,,,,,
LAB0003642,,,,,,,,,,
LAB0003643,,,,,,,,,,
LAB0003644,,,,,,,,,,
LAB0003645,,,,,,,,,,
LAB0003646,,,,,,,,,,
LAB0003647,,,,,,,,,,
LAB0003648,,,,,,,,,,
LAB0003649,,,,,,,,,,
LAB0003650,,,,,,,,,,
LAB0003651,,,,,,,,,,
LAB0003652,,,,,,,,,,
LAB0003653,,,,,,,,,,
LAB0003654,,,,,,,,,,
LAB0003655,,,,,,,,,,
LAB0003656,,,,,,,,,,
LAB0003657,,,,,,,,,,
LAB0003658,,,,,,,,,,
LAB0003659,,,,,,,,,,
LAB0003660,,,,,,,,,,
LAB0003661,,,,,,,,,,
LAB0003662,,,,,,,,,,
LAB0003663,,,,,,,,,,
LAB0003664,,,,,,,,,,
LAB0003665,,,,,,,,,,
LAB0003666,,,,,,,,,,
LAB0003667,,,,,,,,,,
LAB0003668,,,,,,,,,,
LAB0003669,,,,,,,,,,
LAB0003670,,,,,,,,,,
LAB0003671,,,,,,,,,,
LAB0003672,,,,,,,,,,
LAB0003673,,,,,,,,,,
LAB0003674,,,,,,,,,,
LAB0003675,,,,,,,,,,
LAB0003676,,,,,,,,,,
LAB0003677,,,,,,,,,,
LAB0003678,,,,,,,,,,
LAB0003679,,,,,,,,,,
LAB0003680,,,,,,,,,,
LAB0003681,,,,,,,,,,
LAB0003682,,,,,,,,,,
LAB0003683,,,,,,,,,,
LAB0003684,,,,,,,,,,
LAB0003685,,,,,,,,,,
LAB0003686,,,,,,,,,,
LAB0003687,,,,,,,,,,
LAB0003688,,,,,,,,,,
LAB0003689,,,,,,,,,,
LAB0003690,,,,,,,,,,
LAB0003691,,,,,,,,,,
LAB0003692,,,,,,,,,,
LAB0003693,,,,,,,,,,
LAB0003694,,,,,,,,,,
LAB0003695,,,,,,,,,,
LAB0003696,,,,,,,,,,
LAB0003697,,,,,,,,,,
LAB0003698,,,,,,,,,,
LAB0003699,,,,,,,,,,
LAB0003700,,,,,,,,,,
LAB0003701,,,,,,,,,,
LAB0003702,,,,,,,,,,
LAB0003703,,,,,,,,,,
LAB0003704,,,,,,,,,,
LAB0003705,,,,,,,,,,
LAB0003706,,,,,,,,,,
LAB0003707,,,,,,,,,,
LAB0003708,,,,,,,,,,
LAB0003709,,,,,,,,,,
LAB0003710,,,,,,,,,,
LAB0003711,,,,,,,,,,
LAB0003712,,,,,,,,,,
LAB0003713,,,,,,,,,,
LAB0003714,,,,,,,,,,
LAB0003715,,,,,,,,,,
LAB0003716,,,,,,,,,,
LAB0003717,,,,,,,,,,
LAB0003718,,,,,,,,,,
LAB0003719,,,,,,,,,,
LAB0003720,,,,,,,,,,
LAB0003721,,,,,,,,,,
LAB0003722,,,,,,,,,,
LAB0003723,,,,,,,,,,
LAB0003724,,,,,,,,,,
LAB0003725,,,,,,,,,,
LAB0003726,,,,,,,,,,
LAB0003727,,,,,,,,,,
LAB0003728,,,,,,,,,,
LAB0003729,,,,,,,,,,
LAB0003730,,,,,,,,,,
LAB0003731,,,,,,,,,,
LAB0003732,,,,,,,,,,
LAB0003733,,,,,,,,,,
LAB0003734,,,,,,,,,,
LAB0003735,,,,,,,,,,
LAB0003736,,,,,,,,,,
LAB0003737,,,,,,,,,,
LAB0003738,,,,,,,,,,
LAB0003739,,,,,,,,,,
LAB0003740,,,,,,,,,,
LAB0003741,,,,,,,,,,
LAB0003742,,,,,,,,,,
LAB0003743,,,,,,,,,,
LAB0003744,,,,,,,,,,
LAB0003745,,,,,,,,,,
LAB0003746,,,,,,,,,,
LAB0003747,,,,,,,,,,
LAB0003748,,,,,,,,,,
LAB0003749,,,,,,,,,,
LAB0003750,,,,,,,,,,
LAB0003751,,,,,,,,,,
LAB0003752,,,,,,,,,,
LAB0003753,,,,,,,,,,
LAB0003754,,,,,,,,,,
LAB0003755,,,,,,,,,,
LAB0003756,,,,,,,,,,
LAB0003757,,,,,,,,,,
LAB0003758,,,,,,,,,,
LAB0003759,,,,,,,,,,
LAB0003760,,,,,,,,,,
LAB0003761,,,,,,,,,,
LAB0003762,,,,,,,,,,
LAB0003763,,,,,,,,,,
LAB0003764,,,,,,,,,,
LAB0003765,,,,,,,,,,
LAB0003766,,,,,,,,,,
LAB0003767,,,,,,,,,,
LAB0003768,,,,,,,,,,
LAB0003769,,,,,,,,,,
LAB0003770,,,,,,,,,,
LAB0003771,,,,,,,,,,
LAB0003772,,,,,,,,,,
LAB0003773,,,,,,,,,,
LAB0003774,,,,,,,,,,
LAB0003775,,,,,,,,,,
LAB0003776,,,,,,,,,,
LAB0003777,,,,,,,,,,
LAB0003778,,,,,,,,,,
LAB0003779,,,,,,,,,,
LAB0003780,,,,,,,,,,
LAB0003781,,,,,,,,,,
LAB0003782,,,,,,,,,,
LAB0003783,,,,,,,,,,
LAB0003784,,,,,,,,,,
LAB0003785,,,,,,,,,,
LAB0003786,,,,,,,,,,
LAB0003787,,,,,,,,,,
LAB0003788,,,,,,,,,,
LAB0003789,,,,,,,,,,
LAB0003790,,,,,,,,,,
LAB0003791,,,,,,,,,,
LAB0003792,,,,,,,,,,
LAB0003793,,,,,,,,,,
LAB0003794,,,,,,,,,,
LAB0003795,,,,,,,,,,
LAB0003796,,,,,,,,,,
LAB0003797,,,,,,,,,,
LAB0003798,,,,,,,,,,
LAB0003799,,,,,,,,,,
LAB0003800,,,,,,,,,,
LAB0003801,,,,,,,,,,
LAB0003802,,,,,,,,,,
LAB0003803,,,,,,,,,,
LAB0003804,,,,,,,,,,
LAB0003805,,,,,,,,,,
LAB0003806,,,,,,,,,,
LAB0003807,,,,,,,,,,
LAB0003808,,,,,,,,,,
LAB0003809,,,,,,,,,,
LAB0003810,,,,,,,,,,
LAB0003811,,,,,,,,,,
LAB0003812,,,,,,,,,,
LAB0003813,,,,,,,,,,
LAB0003814,,,,,,,,,,
LAB0003815,,,,,,,,,,
LAB0003816,,,,,,,,,,
LAB0003817,,,,,,,,,,
LAB0003818,,,,,,,,,,
LAB0003819,,,,,,,,,,
LAB0003820,,,,,,,,,,
LAB0003821,,,,,,,,,,
LAB0003822,,,,,,,,,,
LAB0003823,,,,,,,,,,
LAB0003824,,,,,,,,,,
LAB0003825,,,,,,,,,,
LAB0003826,,,,,,,,,,
LAB0003827,,,,,,,,,,
LAB0003828,,,,,,,,,,
LAB0003829,,,,,,,,,,
LAB0003830,,,,,,,,,,
LAB0003831,,,,,,,,,,
LAB0003832,,,,,,,,,,
LAB0003833,,,,,,,,,,
LAB0003834,,,,,,,,,,
LAB0003835,,,,,,,,,,
LAB0003836,,,,,,,,,,
LAB0003837,,,,,,,,,,
LAB0003838,,,,,,,,,,
LAB0003839,,,,,,,,,,
LAB0003840,,,,,,,,,,
LAB0003841,,,,,,,,,,
LAB0003842,,,,,,,,,,
LAB0003843,,,,,,,,,,
LAB0003844,,,,,,,,,,
LAB0003845,,,,,,,,,,
LAB0003846,,,,,,,,,,
LAB0003847,,,,,,,,,,
LAB0003848,,,,,,,,,,
LAB0003849,,,,,,,,,,
LAB0003850,,,,,,,,,,
LAB0003851,,,,,,,,,,
LAB0003852,,,,,,,,,,
LAB0003853,,,,,,,,,,
LAB0003854,,,,,,,,,,
LAB0003855,,,,,,,,,,
LAB0003856,,,,,,,,,,
LAB0003857,,,,,,,,,,
LAB0003858,,,,,,,,,,
LAB0003859,,,,,,,,,,
LAB0003860,,,,,,,,,,
LAB0003861,,,,,,,,,,
LAB0003862,,,,,,,,,,
LAB0003863,,,,,,,,,,
LAB0003864,,,,,,,,,,
LAB0003865,,,,,,,,,,
LAB0003866,,,,,,,,,,
LAB0003867,,,,,,,,,,
LAB0003868,,,,,,,,,,
LAB0003869,,,,,,,,,,
LAB0003870,,,,,,,,,,
LAB0003871,,,,,,,,,,
LAB0003872,,,,,,,,,,
LAB0003873,,,,,,,,,,
LAB0003874,,,,,,,,,,
LAB0003875,,,,,,,,,,
LAB0003876,,,,,,,,,,
LAB0003877,,,,,,,,,,
LAB0003878,,,,,,,,,,
LAB0003879,,,,,,,,,,
LAB0003880,,,,,,,,,,
LAB0003881,,,,,,,,,,
LAB0003882,,,,,,,,,,
LAB0003883,,,,,,,,,,
LAB0003884,,,,,,,,,,
LAB0003885,,,,,,,,,,
LAB0003886,,,,,,,,,,
LAB0003887,,,,,,,,,,
LAB0003888,,,,,,,,,,
LAB0003889,,,,,,,,,,
LAB0003890,,,,,,,,,,
LAB0003891,,,,,,,,,,
LAB0003892,,,,,,,,,,
LAB0003893,,,,,,,,,,
LAB0003894,,,,,,,,,,
LAB0003895,,,,,,,,,,
LAB0003896,,,,,,,,,,
LAB0003897,,,,,,,,,,
LAB0003898,,,,,,,,,,
LAB0003899,,,,,,,,,,
LAB0003900,,,,,,,,,,
LAB0003901,,,,,,,,,,
LAB0003902,,,,,,,,,,
LAB0003903,,,,,,,,,,
LAB0003904,,,,,,,,,,
LAB0003905,,,,,,,,,,
LAB0003906,,,,,,,,,,
LAB0003907,,,,,,,,,,
LAB0003908,,,,,,,,,,
LAB0003909,,,,,,,,,,
LAB0003910,,,,,,,,,,
LAB0003911,,,,,,,,,,
LAB0003912,,,,,,,,,,
LAB0003913,,,,,,,,,,
LAB0003914,,,,,,,,,,
LAB0003915,,,,,,,,,,
LAB0003916,,,,,,,,,,
LAB0003917,,,,,,,,,,
LAB0003918,,,,,,,,,,
LAB0003919,,,,,,,,,,
LAB0003920,,,,,,,,,,
LAB0003921,,,,,,,,,,
LAB0003922,,,,,,,,,,
LAB0003923,,,,,,,,,,
LAB0003924,,,,,,,,,,
LAB0003925,,,,,,,,,,
LAB0003926,,,,,,,,,,
LAB0003927,,,,,,,,,,
LAB0003928,,,,,,,,,,
LAB0003929,,,,,,,,,,
LAB0003930,,,,,,,,,,
LAB0003931,,,,,,,,,,
LAB0003932,,,,,,,,,,
LAB0003933,,,,,,,,,,
LAB0003934,,,,,,,,,,
LAB0003935,,,,,,,,,,
LAB0003936,,,,,,,,,,
LAB0003937,,,,,,,,,,
LAB0003938,,,,,,,,,,
LAB0003939,,,,,,,,,,
LAB0003940,,,,,,,,,,
LAB0003941,,,,,,,,,,
LAB0003942,,,,,,,,,,
LAB0003943,,,,,,,,,,
LAB0003944,,,,,,,,,,
LAB0003945,,,,,,,,,,
LAB0003946,,,,,,,,,,
LAB0003947,,,,,,,,,,
LAB0003948,,,,,,,,,,
LAB0003949,,,,,,,,,,
LAB0003950,,,,,,,,,,
LAB0003951,,,,,,,,,,
LAB0003952,,,,,,,,,,
LAB0003953,,,,,,,,,,
LAB0003954,,,,,,,,,,
LAB0003955,,,,,,,,,,
LAB0003956,,,,,,,,,,
LAB0003957,,,,,,,,,,
LAB0003958,,,,,,,,,,
LAB0003959,,,,,,,,,,
LAB0003960,,,,,,,,,,
LAB0003961,,,,,,,,,,
LAB0003962,,,,,,,,,,
LAB0003963,,,,,,,,,,
LAB0003964,,,,,,,,,,
LAB0003965,,,,,,,,,,
LAB0003966,,,,,,,,,,
LAB0003967,,,,,,,,,,
LAB0003968,,,,,,,,,,
LAB0003969,,,,,,,,,,
LAB0003970,,,,,,,,,,
LAB0003971,,,,,,,,,,
LAB0003972,,,,,,,,,,
LAB0003973,,,,,,,,,,
LAB0003974,,,,,,,,,,
LAB0003975,,,,,,,,,,
LAB0003976,,,,,,,,,,
LAB0003977,,,,,,,,,,
LAB0003978,,,,,,,,,,
LAB0003979,,,,,,,,,,
LAB0003980,,,,,,,,,,
LAB0003981,,,,,,,,,,
LAB0003982,,,,,,,,,,
LAB0003983,,,,,,,,,,
LAB0003984,,,,,,,,,,
LAB0003985,,,,,,,,,,
LAB0003986,,,,,,,,,,
LAB0003987,,,,,,,,,,
LAB0003988,,,,,,,,,,
LAB0003989,,,,,,,,,,
LAB0003990,,,,,,,,,,
LAB0003991,,,,,,,,,,
LAB0003992,,,,,,,,,,
LAB0003993,,,,,,,,,,
LAB0003994,,,,,,,,,,
LAB0003995,,,,,,,,,,
LAB0003996,,,,,,,,,,
LAB0003997,,,,,,,,,,
LAB0003998,,,,,,,,,,
LAB0003999,,,,,,,,,,
LAB0004000,,,,,,,,,,
LAB0004001,,,,,,,,,,
LAB0004002,,,,,,,,,,
LAB0004003,,,,,,,,,,
LAB0004004,,,,,,,,,,
LAB0004005,,,,,,,,,,
LAB0004006,,,,,,,,,,
LAB0004007,,,,,,,,,,
LAB0004008,,,,,,,,,,
LAB0004009,,,,,,,,,,
LAB0004010,,,,,,,,,,
LAB0004011,,,,,,,,,,
LAB0004012,,,,,,,,,,
LAB0004013,,,,,,,,,,
LAB0004014,,,,,,,,,,
LAB0004015,,,,,,,,,,
LAB0004016,,,,,,,,,,
LAB0004017,,,,,,,,,,
LAB0004018,,,,,,,,,,
LAB0004019,,,,,,,,,,
LAB0004020,,,,,,,,,,
LAB0004021,,,,,,,,,,
LAB0004022,,,,,,,,,,
LAB0004023,,,,,,,,,,
LAB0004024,,,,,,,,,,
LAB0004025,,,,,,,,,,
LAB0004026,,,,,,,,,,
LAB0004027,,,,,,,,,,
LAB0004028,,,,,,,,,,
LAB0004029,,,,,,,,,,
LAB0004030,,,,,,,,,,
LAB0004031,,,,,,,,,,
LAB0004032,,,,,,,,,,
LAB0004033,,,,,,,,,,
LAB0004034,,,,,,,,,,
LAB0004035,,,,,,,,,,
LAB0004036,,,,,,,,,,
LAB0004037,,,,,,,,,,
LAB0004038,,,,,,,,,,
LAB0004039,,,,,,,,,,
LAB0004040,,,,,,,,,,
LAB0004041,,,,,,,,,,
LAB0004042,,,,,,,,,,
LAB0004043,,,,,,,,,,
LAB0004044,,,,,,,,,,
LAB0004045,,,,,,,,,,
LAB0004046,,,,,,,,,,
LAB0004047,,,,,,,,,,
LAB0004048,,,,,,,,,,
LAB0004049,,,,,,,,,,
LAB0004050,,,,,,,,,,
LAB0004051,,,,,,,,,,
LAB0004052,,,,,,,,,,
LAB0004053,,,,,,,,,,
LAB0004054,,,,,,,,,,
LAB0004055,,,,,,,,,,
LAB0004056,,,,,,,,,,
LAB0004057,,,,,,,,,,
LAB0004058,,,,,,,,,,
LAB0004059,,,,,,,,,,
LAB0004060,,,,,,,,,,
LAB0004061,,,,,,,,,,
LAB0004062,,,,,,,,,,
LAB0004063,,,,,,,,,,
LAB0004064,,,,,,,,,,
LAB0004065,,,,,,,,,,
LAB0004066,,,,,,,,,,
LAB0004067,,,,,,,,,,
LAB0004068,,,,,,,,,,
LAB0004069,,,,,,,,,,
LAB0004070,,,,,,,,,,
LAB0004071,,,,,,,,,,
LAB0004072,,,,,,,,,,
LAB0004073,,,,,,,,,,
LAB0004074,,,,,,,,,,
LAB0004075,,,,,,,,,,
LAB0004076,,,,,,,,,,
LAB0004077,,,,,,,,,,
LAB0004078,,,,,,,,,,
LAB0004079,,,,,,,,,,
LAB0004080,,,,,,,,,,
LAB0004081,,,,,,,,,,
LAB0004082,,,,,,,,,,
LAB0004083,,,,,,,,,,
LAB0004084,,,,,,,,,,
LAB0004085,,,,,,,,,,
LAB0004086,,,,,,,,,,
LAB0004087,,,,,,,,,,
LAB0004088,,,,,,,,,,
LAB0004089,,,,,,,,,,
LAB0004090,,,,,,,,,,
LAB0004091,,,,,,,,,,
LAB0004092,,,,,,,,,,
LAB0004093,,,,,,,,,,
LAB0004094,,,,,,,,,,
LAB0004095,,,,,,,,,,
LAB0004096,,,,,,,,,,
LAB0004097,,,,,,,,,,
LAB0004098,,,,,,,,,,
LAB0004099,,,,,,,,,,
LAB0004100,,,,,,,,,,
LAB0004101,,,,,,,,,,
LAB0004102,,,,,,,,,,
LAB0004103,,,,,,,,,,
LAB0004104,,,,,,,,,,
LAB0004105,,,,,,,,,,
LAB0004106,,,,,,,,,,
LAB0004107,,,,,,,,,,
LAB0004108,,,,,,,,,,
LAB0004109,,,,,,,,,,
LAB0004110,,,,,,,,,,
LAB0004111,,,,,,,,,,
LAB0004112,,,,,,,,,,
LAB0004113,,,,,,,,,,
LAB0004114,,,,,,,,,,
LAB0004115,,,,,,,,,,
LAB0004116,,,,,,,,,,
LAB0004117,,,,,,,,,,
LAB0004118,,,,,,,,,,
LAB0004119,,,,,,,,,,
LAB0004120,,,,,,,,,,
LAB0004121,,,,,,,,,,
LAB0004122,,,,,,,,,,
LAB0004123,,,,,,,,,,
LAB0004124,,,,,,,,,,
LAB0004125,,,,,,,,,,
LAB0004126,,,,,,,,,,
LAB0004127,,,,,,,,,,
LAB0004128,,,,,,,,,,
LAB0004129,,,,,,,,,,
LAB0004130,,,,,,,,,,
LAB0004131,,,,,,,,,,
LAB0004132,,,,,,,,,,
LAB0004133,,,,,,,,,,
LAB0004134,,,,,,,,,,
LAB0004135,,,,,,,,,,
LAB0004136,,,,,,,,,,
LAB0004137,,,,,,,,,,
LAB0004138,,,,,,,,,,
LAB0004139,,,,,,,,,,
LAB0004140,,,,,,,,,,
LAB0004141,,,,,,,,,,
LAB0004142,,,,,,,,,,
LAB0004143,,,,,,,,,,
LAB0004144,,,,,,,,,,
LAB0004145,,,,,,,,,,
LAB0004146,,,,,,,,,,
LAB0004147,,,,,,,,,,
LAB0004148,,,,,,,,,,
LAB0004149,,,,,,,,,,
LAB0004150,,,,,,,,,,
LAB0004151,,,,,,,,,,
LAB0004152,,,,,,,,,,
LAB0004153,,,,,,,,,,
LAB0004154,,,,,,,,,,
LAB0004155,,,,,,,,,,
LAB0004156,,,,,,,,,,
LAB0004157,,,,,,,,,,
LAB0004158,,,,,,,,,,
LAB0004159,,,,,,,,,,
LAB0004160,,,,,,,,,,
LAB0004161,,,,,,,,,,
LAB0004162,,,,,,,,,,
LAB0004163,,,,,,,,,,
LAB0004164,,,,,,,,,,
LAB0004165,,,,,,,,,,
LAB0004166,,,,,,,,,,
LAB0004167,,,,,,,,,,
LAB0004168,,,,,,,,,,
LAB0004169,,,,,,,,,,
LAB0004170,,,,,,,,,,
LAB0004171,,,,,,,,,,
LAB0004172,,,,,,,,,,
LAB0004173,,,,,,,,,,
LAB0004174,,,,,,,,,,
LAB0004175,,,,,,,,,,
LAB0004176,,,,,,,,,,
LAB0004177,,,,,,,,,,
LAB0004178,,,,,,,,,,
LAB0004179,,,,,,,,,,
LAB0004180,,,,,,,,,,
LAB0004181,,,,,,,,,,
LAB0004182,,,,,,,,,,
LAB0004183,,,,,,,,,,
LAB0004184,,,,,,,,,,
LAB0004185,,,,,,,,,,
LAB0004186,,,,,,,,,,
LAB0004187,,,,,,,,,,
LAB0004188,,,,,,,,,,
LAB0004189,,,,,,,,,,
LAB0004190,,,,,,,,,,
LAB0004191,,,,,,,,,,
LAB0004192,,,,,,,,,,
LAB0004193,,,,,,,,,,
LAB0004194,,,,,,,,,,
LAB0004195,,,,,,,,,,
LAB0004196,,,,,,,,,,
LAB0004197,,,,,,,,,,
LAB0004198,,,,,,,,,,
LAB0004199,,,,,,,,,,
LAB0004200,,,,,,,,,,
LAB0004201,,,,,,,,,,
LAB0004202,,,,,,,,,,
LAB0004203,,,,,,,,,,
LAB0004204,,,,,,,,,,
LAB0004205,,,,,,,,,,
LAB0004206,,,,,,,,,,
LAB0004207,,,,,,,,,,
LAB0004208,,,,,,,,,,
LAB0004209,,,,,,,,,,
LAB0004210,,,,,,,,,,
LAB0004211,,,,,,,,,,
LAB0004212,,,,,,,,,,
LAB0004213,,,,,,,,,,
LAB0004214,,,,,,,,,,
LAB0004215,,,,,,,,,,
LAB0004216,,,,,,,,,,
LAB0004217,,,,,,,,,,
LAB0004218,,,,,,,,,,
LAB0004219,,,,,,,,,,
LAB0004220,,,,,,,,,,
LAB0004221,,,,,,,,,,
LAB0004222,,,,,,,,,,
LAB0004223,,,,,,,,,,
LAB0004224,,,,,,,,,,
LAB0004225,,,,,,,,,,
LAB0004226,,,,,,,,,,
LAB0004227,,,,,,,,,,
LAB0004228,,,,,,,,,,
LAB0004229,,,,,,,,,,
LAB0004230,,,,,,,,,,
LAB0004231,,,,,,,,,,
LAB0004232,,,,,,,,,,
LAB0004233,,,,,,,,,,
LAB0004234,,,,,,,,,,
LAB0004235,,,,,,,,,,
LAB0004236,,,,,,,,,,
LAB0004237,,,,,,,,,,
LAB0004238,,,,,,,,,,
LAB0004239,,,,,,,,,,
LAB0004240,,,,,,,,,,
LAB0004241,,,,,,,,,,
LAB0004242,,,,,,,,,,
LAB0004243,,,,,,,,,,
LAB0004244,,,,,,,,,,
LAB0004245,,,,,,,,,,
LAB0004246,,,,,,,,,,
LAB0004247,,,,,,,,,,
LAB0004248,,,,,,,,,,
LAB0004249,,,,,,,,,,
LAB0004250,,,,,,,,,,
LAB0004251,,,,,,,,,,
LAB0004252,,,,,,,,,,
LAB0004253,,,,,,,,,,
LAB0004254,,,,,,,,,,
LAB0004255,,,,,,,,,,
LAB0004256,,,,,,,,,,
LAB0004257,,,,,,,,,,
LAB0004258,,,,,,,,,,
LAB0004259,,,,,,,,,,
LAB0004260,,,,,,,,,,
LAB0004261,,,,,,,,,,
LAB0004262,,,,,,,,,,
LAB0004263,,,,,,,,,,
LAB0004264,,,,,,,,,,
LAB0004265,,,,,,,,,,
LAB0004266,,,,,,,,,,
LAB0004267,,,,,,,,,,
LAB0004268,,,,,,,,,,
LAB0004269,,,,,,,,,,
LAB0004270,,,,,,,,,,
LAB0004271,,,,,,,,,,
LAB0004272,,,,,,,,,,
LAB0004273,,,,,,,,,,
LAB0004274,,,,,,,,,,
LAB0004275,,,,,,,,,,
LAB0004276,,,,,,,,,,
LAB0004277,,,,,,,,,,
LAB0004278,,,,,,,,,,
LAB0004279,,,,,,,,,,
LAB0004280,,,,,,,,,,
LAB0004281,,,,,,,,,,
LAB0004282,,,,,,,,,,
LAB0004283,,,,,,,,,,
LAB0004284,,,,,,,,,,
LAB0004285,,,,,,,,,,
LAB0004286,,,,,,,,,,
LAB0004287,,,,,,,,,,
LAB0004288,,,,,,,,,,
LAB0004289,,,,,,,,,,
LAB0004290,,,,,,,,,,
LAB0004291,,,,,,,,,,
LAB0004292,,,,,,,,,,
LAB0004293,,,,,,,,,,
LAB0004294,,,,,,,,,,
LAB0004295,,,,,,,,,,
LAB0004296,,,,,,,,,,
LAB0004297,,,,,,,,,,
LAB0004298,,,,,,,,,,
LAB0004299,,,,,,,,,,
LAB0004300,,,,,,,,,,
LAB0004301,,,,,,,,,,
LAB0004302,,,,,,,,,,
LAB0004303,,,,,,,,,,
LAB0004304,,,,,,,,,,
LAB0004305,,,,,,,,,,
LAB0004306,,,,,,,,,,
LAB0004307,,,,,,,,,,
LAB0004308,,,,,,,,,,
LAB0004309,,,,,,,,,,
LAB0004310,,,,,,,,,,
LAB0004311,,,,,,,,,,
LAB0004312,,,,,,,,,,
LAB0004313,,,,,,,,,,
LAB0004314,,,,,,,,,,
LAB0004315,,,,,,,,,,
LAB0004316,,,,,,,,,,
LAB0004317,,,,,,,,,,
LAB0004318,,,,,,,,,,
LAB0004319,,,,,,,,,,
LAB0004320,,,,,,,,,,
LAB0004321,,,,,,,,,,
LAB0004322,,,,,,,,,,
LAB0004323,,,,,,,,,,
LAB0004324,,,,,,,,,,
LAB0004325,,,,,,,,,,
LAB0004326,,,,,,,,,,
LAB0004327,,,,,,,,,,
LAB0004328,,,,,,,,,,
LAB0004329,,,,,,,,,,
LAB0004330,,,,,,,,,,
LAB0004331,,,,,,,,,,
LAB0004332,,,,,,,,,,
LAB0004333,,,,,,,,,,
LAB0004334,,,,,,,,,,
LAB0004335,,,,,,,,,,
LAB0004336,,,,,,,,,,
LAB0004337,,,,,,,,,,
LAB0004338,,,,,,,,,,
LAB0004339,,,,,,,,,,
LAB0004340,,,,,,,,,,
LAB0004341,,,,,,,,,,
LAB0004342,,,,,,,,,,
LAB0004343,,,,,,,,,,
LAB0004344,,,,,,,,,,
LAB0004345,,,,,,,,,,
LAB0004346,,,,,,,,,,
LAB0004347,,,,,,,,,,
LAB0004348,,,,,,,,,,
LAB0004349,,,,,,,,,,
LAB0004350,,,,,,,,,,
LAB0004351,,,,,,,,,,
LAB0004352,,,,,,,,,,
LAB0004353,,,,,,,,,,
LAB0004354,,,,,,,,,,
LAB0004355,,,,,,,,,,
LAB0004356,,,,,,,,,,
LAB0004357,,,,,,,,,,
LAB0004358,,,,,,,,,,
LAB0004359,,,,,,,,,,
LAB0004360,,,,,,,,,,
LAB0004361,,,,,,,,,,
LAB0004362,,,,,,,,,,
LAB0004363,,,,,,,,,,
LAB0004364,,,,,,,,,,
LAB0004365,,,,,,,,,,
LAB0004366,,,,,,,,,,
LAB0004367,,,,,,,,,,
LAB0004368,,,,,,,,,,
LAB0004369,,,,,,,,,,
LAB0004370,,,,,,,,,,
LAB0004371,,,,,,,,,,
LAB0004372,,,,,,,,,,
LAB0004373,,,,,,,,,,
LAB0004374,,,,,,,,,,
LAB0004375,,,,,,,,,,
LAB0004376,,,,,,,,,,
LAB0004377,,,,,,,,,,
LAB0004378,,,,,,,,,,
LAB0004379,,,,,,,,,,
LAB0004380,,,,,,,,,,
LAB0004381,,,,,,,,,,
LAB0004382,,,,,,,,,,
LAB0004383,,,,,,,,,,
LAB0004384,,,,,,,,,,
LAB0004385,,,,,,,,,,
LAB0004386,,,,,,,,,,
LAB0004387,,,,,,,,,,
LAB0004388,,,,,,,,,,
LAB0004389,,,,,,,,,,
LAB0004390,,,,,,,,,,
LAB0004391,,,,,,,,,,
LAB0004392,,,,,,,,,,
LAB0004393,,,,,,,,,,
LAB0004394,,,,,,,,,,
LAB0004395,,,,,,,,,,
LAB0004396,,,,,,,,,,
LAB0004397,,,,,,,,,,
LAB0004398,,,,,,,,,,
LAB0004399,,,,,,,,,,
LAB0004400,,,,,,,,,,
LAB0004401,,,,,,,,,,
LAB0004402,,,,,,,,,,
LAB0004403,,,,,,,,,,
LAB0004404,,,,,,,,,,
LAB0004405,,,,,,,,,,
LAB0004406,,,,,,,,,,
LAB0004407,,,,,,,,,,
LAB0004408,,,,,,,,,,
LAB0004409,,,,,,,,,,
LAB0004410,,,,,,,,,,
LAB0004411,,,,,,,,,,
LAB0004412,,,,,,,,,,
LAB0004413,,,,,,,,,,
LAB0004414,,,,,,,,,,
LAB0004415,,,,,,,,,,
LAB0004416,,,,,,,,,,
LAB0004417,,,,,,,,,,
LAB0004418,,,,,,,,,,
LAB0004419,,,,,,,,,,
LAB0004420,,,,,,,,,,
LAB0004421,,,,,,,,,,
LAB0004422,,,,,,,,,,
LAB0004423,,,,,,,,,,
LAB0004424,,,,,,,,,,
LAB0004425,,,,,,,,,,
LAB0004426,,,,,,,,,,
LAB0004427,,,,,,,,,,
LAB0004428,,,,,,,,,,
LAB0004429,,,,,,,,,,
LAB0004430,,,,,,,,,,
LAB0004431,,,,,,,,,,
LAB0004432,,,,,,,,,,
LAB0004433,,,,,,,,,,
LAB0004434,,,,,,,,,,
LAB0004435,,,,,,,,,,
LAB0004436,,,,,,,,,,
LAB0004437,,,,,,,,,,
LAB0004438,,,,,,,,,,
LAB0004439,,,,,,,,,,
LAB0004440,,,,,,,,,,
LAB0004441,,,,,,,,,,
LAB0004442,,,,,,,,,,
LAB0004443,,,,,,,,,,
LAB0004444,,,,,,,,,,
LAB0004445,,,,,,,,,,
LAB0004446,,,,,,,,,,
LAB0004447,,,,,,,,,,
LAB0004448,,,,,,,,,,
LAB0004449,,,,,,,,,,
LAB0004450,,,,,,,,,,
LAB0004451,,,,,,,,,,
LAB0004452,,,,,,,,,,
LAB0004453,,,,,,,,,,
LAB0004454,,,,,,,,,,
LAB0004455,,,,,,,,,,
LAB0004456,,,,,,,,,,
LAB0004457,,,,,,,,,,
LAB0004458,,,,,,,,,,
LAB0004459,,,,,,,,,,
LAB0004460,,,,,,,,,,
LAB0004461,,,,,,,,,,
LAB0004462,,,,,,,,,,
LAB0004463,,,,,,,,,,
LAB0004464,,,,,,,,,,
LAB0004465,,,,,,,,,,
LAB0004466,,,,,,,,,,
LAB0004467,,,,,,,,,,
LAB0004468,,,,,,,,,,
LAB0004469,,,,,,,,,,
LAB0004470,,,,,,,,,,
LAB0004471,,,,,,,,,,
LAB0004472,,,,,,,,,,
LAB0004473,,,,,,,,,,
LAB0004474,,,,,,,,,,
LAB0004475,,,,,,,,,,
LAB0004476,,,,,,,,,,
LAB0004477,,,,,,,,,,
LAB0004478,,,,,,,,,,
LAB0004479,,,,,,,,,,
LAB0004480,,,,,,,,,,
LAB0004481,,,,,,,,,,
LAB0004482,,,,,,,,,,
LAB0004483,,,,,,,,,,
LAB0004484,,,,,,,,,,
LAB0004485,,,,,,,,,,
LAB0004486,,,,,,,,,,
LAB0004487,,,,,,,,,,
LAB0004488,,,,,,,,,,
LAB0004489,,,,,,,,,,
LAB0004490,,,,,,,,,,
LAB0004491,,,,,,,,,,
LAB0004492,,,,,,,,,,
LAB0004493,,,,,,,,,,
LAB0004494,,,,,,,,,,
LAB0004495,,,,,,,,,,
LAB0004496,,,,,,,,,,
LAB0004497,,,,,,,,,,
LAB0004498,,,,,,,,,,
LAB0004499,,,,,,,,,,
LAB0004500,,,,,,,,,,
LAB0004501,,,,,,,,,,
LAB0004502,,,,,,,,,,
LAB0004503,,,,,,,,,,
LAB0004504,,,,,,,,,,
LAB0004505,,,,,,,,,,
LAB0004506,,,,,,,,,,
LAB0004507,,,,,,,,,,
LAB0004508,,,,,,,,,,
LAB0004509,,,,,,,,,,
LAB0004510,,,,,,,,,,
LAB0004511,,,,,,,,,,
LAB0004512,,,,,,,,,,
LAB0004513,,,,,,,,,,
LAB0004514,,,,,,,,,,
LAB0004515,,,,,,,,,,
LAB0004516,,,,,,,,,,
LAB0004517,,,,,,,,,,
LAB0004518,,,,,,,,,,
LAB0004519,,,,,,,,,,
LAB0004520,,,,,,,,,,
LAB0004521,,,,,,,,,,
LAB0004522,,,,,,,,,,
LAB0004523,,,,,,,,,,
LAB0004524,,,,,,,,,,
LAB0004525,,,,,,,,,,
LAB0004526,,,,,,,,,,
LAB0004527,,,,,,,,,,
LAB0004528,,,,,,,,,,
LAB0004529,,,,,,,,,,
LAB0004530,,,,,,,,,,
LAB0004531,,,,,,,,,,
LAB0004532,,,,,,,,,,
LAB0004533,,,,,,,,,,
LAB0004534,,,,,,,,,,
LAB0004535,,,,,,,,,,
LAB0004536,,,,,,,,,,
LAB0004537,,,,,,,,,,
LAB0004538,,,,,,,,,,
LAB0004539,,,,,,,,,,
LAB0004540,,,,,,,,,,
LAB0004541,,,,,,,,,,
LAB0004542,,,,,,,,,,
LAB0004543,,,,,,,,,,
LAB0004544,,,,,,,,,,
LAB0004545,,,,,,,,,,
LAB0004546,,,,,,,,,,
LAB0004547,,,,,,,,,,
LAB0004548,,,,,,,,,,
LAB0004549,,,,,,,,,,
LAB0004550,,,,,,,,,,
LAB0004551,,,,,,,,,,
LAB0004552,,,,,,,,,,
LAB0004553,,,,,,,,,,
LAB0004554,,,,,,,,,,
LAB0004555,,,,,,,,,,
LAB0004556,,,,,,,,,,
LAB0004557,,,,,,,,,,
LAB0004558,,,,,,,,,,
LAB0004559,,,,,,,,,,
LAB0004560,,,,,,,,,,
LAB0004561,,,,,,,,,,
LAB0004562,,,,,,,,,,
LAB0004563,,,,,,,,,,
LAB0004564,,,,,,,,,,
LAB0004565,,,,,,,,,,
LAB0004566,,,,,,,,,,
LAB0004567,,,,,,,,,,
LAB0004568,,,,,,,,,,
LAB0004569,,,,,,,,,,
LAB0004570,,,,,,,,,,
LAB0004571,,,,,,,,,,
LAB0004572,,,,,,,,,,
LAB0004573,,,,,,,,,,
LAB0004574,,,,,,,,,,
LAB0004575,,,,,,,,,,
LAB0004576,,,,,,,,,,
LAB0004577,,,,,,,,,,
LAB0004578,,,,,,,,,,
LAB0004579,,,,,,,,,,
LAB0004580,,,,,,,,,,
LAB0004581,,,,,,,,,,
LAB0004582,,,,,,,,,,
LAB0004583,,,,,,,,,,
LAB0004584,,,,,,,,,,
LAB0004585,,,,,,,,,,
LAB0004586,,,,,,,,,,
LAB0004587,,,,,,,,,,
LAB0004588,,,,,,,,,,
LAB0004589,,,,,,,,,,
LAB0004590,,,,,,,,,,
LAB0004591,,,,,,,,,,
LAB0004592,,,,,,,,,,
LAB0004593,,,,,,,,,,
LAB0004594,,,,,,,,,,
LAB0004595,,,,,,,,,,
LAB0004596,,,,,,,,,,
LAB0004597,,,,,,,,,,
LAB0004598,,,,,,,,,,
LAB0004599,,,,,,,,,,
LAB0004600,,,,,,,,,,
LAB0004601,,,,,,,,,,
LAB0004602,,,,,,,,,,
LAB0004603,,,,,,,,,,
LAB0004604,,,,,,,,,,
LAB0004605,,,,,,,,,,
LAB0004606,,,,,,,,,,
LAB0004607,,,,,,,,,,
LAB0004608,,,,,,,,,,
LAB0004609,,,,,,,,,,
LAB0004610,,,,,,,,,,
LAB0004611,,,,,,,,,,
LAB0004612,,,,,,,,,,
LAB0004613,,,,,,,,,,
LAB0004614,,,,,,,,,,
LAB0004615,,,,,,,,,,
LAB0004616,,,,,,,,,,
LAB0004617,,,,,,,,,,
LAB0004618,,,,,,,,,,
LAB0004619,,,,,,,,,,
LAB0004620,,,,,,,,,,
LAB0004621,,,,,,,,,,
LAB0004622,,,,,,,,,,
LAB0004623,,,,,,,,,,
LAB0004624,,,,,,,,,,
LAB0004625,,,,,,,,,,
LAB0004626,,,,,,,,,,
LAB0004627,,,,,,,,,,
LAB0004628,,,,,,,,,,
LAB0004629,,,,,,,,,,
LAB0004630,,,,,,,,,,
LAB0004631,,,,,,,,,,
LAB0004632,,,,,,,,,,
LAB0004633,,,,,,,,,,
LAB0004634,,,,,,,,,,
LAB0004635,,,,,,,,,,
LAB0004636,,,,,,,,,,
LAB0004637,,,,,,,,,,
LAB0004638,,,,,,,,,,
LAB0004639,,,,,,,,,,
LAB0004640,,,,,,,,,,
LAB0004641,,,,,,,,,,
LAB0004642,,,,,,,,,,
LAB0004643,,,,,,,,,,
LAB0004644,,,,,,,,,,
LAB0004645,,,,,,,,,,
LAB0004646,,,,,,,,,,
LAB0004647,,,,,,,,,,
LAB0004648,,,,,,,,,,
LAB0004649,,,,,,,,,,
LAB0004650,,,,,,,,,,
LAB0004651,,,,,,,,,,
LAB0004652,,,,,,,,,,
LAB0004653,,,,,,,,,,
LAB0004654,,,,,,,,,,
LAB0004655,,,,,,,,,,
LAB0004656,,,,,,,,,,
LAB0004657,,,,,,,,,,
LAB0004658,,,,,,,,,,
LAB0004659,,,,,,,,,,
LAB0004660,,,,,,,,,,
LAB0004661,,,,,,,,,,
LAB0004662,,,,,,,,,,
LAB0004663,,,,,,,,,,
LAB0004664,,,,,,,,,,
LAB0004665,,,,,,,,,,
LAB0004666,,,,,,,,,,
LAB0004667,,,,,,,,,,
LAB0004668,,,,,,,,,,
LAB0004669,,,,,,,,,,
LAB0004670,,,,,,,,,,
LAB0004671,,,,,,,,,,
LAB0004672,,,,,,,,,,
LAB0004673,,,,,,,,,,
LAB0004674,,,,,,,,,,
LAB0004675,,,,,,,,,,
LAB0004676,,,,,,,,,,
LAB0004677,,,,,,,,,,
LAB0004678,,,,,,,,,,
LAB0004679,,,,,,,,,,
LAB0004680,,,,,,,,,,
LAB0004681,,,,,,,,,,
LAB0004682,,,,,,,,,,
LAB0004683,,,,,,,,,,
LAB0004684,,,,,,,,,,
LAB0004685,,,,,,,,,,
LAB0004686,,,,,,,,,,
LAB0004687,,,,,,,,,,
LAB0004688,,,,,,,,,,
LAB0004689,,,,,,,,,,
LAB0004690,,,,,,,,,,
LAB0004691,,,,,,,,,,
LAB0004692,,,,,,,,,,
LAB0004693,,,,,,,,,,
LAB0004694,,,,,,,,,,
LAB0004695,,,,,,,,,,
LAB0004696,,,,,,,,,,
LAB0004697,,,,,,,,,,
LAB0004698,,,,,,,,,,
LAB0004699,,,,,,,,,,
LAB0004700,,,,,,,,,,
LAB0004701,,,,,,,,,,
LAB0004702,,,,,,,,,,
LAB0004703,,,,,,,,,,
LAB0004704,,,,,,,,,,
LAB0004705,,,,,,,,,,
LAB0004706,,,,,,,,,,
LAB0004707,,,,,,,,,,
LAB0004708,,,,,,,,,,
LAB0004709,,,,,,,,,,
LAB0004710,,,,,,,,,,
LAB0004711,,,,,,,,,,
LAB0004712,,,,,,,,,,
LAB0004713,,,,,,,,,,
LAB0004714,,,,,,,,,,
LAB0004715,,,,,,,,,,
LAB0004716,,,,,,,,,,
LAB0004717,,,,,,,,,,
LAB0004718,,,,,,,,,,
LAB0004719,,,,,,,,,,
LAB0004720,,,,,,,,,,
LAB0004721,,,,,,,,,,
LAB0004722,,,,,,,,,,
LAB0004723,,,,,,,,,,
LAB0004724,,,,,,,,,,
LAB0004725,,,,,,,,,,
LAB0004726,,,,,,,,,,
LAB0004727,,,,,,,,,,
LAB0004728,,,,,,,,,,
LAB0004729,,,,,,,,,,
LAB0004730,,,,,,,,,,
LAB0004731,,,,,,,,,,
LAB0004732,,,,,,,,,,
LAB0004733,,,,,,,,,,
LAB0004734,,,,,,,,,,
LAB0004735,,,,,,,,,,
LAB0004736,,,,,,,,,,
LAB0004737,,,,,,,,,,
LAB0004738,,,,,,,,,,
LAB0004739,,,,,,,,,,
LAB0004740,,,,,,,,,,
LAB0004741,,,,,,,,,,
LAB0004742,,,,,,,,,,
LAB0004743,,,,,,,,,,
LAB0004744,,,,,,,,,,
LAB0004745,,,,,,,,,,
LAB0004746,,,,,,,,,,
LAB0004747,,,,,,,,,,
LAB0004748,,,,,,,,,,
LAB0004749,,,,,,,,,,
LAB0004750,,,,,,,,,,
LAB0004751,,,,,,,,,,
LAB0004752,,,,,,,,,,
LAB0004753,,,,,,,,,,
LAB0004754,,,,,,,,,,
LAB0004755,,,,,,,,,,
LAB0004756,,,,,,,,,,
LAB0004757,,,,,,,,,,
LAB0004758,,,,,,,,,,
LAB0004759,,,,,,,,,,
LAB0004760,,,,,,,,,,
LAB0004761,,,,,,,,,,
LAB0004762,,,,,,,,,,
LAB0004763,,,,,,,,,,
LAB0004764,,,,,,,,,,
LAB0004765,,,,,,,,,,
LAB0004766,,,,,,,,,,
LAB0004767,,,,,,,,,,
LAB0004768,,,,,,,,,,
LAB0004769,,,,,,,,,,
LAB0004770,,,,,,,,,,
LAB0004771,,,,,,,,,,
LAB0004772,,,,,,,,,,
LAB0004773,,,,,,,,,,
LAB0004774,,,,,,,,,,
LAB0004775,,,,,,,,,,
LAB0004776,,,,,,,,,,
LAB0004777,,,,,,,,,,
LAB0004778,,,,,,,,,,
LAB0004779,,,,,,,,,,
LAB0004780,,,,,,,,,,
LAB0004781,,,,,,,,,,
LAB0004782,,,,,,,,,,
LAB0004783,,,,,,,,,,
LAB0004784,,,,,,,,,,
LAB0004785,,,,,,,,,,
LAB0004786,,,,,,,,,,
LAB0004787,,,,,,,,,,
LAB0004788,,,,,,,,,,
LAB0004789,,,,,,,,,,
LAB0004790,,,,,,,,,,
LAB0004791,,,,,,,,,,
LAB0004792,,,,,,,,,,
LAB0004793,,,,,,,,,,
LAB0004794,,,,,,,,,,
LAB0004795,,,,,,,,,,
LAB0004796,,,,,,,,,,
LAB0004797,,,,,,,,,,
LAB0004798,,,,,,,,,,
LAB0004799,,,,,,,,,,
LAB0004800,,,,,,,,,,
LAB0004801,,,,,,,,,,
LAB0004802,,,,,,,,,,
LAB0004803,,,,,,,,,,
LAB0004804,,,,,,,,,,
LAB0004805,,,,,,,,,,
LAB0004806,,,,,,,,,,
LAB0004807,,,,,,,,,,
LAB0004808,,,,,,,,,,
LAB0004809,,,,,,,,,,
LAB0004810,,,,,,,,,,
LAB0004811,,,,,,,,,,
LAB0004812,,,,,,,,,,
LAB0004813,,,,,,,,,,
LAB0004814,,,,,,,,,,
LAB0004815,,,,,,,,,,
LAB0004816,,,,,,,,,,
LAB0004817,,,,,,,,,,
LAB0004818,,,,,,,,,,
LAB0004819,,,,,,,,,,
LAB0004820,,,,,,,,,,
LAB0004821,,,,,,,,,,
LAB0004822,,,,,,,,,,
LAB0004823,,,,,,,,,,
LAB0004824,,,,,,,,,,
LAB0004825,,,,,,,,,,
LAB0004826,,,,,,,,,,
LAB0004827,,,,,,,,,,
LAB0004828,,,,,,,,,,
LAB0004829,,,,,,,,,,
LAB0004830,,,,,,,,,,
LAB0004831,,,,,,,,,,
LAB0004832,,,,,,,,,,
LAB0004833,,,,,,,,,,
LAB0004834,,,,,,,,,,
LAB0004835,,,,,,,,,,
LAB0004836,,,,,,,,,,
LAB0004837,,,,,,,,,,
LAB0004838,,,,,,,,,,
LAB0004839,,,,,,,,,,
LAB0004840,,,,,,,,,,
LAB0004841,,,,,,,,,,
LAB0004842,,,,,,,,,,
LAB0004843,,,,,,,,,,
LAB0004844,,,,,,,,,,
LAB0004845,,,,,,,,,,
LAB0004846,,,,,,,,,,
LAB0004847,,,,,,,,,,
LAB0004848,,,,,,,,,,
LAB0004849,,,,,,,,,,
LAB0004850,,,,,,,,,,
LAB0004851,,,,,,,,,,
LAB0004852,,,,,,,,,,
LAB0004853,,,,,,,,,,
LAB0004854,,,,,,,,,,
LAB0004855,,,,,,,,,,
LAB0004856,,,,,,,,,,
LAB0004857,,,,,,,,,,
LAB0004858,,,,,,,,,,
LAB0004859,,,,,,,,,,
LAB0004860,,,,,,,,,,
LAB0004861,,,,,,,,,,
LAB0004862,,,,,,,,,,
LAB0004863,,,,,,,,,,
LAB0004864,,,,,,,,,,
LAB0004865,,,,,,,,,,
LAB0004866,,,,,,,,,,
LAB0004867,,,,,,,,,,
LAB0004868,,,,,,,,,,
LAB0004869,,,,,,,,,,
LAB0004870,,,,,,,,,,
LAB0004871,,,,,,,,,,
LAB0004872,,,,,,,,,,
LAB0004873,,,,,,,,,,
LAB0004874,,,,,,,,,,
LAB0004875,,,,,,,,,,
LAB0004876,,,,,,,,,,
LAB0004877,,,,,,,,,,
LAB0004878,,,,,,,,,,
LAB0004879,,,,,,,,,,
LAB0004880,,,,,,,,,,
LAB0004881,,,,,,,,,,
LAB0004882,,,,,,,,,,
LAB0004883,,,,,,,,,,
LAB0004884,,,,,,,,,,
LAB0004885,,,,,,,,,,
LAB0004886,,,,,,,,,,
LAB0004887,,,,,,,,,,
LAB0004888,,,,,,,,,,
LAB0004889,,,,,,,,,,
LAB0004890,,,,,,,,,,
LAB0004891,,,,,,,,,,
LAB0004892,,,,,,,,,,
LAB0004893,,,,,,,,,,
LAB0004894,,,,,,,,,,
LAB0004895,,,,,,,,,,
LAB0004896,,,,,,,,,,
LAB0004897,,,,,,,,,,
LAB0004898,,,,,,,,,,
LAB0004899,,,,,,,,,,
LAB0004900,,,,,,,,,,
LAB0004901,,,,,,,,,,
LAB0004902,,,,,,,,,,
LAB0004903,,,,,,,,,,
LAB0004904,,,,,,,,,,
LAB0004905,,,,,,,,,,
LAB0004906,,,,,,,,,,
LAB0004907,,,,,,,,,,
LAB0004908,,,,,,,,,,
LAB0004909,,,,,,,,,,
LAB0004910,,,,,,,,,,
LAB0004911,,,,,,,,,,
LAB0004912,,,,,,,,,,
LAB0004913,,,,,,,,,,
LAB0004914,,,,,,,,,,
LAB0004915,,,,,,,,,,
LAB0004916,,,,,,,,,,
LAB0004917,,,,,,,,,,
LAB0004918,,,,,,,,,,
LAB0004919,,,,,,,,,,
LAB0004920,,,,,,,,,,
LAB0004921,,,,,,,,,,
LAB0004922,,,,,,,,,,
LAB0004923,,,,,,,,,,
LAB0004924,,,,,,,,,,
LAB0004925,,,,,,,,,,
LAB0004926,,,,,,,,,,
LAB0004927,,,,,,,,,,
LAB0004928,,,,,,,,,,
LAB0004929,,,,,,,,,,
LAB0004930,,,,,,,,,,
LAB0004931,,,,,,,,,,
LAB0004932,,,,,,,,,,
LAB0004933,,,,,,,,,,
LAB0004934,,,,,,,,,,
LAB0004935,,,,,,,,,,
LAB0004936,,,,,,,,,,
LAB0004937,,,,,,,,,,
LAB0004938,,,,,,,,,,
LAB0004939,,,,,,,,,,
LAB0004940,,,,,,,,,,
LAB0004941,,,,,,,,,,
LAB0004942,,,,,,,,,,
LAB0004943,,,,,,,,,,
LAB0004944,,,,,,,,,,
LAB0004945,,,,,,,,,,
LAB0004946,,,,,,,,,,
LAB0004947,,,,,,,,,,
LAB0004948,,,,,,,,,,
LAB0004949,,,,,,,,,,
LAB0004950,,,,,,,,,,
LAB0004951,,,,,,,,,,
LAB0004952,,,,,,,,,,
LAB0004953,,,,,,,,,,
LAB0004954,,,,,,,,,,
LAB0004955,,,,,,,,,,
LAB0004956,,,,,,,,,,
LAB0004957,,,,,,,,,,
LAB0004958,,,,,,,,,,
LAB0004959,,,,,,,,,,
LAB0004960,,,,,,,,,,
LAB0004961,,,,,,,,,,
LAB0004962,,,,,,,,,,
LAB0004963,,,,,,,,,,
LAB0004964,,,,,,,,,,
LAB0004965,,,,,,,,,,
LAB0004966,,,,,,,,,,
LAB0004967,,,,,,,,,,
LAB0004968,,,,,,,,,,
LAB0004969,,,,,,,,,,
LAB0004970,,,,,,,,,,
LAB0004971,,,,,,,,,,
LAB0004972,,,,,,,,,,
LAB0004973,,,,,,,,,,
LAB0004974,,,,,,,,,,
LAB0004975,,,,,,,,,,
LAB0004976,,,,,,,,,,
LAB0004977,,,,,,,,,,
LAB0004978,,,,,,,,,,
LAB0004979,,,,,,,,,,
LAB0004980,,,,,,,,,,
LAB0004981,,,,,,,,,,
LAB0004982,,,,,,,,,,
LAB0004983,,,,,,,,,,
LAB0004984,,,,,,,,,,
LAB0004985,,,,,,,,,,
LAB0004986,,,,,,,,,,
LAB0004987,,,,,,,,,,
LAB0004988,,,,,,,,,,
LAB0004989,,,,,,,,,,
LAB0004990,,,,,,,,,,
LAB0004991,,,,,,,,,,
LAB0004992,,,,,,,,,,
LAB0004993,,,,,,,,,,
LAB0004994,,,,,,,,,,
LAB0004995,,,,,,,,,,
LAB0004996,,,,,,,,,,
LAB0004997,,,,,,,,,,
LAB0004998,,,,,,,,,,
LAB0004999,,,,,,,,,,
LAB0005000,,,,,,,,,,
LAB0005001,,,,,,,,,,
LAB0005002,,,,,,,,,,
LAB0005003,,,,,,,,,,
LAB0005004,,,,,,,,,,
LAB0005005,,,,,,,,,,
LAB0005006,,,,,,,,,,
LAB0005007,,,,,,,,,,
LAB0005008,,,,,,,,,,
LAB0005009,,,,,,,,,,
LAB0005010,,,,,,,,,,
LAB0005011,,,,,,,,,,
LAB0005012,,,,,,,,,,
LAB0005013,,,,,,,,,,
LAB0005014,,,,,,,,,,
LAB0005015,,,,,,,,,,
LAB0005016,,,,,,,,,,
LAB0005017,,,,,,,,,,
LAB0005018,,,,,,,,,,
LAB0005019,,,,,,,,,,
LAB0005020,,,,,,,,,,
LAB0005021,,,,,,,,,,
LAB0005022,,,,,,,,,,
LAB0005023,,,,,,,,,,
LAB0005024,,,,,,,,,,
LAB0005025,,,,,,,,,,
LAB0005026,,,,,,,,,,
LAB0005027,,,,,,,,,,
LAB0005028,,,,,,,,,,
LAB0005029,,,,,,,,,,
LAB0005030,,,,,,,,,,
LAB0005031,,,,,,,,,,
LAB0005032,,,,,,,,,,
LAB0005033,,,,,,,,,,
LAB0005034,,,,,,,,,,
LAB0005035,,,,,,,,,,
LAB0005036,,,,,,,,,,
LAB0005037,,,,,,,,,,
LAB0005038,,,,,,,,,,
LAB0005039,,,,,,,,,,
LAB0005040,,,,,,,,,,
LAB0005041,,,,,,,,,,
LAB0005042,,,,,,,,,,
LAB0005043,,,,,,,,,,
LAB0005044,,,,,,,,,,
LAB0005045,,,,,,,,,,
LAB0005046,,,,,,,,,,
LAB0005047,,,,,,,,,,
LAB0005048,,,,,,,,,,
LAB0005049,,,,,,,,,,
LAB0005050,,,,,,,,,,
LAB0005051,,,,,,,,,,
LAB0005052,,,,,,,,,,
LAB0005053,,,,,,,,,,
LAB0005054,,,,,,,,,,
LAB0005055,,,,,,,,,,
LAB0005056,,,,,,,,,,
LAB0005057,,,,,,,,,,
LAB0005058,,,,,,,,,,
LAB0005059,,,,,,,,,,
LAB0005060,,,,,,,,,,
LAB0005061,,,,,,,,,,
LAB0005062,,,,,,,,,,
LAB0005063,,,,,,,,,,
LAB0005064,,,,,,,,,,
LAB0005065,,,,,,,,,,
LAB0005066,,,,,,,,,,
LAB0005067,,,,,,,,,,
LAB0005068,,,,,,,,,,
LAB0005069,,,,,,,,,,
LAB0005070,,,,,,,,,,
LAB0005071,,,,,,,,,,
LAB0005072,,,,,,,,,,
LAB0005073,,,,,,,,,,
LAB0005074,,,,,,,,,,
LAB0005075,,,,,,,,,,
LAB0005076,,,,,,,,,,
LAB0005077,,,,,,,,,,
LAB0005078,,,,,,,,,,
LAB0005079,,,,,,,,,,
LAB0005080,,,,,,,,,,
LAB0005081,,,,,,,,,,
LAB0005082,,,,,,,,,,
LAB0005083,,,,,,,,,,
LAB0005084,,,,,,,,,,
LAB0005085,,,,,,,,,,
LAB0005086,,,,,,,,,,
LAB0005087,,,,,,,,,,
LAB0005088,,,,,,,,,,
LAB0005089,,,,,,,,,,
LAB0005090,,,,,,,,,,
LAB0005091,,,,,,,,,,
LAB0005092,,,,,,,,,,
LAB0005093,,,,,,,,,,
LAB0005094,,,,,,,,,,
LAB0005095,,,,,,,,,,
LAB0005096,,,,,,,,,,
LAB0005097,,,,,,,,,,
LAB0005098,,,,,,,,,,
LAB0005099,,,,,,,,,,
LAB0005100,,,,,,,,,,
LAB0005101,,,,,,,,,,
LAB0005102,,,,,,,,,,
LAB0005103,,,,,,,,,,
LAB0005104,,,,,,,,,,
LAB0005105,,,,,,,,,,
LAB0005106,,,,,,,,,,
LAB0005107,,,,,,,,,,
LAB0005108,,,,,,,,,,
LAB0005109,,,,,,,,,,
LAB0005110,,,,,,,,,,
LAB0005111,,,,,,,,,,
LAB0005112,,,,,,,,,,
LAB0005113,,,,,,,,,,
LAB0005114,,,,,,,,,,
LAB0005115,,,,,,,,,,
LAB0005116,,,,,,,,,,
LAB0005117,,,,,,,,,,
LAB0005118,,,,,,,,,,
LAB0005119,,,,,,,,,,
LAB0005120,,,,,,,,,,
LAB0005121,,,,,,,,,,
LAB0005122,,,,,,,,,,
LAB0005123,,,,,,,,,,
LAB0005124,,,,,,,,,,
LAB0005125,,,,,,,,,,
LAB0005126,,,,,,,,,,
LAB0005127,,,,,,,,,,
LAB0005128,,,,,,,,,,
LAB0005129,,,,,,,,,,
LAB0005130,,,,,,,,,,
LAB0005131,,,,,,,,,,
LAB0005132,,,,,,,,,,
LAB0005133,,,,,,,,,,
LAB0005134,,,,,,,,,,
LAB0005135,,,,,,,,,,
LAB0005136,,,,,,,,,,
LAB0005137,,,,,,,,,,
LAB0005138,,,,,,,,,,
LAB0005139,,,,,,,,,,
LAB0005140,,,,,,,,,,
LAB0005141,,,,,,,,,,
LAB0005142,,,,,,,,,,
LAB0005143,,,,,,,,,,
LAB0005144,,,,,,,,,,
LAB0005145,,,,,,,,,,
LAB0005146,,,,,,,,,,
LAB0005147,,,,,,,,,,
LAB0005148,,,,,,,,,,
LAB0005149,,,,,,,,,,
LAB0005150,,,,,,,,,,
LAB0005151,,,,,,,,,,
LAB0005152,,,,,,,,,,
LAB0005153,,,,,,,,,,
LAB0005154,,,,,,,,,,
LAB0005155,,,,,,,,,,
LAB0005156,,,,,,,,,,
LAB0005157,,,,,,,,,,
LAB0005158,,,,,,,,,,
LAB0005159,,,,,,,,,,
LAB0005160,,,,,,,,,,
LAB0005161,,,,,,,,,,
LAB0005162,,,,,,,,,,
LAB0005163,,,,,,,,,,
LAB0005164,,,,,,,,,,
LAB0005165,,,,,,,,,,
LAB0005166,,,,,,,,,,
LAB0005167,,,,,,,,,,
LAB0005168,,,,,,,,,,
LAB0005169,,,,,,,,,,
LAB0005170,,,,,,,,,,
LAB0005171,,,,,,,,,,
LAB0005172,,,,,,,,,,
LAB0005173,,,,,,,,,,
LAB0005174,,,,,,,,,,
LAB0005175,,,,,,,,,,
LAB0005176,,,,,,,,,,
LAB0005177,,,,,,,,,,
LAB0005178,,,,,,,,,,
LAB0005179,,,,,,,,,,
LAB0005180,,,,,,,,,,
LAB0005181,,,,,,,,,,
LAB0005182,,,,,,,,,,
LAB0005183,,,,,,,,,,
LAB0005184,,,,,,,,,,
LAB0005185,,,,,,,,,,
LAB0005186,,,,,,,,,,
LAB0005187,,,,,,,,,,
LAB0005188,,,,,,,,,,
LAB0005189,,,,,,,,,,
LAB0005190,,,,,,,,,,
LAB0005191,,,,,,,,,,
LAB0005192,,,,,,,,,,
LAB0005193,,,,,,,,,,
LAB0005194,,,,,,,,,,
LAB0005195,,,,,,,,,,
LAB0005196,,,,,,,,,,
LAB0005197,,,,,,,,,,
LAB0005198,,,,,,,,,,
LAB0005199,,,,,,,,,,
LAB0005200,,,,,,,,,,
LAB0005201,,,,,,,,,,
LAB0005202,,,,,,,,,,
LAB0005203,,,,,,,,,,
LAB0005204,,,,,,,,,,
LAB0005205,,,,,,,,,,
LAB0005206,,,,,,,,,,
LAB0005207,,,,,,,,,,
LAB0005208,,,,,,,,,,
LAB0005209,,,,,,,,,,
LAB0005210,,,,,,,,,,
LAB0005211,,,,,,,,,,
LAB0005212,,,,,,,,,,
LAB0005213,,,,,,,,,,
LAB0005214,,,,,,,,,,
LAB0005215,,,,,,,,,,
LAB0005216,,,,,,,,,,
LAB0005217,,,,,,,,,,
LAB0005218,,,,,,,,,,
LAB0005219,,,,,,,,,,
LAB0005220,,,,,,,,,,
LAB0005221,,,,,,,,,,
LAB0005222,,,,,,,,,,
LAB0005223,,,,,,,,,,
LAB0005224,,,,,,,,,,
LAB0005225,,,,,,,,,,
LAB0005226,,,,,,,,,,
LAB0005227,,,,,,,,,,
LAB0005228,,,,,,,,,,
LAB0005229,,,,,,,,,,
LAB0005230,,,,,,,,,,
LAB0005231,,,,,,,,,,
LAB0005232,,,,,,,,,,
LAB0005233,,,,,,,,,,
LAB0005234,,,,,,,,,,
LAB0005235,,,,,,,,,,
LAB0005236,,,,,,,,,,
LAB0005237,,,,,,,,,,
LAB0005238,,,,,,,,,,
LAB0005239,,,,,,,,,,
LAB0005240,,,,,,,,,,
LAB0005241,,,,,,,,,,
LAB0005242,,,,,,,,,,
LAB0005243,,,,,,,,,,
LAB0005244,,,,,,,,,,
LAB0005245,,,,,,,,,,
LAB0005246,,,,,,,,,,
LAB0005247,,,,,,,,,,
LAB0005248,,,,,,,,,,
LAB0005249,,,,,,,,,,
LAB0005250,,,,,,,,,,
LAB0005251,,,,,,,,,,
LAB0005252,,,,,,,,,,
LAB0005253,,,,,,,,,,
LAB0005254,,,,,,,,,,
LAB0005255,,,,,,,,,,
LAB0005256,,,,,,,,,,
LAB0005257,,,,,,,,,,
LAB0005258,,,,,,,,,,
LAB0005259,,,,,,,,,,
LAB0005260,,,,,,,,,,
LAB0005261,,,,,,,,,,
LAB0005262,,,,,,,,,,
LAB0005263,,,,,,,,,,
LAB0005264,,,,,,,,,,
LAB0005265,,,,,,,,,,
LAB0005266,,,,,,,,,,
LAB0005267,,,,,,,,,,
LAB0005268,,,,,,,,,,
LAB0005269,,,,,,,,,,
LAB0005270,,,,,,,,,,
LAB0005271,,,,,,,,,,
LAB0005272,,,,,,,,,,
LAB0005273,,,,,,,,,,
LAB0005274,,,,,,,,,,
LAB0005275,,,,,,,,,,
LAB0005276,,,,,,,,,,
LAB0005277,,,,,,,,,,
LAB0005278,,,,,,,,,,
LAB0005279,,,,,,,,,,
LAB0005280,,,,,,,,,,
LAB0005281,,,,,,,,,,
LAB0005282,,,,,,,,,,
LAB0005283,,,,,,,,,,
LAB0005284,,,,,,,,,,
LAB0005285,,,,,,,,,,
LAB0005286,,,,,,,,,,
LAB0005287,,,,,,,,,,
LAB0005288,,,,,,,,,,
LAB0005289,,,,,,,,,,
LAB0005290,,,,,,,,,,
LAB0005291,,,,,,,,,,
LAB0005292,,,,,,,,,,
LAB0005293,,,,,,,,,,
LAB0005294,,,,,,,,,,
LAB0005295,,,,,,,,,,
LAB0005296,,,,,,,,,,
LAB0005297,,,,,,,,,,
LAB0005298,,,,,,,,,,
LAB0005299,,,,,,,,,,
LAB0005300,,,,,,,,,,
LAB0005301,,,,,,,,,,
LAB0005302,,,,,,,,,,
LAB0005303,,,,,,,,,,
LAB0005304,,,,,,,,,,
LAB0005305,,,,,,,,,,
LAB0005306,,,,,,,,,,
LAB0005307,,,,,,,,,,
LAB0005308,,,,,,,,,,
LAB0005309,,,,,,,,,,
LAB0005310,,,,,,,,,,
LAB0005311,,,,,,,,,,
LAB0005312,,,,,,,,,,
LAB0005313,,,,,,,,,,
LAB0005314,,,,,,,,,,
LAB0005315,,,,,,,,,,
LAB0005316,,,,,,,,,,
LAB0005317,,,,,,,,,,
LAB0005318,,,,,,,,,,
LAB0005319,,,,,,,,,,
LAB0005320,,,,,,,,,,
LAB0005321,,,,,,,,,,
LAB0005322,,,,,,,,,,
LAB0005323,,,,,,,,,,
LAB0005324,,,,,,,,,,
LAB0005325,,,,,,,,,,
LAB0005326,,,,,,,,,,
LAB0005327,,,,,,,,,,
LAB0005328,,,,,,,,,,
LAB0005329,,,,,,,,,,
LAB0005330,,,,,,,,,,
LAB0005331,,,,,,,,,,
LAB0005332,,,,,,,,,,
LAB0005333,,,,,,,,,,
LAB0005334,,,,,,,,,,
LAB0005335,,,,,,,,,,
LAB0005336,,,,,,,,,,
LAB0005337,,,,,,,,,,
LAB0005338,,,,,,,,,,
LAB0005339,,,,,,,,,,
LAB0005340,,,,,,,,,,
LAB0005341,,,,,,,,,,
LAB0005342,,,,,,,,,,
LAB0005343,,,,,,,,,,
LAB0005344,,,,,,,,,,
LAB0005345,,,,,,,,,,
LAB0005346,,,,,,,,,,
LAB0005347,,,,,,,,,,
LAB0005348,,,,,,,,,,
LAB0005349,,,,,,,,,,
LAB0005350,,,,,,,,,,
LAB0005351,,,,,,,,,,
LAB0005352,,,,,,,,,,
LAB0005353,,,,,,,,,,
LAB0005354,,,,,,,,,,
LAB0005355,,,,,,,,,,
LAB0005356,,,,,,,,,,
LAB0005357,,,,,,,,,,
LAB0005358,,,,,,,,,,
LAB0005359,,,,,,,,,,
LAB0005360,,,,,,,,,,
LAB0005361,,,,,,,,,,
LAB0005362,,,,,,,,,,
LAB0005363,,,,,,,,,,
LAB0005364,,,,,,,,,,
LAB0005365,,,,,,,,,,
LAB0005366,,,,,,,,,,
LAB0005367,,,,,,,,,,
LAB0005368,,,,,,,,,,
LAB0005369,,,,,,,,,,
LAB0005370,,,,,,,,,,
LAB0005371,,,,,,,,,,
LAB0005372,,,,,,,,,,
LAB0005373,,,,,,,,,,
LAB0005374,,,,,,,,,,
LAB0005375,,,,,,,,,,
LAB0005376,,,,,,,,,,
LAB0005377,,,,,,,,,,
LAB0005378,,,,,,,,,,
LAB0005379,,,,,,,,,,
LAB0005380,,,,,,,,,,
LAB0005381,,,,,,,,,,
LAB0005382,,,,,,,,,,
LAB0005383,,,,,,,,,,
LAB0005384,,,,,,,,,,
LAB0005385,,,,,,,,,,
LAB0005386,,,,,,,,,,
LAB0005387,,,,,,,,,,
LAB0005388,,,,,,,,,,
LAB0005389,,,,,,,,,,
LAB0005390,,,,,,,,,,
LAB0005391,,,,,,,,,,
LAB0005392,,,,,,,,,,
LAB0005393,,,,,,,,,,
LAB0005394,,,,,,,,,,
LAB0005395,,,,,,,,,,
LAB0005396,,,,,,,,,,
LAB0005397,,,,,,,,,,
LAB0005398,,,,,,,,,,
LAB0005399,,,,,,,,,,
LAB0005400,,,,,,,,,,
LAB0005401,,,,,,,,,,
LAB0005402,,,,,,,,,,
LAB0005403,,,,,,,,,,
LAB0005404,,,,,,,,,,
LAB0005405,,,,,,,,,,
LAB0005406,,,,,,,,,,
LAB0005407,,,,,,,,,,
LAB0005408,,,,,,,,,,
LAB0005409,,,,,,,,,,
LAB0005410,,,,,,,,,,
LAB0005411,,,,,,,,,,
LAB0005412,,,,,,,,,,
LAB0005413,,,,,,,,,,
LAB0005414,,,,,,,,,,
LAB0005415,,,,,,,,,,
LAB0005416,,,,,,,,,,
LAB0005417,,,,,,,,,,
LAB0005418,,,,,,,,,,
LAB0005419,,,,,,,,,,
LAB0005420,,,,,,,,,,
LAB0005421,,,,,,,,,,
LAB0005422,,,,,,,,,,
LAB0005423,,,,,,,,,,
LAB0005424,,,,,,,,,,
LAB0005425,,,,,,,,,,
LAB0005426,,,,,,,,,,
LAB0005427,,,,,,,,,,
LAB0005428,,,,,,,,,,
LAB0005429,,,,,,,,,,
LAB0005430,,,,,,,,,,
LAB0005431,,,,,,,,,,
LAB0005432,,,,,,,,,,
LAB0005433,,,,,,,,,,
LAB0005434,,,,,,,,,,
LAB0005435,,,,,,,,,,
LAB0005436,,,,,,,,,,
LAB0005437,,,,,,,,,,
LAB0005438,,,,,,,,,,
LAB0005439,,,,,,,,,,
LAB0005440,,,,,,,,,,
LAB0005441,,,,,,,,,,
LAB0005442,,,,,,,,,,
LAB0005443,,,,,,,,,,
LAB0005444,,,,,,,,,,
LAB0005445,,,,,,,,,,
LAB0005446,,,,,,,,,,
LAB0005447,,,,,,,,,,
LAB0005448,,,,,,,,,,
LAB0005449,,,,,,,,,,
LAB0005450,,,,,,,,,,
LAB0005451,,,,,,,,,,
LAB0005452,,,,,,,,,,
LAB0005453,,,,,,,,,,
LAB0005454,,,,,,,,,,
LAB0005455,,,,,,,,,,
LAB0005456,,,,,,,,,,
LAB0005457,,,,,,,,,,
LAB0005458,,,,,,,,,,
LAB0005459,,,,,,,,,,
LAB0005460,,,,,,,,,,
LAB0005461,,,,,,,,,,
LAB0005462,,,,,,,,,,
LAB0005463,,,,,,,,,,
LAB0005464,,,,,,,,,,
LAB0005465,,,,,,,,,,
LAB0005466,,,,,,,,,,
LAB0005467,,,,,,,,,,
LAB0005468,,,,,,,,,,
LAB0005469,,,,,,,,,,
LAB0005470,,,,,,,,,,
LAB0005471,,,,,,,,,,
LAB0005472,,,,,,,,,,
LAB0005473,,,,,,,,,,
LAB0005474,,,,,,,,,,
LAB0005475,,,,,,,,,,
LAB0005476,,,,,,,,,,
LAB0005477,,,,,,,,,,
LAB0005478,,,,,,,,,,
LAB0005479,,,,,,,,,,
LAB0005480,,,,,,,,,,
LAB0005481,,,,,,,,,,
LAB0005482,,,,,,,,,,
LAB0005483,,,,,,,,,,
LAB0005484,,,,,,,,,,
LAB0005485,,,,,,,,,,
LAB0005486,,,,,,,,,,
LAB0005487,,,,,,,,,,
LAB0005488,,,,,,,,,,
LAB0005489,,,,,,,,,,
LAB0005490,,,,,,,,,,
LAB0005491,,,,,,,,,,
LAB0005492,,,,,,,,,,
LAB0005493,,,,,,,,,,
LAB0005494,,,,,,,,,,
LAB0005495,,,,,,,,,,
LAB0005496,,,,,,,,,,
LAB0005497,,,,,,,,,,
LAB0005498,,,,,,,,,,
LAB0005499,,,,,,,,,,
LAB0005500,,,,,,,,,,
LAB0005501,,,,,,,,,,
LAB0005502,,,,,,,,,,
LAB0005503,,,,,,,,,,
LAB0005504,,,,,,,,,,
LAB0005505,,,,,,,,,,
LAB0005506,,,,,,,,,,
LAB0005507,,,,,,,,,,
LAB0005508,,,,,,,,,,
LAB0005509,,,,,,,,,,
LAB0005510,,,,,,,,,,
LAB0005511,,,,,,,,,,
LAB0005512,,,,,,,,,,
LAB0005513,,,,,,,,,,
LAB0005514,,,,,,,,,,
LAB0005515,,,,,,,,,,
LAB0005516,,,,,,,,,,
LAB0005517,,,,,,,,,,
LAB0005518,,,,,,,,,,
LAB0005519,,,,,,,,,,
LAB0005520,,,,,,,,,,
LAB0005521,,,,,,,,,,
LAB0005522,,,,,,,,,,
LAB0005523,,,,,,,,,,
LAB0005524,,,,,,,,,,
LAB0005525,,,,,,,,,,
LAB0005526,,,,,,,,,,
LAB0005527,,,,,,,,,,
LAB0005528,,,,,,,,,,
LAB0005529,,,,,,,,,,
LAB0005530,,,,,,,,,,
LAB0005531,,,,,,,,,,
LAB0005532,,,,,,,,,,
LAB0005533,,,,,,,,,,
LAB0005534,,,,,,,,,,
LAB0005535,,,,,,,,,,
LAB0005536,,,,,,,,,,
LAB0005537,,,,,,,,,,
LAB0005538,,,,,,,,,,
LAB0005539,,,,,,,,,,
LAB0005540,,,,,,,,,,
LAB0005541,,,,,,,,,,
LAB0005542,,,,,,,,,,
LAB0005543,,,,,,,,,,
LAB0005544,,,,,,,,,,
LAB0005545,,,,,,,,,,
LAB0005546,,,,,,,,,,
LAB0005547,,,,,,,,,,
LAB0005548,,,,,,,,,,
LAB0005549,,,,,,,,,,
LAB0005550,,,,,,,,,,
LAB0005551,,,,,,,,,,
LAB0005552,,,,,,,,,,
LAB0005553,,,,,,,,,,
LAB0005554,,,,,,,,,,
LAB0005555,,,,,,,,,,
LAB0005556,,,,,,,,,,
LAB0005557,,,,,,,,,,
LAB0005558,,,,,,,,,,
LAB0005559,,,,,,,,,,
LAB0005560,,,,,,,,,,
LAB0005561,,,,,,,,,,
LAB0005562,,,,,,,,,,
LAB0005563,,,,,,,,,,
LAB0005564,,,,,,,,,,
LAB0005565,,,,,,,,,,
LAB0005566,,,,,,,,,,
LAB0005567,,,,,,,,,,
LAB0005568,,,,,,,,,,
LAB0005569,,,,,,,,,,
LAB0005570,,,,,,,,,,
LAB0005571,,,,,,,,,,
LAB0005572,,,,,,,,,,
LAB0005573,,,,,,,,,,
LAB0005574,,,,,,,,,,
LAB0005575,,,,,,,,,,
LAB0005576,,,,,,,,,,
LAB0005577,,,,,,,,,,
LAB0005578,,,,,,,,,,
LAB0005579,,,,,,,,,,
LAB0005580,,,,,,,,,,
LAB0005581,,,,,,,,,,
LAB0005582,,,,,,,,,,
LAB0005583,,,,,,,,,,
LAB0005584,,,,,,,,,,
LAB0005585,,,,,,,,,,
LAB0005586,,,,,,,,,,
LAB0005587,,,,,,,,,,
LAB0005588,,,,,,,,,,
LAB0005589,,,,,,,,,,
LAB0005590,,,,,,,,,,
LAB0005591,,,,,,,,,,
LAB0005592,,,,,,,,,,
LAB0005593,,,,,,,,,,
LAB0005594,,,,,,,,,,
LAB0005595,,,,,,,,,,
LAB0005596,,,,,,,,,,
LAB0005597,,,,,,,,,,
LAB0005598,,,,,,,,,,
LAB0005599,,,,,,,,,,
LAB0005600,,,,,,,,,,
LAB0005601,,,,,,,,,,
LAB0005602,,,,,,,,,,
LAB0005603,,,,,,,,,,
LAB0005604,,,,,,,,,,
LAB0005605,,,,,,,,,,
LAB0005606,,,,,,,,,,
LAB0005607,,,,,,,,,,
LAB0005608,,,,,,,,,,
LAB0005609,,,,,,,,,,
LAB0005610,,,,,,,,,,
LAB0005611,,,,,,,,,,
LAB0005612,,,,,,,,,,
LAB0005613,,,,,,,,,,
LAB0005614,,,,,,,,,,
LAB0005615,,,,,,,,,,
LAB0005616,,,,,,,,,,
LAB0005617,,,,,,,,,,
LAB0005618,,,,,,,,,,
LAB0005619,,,,,,,,,,
LAB0005620,,,,,,,,,,
LAB0005621,,,,,,,,,,
LAB0005622,,,,,,,,,,
LAB0005623,,,,,,,,,,
LAB0005624,,,,,,,,,,
LAB0005625,,,,,,,,,,
LAB0005626,,,,,,,,,,
LAB0005627,,,,,,,,,,
LAB0005628,,,,,,,,,,
LAB0005629,,,,,,,,,,
LAB0005630,,,,,,,,,,
LAB0005631,,,,,,,,,,
LAB0005632,,,,,,,,,,
LAB0005633,,,,,,,,,,
LAB0005634,,,,,,,,,,
LAB0005635,,,,,,,,,,
LAB0005636,,,,,,,,,,
LAB0005637,,,,,,,,,,
LAB0005638,,,,,,,,,,
LAB0005639,,,,,,,,,,
LAB0005640,,,,,,,,,,
LAB0005641,,,,,,,,,,
LAB0005642,,,,,,,,,,
LAB0005643,,,,,,,,,,
LAB0005644,,,,,,,,,,
LAB0005645,,,,,,,,,,
LAB0005646,,,,,,,,,,
LAB0005647,,,,,,,,,,
LAB0005648,,,,,,,,,,
LAB0005649,,,,,,,,,,
LAB0005650,,,,,,,,,,
LAB0005651,,,,,,,,,,
LAB0005652,,,,,,,,,,
LAB0005653,,,,,,,,,,
LAB0005654,,,,,,,,,,
LAB0005655,,,,,,,,,,
LAB0005656,,,,,,,,,,
LAB0005657,,,,,,,,,,
LAB0005658,,,,,,,,,,
LAB0005659,,,,,,,,,,
LAB0005660,,,,,,,,,,
LAB0005661,,,,,,,,,,
LAB0005662,,,,,,,,,,
LAB0005663,,,,,,,,,,
LAB0005664,,,,,,,,,,
LAB0005665,,,,,,,,,,
LAB0005666,,,,,,,,,,
LAB0005667,,,,,,,,,,
LAB0005668,,,,,,,,,,
LAB0005669,,,,,,,,,,
LAB0005670,,,,,,,,,,
LAB0005671,,,,,,,,,,
LAB0005672,,,,,,,,,,
LAB0005673,,,,,,,,,,
LAB0005674,,,,,,,,,,
LAB0005675,,,,,,,,,,
LAB0005676,,,,,,,,,,
LAB0005677,,,,,,,,,,
LAB0005678,,,,,,,,,,
LAB0005679,,,,,,,,,,
LAB0005680,,,,,,,,,,
LAB0005681,,,,,,,,,,
LAB0005682,,,,,,,,,,
LAB0005683,,,,,,,,,,
LAB0005684,,,,,,,,,,
LAB0005685,,,,,,,,,,
LAB0005686,,,,,,,,,,
LAB0005687,,,,,,,,,,
LAB0005688,,,,,,,,,,
LAB0005689,,,,,,,,,,
LAB0005690,,,,,,,,,,
LAB0005691,,,,,,,,,,
LAB0005692,,,,,,,,,,
LAB0005693,,,,,,,,,,
LAB0005694,,,,,,,,,,
LAB0005695,,,,,,,,,,
LAB0005696,,,,,,,,,,
LAB0005697,,,,,,,,,,
LAB0005698,,,,,,,,,,
LAB0005699,,,,,,,,,,
LAB0005700,,,,,,,,,,
LAB0005701,,,,,,,,,,
LAB0005702,,,,,,,,,,
LAB0005703,,,,,,,,,,
LAB0005704,,,,,,,,,,
LAB0005705,,,,,,,,,,
LAB0005706,,,,,,,,,,
LAB0005707,,,,,,,,,,
LAB0005708,,,,,,,,,,
LAB0005709,,,,,,,,,,
LAB0005710,,,,,,,,,,
LAB0005711,,,,,,,,,,
LAB0005712,,,,,,,,,,
LAB0005713,,,,,,,,,,
LAB0005714,,,,,,,,,,
LAB0005715,,,,,,,,,,
LAB0005716,,,,,,,,,,
LAB0005717,,,,,,,,,,
LAB0005718,,,,,,,,,,
LAB0005719,,,,,,,,,,
LAB0005720,,,,,,,,,,
LAB0005721,,,,,,,,,,
LAB0005722,,,,,,,,,,
LAB0005723,,,,,,,,,,
LAB0005724,,,,,,,,,,
LAB0005725,,,,,,,,,,
LAB0005726,,,,,,,,,,
LAB0005727,,,,,,,,,,
LAB0005728,,,,,,,,,,
LAB0005729,,,,,,,,,,
LAB0005730,,,,,,,,,,
LAB0005731,,,,,,,,,,
LAB0005732,,,,,,,,,,
LAB0005733,,,,,,,,,,
LAB0005734,,,,,,,,,,
LAB0005735,,,,,,,,,,
LAB0005736,,,,,,,,,,
LAB0005737,,,,,,,,,,
LAB0005738,,,,,,,,,,
LAB0005739,,,,,,,,,,
LAB0005740,,,,,,,,,,
LAB0005741,,,,,,,,,,
LAB0005742,,,,,,,,,,
LAB0005743,,,,,,,,,,
LAB0005744,,,,,,,,,,
LAB0005745,,,,,,,,,,
LAB0005746,,,,,,,,,,
LAB0005747,,,,,,,,,,
LAB0005748,,,,,,,,,,
LAB0005749,,,,,,,,,,
LAB0005750,,,,,,,,,,
LAB0005751,,,,,,,,,,
LAB0005752,,,,,,,,,,
LAB0005753,,,,,,,,,,
LAB0005754,,,,,,,,,,
LAB0005755,,,,,,,,,,
LAB0005756,,,,,,,,,,
LAB0005757,,,,,,,,,,
LAB0005758,,,,,,,,,,
LAB0005759,,,,,,,,,,
LAB0005760,,,,,,,,,,
LAB0005761,,,,,,,,,,
LAB0005762,,,,,,,,,,
LAB0005763,,,,,,,,,,
LAB0005764,,,,,,,,,,
LAB0005765,,,,,,,,,,
LAB0005766,,,,,,,,,,
LAB0005767,,,,,,,,,,
LAB0005768,,,,,,,,,,
LAB0005769,,,,,,,,,,
LAB0005770,,,,,,,,,,
LAB0005771,,,,,,,,,,
LAB0005772,,,,,,,,,,
LAB0005773,,,,,,,,,,
LAB0005774,,,,,,,,,,
LAB0005775,,,,,,,,,,
LAB0005776,,,,,,,,,,
LAB0005777,,,,,,,,,,
LAB0005778,,,,,,,,,,
LAB0005779,,,,,,,,,,
LAB0005780,,,,,,,,,,
LAB0005781,,,,,,,,,,
LAB0005782,,,,,,,,,,
LAB0005783,,,,,,,,,,
LAB0005784,,,,,,,,,,
LAB0005785,,,,,,,,,,
LAB0005786,,,,,,,,,,
LAB0005787,,,,,,,,,,
LAB0005788,,,,,,,,,,
LAB0005789,,,,,,,,,,
LAB0005790,,,,,,,,,,
LAB0005791,,,,,,,,,,
LAB0005792,,,,,,,,,,
LAB0005793,,,,,,,,,,
LAB0005794,,,,,,,,,,
LAB0005795,,,,,,,,,,
LAB0005796,,,,,,,,,,
LAB0005797,,,,,,,,,,
LAB0005798,,,,,,,,,,
LAB0005799,,,,,,,,,,
LAB0005800,,,,,,,,,,
LAB0005801,,,,,,,,,,
LAB0005802,,,,,,,,,,
LAB0005803,,,,,,,,,,
LAB0005804,,,,,,,,,,
LAB0005805,,,,,,,,,,
LAB0005806,,,,,,,,,,
LAB0005807,,,,,,,,,,
LAB0005808,,,,,,,,,,
LAB0005809,,,,,,,,,,
LAB0005810,,,,,,,,,,
LAB0005811,,,,,,,,,,
LAB0005812,,,,,,,,,,
LAB0005813,,,,,,,,,,
LAB0005814,,,,,,,,,,
LAB0005815,,,,,,,,,,
LAB0005816,,,,,,,,,,
LAB0005817,,,,,,,,,,
LAB0005818,,,,,,,,,,
LAB0005819,,,,,,,,,,
LAB0005820,,,,,,,,,,
LAB0005821,,,,,,,,,,
LAB0005822,,,,,,,,,,
LAB0005823,,,,,,,,,,
LAB0005824,,,,,,,,,,
LAB0005825,,,,,,,,,,
LAB0005826,,,,,,,,,,
LAB0005827,,,,,,,,,,
LAB0005828,,,,,,,,,,
LAB0005829,,,,,,,,,,
LAB0005830,,,,,,,,,,
LAB0005831,,,,,,,,,,
LAB0005832,,,,,,,,,,
LAB0005833,,,,,,,,,,
LAB0005834,,,,,,,,,,
LAB0005835,,,,,,,,,,
LAB0005836,,,,,,,,,,
LAB0005837,,,,,,,,,,
LAB0005838,,,,,,,,,,
LAB0005839,,,,,,,,,,
LAB0005840,,,,,,,,,,
LAB0005841,,,,,,,,,,
LAB0005842,,,,,,,,,,
LAB0005843,,,,,,,,,,
LAB0005844,,,,,,,,,,
LAB0005845,,,,,,,,,,
LAB0005846,,,,,,,,,,
LAB0005847,,,,,,,,,,
LAB0005848,,,,,,,,,,
LAB0005849,,,,,,,,,,
LAB0005850,,,,,,,,,,
LAB0005851,,,,,,,,,,
LAB0005852,,,,,,,,,,
LAB0005853,,,,,,,,,,
LAB0005854,,,,,,,,,,
LAB0005855,,,,,,,,,,
LAB0005856,,,,,,,,,,
LAB0005857,,,,,,,,,,
LAB0005858,,,,,,,,,,
LAB0005859,,,,,,,,,,
LAB0005860,,,,,,,,,,
LAB0005861,,,,,,,,,,
LAB0005862,,,,,,,,,,
LAB0005863,,,,,,,,,,
LAB0005864,,,,,,,,,,
LAB0005865,,,,,,,,,,
LAB0005866,,,,,,,,,,
LAB0005867,,,,,,,,,,
LAB0005868,,,,,,,,,,
LAB0005869,,,,,,,,,,
LAB0005870,,,,,,,,,,
LAB0005871,,,,,,,,,,
LAB0005872,,,,,,,,,,
LAB0005873,,,,,,,,,,
LAB0005874,,,,,,,,,,
LAB0005875,,,,,,,,,,
LAB0005876,,,,,,,,,,
LAB0005877,,,,,,,,,,
LAB0005878,,,,,,,,,,
LAB0005879,,,,,,,,,,
LAB0005880,,,,,,,,,,
LAB0005881,,,,,,,,,,
LAB0005882,,,,,,,,,,
LAB0005883,,,,,,,,,,
LAB0005884,,,,,,,,,,
LAB0005885,,,,,,,,,,
LAB0005886,,,,,,,,,,
LAB0005887,,,,,,,,,,
LAB0005888,,,,,,,,,,
LAB0005889,,,,,,,,,,
LAB0005890,,,,,,,,,,
LAB0005891,,,,,,,,,,
LAB0005892,,,,,,,,,,
LAB0005893,,,,,,,,,,
LAB0005894,,,,,,,,,,
LAB0005895,,,,,,,,,,
LAB0005896,,,,,,,,,,
LAB0005897,,,,,,,,,,
LAB0005898,,,,,,,,,,
LAB0005899,,,,,,,,,,
LAB0005900,,,,,,,,,,
LAB0005901,,,,,,,,,,
LAB0005902,,,,,,,,,,
LAB0005903,,,,,,,,,,
LAB0005904,,,,,,,,,,
LAB0005905,,,,,,,,,,
LAB0005906,,,,,,,,,,
LAB0005907,,,,,,,,,,
LAB0005908,,,,,,,,,,
LAB0005909,,,,,,,,,,
LAB0005910,,,,,,,,,,
LAB0005911,,,,,,,,,,
LAB0005912,,,,,,,,,,
LAB0005913,,,,,,,,,,
LAB0005914,,,,,,,,,,
LAB0005915,,,,,,,,,,
LAB0005916,,,,,,,,,,
LAB0005917,,,,,,,,,,
LAB0005918,,,,,,,,,,
LAB0005919,,,,,,,,,,
LAB0005920,,,,,,,,,,
LAB0005921,,,,,,,,,,
LAB0005922,,,,,,,,,,
LAB0005923,,,,,,,,,,
LAB0005924,,,,,,,,,,
LAB0005925,,,,,,,,,,
LAB0005926,,,,,,,,,,
LAB0005927,,,,,,,,,,
LAB0005928,,,,,,,,,,
LAB0005929,,,,,,,,,,
LAB0005930,,,,,,,,,,
LAB0005931,,,,,,,,,,
LAB0005932,,,,,,,,,,
LAB0005933,,,,,,,,,,
LAB0005934,,,,,,,,,,
LAB0005935,,,,,,,,,,
LAB0005936,,,,,,,,,,
LAB0005937,,,,,,,,,,
LAB0005938,,,,,,,,,,
LAB0005939,,,,,,,,,,
LAB0005940,,,,,,,,,,
LAB0005941,,,,,,,,,,
LAB0005942,,,,,,,,,,
LAB0005943,,,,,,,,,,
LAB0005944,,,,,,,,,,
LAB0005945,,,,,,,,,,
LAB0005946,,,,,,,,,,
LAB0005947,,,,,,,,,,
LAB0005948,,,,,,,,,,
LAB0005949,,,,,,,,,,
LAB0005950,,,,,,,,,,
LAB0005951,,,,,,,,,,
LAB0005952,,,,,,,,,,
LAB0005953,,,,,,,,,,
LAB0005954,,,,,,,,,,
LAB0005955,,,,,,,,,,
LAB0005956,,,,,,,,,,
LAB0005957,,,,,,,,,,
LAB0005958,,,,,,,,,,
LAB0005959,,,,,,,,,,
LAB0005960,,,,,,,,,,
LAB0005961,,,,,,,,,,
LAB0005962,,,,,,,,,,
LAB0005963,,,,,,,,,,
LAB0005964,,,,,,,,,,
LAB0005965,,,,,,,,,,
LAB0005966,,,,,,,,,,
LAB0005967,,,,,,,,,,
LAB0005968,,,,,,,,,,
LAB0005969,,,,,,,,,,
LAB0005970,,,,,,,,,,
LAB0005971,,,,,,,,,,
LAB0005972,,,,,,,,,,
LAB0005973,,,,,,,,,,
LAB0005974,,,,,,,,,,
LAB0005975,,,,,,,,,,
LAB0005976,,,,,,,,,,
LAB0005977,,,,,,,,,,
LAB0005978,,,,,,,,,,
LAB0005979,,,,,,,,,,
LAB0005980,,,,,,,,,,
LAB0005981,,,,,,,,,,
LAB0005982,,,,,,,,,,
LAB0005983,,,,,,,,,,
LAB0005984,,,,,,,,,,
LAB0005985,,,,,,,,,,
LAB0005986,,,,,,,,,,
LAB0005987,,,,,,,,,,
LAB0005988,,,,,,,,,,
LAB0005989,,,,,,,,,,
LAB0005990,,,,,,,,,,
LAB0005991,,,,,,,,,,
LAB0005992,,,,,,,,,,
LAB0005993,,,,,,,,,,
LAB0005994,,,,,,,,,,
LAB0005995,,,,,,,,,,
LAB0005996,,,,,,,,,,
LAB0005997,,,,,,,,,,
LAB0005998,,,,,,,,,,
LAB0005999,,,,,,,,,,
LAB0006000,,,,,,,,,,
LAB0006001,,,,,,,,,,
LAB0006002,,,,,,,,,,
LAB0006003,,,,,,,,,,
LAB0006004,,,,,,,,,,
LAB0006005,,,,,,,,,,
LAB0006006,,,,,,,,,,
LAB0006007,,,,,,,,,,
LAB0006008,,,,,,,,,,
LAB0006009,,,,,,,,,,
LAB0006010,,,,,,,,,,
LAB0006011,,,,,,,,,,
LAB0006012,,,,,,,,,,
LAB0006013,,,,,,,,,,
LAB0006014,,,,,,,,,,
LAB0006015,,,,,,,,,,
LAB0006016,,,,,,,,,,
LAB0006017,,,,,,,,,,
LAB0006018,,,,,,,,,,
LAB0006019,,,,,,,,,,
LAB0006020,,,,,,,,,,
LAB0006021,,,,,,,,,,
LAB0006022,,,,,,,,,,
LAB0006023,,,,,,,,,,
LAB0006024,,,,,,,,,,
LAB0006025,,,,,,,,,,
LAB0006026,,,,,,,,,,
LAB0006027,,,,,,,,,,
LAB0006028,,,,,,,,,,
LAB0006029,,,,,,,,,,
LAB0006030,,,,,,,,,,
LAB0006031,,,,,,,,,,
LAB0006032,,,,,,,,,,
LAB0006033,,,,,,,,,,
LAB0006034,,,,,,,,,,
LAB0006035,,,,,,,,,,
LAB0006036,,,,,,,,,,
LAB0006037,,,,,,,,,,
LAB0006038,,,,,,,,,,
LAB0006039,,,,,,,,,,
LAB0006040,,,,,,,,,,
LAB0006041,,,,,,,,,,
LAB0006042,,,,,,,,,,
LAB0006043,,,,,,,,,,
LAB0006044,,,,,,,,,,
LAB0006045,,,,,,,,,,
LAB0006046,,,,,,,,,,
LAB0006047,,,,,,,,,,
LAB0006048,,,,,,,,,,
LAB0006049,,,,,,,,,,
LAB0006050,,,,,,,,,,
LAB0006051,,,,,,,,,,
LAB0006052,,,,,,,,,,
LAB0006053,,,,,,,,,,
LAB0006054,,,,,,,,,,
LAB0006055,,,,,,,,,,
LAB0006056,,,,,,,,,,
LAB0006057,,,,,,,,,,
LAB0006058,,,,,,,,,,
LAB0006059,,,,,,,,,,
LAB0006060,,,,,,,,,,
LAB0006061,,,,,,,,,,
LAB0006062,,,,,,,,,,
LAB0006063,,,,,,,,,,
LAB0006064,,,,,,,,,,
LAB0006065,,,,,,,,,,
LAB0006066,,,,,,,,,,
LAB0006067,,,,,,,,,,
LAB0006068,,,,,,,,,,
LAB0006069,,,,,,,,,,
LAB0006070,,,,,,,,,,
LAB0006071,,,,,,,,,,
LAB0006072,,,,,,,,,,
LAB0006073,,,,,,,,,,
LAB0006074,,,,,,,,,,
LAB0006075,,,,,,,,,,
LAB0006076,,,,,,,,,,
LAB0006077,,,,,,,,,,
LAB0006078,,,,,,,,,,
LAB0006079,,,,,,,,,,
LAB0006080,,,,,,,,,,
LAB0006081,,,,,,,,,,
LAB0006082,,,,,,,,,,
LAB0006083,,,,,,,,,,
LAB0006084,,,,,,,,,,
LAB0006085,,,,,,,,,,
LAB0006086,,,,,,,,,,
LAB0006087,,,,,,,,,,
LAB0006088,,,,,,,,,,
LAB0006089,,,,,,,,,,
LAB0006090,,,,,,,,,,
LAB0006091,,,,,,,,,,
LAB0006092,,,,,,,,,,
LAB0006093,,,,,,,,,,
LAB0006094,,,,,,,,,,
LAB0006095,,,,,,,,,,
LAB0006096,,,,,,,,,,
LAB0006097,,,,,,,,,,
LAB0006098,,,,,,,,,,
LAB0006099,,,,,,,,,,
LAB0006100,,,,,,,,,,
LAB0006101,,,,,,,,,,
LAB0006102,,,,,,,,,,
LAB0006103,,,,,,,,,,
LAB0006104,,,,,,,,,,
LAB0006105,,,,,,,,,,
LAB0006106,,,,,,,,,,
LAB0006107,,,,,,,,,,
LAB0006108,,,,,,,,,,
LAB0006109,,,,,,,,,,
LAB0006110,,,,,,,,,,
LAB0006111,,,,,,,,,,
LAB0006112,,,,,,,,,,
LAB0006113,,,,,,,,,,
LAB0006114,,,,,,,,,,
LAB0006115,,,,,,,,,,
LAB0006116,,,,,,,,,,
LAB0006117,,,,,,,,,,
LAB0006118,,,,,,,,,,
LAB0006119,,,,,,,,,,
LAB0006120,,,,,,,,,,
LAB0006121,,,,,,,,,,
LAB0006122,,,,,,,,,,
LAB0006123,,,,,,,,,,
LAB0006124,,,,,,,,,,
LAB0006125,,,,,,,,,,
LAB0006126,,,,,,,,,,
LAB0006127,,,,,,,,,,
LAB0006128,,,,,,,,,,
LAB0006129,,,,,,,,,,
LAB0006130,,,,,,,,,,
LAB0006131,,,,,,,,,,
LAB0006132,,,,,,,,,,
LAB0006133,,,,,,,,,,
LAB0006134,,,,,,,,,,
LAB0006135,,,,,,,,,,
LAB0006136,,,,,,,,,,
LAB0006137,,,,,,,,,,
LAB0006138,,,,,,,,,,
LAB0006139,,,,,,,,,,
LAB0006140,,,,,,,,,,
LAB0006141,,,,,,,,,,
LAB0006142,,,,,,,,,,
LAB0006143,,,,,,,,,,
LAB0006144,,,,,,,,,,
LAB0006145,,,,,,,,,,
LAB0006146,,,,,,,,,,
LAB0006147,,,,,,,,,,
LAB0006148,,,,,,,,,,
LAB0006149,,,,,,,,,,
LAB0006150,,,,,,,,,,
LAB0006151,,,,,,,,,,
LAB0006152,,,,,,,,,,
LAB0006153,,,,,,,,,,
LAB0006154,,,,,,,,,,
LAB0006155,,,,,,,,,,
LAB0006156,,,,,,,,,,
LAB0006157,,,,,,,,,,
LAB0006158,,,,,,,,,,
LAB0006159,,,,,,,,,,
LAB0006160,,,,,,,,,,
LAB0006161,,,,,,,,,,
LAB0006162,,,,,,,,,,
LAB0006163,,,,,,,,,,
LAB0006164,,,,,,,,,,
LAB0006165,,,,,,,,,,
LAB0006166,,,,,,,,,,
LAB0006167,,,,,,,,,,
LAB0006168,,,,,,,,,,
LAB0006169,,,,,,,,,,
LAB0006170,,,,,,,,,,
LAB0006171,,,,,,,,,,
LAB0006172,,,,,,,,,,
LAB0006173,,,,,,,,,,
LAB0006174,,,,,,,,,,
LAB0006175,,,,,,,,,,
LAB0006176,,,,,,,,,,
LAB0006177,,,,,,,,,,
LAB0006178,,,,,,,,,,
LAB0006179,,,,,,,,,,
LAB0006180,,,,,,,,,,
LAB0006181,,,,,,,,,,
LAB0006182,,,,,,,,,,
LAB0006183,,,,,,,,,,
LAB0006184,,,,,,,,,,
LAB0006185,,,,,,,,,,
LAB0006186,,,,,,,,,,
LAB0006187,,,,,,,,,,
LAB0006188,,,,,,,,,,
LAB0006189,,,,,,,,,,
LAB0006190,,,,,,,,,,
LAB0006191,,,,,,,,,,
LAB0006192,,,,,,,,,,
LAB0006193,,,,,,,,,,
LAB0006194,,,,,,,,,,
LAB0006195,,,,,,,,,,
LAB0006196,,,,,,,,,,
LAB0006197,,,,,,,,,,
LAB0006198,,,,,,,,,,
LAB0006199,,,,,,,,,,
LAB0006200,,,,,,,,,,
LAB0006201,,,,,,,,,,
LAB0006202,,,,,,,,,,
LAB0006203,,,,,,,,,,
LAB0006204,,,,,,,,,,
LAB0006205,,,,,,,,,,
LAB0006206,,,,,,,,,,
LAB0006207,,,,,,,,,,
LAB0006208,,,,,,,,,,
LAB0006209,,,,,,,,,,
LAB0006210,,,,,,,,,,
LAB0006211,,,,,,,,,,
LAB0006212,,,,,,,,,,
LAB0006213,,,,,,,,,,
LAB0006214,,,,,,,,,,
LAB0006215,,,,,,,,,,
LAB0006216,,,,,,,,,,
LAB0006217,,,,,,,,,,
LAB0006218,,,,,,,,,,
LAB0006219,,,,,,,,,,
LAB0006220,,,,,,,,,,
LAB0006221,,,,,,,,,,
LAB0006222,,,,,,,,,,
LAB0006223,,,,,,,,,,
LAB0006224,,,,,,,,,,
LAB0006225,,,,,,,,,,
LAB0006226,,,,,,,,,,
LAB0006227,,,,,,,,,,
LAB0006228,,,,,,,,,,
LAB0006229,,,,,,,,,,
LAB0006230,,,,,,,,,,
LAB0006231,,,,,,,,,,
LAB0006232,,,,,,,,,,
LAB0006233,,,,,,,,,,
LAB0006234,,,,,,,,,,
LAB0006235,,,,,,,,,,
LAB0006236,,,,,,,,,,
LAB0006237,,,,,,,,,,
LAB0006238,,,,,,,,,,
LAB0006239,,,,,,,,,,
LAB0006240,,,,,,,,,,
LAB0006241,,,,,,,,,,
LAB0006242,,,,,,,,,,
LAB0006243,,,,,,,,,,
LAB0006244,,,,,,,,,,
LAB0006245,,,,,,,,,,
LAB0006246,,,,,,,,,,
LAB0006247,,,,,,,,,,
LAB0006248,,,,,,,,,,
LAB0006249,,,,,,,,,,
LAB0006250,,,,,,,,,,
LAB0006251,,,,,,,,,,
LAB0006252,,,,,,,,,,
LAB0006253,,,,,,,,,,
LAB0006254,,,,,,,,,,
LAB0006255,,,,,,,,,,
LAB0006256,,,,,,,,,,
LAB0006257,,,,,,,,,,
LAB0006258,,,,,,,,,,
LAB0006259,,,,,,,,,,
LAB0006260,,,,,,,,,,
LAB0006261,,,,,,,,,,
LAB0006262,,,,,,,,,,
LAB0006263,,,,,,,,,,
LAB0006264,,,,,,,,,,
LAB0006265,,,,,,,,,,
LAB0006266,,,,,,,,,,
LAB0006267,,,,,,,,,,
LAB0006268,,,,,,,,,,
LAB0006269,,,,,,,,,,
LAB0006270,,,,,,,,,,
LAB0006271,,,,,,,,,,
LAB0006272,,,,,,,,,,
LAB0006273,,,,,,,,,,
LAB0006274,,,,,,,,,,
LAB0006275,,,,,,,,,,
LAB0006276,,,,,,,,,,
LAB0006277,,,,,,,,,,
LAB0006278,,,,,,,,,,
LAB0006279,,,,,,,,,,
LAB0006280,,,,,,,,,,
LAB0006281,,,,,,,,,,
LAB0006282,,,,,,,,,,
LAB0006283,,,,,,,,,,
LAB0006284,,,,,,,,,,
LAB0006285,,,,,,,,,,
LAB0006286,,,,,,,,,,
LAB0006287,,,,,,,,,,
LAB0006288,,,,,,,,,,
LAB0006289,,,,,,,,,,
LAB0006290,,,,,,,,,,
LAB0006291,,,,,,,,,,
LAB0006292,,,,,,,,,,
LAB0006293,,,,,,,,,,
LAB0006294,,,,,,,,,,
LAB0006295,,,,,,,,,,
LAB0006296,,,,,,,,,,
LAB0006297,,,,,,,,,,
LAB0006298,,,,,,,,,,
LAB0006299,,,,,,,,,,
LAB0006300,,,,,,,,,,
LAB0006301,,,,,,,,,,
LAB0006302,,,,,,,,,,
LAB0006303,,,,,,,,,,
LAB0006304,,,,,,,,,,
LAB0006305,,,,,,,,,,
LAB0006306,,,,,,,,,,
LAB0006307,,,,,,,,,,
LAB0006308,,,,,,,,,,
LAB0006309,,,,,,,,,,
LAB0006310,,,,,,,,,,
LAB0006311,,,,,,,,,,
LAB0006312,,,,,,,,,,
LAB0006313,,,,,,,,,,
LAB0006314,,,,,,,,,,
LAB0006315,,,,,,,,,,
LAB0006316,,,,,,,,,,
LAB0006317,,,,,,,,,,
LAB0006318,,,,,,,,,,
LAB0006319,,,,,,,,,,
LAB0006320,,,,,,,,,,
LAB0006321,,,,,,,,,,
LAB0006322,,,,,,,,,,
LAB0006323,,,,,,,,,,
LAB0006324,,,,,,,,,,
LAB0006325,,,,,,,,,,
LAB0006326,,,,,,,,,,
LAB0006327,,,,,,,,,,
LAB0006328,,,,,,,,,,
LAB0006329,,,,,,,,,,
LAB0006330,,,,,,,,,,
LAB0006331,,,,,,,,,,
LAB0006332,,,,,,,,,,
LAB0006333,,,,,,,,,,
LAB0006334,,,,,,,,,,
LAB0006335,,,,,,,,,,
LAB0006336,,,,,,,,,,
LAB0006337,,,,,,,,,,
LAB0006338,,,,,,,,,,
LAB0006339,,,,,,,,,,
LAB0006340,,,,,,,,,,
LAB0006341,,,,,,,,,,
LAB0006342,,,,,,,,,,
LAB0006343,,,,,,,,,,
LAB0006344,,,,,,,,,,
LAB0006345,,,,,,,,,,
LAB0006346,,,,,,,,,,
LAB0006347,,,,,,,,,,
LAB0006348,,,,,,,,,,
LAB0006349,,,,,,,,,,
LAB0006350,,,,,,,,,,
LAB0006351,,,,,,,,,,
LAB0006352,,,,,,,,,,
LAB0006353,,,,,,,,,,
LAB0006354,,,,,,,,,,
LAB0006355,,,,,,,,,,
LAB0006356,,,,,,,,,,
LAB0006357,,,,,,,,,,
LAB0006358,,,,,,,,,,
LAB0006359,,,,,,,,,,
LAB0006360,,,,,,,,,,
LAB0006361,,,,,,,,,,
LAB0006362,,,,,,,,,,
LAB0006363,,,,,,,,,,
LAB0006364,,,,,,,,,,
LAB0006365,,,,,,,,,,
LAB0006366,,,,,,,,,,
LAB0006367,,,,,,,,,,
LAB0006368,,,,,,,,,,
LAB0006369,,,,,,,,,,
LAB0006370,,,,,,,,,,
LAB0006371,,,,,,,,,,
LAB0006372,,,,,,,,,,
LAB0006373,,,,,,,,,,
LAB0006374,,,,,,,,,,
LAB0006375,,,,,,,,,,
LAB0006376,,,,,,,,,,
LAB0006377,,,,,,,,,,
LAB0006378,,,,,,,,,,
LAB0006379,,,,,,,,,,
LAB0006380,,,,,,,,,,
LAB0006381,,,,,,,,,,
LAB0006382,,,,,,,,,,
LAB0006383,,,,,,,,,,
LAB0006384,,,,,,,,,,
LAB0006385,,,,,,,,,,
LAB0006386,,,,,,,,,,
LAB0006387,,,,,,,,,,
LAB0006388,,,,,,,,,,
LAB0006389,,,,,,,,,,
LAB0006390,,,,,,,,,,
LAB0006391,,,,,,,,,,
LAB0006392,,,,,,,,,,
LAB0006393,,,,,,,,,,
LAB0006394,,,,,,,,,,
LAB0006395,,,,,,,,,,
LAB0006396,,,,,,,,,,
LAB0006397,,,,,,,,,,
LAB0006398,,,,,,,,,,
LAB0006399,,,,,,,,,,
LAB0006400,,,,,,,,,,
LAB0006401,,,,,,,,,,
LAB0006402,,,,,,,,,,
LAB0006403,,,,,,,,,,
LAB0006404,,,,,,,,,,
LAB0006405,,,,,,,,,,
LAB0006406,,,,,,,,,,
LAB0006407,,,,,,,,,,
LAB0006408,,,,,,,,,,
LAB0006409,,,,,,,,,,
LAB0006410,,,,,,,,,,
LAB0006411,,,,,,,,,,
LAB0006412,,,,,,,,,,
LAB0006413,,,,,,,,,,
LAB0006414,,,,,,,,,,
LAB0006415,,,,,,,,,,
LAB0006416,,,,,,,,,,
LAB0006417,,,,,,,,,,
LAB0006418,,,,,,,,,,
LAB0006419,,,,,,,,,,
LAB0006420,,,,,,,,,,
LAB0006421,,,,,,,,,,
LAB0006422,,,,,,,,,,
LAB0006423,,,,,,,,,,
LAB0006424,,,,,,,,,,
LAB0006425,,,,,,,,,,
LAB0006426,,,,,,,,,,
LAB0006427,,,,,,,,,,
LAB0006428,,,,,,,,,,
LAB0006429,,,,,,,,,,
LAB0006430,,,,,,,,,,
LAB0006431,,,,,,,,,,
LAB0006432,,,,,,,,,,
LAB0006433,,,,,,,,,,
LAB0006434,,,,,,,,,,
LAB0006435,,,,,,,,,,
LAB0006436,,,,,,,,,,
LAB0006437,,,,,,,,,,
LAB0006438,,,,,,,,,,
LAB0006439,,,,,,,,,,
LAB0006440,,,,,,,,,,
LAB0006441,,,,,,,,,,
LAB0006442,,,,,,,,,,
LAB0006443,,,,,,,,,,
LAB0006444,,,,,,,,,,
LAB0006445,,,,,,,,,,
LAB0006446,,,,,,,,,,
LAB0006447,,,,,,,,,,
LAB0006448,,,,,,,,,,
LAB0006449,,,,,,,,,,
LAB0006450,,,,,,,,,,
LAB0006451,,,,,,,,,,
LAB0006452,,,,,,,,,,
LAB0006453,,,,,,,,,,
LAB0006454,,,,,,,,,,
LAB0006455,,,,,,,,,,
LAB0006456,,,,,,,,,,
LAB0006457,,,,,,,,,,
LAB0006458,,,,,,,,,,
LAB0006459,,,,,,,,,,
LAB0006460,,,,,,,,,,
LAB0006461,,,,,,,,,,
LAB0006462,,,,,,,,,,
LAB0006463,,,,,,,,,,
LAB0006464,,,,,,,,,,
LAB0006465,,,,,,,,,,
LAB0006466,,,,,,,,,,
LAB0006467,,,,,,,,,,
LAB0006468,,,,,,,,,,
LAB0006469,,,,,,,,,,
LAB0006470,,,,,,,,,,
LAB0006471,,,,,,,,,,
LAB0006472,,,,,,,,,,
LAB0006473,,,,,,,,,,
LAB0006474,,,,,,,,,,
LAB0006475,,,,,,,,,,
LAB0006476,,,,,,,,,,
LAB0006477,,,,,,,,,,
LAB0006478,,,,,,,,,,
LAB0006479,,,,,,,,,,
LAB0006480,,,,,,,,,,
LAB0006481,,,,,,,,,,
LAB0006482,,,,,,,,,,
LAB0006483,,,,,,,,,,
LAB0006484,,,,,,,,,,
LAB0006485,,,,,,,,,,
LAB0006486,,,,,,,,,,
LAB0006487,,,,,,,,,,
LAB0006488,,,,,,,,,,
LAB0006489,,,,,,,,,,
LAB0006490,,,,,,,,,,
LAB0006491,,,,,,,,,,
LAB0006492,,,,,,,,,,
LAB0006493,,,,,,,,,,
LAB0006494,,,,,,,,,,
LAB0006495,,,,,,,,,,
LAB0006496,,,,,,,,,,
LAB0006497,,,,,,,,,,
LAB0006498,,,,,,,,,,
LAB0006499,,,,,,,,,,
LAB0006500,,,,,,,,,,
LAB0006501,,,,,,,,,,
LAB0006502,,,,,,,,,,
LAB0006503,,,,,,,,,,
LAB0006504,,,,,,,,,,
LAB0006505,,,,,,,,,,
LAB0006506,,,,,,,,,,
LAB0006507,,,,,,,,,,
LAB0006508,,,,,,,,,,
LAB0006509,,,,,,,,,,
LAB0006510,,,,,,,,,,
LAB0006511,,,,,,,,,,
LAB0006512,,,,,,,,,,
LAB0006513,,,,,,,,,,
LAB0006514,,,,,,,,,,
LAB0006515,,,,,,,,,,
LAB0006516,,,,,,,,,,
LAB0006517,,,,,,,,,,
LAB0006518,,,,,,,,,,
LAB0006519,,,,,,,,,,
LAB0006520,,,,,,,,,,
LAB0006521,,,,,,,,,,
LAB0006522,,,,,,,,,,
LAB0006523,,,,,,,,,,
LAB0006524,,,,,,,,,,
LAB0006525,,,,,,,,,,
LAB0006526,,,,,,,,,,
LAB0006527,,,,,,,,,,
LAB0006528,,,,,,,,,,
LAB0006529,,,,,,,,,,
LAB0006530,,,,,,,,,,
LAB0006531,,,,,,,,,,
LAB0006532,,,,,,,,,,
LAB0006533,,,,,,,,,,
LAB0006534,,,,,,,,,,
LAB0006535,,,,,,,,,,
LAB0006536,,,,,,,,,,
LAB0006537,,,,,,,,,,
LAB0006538,,,,,,,,,,
LAB0006539,,,,,,,,,,
LAB0006540,,,,,,,,,,
LAB0006541,,,,,,,,,,
LAB0006542,,,,,,,,,,
LAB0006543,,,,,,,,,,
LAB0006544,,,,,,,,,,
LAB0006545,,,,,,,,,,
LAB0006546,,,,,,,,,,
LAB0006547,,,,,,,,,,
LAB0006548,,,,,,,,,,
LAB0006549,,,,,,,,,,
LAB0006550,,,,,,,,,,
LAB0006551,,,,,,,,,,
LAB0006552,,,,,,,,,,
LAB0006553,,,,,,,,,,
LAB0006554,,,,,,,,,,
LAB0006555,,,,,,,,,,
LAB0006556,,,,,,,,,,
LAB0006557,,,,,,,,,,
LAB0006558,,,,,,,,,,
LAB0006559,,,,,,,,,,
LAB0006560,,,,,,,,,,
LAB0006561,,,,,,,,,,
LAB0006562,,,,,,,,,,
LAB0006563,,,,,,,,,,
LAB0006564,,,,,,,,,,
LAB0006565,,,,,,,,,,
LAB0006566,,,,,,,,,,
LAB0006567,,,,,,,,,,
LAB0006568,,,,,,,,,,
LAB0006569,,,,,,,,,,
LAB0006570,,,,,,,,,,
LAB0006571,,,,,,,,,,
LAB0006572,,,,,,,,,,
LAB0006573,,,,,,,,,,
LAB0006574,,,,,,,,,,
LAB0006575,,,,,,,,,,
LAB0006576,,,,,,,,,,
LAB0006577,,,,,,,,,,
LAB0006578,,,,,,,,,,
LAB0006579,,,,,,,,,,
LAB0006580,,,,,,,,,,
LAB0006581,,,,,,,,,,
LAB0006582,,,,,,,,,,
LAB0006583,,,,,,,,,,
LAB0006584,,,,,,,,,,
LAB0006585,,,,,,,,,,
LAB0006586,,,,,,,,,,
LAB0006587,,,,,,,,,,
LAB0006588,,,,,,,,,,
LAB0006589,,,,,,,,,,
LAB0006590,,,,,,,,,,
LAB0006591,,,,,,,,,,
LAB0006592,,,,,,,,,,
LAB0006593,,,,,,,,,,
LAB0006594,,,,,,,,,,
LAB0006595,,,,,,,,,,
LAB0006596,,,,,,,,,,
LAB0006597,,,,,,,,,,
LAB0006598,,,,,,,,,,
LAB0006599,,,,,,,,,,
LAB0006600,,,,,,,,,,
LAB0006601,,,,,,,,,,
LAB0006602,,,,,,,,,,
LAB0006603,,,,,,,,,,
LAB0006604,,,,,,,,,,
LAB0006605,,,,,,,,,,
LAB0006606,,,,,,,,,,
LAB0006607,,,,,,,,,,
LAB0006608,,,,,,,,,,
LAB0006609,,,,,,,,,,
LAB0006610,,,,,,,,,,
LAB0006611,,,,,,,,,,
LAB0006612,,,,,,,,,,
LAB0006613,,,,,,,,,,
LAB0006614,,,,,,,,,,
LAB0006615,,,,,,,,,,
LAB0006616,,,,,,,,,,
LAB0006617,,,,,,,,,,
LAB0006618,,,,,,,,,,
LAB0006619,,,,,,,,,,
LAB0006620,,,,,,,,,,
LAB0006621,,,,,,,,,,
LAB0006622,,,,,,,,,,
LAB0006623,,,,,,,,,,
LAB0006624,,,,,,,,,,
LAB0006625,,,,,,,,,,
LAB0006626,,,,,,,,,,
LAB0006627,,,,,,,,,,
LAB0006628,,,,,,,,,,
LAB0006629,,,,,,,,,,
LAB0006630,,,,,,,,,,
LAB0006631,,,,,,,,,,
LAB0006632,,,,,,,,,,
LAB0006633,,,,,,,,,,
LAB0006634,,,,,,,,,,
LAB0006635,,,,,,,,,,
LAB0006636,,,,,,,,,,
LAB0006637,,,,,,,,,,
LAB0006638,,,,,,,,,,
LAB0006639,,,,,,,,,,
LAB0006640,,,,,,,,,,
LAB0006641,,,,,,,,,,
LAB0006642,,,,,,,,,,
LAB0006643,,,,,,,,,,
LAB0006644,,,,,,,,,,
LAB0006645,,,,,,,,,,
LAB0006646,,,,,,,,,,
LAB0006647,,,,,,,,,,
LAB0006648,,,,,,,,,,
LAB0006649,,,,,,,,,,
LAB0006650,,,,,,,,,,
LAB0006651,,,,,,,,,,
LAB0006652,,,,,,,,,,
LAB0006653,,,,,,,,,,
LAB0006654,,,,,,,,,,
LAB0006655,,,,,,,,,,
LAB0006656,,,,,,,,,,
LAB0006657,,,,,,,,,,
LAB0006658,,,,,,,,,,
LAB0006659,,,,,,,,,,
LAB0006660,,,,,,,,,,
LAB0006661,,,,,,,,,,
LAB0006662,,,,,,,,,,
LAB0006663,,,,,,,,,,
LAB0006664,,,,,,,,,,
LAB0006665,,,,,,,,,,
LAB0006666,,,,,,,,,,
LAB0006667,,,,,,,,,,
LAB0006668,,,,,,,,,,
LAB0006669,,,,,,,,,,
LAB0006670,,,,,,,,,,
LAB0006671,,,,,,,,,,
LAB0006672,,,,,,,,,,
LAB0006673,,,,,,,,,,
LAB0006674,,,,,,,,,,
LAB0006675,,,,,,,,,,
LAB0006676,,,,,,,,,,
LAB0006677,,,,,,,,,,
LAB0006678,,,,,,,,,,
LAB0006679,,,,,,,,,,
LAB0006680,,,,,,,,,,
LAB0006681,,,,,,,,,,
LAB0006682,,,,,,,,,,
LAB0006683,,,,,,,,,,
LAB0006684,,,,,,,,,,
LAB0006685,,,,,,,,,,
LAB0006686,,,,,,,,,,
LAB0006687,,,,,,,,,,
LAB0006688,,,,,,,,,,
LAB0006689,,,,,,,,,,
LAB0006690,,,,,,,,,,
LAB0006691,,,,,,,,,,
LAB0006692,,,,,,,,,,
LAB0006693,,,,,,,,,,
LAB0006694,,,,,,,,,,
LAB0006695,,,,,,,,,,
LAB0006696,,,,,,,,,,
LAB0006697,,,,,,,,,,
LAB0006698,,,,,,,,,,
LAB0006699,,,,,,,,,,
LAB0006700,,,,,,,,,,
LAB0006701,,,,,,,,,,
LAB0006702,,,,,,,,,,
LAB0006703,,,,,,,,,,
LAB0006704,,,,,,,,,,
LAB0006705,,,,,,,,,,
LAB0006706,,,,,,,,,,
LAB0006707,,,,,,,,,,
LAB0006708,,,,,,,,,,
LAB0006709,,,,,,,,,,
LAB0006710,,,,,,,,,,
LAB0006711,,,,,,,,,,
LAB0006712,,,,,,,,,,
LAB0006713,,,,,,,,,,
LAB0006714,,,,,,,,,,
LAB0006715,,,,,,,,,,
LAB0006716,,,,,,,,,,
LAB0006717,,,,,,,,,,
LAB0006718,,,,,,,,,,
LAB0006719,,,,,,,,,,
LAB0006720,,,,,,,,,,
LAB0006721,,,,,,,,,,
LAB0006722,,,,,,,,,,
LAB0006723,,,,,,,,,,
LAB0006724,,,,,,,,,,
LAB0006725,,,,,,,,,,
LAB0006726,,,,,,,,,,
LAB0006727,,,,,,,,,,
LAB0006728,,,,,,,,,,
LAB0006729,,,,,,,,,,
LAB0006730,,,,,,,,,,
LAB0006731,,,,,,,,,,
LAB0006732,,,,,,,,,,
LAB0006733,,,,,,,,,,
LAB0006734,,,,,,,,,,
LAB0006735,,,,,,,,,,
LAB0006736,,,,,,,,,,
LAB0006737,,,,,,,,,,
LAB0006738,,,,,,,,,,
LAB0006739,,,,,,,,,,
LAB0006740,,,,,,,,,,
LAB0006741,,,,,,,,,,
LAB0006742,,,,,,,,,,
LAB0006743,,,,,,,,,,
LAB0006744,,,,,,,,,,
LAB0006745,,,,,,,,,,
LAB0006746,,,,,,,,,,
LAB0006747,,,,,,,,,,
LAB0006748,,,,,,,,,,
LAB0006749,,,,,,,,,,
LAB0006750,,,,,,,,,,
LAB0006751,,,,,,,,,,
LAB0006752,,,,,,,,,,
LAB0006753,,,,,,,,,,
LAB0006754,,,,,,,,,,
LAB0006755,,,,,,,,,,
LAB0006756,,,,,,,,,,
LAB0006757,,,,,,,,,,
LAB0006758,,,,,,,,,,
LAB0006759,,,,,,,,,,
LAB0006760,,,,,,,,,,
LAB0006761,,,,,,,,,,
LAB0006762,,,,,,,,,,
LAB0006763,,,,,,,,,,
LAB0006764,,,,,,,,,,
LAB0006765,,,,,,,,,,
LAB0006766,,,,,,,,,,
LAB0006767,,,,,,,,,,
LAB0006768,,,,,,,,,,
LAB0006769,,,,,,,,,,
LAB0006770,,,,,,,,,,
LAB0006771,,,,,,,,,,
LAB0006772,,,,,,,,,,
LAB0006773,,,,,,,,,,
LAB0006774,,,,,,,,,,
LAB0006775,,,,,,,,,,
LAB0006776,,,,,,,,,,
LAB0006777,,,,,,,,,,
LAB0006778,,,,,,,,,,
LAB0006779,,,,,,,,,,
LAB0006780,,,,,,,,,,
LAB0006781,,,,,,,,,,
LAB0006782,,,,,,,,,,
LAB0006783,,,,,,,,,,
LAB0006784,,,,,,,,,,
LAB0006785,,,,,,,,,,
LAB0006786,,,,,,,,,,
LAB0006787,,,,,,,,,,
LAB0006788,,,,,,,,,,
LAB0006789,,,,,,,,,,
LAB0006790,,,,,,,,,,
LAB0006791,,,,,,,,,,
LAB0006792,,,,,,,,,,
LAB0006793,,,,,,,,,,
LAB0006794,,,,,,,,,,
LAB0006795,,,,,,,,,,
LAB0006796,,,,,,,,,,
LAB0006797,,,,,,,,,,
LAB0006798,,,,,,,,,,
LAB0006799,,,,,,,,,,
LAB0006800,,,,,,,,,,
LAB0006801,,,,,,,,,,
LAB0006802,,,,,,,,,,
LAB0006803,,,,,,,,,,
LAB0006804,,,,,,,,,,
LAB0006805,,,,,,,,,,
LAB0006806,,,,,,,,,,
LAB0006807,,,,,,,,,,
LAB0006808,,,,,,,,,,
LAB0006809,,,,,,,,,,
LAB0006810,,,,,,,,,,
LAB0006811,,,,,,,,,,
LAB0006812,,,,,,,,,,
LAB0006813,,,,,,,,,,
LAB0006814,,,,,,,,,,
LAB0006815,,,,,,,,,,
LAB0006816,,,,,,,,,,
LAB0006817,,,,,,,,,,
LAB0006818,,,,,,,,,,
LAB0006819,,,,,,,,,,
LAB0006820,,,,,,,,,,
LAB0006821,,,,,,,,,,
LAB0006822,,,,,,,,,,
LAB0006823,,,,,,,,,,
LAB0006824,,,,,,,,,,
LAB0006825,,,,,,,,,,
LAB0006826,,,,,,,,,,
LAB0006827,,,,,,,,,,
LAB0006828,,,,,,,,,,
LAB0006829,,,,,,,,,,
LAB0006830,,,,,,,,,,
LAB0006831,,,,,,,,,,
LAB0006832,,,,,,,,,,
LAB0006833,,,,,,,,,,
LAB0006834,,,,,,,,,,
LAB0006835,,,,,,,,,,
LAB0006836,,,,,,,,,,
LAB0006837,,,,,,,,,,
LAB0006838,,,,,,,,,,
LAB0006839,,,,,,,,,,
LAB0006840,,,,,,,,,,
LAB0006841,,,,,,,,,,
LAB0006842,,,,,,,,,,
LAB0006843,,,,,,,,,,
LAB0006844,,,,,,,,,,
LAB0006845,,,,,,,,,,
LAB0006846,,,,,,,,,,
LAB0006847,,,,,,,,,,
LAB0006848,,,,,,,,,,
LAB0006849,,,,,,,,,,
LAB0006850,,,,,,,,,,
LAB0006851,,,,,,,,,,
LAB0006852,,,,,,,,,,
LAB0006853,,,,,,,,,,
LAB0006854,,,,,,,,,,
LAB0006855,,,,,,,,,,
LAB0006856,,,,,,,,,,
LAB0006857,,,,,,,,,,
LAB0006858,,,,,,,,,,
LAB0006859,,,,,,,,,,
LAB0006860,,,,,,,,,,
LAB0006861,,,,,,,,,,
LAB0006862,,,,,,,,,,
LAB0006863,,,,,,,,,,
LAB0006864,,,,,,,,,,
LAB0006865,,,,,,,,,,
LAB0006866,,,,,,,,,,
LAB0006867,,,,,,,,,,
LAB0006868,,,,,,,,,,
LAB0006869,,,,,,,,,,
LAB0006870,,,,,,,,,,
LAB0006871,,,,,,,,,,
LAB0006872,,,,,,,,,,
LAB0006873,,,,,,,,,,
LAB0006874,,,,,,,,,,
LAB0006875,,,,,,,,,,
LAB0006876,,,,,,,,,,
LAB0006877,,,,,,,,,,
LAB0006878,,,,,,,,,,
LAB0006879,,,,,,,,,,
LAB0006880,,,,,,,,,,
LAB0006881,,,,,,,,,,
LAB0006882,,,,,,,,,,
LAB0006883,,,,,,,,,,
LAB0006884,,,,,,,,,,
LAB0006885,,,,,,,,,,
LAB0006886,,,,,,,,,,
LAB0006887,,,,,,,,,,
LAB0006888,,,,,,,,,,
LAB0006889,,,,,,,,,,
LAB0006890,,,,,,,,,,
LAB0006891,,,,,,,,,,
LAB0006892,,,,,,,,,,
LAB0006893,,,,,,,,,,
LAB0006894,,,,,,,,,,
LAB0006895,,,,,,,,,,
LAB0006896,,,,,,,,,,
LAB0006897,,,,,,,,,,
LAB0006898,,,,,,,,,,
LAB0006899,,,,,,,,,,
LAB0006900,,,,,,,,,,
LAB0006901,,,,,,,,,,
LAB0006902,,,,,,,,,,
LAB0006903,,,,,,,,,,
LAB0006904,,,,,,,,,,
LAB0006905,,,,,,,,,,
LAB0006906,,,,,,,,,,
LAB0006907,,,,,,,,,,
LAB0006908,,,,,,,,,,
LAB0006909,,,,,,,,,,
LAB0006910,,,,,,,,,,
LAB0006911,,,,,,,,,,
LAB0006912,,,,,,,,,,
LAB0006913,,,,,,,,,,
LAB0006914,,,,,,,,,,
LAB0006915,,,,,,,,,,
LAB0006916,,,,,,,,,,
LAB0006917,,,,,,,,,,
LAB0006918,,,,,,,,,,
LAB0006919,,,,,,,,,,
LAB0006920,,,,,,,,,,
LAB0006921,,,,,,,,,,
LAB0006922,,,,,,,,,,
LAB0006923,,,,,,,,,,
LAB0006924,,,,,,,,,,
LAB0006925,,,,,,,,,,
LAB0006926,,,,,,,,,,
LAB0006927,,,,,,,,,,
LAB0006928,,,,,,,,,,
LAB0006929,,,,,,,,,,
LAB0006930,,,,,,,,,,
LAB0006931,,,,,,,,,,
LAB0006932,,,,,,,,,,
LAB0006933,,,,,,,,,,
LAB0006934,,,,,,,,,,
LAB0006935,,,,,,,,,,
LAB0006936,,,,,,,,,,
LAB0006937,,,,,,,,,,
LAB0006938,,,,,,,,,,
LAB0006939,,,,,,,,,,
LAB0006940,,,,,,,,,,
LAB0006941,,,,,,,,,,
LAB0006942,,,,,,,,,,
LAB0006943,,,,,,,,,,
LAB0006944,,,,,,,,,,
LAB0006945,,,,,,,,,,
LAB0006946,,,,,,,,,,
LAB0006947,,,,,,,,,,
LAB0006948,,,,,,,,,,
LAB0006949,,,,,,,,,,
LAB0006950,,,,,,,,,,
LAB0006951,,,,,,,,,,
LAB0006952,,,,,,,,,,
LAB0006953,,,,,,,,,,
LAB0006954,,,,,,,,,,
LAB0006955,,,,,,,,,,
LAB0006956,,,,,,,,,,
LAB0006957,,,,,,,,,,
LAB0006958,,,,,,,,,,
LAB0006959,,,,,,,,,,
LAB0006960,,,,,,,,,,
LAB0006961,,,,,,,,,,
LAB0006962,,,,,,,,,,
LAB0006963,,,,,,,,,,
LAB0006964,,,,,,,,,,
LAB0006965,,,,,,,,,,
LAB0006966,,,,,,,,,,
LAB0006967,,,,,,,,,,
LAB0006968,,,,,,,,,,
LAB0006969,,,,,,,,,,
LAB0006970,,,,,,,,,,
LAB0006971,,,,,,,,,,
LAB0006972,,,,,,,,,,
LAB0006973,,,,,,,,,,
LAB0006974,,,,,,,,,,
LAB0006975,,,,,,,,,,
LAB0006976,,,,,,,,,,
LAB0006977,,,,,,,,,,
LAB0006978,,,,,,,,,,
LAB0006979,,,,,,,,,,
LAB0006980,,,,,,,,,,
LAB0006981,,,,,,,,,,
LAB0006982,,,,,,,,,,
LAB0006983,,,,,,,,,,
LAB0006984,,,,,,,,,,
LAB0006985,,,,,,,,,,
LAB0006986,,,,,,,,,,
LAB0006987,,,,,,,,,,
LAB0006988,,,,,,,,,,
LAB0006989,,,,,,,,,,
LAB0006990,,,,,,,,,,
LAB0006991,,,,,,,,,,
LAB0006992,,,,,,,,,,
LAB0006993,,,,,,,,,,
LAB0006994,,,,,,,,,,
LAB0006995,,,,,,,,,,
LAB0006996,,,,,,,,,,
LAB0006997,,,,,,,,,,
LAB0006998,,,,,,,,,,
LAB0006999,,,,,,,,,,
LAB0007000,,,,,,,,,,
LAB0007001,,,,,,,,,,
LAB0007002,,,,,,,,,,
LAB0007003,,,,,,,,,,
LAB0007004,,,,,,,,,,
LAB0007005,,,,,,,,,,
LAB0007006,,,,,,,,,,
LAB0007007,,,,,,,,,,
LAB0007008,,,,,,,,,,
LAB0007009,,,,,,,,,,
LAB0007010,,,,,,,,,,
LAB0007011,,,,,,,,,,
LAB0007012,,,,,,,,,,
LAB0007013,,,,,,,,,,
LAB0007014,,,,,,,,,,
LAB0007015,,,,,,,,,,
LAB0007016,,,,,,,,,,
LAB0007017,,,,,,,,,,
LAB0007018,,,,,,,,,,
LAB0007019,,,,,,,,,,
LAB0007020,,,,,,,,,,
LAB0007021,,,,,,,,,,
LAB0007022,,,,,,,,,,
LAB0007023,,,,,,,,,,
LAB0007024,,,,,,,,,,
LAB0007025,,,,,,,,,,
LAB0007026,,,,,,,,,,
LAB0007027,,,,,,,,,,
LAB0007028,,,,,,,,,,
LAB0007029,,,,,,,,,,
LAB0007030,,,,,,,,,,
LAB0007031,,,,,,,,,,
LAB0007032,,,,,,,,,,
LAB0007033,,,,,,,,,,
LAB0007034,,,,,,,,,,
LAB0007035,,,,,,,,,,
LAB0007036,,,,,,,,,,
LAB0007037,,,,,,,,,,
LAB0007038,,,,,,,,,,
LAB0007039,,,,,,,,,,
LAB0007040,,,,,,,,,,
LAB0007041,,,,,,,,,,
LAB0007042,,,,,,,,,,
LAB0007043,,,,,,,,,,
LAB0007044,,,,,,,,,,
LAB0007045,,,,,,,,,,
LAB0007046,,,,,,,,,,
LAB0007047,,,,,,,,,,
LAB0007048,,,,,,,,,,
LAB0007049,,,,,,,,,,
LAB0007050,,,,,,,,,,
LAB0007051,,,,,,,,,,
LAB0007052,,,,,,,,,,
LAB0007053,,,,,,,,,,
LAB0007054,,,,,,,,,,
LAB0007055,,,,,,,,,,
LAB0007056,,,,,,,,,,
LAB0007057,,,,,,,,,,
LAB0007058,,,,,,,,,,
LAB0007059,,,,,,,,,,
LAB0007060,,,,,,,,,,
LAB0007061,,,,,,,,,,
LAB0007062,,,,,,,,,,
LAB0007063,,,,,,,,,,
LAB0007064,,,,,,,,,,
LAB0007065,,,,,,,,,,
LAB0007066,,,,,,,,,,
LAB0007067,,,,,,,,,,
LAB0007068,,,,,,,,,,
LAB0007069,,,,,,,,,,
LAB0007070,,,,,,,,,,
LAB0007071,,,,,,,,,,
LAB0007072,,,,,,,,,,
LAB0007073,,,,,,,,,,
LAB0007074,,,,,,,,,,
LAB0007075,,,,,,,,,,
LAB0007076,,,,,,,,,,
LAB0007077,,,,,,,,,,
LAB0007078,,,,,,,,,,
LAB0007079,,,,,,,,,,
LAB0007080,,,,,,,,,,
LAB0007081,,,,,,,,,,
LAB0007082,,,,,,,,,,
LAB0007083,,,,,,,,,,
LAB0007084,,,,,,,,,,
LAB0007085,,,,,,,,,,
LAB0007086,,,,,,,,,,
LAB0007087,,,,,,,,,,
LAB0007088,,,,,,,,,,
LAB0007089,,,,,,,,,,
LAB0007090,,,,,,,,,,
LAB0007091,,,,,,,,,,
LAB0007092,,,,,,,,,,
LAB0007093,,,,,,,,,,
LAB0007094,,,,,,,,,,
LAB0007095,,,,,,,,,,
LAB0007096,,,,,,,,,,
LAB0007097,,,,,,,,,,
LAB0007098,,,,,,,,,,
LAB0007099,,,,,,,,,,
LAB0007100,,,,,,,,,,
LAB0007101,,,,,,,,,,
LAB0007102,,,,,,,,,,
LAB0007103,,,,,,,,,,
LAB0007104,,,,,,,,,,
LAB0007105,,,,,,,,,,
LAB0007106,,,,,,,,,,
LAB0007107,,,,,,,,,,
LAB0007108,,,,,,,,,,
LAB0007109,,,,,,,,,,
LAB0007110,,,,,,,,,,
LAB0007111,,,,,,,,,,
LAB0007112,,,,,,,,,,
LAB0007113,,,,,,,,,,
LAB0007114,,,,,,,,,,
LAB0007115,,,,,,,,,,
LAB0007116,,,,,,,,,,
LAB0007117,,,,,,,,,,
LAB0007118,,,,,,,,,,
LAB0007119,,,,,,,,,,
LAB0007120,,,,,,,,,,
LAB0007121,,,,,,,,,,
LAB0007122,,,,,,,,,,
LAB0007123,,,,,,,,,,
LAB0007124,,,,,,,,,,
LAB0007125,,,,,,,,,,
LAB0007126,,,,,,,,,,
LAB0007127,,,,,,,,,,
LAB0007128,,,,,,,,,,
LAB0007129,,,,,,,,,,
LAB0007130,,,,,,,,,,
LAB0007131,,,,,,,,,,
LAB0007132,,,,,,,,,,
LAB0007133,,,,,,,,,,
LAB0007134,,,,,,,,,,
LAB0007135,,,,,,,,,,
LAB0007136,,,,,,,,,,
LAB0007137,,,,,,,,,,
LAB0007138,,,,,,,,,,
LAB0007139,,,,,,,,,,
LAB0007140,,,,,,,,,,
LAB0007141,,,,,,,,,,
LAB0007142,,,,,,,,,,
LAB0007143,,,,,,,,,,
LAB0007144,,,,,,,,,,
LAB0007145,,,,,,,,,,
LAB0007146,,,,,,,,,,
LAB0007147,,,,,,,,,,
LAB0007148,,,,,,,,,,
LAB0007149,,,,,,,,,,
LAB0007150,,,,,,,,,,
LAB0007151,,,,,,,,,,
LAB0007152,,,,,,,,,,
LAB0007153,,,,,,,,,,
LAB0007154,,,,,,,,,,
LAB0007155,,,,,,,,,,
LAB0007156,,,,,,,,,,
LAB0007157,,,,,,,,,,
LAB0007158,,,,,,,,,,
LAB0007159,,,,,,,,,,
LAB0007160,,,,,,,,,,
LAB0007161,,,,,,,,,,
LAB0007162,,,,,,,,,,
LAB0007163,,,,,,,,,,
LAB0007164,,,,,,,,,,
LAB0007165,,,,,,,,,,
LAB0007166,,,,,,,,,,
LAB0007167,,,,,,,,,,
LAB0007168,,,,,,,,,,
LAB0007169,,,,,,,,,,
LAB0007170,,,,,,,,,,
LAB0007171,,,,,,,,,,
LAB0007172,,,,,,,,,,
LAB0007173,,,,,,,,,,
LAB0007174,,,,,,,,,,
LAB0007175,,,,,,,,,,
LAB0007176,,,,,,,,,,
LAB0007177,,,,,,,,,,
LAB0007178,,,,,,,,,,
LAB0007179,,,,,,,,,,
LAB0007180,,,,,,,,,,
LAB0007181,,,,,,,,,,
LAB0007182,,,,,,,,,,
LAB0007183,,,,,,,,,,
LAB0007184,,,,,,,,,,
LAB0007185,,,,,,,,,,
LAB0007186,,,,,,,,,,
LAB0007187,,,,,,,,,,
LAB0007188,,,,,,,,,,
LAB0007189,,,,,,,,,,
LAB0007190,,,,,,,,,,
LAB0007191,,,,,,,,,,
LAB0007192,,,,,,,,,,
LAB0007193,,,,,,,,,,
LAB0007194,,,,,,,,,,
LAB0007195,,,,,,,,,,
LAB0007196,,,,,,,,,,
LAB0007197,,,,,,,,,,
LAB0007198,,,,,,,,,,
LAB0007199,,,,,,,,,,
LAB0007200,,,,,,,,,,
LAB0007201,,,,,,,,,,
LAB0007202,,,,,,,,,,
LAB0007203,,,,,,,,,,
LAB0007204,,,,,,,,,,
LAB0007205,,,,,,,,,,
LAB0007206,,,,,,,,,,
LAB0007207,,,,,,,,,,
LAB0007208,,,,,,,,,,
LAB0007209,,,,,,,,,,
LAB0007210,,,,,,,,,,
LAB0007211,,,,,,,,,,
LAB0007212,,,,,,,,,,
LAB0007213,,,,,,,,,,
LAB0007214,,,,,,,,,,
LAB0007215,,,,,,,,,,
LAB0007216,,,,,,,,,,
LAB0007217,,,,,,,,,,
LAB0007218,,,,,,,,,,
LAB0007219,,,,,,,,,,
LAB0007220,,,,,,,,,,
LAB0007221,,,,,,,,,,
LAB0007222,,,,,,,,,,
LAB0007223,,,,,,,,,,
LAB0007224,,,,,,,,,,
LAB0007225,,,,,,,,,,
LAB0007226,,,,,,,,,,
LAB0007227,,,,,,,,,,
LAB0007228,,,,,,,,,,
LAB0007229,,,,,,,,,,
LAB0007230,,,,,,,,,,
LAB0007231,,,,,,,,,,
LAB0007232,,,,,,,,,,
LAB0007233,,,,,,,,,,
LAB0007234,,,,,,,,,,
LAB0007235,,,,,,,,,,
LAB0007236,,,,,,,,,,
LAB0007237,,,,,,,,,,
LAB0007238,,,,,,,,,,
LAB0007239,,,,,,,,,,
LAB0007240,,,,,,,,,,
LAB0007241,,,,,,,,,,
LAB0007242,,,,,,,,,,
LAB0007243,,,,,,,,,,
LAB0007244,,,,,,,,,,
LAB0007245,,,,,,,,,,
LAB0007246,,,,,,,,,,
LAB0007247,,,,,,,,,,
LAB0007248,,,,,,,,,,
LAB0007249,,,,,,,,,,
LAB0007250,,,,,,,,,,
LAB0007251,,,,,,,,,,
LAB0007252,,,,,,,,,,
LAB0007253,,,,,,,,,,
LAB0007254,,,,,,,,,,
LAB0007255,,,,,,,,,,
LAB0007256,,,,,,,,,,
LAB0007257,,,,,,,,,,
LAB0007258,,,,,,,,,,
LAB0007259,,,,,,,,,,
LAB0007260,,,,,,,,,,
LAB0007261,,,,,,,,,,
LAB0007262,,,,,,,,,,
LAB0007263,,,,,,,,,,
LAB0007264,,,,,,,,,,
LAB0007265,,,,,,,,,,
LAB0007266,,,,,,,,,,
LAB0007267,,,,,,,,,,
LAB0007268,,,,,,,,,,
LAB0007269,,,,,,,,,,
LAB0007270,,,,,,,,,,
LAB0007271,,,,,,,,,,
LAB0007272,,,,,,,,,,
LAB0007273,,,,,,,,,,
LAB0007274,,,,,,,,,,
LAB0007275,,,,,,,,,,
LAB0007276,,,,,,,,,,
LAB0007277,,,,,,,,,,
LAB0007278,,,,,,,,,,
LAB0007279,,,,,,,,,,
LAB0007280,,,,,,,,,,
LAB0007281,,,,,,,,,,
LAB0007282,,,,,,,,,,
LAB0007283,,,,,,,,,,
LAB0007284,,,,,,,,,,
LAB0007285,,,,,,,,,,
LAB0007286,,,,,,,,,,
LAB0007287,,,,,,,,,,
LAB0007288,,,,,,,,,,
LAB0007289,,,,,,,,,,
LAB0007290,,,,,,,,,,
LAB0007291,,,,,,,,,,
LAB0007292,,,,,,,,,,
LAB0007293,,,,,,,,,,
LAB0007294,,,,,,,,,,
LAB0007295,,,,,,,,,,
LAB0007296,,,,,,,,,,
LAB0007297,,,,,,,,,,
LAB0007298,,,,,,,,,,
LAB0007299,,,,,,,,,,
LAB0007300,,,,,,,,,,
LAB0007301,,,,,,,,,,
LAB0007302,,,,,,,,,,
LAB0007303,,,,,,,,,,
LAB0007304,,,,,,,,,,
LAB0007305,,,,,,,,,,
LAB0007306,,,,,,,,,,
LAB0007307,,,,,,,,,,
LAB0007308,,,,,,,,,,
LAB0007309,,,,,,,,,,
LAB0007310,,,,,,,,,,
LAB0007311,,,,,,,,,,
LAB0007312,,,,,,,,,,
LAB0007313,,,,,,,,,,
LAB0007314,,,,,,,,,,
LAB0007315,,,,,,,,,,
LAB0007316,,,,,,,,,,
LAB0007317,,,,,,,,,,
LAB0007318,,,,,,,,,,
LAB0007319,,,,,,,,,,
LAB0007320,,,,,,,,,,
LAB0007321,,,,,,,,,,
LAB0007322,,,,,,,,,,
LAB0007323,,,,,,,,,,
LAB0007324,,,,,,,,,,
LAB0007325,,,,,,,,,,
LAB0007326,,,,,,,,,,
LAB0007327,,,,,,,,,,
LAB0007328,,,,,,,,,,
LAB0007329,,,,,,,,,,
LAB0007330,,,,,,,,,,
LAB0007331,,,,,,,,,,
LAB0007332,,,,,,,,,,
LAB0007333,,,,,,,,,,
LAB0007334,,,,,,,,,,
LAB0007335,,,,,,,,,,
LAB0007336,,,,,,,,,,
LAB0007337,,,,,,,,,,
LAB0007338,,,,,,,,,,
LAB0007339,,,,,,,,,,
LAB0007340,,,,,,,,,,
LAB0007341,,,,,,,,,,
LAB0007342,,,,,,,,,,
LAB0007343,,,,,,,,,,
LAB0007344,,,,,,,,,,
LAB0007345,,,,,,,,,,
LAB0007346,,,,,,,,,,
LAB0007347,,,,,,,,,,
LAB0007348,,,,,,,,,,
LAB0007349,,,,,,,,,,
LAB0007350,,,,,,,,,,
LAB0007351,,,,,,,,,,
LAB0007352,,,,,,,,,,
LAB0007353,,,,,,,,,,
LAB0007354,,,,,,,,,,
LAB0007355,,,,,,,,,,
LAB0007356,,,,,,,,,,
LAB0007357,,,,,,,,,,
LAB0007358,,,,,,,,,,
LAB0007359,,,,,,,,,,
LAB0007360,,,,,,,,,,
LAB0007361,,,,,,,,,,
LAB0007362,,,,,,,,,,
LAB0007363,,,,,,,,,,
LAB0007364,,,,,,,,,,
LAB0007365,,,,,,,,,,
LAB0007366,,,,,,,,,,
LAB0007367,,,,,,,,,,
LAB0007368,,,,,,,,,,
LAB0007369,,,,,,,,,,
LAB0007370,,,,,,,,,,
LAB0007371,,,,,,,,,,
LAB0007372,,,,,,,,,,
LAB0007373,,,,,,,,,,
LAB0007374,,,,,,,,,,
LAB0007375,,,,,,,,,,
LAB0007376,,,,,,,,,,
LAB0007377,,,,,,,,,,
LAB0007378,,,,,,,,,,
LAB0007379,,,,,,,,,,
LAB0007380,,,,,,,,,,
LAB0007381,,,,,,,,,,
LAB0007382,,,,,,,,,,
LAB0007383,,,,,,,,,,
LAB0007384,,,,,,,,,,
LAB0007385,,,,,,,,,,
LAB0007386,,,,,,,,,,
LAB0007387,,,,,,,,,,
LAB0007388,,,,,,,,,,
LAB0007389,,,,,,,,,,
LAB0007390,,,,,,,,,,
LAB0007391,,,,,,,,,,
LAB0007392,,,,,,,,,,
LAB0007393,,,,,,,,,,
LAB0007394,,,,,,,,,,
LAB0007395,,,,,,,,,,
LAB0007396,,,,,,,,,,
LAB0007397,,,,,,,,,,
LAB0007398,,,,,,,,,,
LAB0007399,,,,,,,,,,
LAB0007400,,,,,,,,,,
LAB0007401,,,,,,,,,,
LAB0007402,,,,,,,,,,
LAB0007403,,,,,,,,,,
LAB0007404,,,,,,,,,,
LAB0007405,,,,,,,,,,
LAB0007406,,,,,,,,,,
LAB0007407,,,,,,,,,,
LAB0007408,,,,,,,,,,
LAB0007409,,,,,,,,,,
LAB0007410,,,,,,,,,,
LAB0007411,,,,,,,,,,
LAB0007412,,,,,,,,,,
LAB0007413,,,,,,,,,,
LAB0007414,,,,,,,,,,
LAB0007415,,,,,,,,,,
LAB0007416,,,,,,,,,,
LAB0007417,,,,,,,,,,
LAB0007418,,,,,,,,,,
LAB0007419,,,,,,,,,,
LAB0007420,,,,,,,,,,
LAB0007421,,,,,,,,,,
LAB0007422,,,,,,,,,,
LAB0007423,,,,,,,,,,
LAB0007424,,,,,,,,,,
LAB0007425,,,,,,,,,,
LAB0007426,,,,,,,,,,
LAB0007427,,,,,,,,,,
LAB0007428,,,,,,,,,,
LAB0007429,,,,,,,,,,
LAB0007430,,,,,,,,,,
LAB0007431,,,,,,,,,,
LAB0007432,,,,,,,,,,
LAB0007433,,,,,,,,,,
LAB0007434,,,,,,,,,,
LAB0007435,,,,,,,,,,
LAB0007436,,,,,,,,,,
LAB0007437,,,,,,,,,,
LAB0007438,,,,,,,,,,
LAB0007439,,,,,,,,,,
LAB0007440,,,,,,,,,,
LAB0007441,,,,,,,,,,
LAB0007442,,,,,,,,,,
LAB0007443,,,,,,,,,,
LAB0007444,,,,,,,,,,
LAB0007445,,,,,,,,,,
LAB0007446,,,,,,,,,,
LAB0007447,,,,,,,,,,
LAB0007448,,,,,,,,,,
LAB0007449,,,,,,,,,,
LAB0007450,,,,,,,,,,
LAB0007451,,,,,,,,,,
LAB0007452,,,,,,,,,,
LAB0007453,,,,,,,,,,
LAB0007454,,,,,,,,,,
LAB0007455,,,,,,,,,,
LAB0007456,,,,,,,,,,
LAB0007457,,,,,,,,,,
LAB0007458,,,,,,,,,,
LAB0007459,,,,,,,,,,
LAB0007460,,,,,,,,,,
LAB0007461,,,,,,,,,,
LAB0007462,,,,,,,,,,
LAB0007463,,,,,,,,,,
LAB0007464,,,,,,,,,,
LAB0007465,,,,,,,,,,
LAB0007466,,,,,,,,,,
LAB0007467,,,,,,,,,,
LAB0007468,,,,,,,,,,
LAB0007469,,,,,,,,,,
LAB0007470,,,,,,,,,,
LAB0007471,,,,,,,,,,
LAB0007472,,,,,,,,,,
LAB0007473,,,,,,,,,,
LAB0007474,,,,,,,,,,
LAB0007475,,,,,,,,,,
LAB0007476,,,,,,,,,,
LAB0007477,,,,,,,,,,
LAB0007478,,,,,,,,,,
LAB0007479,,,,,,,,,,
LAB0007480,,,,,,,,,,
LAB0007481,,,,,,,,,,
LAB0007482,,,,,,,,,,
LAB0007483,,,,,,,,,,
LAB0007484,,,,,,,,,,
LAB0007485,,,,,,,,,,
LAB0007486,,,,,,,,,,
LAB0007487,,,,,,,,,,
LAB0007488,,,,,,,,,,
LAB0007489,,,,,,,,,,
LAB0007490,,,,,,,,,,
LAB0007491,,,,,,,,,,
LAB0007492,,,,,,,,,,
LAB0007493,,,,,,,,,,
LAB0007494,,,,,,,,,,
LAB0007495,,,,,,,,,,
LAB0007496,,,,,,,,,,
LAB0007497,,,,,,,,,,
LAB0007498,,,,,,,,,,
LAB0007499,,,,,,,,,,
LAB0007500,,,,,,,,,,
LAB0007501,,,,,,,,,,
LAB0007502,,,,,,,,,,
LAB0007503,,,,,,,,,,
LAB0007504,,,,,,,,,,
LAB0007505,,,,,,,,,,
LAB0007506,,,,,,,,,,
LAB0007507,,,,,,,,,,
LAB0007508,,,,,,,,,,
LAB0007509,,,,,,,,,,
LAB0007510,,,,,,,,,,
LAB0007511,,,,,,,,,,
LAB0007512,,,,,,,,,,
LAB0007513,,,,,,,,,,
LAB0007514,,,,,,,,,,
LAB0007515,,,,,,,,,,
LAB0007516,,,,,,,,,,
LAB0007517,,,,,,,,,,
LAB0007518,,,,,,,,,,
LAB0007519,,,,,,,,,,
LAB0007520,,,,,,,,,,
LAB0007521,,,,,,,,,,
LAB0007522,,,,,,,,,,
LAB0007523,,,,,,,,,,
LAB0007524,,,,,,,,,,
LAB0007525,,,,,,,,,,
LAB0007526,,,,,,,,,,
LAB0007527,,,,,,,,,,
LAB0007528,,,,,,,,,,
LAB0007529,,,,,,,,,,
LAB0007530,,,,,,,,,,
LAB0007531,,,,,,,,,,
LAB0007532,,,,,,,,,,
LAB0007533,,,,,,,,,,
LAB0007534,,,,,,,,,,
LAB0007535,,,,,,,,,,
LAB0007536,,,,,,,,,,
LAB0007537,,,,,,,,,,
LAB0007538,,,,,,,,,,
LAB0007539,,,,,,,,,,
LAB0007540,,,,,,,,,,
LAB0007541,,,,,,,,,,
LAB0007542,,,,,,,,,,
LAB0007543,,,,,,,,,,
LAB0007544,,,,,,,,,,
LAB0007545,,,,,,,,,,
LAB0007546,,,,,,,,,,
LAB0007547,,,,,,,,,,
LAB0007548,,,,,,,,,,
LAB0007549,,,,,,,,,,
LAB0007550,,,,,,,,,,
LAB0007551,,,,,,,,,,
LAB0007552,,,,,,,,,,
LAB0007553,,,,,,,,,,
LAB0007554,,,,,,,,,,
LAB0007555,,,,,,,,,,
LAB0007556,,,,,,,,,,
LAB0007557,,,,,,,,,,
LAB0007558,,,,,,,,,,
LAB0007559,,,,,,,,,,
LAB0007560,,,,,,,,,,
LAB0007561,,,,,,,,,,
LAB0007562,,,,,,,,,,
LAB0007563,,,,,,,,,,
LAB0007564,,,,,,,,,,
LAB0007565,,,,,,,,,,
LAB0007566,,,,,,,,,,
LAB0007567,,,,,,,,,,
LAB0007568,,,,,,,,,,
LAB0007569,,,,,,,,,,
LAB0007570,,,,,,,,,,
LAB0007571,,,,,,,,,,
LAB0007572,,,,,,,,,,
LAB0007573,,,,,,,,,,
LAB0007574,,,,,,,,,,
LAB0007575,,,,,,,,,,
LAB0007576,,,,,,,,,,
LAB0007577,,,,,,,,,,
LAB0007578,,,,,,,,,,
LAB0007579,,,,,,,,,,
LAB0007580,,,,,,,,,,
LAB0007581,,,,,,,,,,
LAB0007582,,,,,,,,,,
LAB0007583,,,,,,,,,,
LAB0007584,,,,,,,,,,
LAB0007585,,,,,,,,,,
LAB0007586,,,,,,,,,,
LAB0007587,,,,,,,,,,
LAB0007588,,,,,,,,,,
LAB0007589,,,,,,,,,,
LAB0007590,,,,,,,,,,
LAB0007591,,,,,,,,,,
LAB0007592,,,,,,,,,,
LAB0007593,,,,,,,,,,
LAB0007594,,,,,,,,,,
LAB0007595,,,,,,,,,,
LAB0007596,,,,,,,,,,
LAB0007597,,,,,,,,,,
LAB0007598,,,,,,,,,,
LAB0007599,,,,,,,,,,
LAB0007600,,,,,,,,,,
LAB0007601,,,,,,,,,,
LAB0007602,,,,,,,,,,
LAB0007603,,,,,,,,,,
LAB0007604,,,,,,,,,,
LAB0007605,,,,,,,,,,
LAB0007606,,,,,,,,,,
LAB0007607,,,,,,,,,,
LAB0007608,,,,,,,,,,
LAB0007609,,,,,,,,,,
LAB0007610,,,,,,,,,,
LAB0007611,,,,,,,,,,
LAB0007612,,,,,,,,,,
LAB0007613,,,,,,,,,,
LAB0007614,,,,,,,,,,
LAB0007615,,,,,,,,,,
LAB0007616,,,,,,,,,,
LAB0007617,,,,,,,,,,
LAB0007618,,,,,,,,,,
LAB0007619,,,,,,,,,,
LAB0007620,,,,,,,,,,
LAB0007621,,,,,,,,,,
LAB0007622,,,,,,,,,,
LAB0007623,,,,,,,,,,
LAB0007624,,,,,,,,,,
LAB0007625,,,,,,,,,,
LAB0007626,,,,,,,,,,
LAB0007627,,,,,,,,,,
LAB0007628,,,,,,,,,,
LAB0007629,,,,,,,,,,
LAB0007630,,,,,,,,,,
LAB0007631,,,,,,,,,,
LAB0007632,,,,,,,,,,
LAB0007633,,,,,,,,,,
LAB0007634,,,,,,,,,,
LAB0007635,,,,,,,,,,
LAB0007636,,,,,,,,,,
LAB0007637,,,,,,,,,,
LAB0007638,,,,,,,,,,
LAB0007639,,,,,,,,,,
LAB0007640,,,,,,,,,,
LAB0007641,,,,,,,,,,
LAB0007642,,,,,,,,,,
LAB0007643,,,,,,,,,,
LAB0007644,,,,,,,,,,
LAB0007645,,,,,,,,,,
LAB0007646,,,,,,,,,,
LAB0007647,,,,,,,,,,
LAB0007648,,,,,,,,,,
LAB0007649,,,,,,,,,,
LAB0007650,,,,,,,,,,
LAB0007651,,,,,,,,,,
LAB0007652,,,,,,,,,,
LAB0007653,,,,,,,,,,
LAB0007654,,,,,,,,,,
LAB0007655,,,,,,,,,,
LAB0007656,,,,,,,,,,
LAB0007657,,,,,,,,,,
LAB0007658,,,,,,,,,,
LAB0007659,,,,,,,,,,
LAB0007660,,,,,,,,,,
LAB0007661,,,,,,,,,,
LAB0007662,,,,,,,,,,
LAB0007663,,,,,,,,,,
LAB0007664,,,,,,,,,,
LAB0007665,,,,,,,,,,
LAB0007666,,,,,,,,,,
LAB0007667,,,,,,,,,,
LAB0007668,,,,,,,,,,
LAB0007669,,,,,,,,,,
LAB0007670,,,,,,,,,,
LAB0007671,,,,,,,,,,
LAB0007672,,,,,,,,,,
LAB0007673,,,,,,,,,,
LAB0007674,,,,,,,,,,
LAB0007675,,,,,,,,,,
LAB0007676,,,,,,,,,,
LAB0007677,,,,,,,,,,
LAB0007678,,,,,,,,,,
LAB0007679,,,,,,,,,,
LAB0007680,,,,,,,,,,
LAB0007681,,,,,,,,,,
LAB0007682,,,,,,,,,,
LAB0007683,,,,,,,,,,
LAB0007684,,,,,,,,,,
LAB0007685,,,,,,,,,,
LAB0007686,,,,,,,,,,
LAB0007687,,,,,,,,,,
LAB0007688,,,,,,,,,,
LAB0007689,,,,,,,,,,
LAB0007690,,,,,,,,,,
LAB0007691,,,,,,,,,,
LAB0007692,,,,,,,,,,
LAB0007693,,,,,,,,,,
LAB0007694,,,,,,,,,,
LAB0007695,,,,,,,,,,
LAB0007696,,,,,,,,,,
LAB0007697,,,,,,,,,,
LAB0007698,,,,,,,,,,
LAB0007699,,,,,,,,,,
LAB0007700,,,,,,,,,,
LAB0007701,,,,,,,,,,
LAB0007702,,,,,,,,,,
LAB0007703,,,,,,,,,,
LAB0007704,,,,,,,,,,
LAB0007705,,,,,,,,,,
LAB0007706,,,,,,,,,,
LAB0007707,,,,,,,,,,
LAB0007708,,,,,,,,,,
LAB0007709,,,,,,,,,,
LAB0007710,,,,,,,,,,
LAB0007711,,,,,,,,,,
LAB0007712,,,,,,,,,,
LAB0007713,,,,,,,,,,
LAB0007714,,,,,,,,,,
LAB0007715,,,,,,,,,,
LAB0007716,,,,,,,,,,
LAB0007717,,,,,,,,,,
LAB0007718,,,,,,,,,,
LAB0007719,,,,,,,,,,
LAB0007720,,,,,,,,,,
LAB0007721,,,,,,,,,,
LAB0007722,,,,,,,,,,
LAB0007723,,,,,,,,,,
LAB0007724,,,,,,,,,,
LAB0007725,,,,,,,,,,
LAB0007726,,,,,,,,,,
LAB0007727,,,,,,,,,,
LAB0007728,,,,,,,,,,
LAB0007729,,,,,,,,,,
LAB0007730,,,,,,,,,,
LAB0007731,,,,,,,,,,
LAB0007732,,,,,,,,,,
LAB0007733,,,,,,,,,,
LAB0007734,,,,,,,,,,
LAB0007735,,,,,,,,,,
LAB0007736,,,,,,,,,,
LAB0007737,,,,,,,,,,
LAB0007738,,,,,,,,,,
LAB0007739,,,,,,,,,,
LAB0007740,,,,,,,,,,
LAB0007741,,,,,,,,,,
LAB0007742,,,,,,,,,,
LAB0007743,,,,,,,,,,
LAB0007744,,,,,,,,,,
LAB0007745,,,,,,,,,,
LAB0007746,,,,,,,,,,
LAB0007747,,,,,,,,,,
LAB0007748,,,,,,,,,,
LAB0007749,,,,,,,,,,
LAB0007750,,,,,,,,,,
LAB0007751,,,,,,,,,,
LAB0007752,,,,,,,,,,
LAB0007753,,,,,,,,,,
LAB0007754,,,,,,,,,,
LAB0007755,,,,,,,,,,
LAB0007756,,,,,,,,,,
LAB0007757,,,,,,,,,,
LAB0007758,,,,,,,,,,
LAB0007759,,,,,,,,,,
LAB0007760,,,,,,,,,,
LAB0007761,,,,,,,,,,
LAB0007762,,,,,,,,,,
LAB0007763,,,,,,,,,,
LAB0007764,,,,,,,,,,
LAB0007765,,,,,,,,,,
LAB0007766,,,,,,,,,,
LAB0007767,,,,,,,,,,
LAB0007768,,,,,,,,,,
LAB0007769,,,,,,,,,,
LAB0007770,,,,,,,,,,
LAB0007771,,,,,,,,,,
LAB0007772,,,,,,,,,,
LAB0007773,,,,,,,,,,
LAB0007774,,,,,,,,,,
LAB0007775,,,,,,,,,,
LAB0007776,,,,,,,,,,
LAB0007777,,,,,,,,,,
LAB0007778,,,,,,,,,,
LAB0007779,,,,,,,,,,
LAB0007780,,,,,,,,,,
LAB0007781,,,,,,,,,,
LAB0007782,,,,,,,,,,
LAB0007783,,,,,,,,,,
LAB0007784,,,,,,,,,,
LAB0007785,,,,,,,,,,
LAB0007786,,,,,,,,,,
LAB0007787,,,,,,,,,,
LAB0007788,,,,,,,,,,
LAB0007789,,,,,,,,,,
LAB0007790,,,,,,,,,,
LAB0007791,,,,,,,,,,
LAB0007792,,,,,,,,,,
LAB0007793,,,,,,,,,,
LAB0007794,,,,,,,,,,
LAB0007795,,,,,,,,,,
LAB0007796,,,,,,,,,,
LAB0007797,,,,,,,,,,
LAB0007798,,,,,,,,,,
LAB0007799,,,,,,,,,,
LAB0007800,,,,,,,,,,
LAB0007801,,,,,,,,,,
LAB0007802,,,,,,,,,,
LAB0007803,,,,,,,,,,
LAB0007804,,,,,,,,,,
LAB0007805,,,,,,,,,,
LAB0007806,,,,,,,,,,
LAB0007807,,,,,,,,,,
LAB0007808,,,,,,,,,,
LAB0007809,,,,,,,,,,
LAB0007810,,,,,,,,,,
LAB0007811,,,,,,,,,,
LAB0007812,,,,,,,,,,
LAB0007813,,,,,,,,,,
LAB0007814,,,,,,,,,,
LAB0007815,,,,,,,,,,
LAB0007816,,,,,,,,,,
LAB0007817,,,,,,,,,,
LAB0007818,,,,,,,,,,
LAB0007819,,,,,,,,,,
LAB0007820,,,,,,,,,,
LAB0007821,,,,,,,,,,
LAB0007822,,,,,,,,,,
LAB0007823,,,,,,,,,,
LAB0007824,,,,,,,,,,
LAB0007825,,,,,,,,,,
LAB0007826,,,,,,,,,,
LAB0007827,,,,,,,,,,
LAB0007828,,,,,,,,,,
LAB0007829,,,,,,,,,,
LAB0007830,,,,,,,,,,
LAB0007831,,,,,,,,,,
LAB0007832,,,,,,,,,,
LAB0007833,,,,,,,,,,
LAB0007834,,,,,,,,,,
LAB0007835,,,,,,,,,,
LAB0007836,,,,,,,,,,
LAB0007837,,,,,,,,,,
LAB0007838,,,,,,,,,,
LAB0007839,,,,,,,,,,
LAB0007840,,,,,,,,,,
LAB0007841,,,,,,,,,,
LAB0007842,,,,,,,,,,
LAB0007843,,,,,,,,,,
LAB0007844,,,,,,,,,,
LAB0007845,,,,,,,,,,
LAB0007846,,,,,,,,,,
LAB0007847,,,,,,,,,,
LAB0007848,,,,,,,,,,
LAB0007849,,,,,,,,,,
LAB0007850,,,,,,,,,,
LAB0007851,,,,,,,,,,
LAB0007852,,,,,,,,,,
LAB0007853,,,,,,,,,,
LAB0007854,,,,,,,,,,
LAB0007855,,,,,,,,,,
LAB0007856,,,,,,,,,,
LAB0007857,,,,,,,,,,
LAB0007858,,,,,,,,,,
LAB0007859,,,,,,,,,,
LAB0007860,,,,,,,,,,
LAB0007861,,,,,,,,,,
LAB0007862,,,,,,,,,,
LAB0007863,,,,,,,,,,
LAB0007864,,,,,,,,,,
LAB0007865,,,,,,,,,,
LAB0007866,,,,,,,,,,
LAB0007867,,,,,,,,,,
LAB0007868,,,,,,,,,,
LAB0007869,,,,,,,,,,
LAB0007870,,,,,,,,,,
LAB0007871,,,,,,,,,,
LAB0007872,,,,,,,,,,
LAB0007873,,,,,,,,,,
LAB0007874,,,,,,,,,,
LAB0007875,,,,,,,,,,
LAB0007876,,,,,,,,,,
LAB0007877,,,,,,,,,,
LAB0007878,,,,,,,,,,
LAB0007879,,,,,,,,,,
LAB0007880,,,,,,,,,,
LAB0007881,,,,,,,,,,
LAB0007882,,,,,,,,,,
LAB0007883,,,,,,,,,,
LAB0007884,,,,,,,,,,
LAB0007885,,,,,,,,,,
LAB0007886,,,,,,,,,,
LAB0007887,,,,,,,,,,
LAB0007888,,,,,,,,,,
LAB0007889,,,,,,,,,,
LAB0007890,,,,,,,,,,
LAB0007891,,,,,,,,,,
LAB0007892,,,,,,,,,,
LAB0007893,,,,,,,,,,
LAB0007894,,,,,,,,,,
LAB0007895,,,,,,,,,,
LAB0007896,,,,,,,,,,
LAB0007897,,,,,,,,,,
LAB0007898,,,,,,,,,,
LAB0007899,,,,,,,,,,
LAB0007900,,,,,,,,,,
LAB0007901,,,,,,,,,,
LAB0007902,,,,,,,,,,
LAB0007903,,,,,,,,,,
LAB0007904,,,,,,,,,,
LAB0007905,,,,,,,,,,
LAB0007906,,,,,,,,,,
LAB0007907,,,,,,,,,,
LAB0007908,,,,,,,,,,
LAB0007909,,,,,,,,,,
LAB0007910,,,,,,,,,,
LAB0007911,,,,,,,,,,
LAB0007912,,,,,,,,,,
LAB0007913,,,,,,,,,,
LAB0007914,,,,,,,,,,
LAB0007915,,,,,,,,,,
LAB0007916,,,,,,,,,,
LAB0007917,,,,,,,,,,
LAB0007918,,,,,,,,,,
LAB0007919,,,,,,,,,,
LAB0007920,,,,,,,,,,
LAB0007921,,,,,,,,,,
LAB0007922,,,,,,,,,,
LAB0007923,,,,,,,,,,
LAB0007924,,,,,,,,,,
LAB0007925,,,,,,,,,,
LAB0007926,,,,,,,,,,
LAB0007927,,,,,,,,,,
LAB0007928,,,,,,,,,,
LAB0007929,,,,,,,,,,
LAB0007930,,,,,,,,,,
LAB0007931,,,,,,,,,,
LAB0007932,,,,,,,,,,
LAB0007933,,,,,,,,,,
LAB0007934,,,,,,,,,,
LAB0007935,,,,,,,,,,
LAB0007936,,,,,,,,,,
LAB0007937,,,,,,,,,,
LAB0007938,,,,,,,,,,
LAB0007939,,,,,,,,,,
LAB0007940,,,,,,,,,,
LAB0007941,,,,,,,,,,
LAB0007942,,,,,,,,,,
LAB0007943,,,,,,,,,,
LAB0007944,,,,,,,,,,
LAB0007945,,,,,,,,,,
LAB0007946,,,,,,,,,,
LAB0007947,,,,,,,,,,
LAB0007948,,,,,,,,,,
LAB0007949,,,,,,,,,,
LAB0007950,,,,,,,,,,
LAB0007951,,,,,,,,,,
LAB0007952,,,,,,,,,,
LAB0007953,,,,,,,,,,
LAB0007954,,,,,,,,,,
LAB0007955,,,,,,,,,,
LAB0007956,,,,,,,,,,
LAB0007957,,,,,,,,,,
LAB0007958,,,,,,,,,,
LAB0007959,,,,,,,,,,
LAB0007960,,,,,,,,,,
LAB0007961,,,,,,,,,,
LAB0007962,,,,,,,,,,
LAB0007963,,,,,,,,,,
LAB0007964,,,,,,,,,,
LAB0007965,,,,,,,,,,
LAB0007966,,,,,,,,,,
LAB0007967,,,,,,,,,,
LAB0007968,,,,,,,,,,
LAB0007969,,,,,,,,,,
LAB0007970,,,,,,,,,,
LAB0007971,,,,,,,,,,
LAB0007972,,,,,,,,,,
LAB0007973,,,,,,,,,,
LAB0007974,,,,,,,,,,
LAB0007975,,,,,,,,,,
LAB0007976,,,,,,,,,,
LAB0007977,,,,,,,,,,
LAB0007978,,,,,,,,,,
LAB0007979,,,,,,,,,,
LAB0007980,,,,,,,,,,
LAB0007981,,,,,,,,,,
LAB0007982,,,,,,,,,,
LAB0007983,,,,,,,,,,
LAB0007984,,,,,,,,,,
LAB0007985,,,,,,,,,,
LAB0007986,,,,,,,,,,
LAB0007987,,,,,,,,,,
LAB0007988,,,,,,,,,,
LAB0007989,,,,,,,,,,
LAB0007990,,,,,,,,,,
LAB0007991,,,,,,,,,,
LAB0007992,,,,,,,,,,
LAB0007993,,,,,,,,,,
LAB0007994,,,,,,,,,,
LAB0007995,,,,,,,,,,
LAB0007996,,,,,,,,,,
LAB0007997,,,,,,,,,,
LAB0007998,,,,,,,,,,
LAB0007999,,,,,,,,,,
LAB0008000,,,,,,,,,,
LAB0008001,,,,,,,,,,
LAB0008002,,,,,,,,,,
LAB0008003,,,,,,,,,,
LAB0008004,,,,,,,,,,
LAB0008005,,,,,,,,,,
LAB0008006,,,,,,,,,,
LAB0008007,,,,,,,,,,
LAB0008008,,,,,,,,,,
LAB0008009,,,,,,,,,,
LAB0008010,,,,,,,,,,
LAB0008011,,,,,,,,,,
LAB0008012,,,,,,,,,,
LAB0008013,,,,,,,,,,
LAB0008014,,,,,,,,,,
LAB0008015,,,,,,,,,,
LAB0008016,,,,,,,,,,
LAB0008017,,,,,,,,,,
LAB0008018,,,,,,,,,,
LAB0008019,,,,,,,,,,
LAB0008020,,,,,,,,,,
LAB0008021,,,,,,,,,,
LAB0008022,,,,,,,,,,
LAB0008023,,,,,,,,,,
LAB0008024,,,,,,,,,,
LAB0008025,,,,,,,,,,
LAB0008026,,,,,,,,,,
LAB0008027,,,,,,,,,,
LAB0008028,,,,,,,,,,
LAB0008029,,,,,,,,,,
LAB0008030,,,,,,,,,,
LAB0008031,,,,,,,,,,
LAB0008032,,,,,,,,,,
LAB0008033,,,,,,,,,,
LAB0008034,,,,,,,,,,
LAB0008035,,,,,,,,,,
LAB0008036,,,,,,,,,,
LAB0008037,,,,,,,,,,
LAB0008038,,,,,,,,,,
LAB0008039,,,,,,,,,,
LAB0008040,,,,,,,,,,
LAB0008041,,,,,,,,,,
LAB0008042,,,,,,,,,,
LAB0008043,,,,,,,,,,
LAB0008044,,,,,,,,,,
LAB0008045,,,,,,,,,,
LAB0008046,,,,,,,,,,
LAB0008047,,,,,,,,,,
LAB0008048,,,,,,,,,,
LAB0008049,,,,,,,,,,
LAB0008050,,,,,,,,,,
LAB0008051,,,,,,,,,,
LAB0008052,,,,,,,,,,
LAB0008053,,,,,,,,,,
LAB0008054,,,,,,,,,,
LAB0008055,,,,,,,,,,
LAB0008056,,,,,,,,,,
LAB0008057,,,,,,,,,,
LAB0008058,,,,,,,,,,
LAB0008059,,,,,,,,,,
LAB0008060,,,,,,,,,,
LAB0008061,,,,,,,,,,
LAB0008062,,,,,,,,,,
LAB0008063,,,,,,,,,,
LAB0008064,,,,,,,,,,
LAB0008065,,,,,,,,,,
LAB0008066,,,,,,,,,,
LAB0008067,,,,,,,,,,
LAB0008068,,,,,,,,,,
LAB0008069,,,,,,,,,,
LAB0008070,,,,,,,,,,
LAB0008071,,,,,,,,,,
LAB0008072,,,,,,,,,,
LAB0008073,,,,,,,,,,
LAB0008074,,,,,,,,,,
LAB0008075,,,,,,,,,,
LAB0008076,,,,,,,,,,
LAB0008077,,,,,,,,,,
LAB0008078,,,,,,,,,,
LAB0008079,,,,,,,,,,
LAB0008080,,,,,,,,,,
LAB0008081,,,,,,,,,,
LAB0008082,,,,,,,,,,
LAB0008083,,,,,,,,,,
LAB0008084,,,,,,,,,,
LAB0008085,,,,,,,,,,
LAB0008086,,,,,,,,,,
LAB0008087,,,,,,,,,,
LAB0008088,,,,,,,,,,
LAB0008089,,,,,,,,,,
LAB0008090,,,,,,,,,,
LAB0008091,,,,,,,,,,
LAB0008092,,,,,,,,,,
LAB0008093,,,,,,,,,,
LAB0008094,,,,,,,,,,
LAB0008095,,,,,,,,,,
LAB0008096,,,,,,,,,,
LAB0008097,,,,,,,,,,
LAB0008098,,,,,,,,,,
LAB0008099,,,,,,,,,,
LAB0008100,,,,,,,,,,
LAB0008101,,,,,,,,,,
LAB0008102,,,,,,,,,,
LAB0008103,,,,,,,,,,
LAB0008104,,,,,,,,,,
LAB0008105,,,,,,,,,,
LAB0008106,,,,,,,,,,
LAB0008107,,,,,,,,,,
LAB0008108,,,,,,,,,,
LAB0008109,,,,,,,,,,
LAB0008110,,,,,,,,,,
LAB0008111,,,,,,,,,,
LAB0008112,,,,,,,,,,
LAB0008113,,,,,,,,,,
LAB0008114,,,,,,,,,,
LAB0008115,,,,,,,,,,
LAB0008116,,,,,,,,,,
LAB0008117,,,,,,,,,,
LAB0008118,,,,,,,,,,
LAB0008119,,,,,,,,,,
LAB0008120,,,,,,,,,,
LAB0008121,,,,,,,,,,
LAB0008122,,,,,,,,,,
LAB0008123,,,,,,,,,,
LAB0008124,,,,,,,,,,
LAB0008125,,,,,,,,,,
LAB0008126,,,,,,,,,,
LAB0008127,,,,,,,,,,
LAB0008128,,,,,,,,,,
LAB0008129,,,,,,,,,,
LAB0008130,,,,,,,,,,
LAB0008131,,,,,,,,,,
LAB0008132,,,,,,,,,,
LAB0008133,,,,,,,,,,
LAB0008134,,,,,,,,,,
LAB0008135,,,,,,,,,,
LAB0008136,,,,,,,,,,
LAB0008137,,,,,,,,,,
LAB0008138,,,,,,,,,,
LAB0008139,,,,,,,,,,
LAB0008140,,,,,,,,,,
LAB0008141,,,,,,,,,,
LAB0008142,,,,,,,,,,
LAB0008143,,,,,,,,,,
LAB0008144,,,,,,,,,,
LAB0008145,,,,,,,,,,
LAB0008146,,,,,,,,,,
LAB0008147,,,,,,,,,,
LAB0008148,,,,,,,,,,
LAB0008149,,,,,,,,,,
LAB0008150,,,,,,,,,,
LAB0008151,,,,,,,,,,
LAB0008152,,,,,,,,,,
LAB0008153,,,,,,,,,,
LAB0008154,,,,,,,,,,
LAB0008155,,,,,,,,,,
LAB0008156,,,,,,,,,,
LAB0008157,,,,,,,,,,
LAB0008158,,,,,,,,,,
LAB0008159,,,,,,,,,,
LAB0008160,,,,,,,,,,
LAB0008161,,,,,,,,,,
LAB0008162,,,,,,,,,,
LAB0008163,,,,,,,,,,
LAB0008164,,,,,,,,,,
LAB0008165,,,,,,,,,,
LAB0008166,,,,,,,,,,
LAB0008167,,,,,,,,,,
LAB0008168,,,,,,,,,,
LAB0008169,,,,,,,,,,
LAB0008170,,,,,,,,,,
LAB0008171,,,,,,,,,,
LAB0008172,,,,,,,,,,
LAB0008173,,,,,,,,,,
LAB0008174,,,,,,,,,,
LAB0008175,,,,,,,,,,
LAB0008176,,,,,,,,,,
LAB0008177,,,,,,,,,,
LAB0008178,,,,,,,,,,
LAB0008179,,,,,,,,,,
LAB0008180,,,,,,,,,,
LAB0008181,,,,,,,,,,
LAB0008182,,,,,,,,,,
LAB0008183,,,,,,,,,,
LAB0008184,,,,,,,,,,
LAB0008185,,,,,,,,,,
LAB0008186,,,,,,,,,,
LAB0008187,,,,,,,,,,
LAB0008188,,,,,,,,,,
LAB0008189,,,,,,,,,,
LAB0008190,,,,,,,,,,
LAB0008191,,,,,,,,,,
LAB0008192,,,,,,,,,,
LAB0008193,,,,,,,,,,
LAB0008194,,,,,,,,,,
LAB0008195,,,,,,,,,,
LAB0008196,,,,,,,,,,
LAB0008197,,,,,,,,,,
LAB0008198,,,,,,,,,,
LAB0008199,,,,,,,,,,
LAB0008200,,,,,,,,,,
LAB0008201,,,,,,,,,,
LAB0008202,,,,,,,,,,
LAB0008203,,,,,,,,,,
LAB0008204,,,,,,,,,,
LAB0008205,,,,,,,,,,
LAB0008206,,,,,,,,,,
LAB0008207,,,,,,,,,,
LAB0008208,,,,,,,,,,
LAB0008209,,,,,,,,,,
LAB0008210,,,,,,,,,,
LAB0008211,,,,,,,,,,
LAB0008212,,,,,,,,,,
LAB0008213,,,,,,,,,,
LAB0008214,,,,,,,,,,
LAB0008215,,,,,,,,,,
LAB0008216,,,,,,,,,,
LAB0008217,,,,,,,,,,
LAB0008218,,,,,,,,,,
LAB0008219,,,,,,,,,,
LAB0008220,,,,,,,,,,
LAB0008221,,,,,,,,,,
LAB0008222,,,,,,,,,,
LAB0008223,,,,,,,,,,
LAB0008224,,,,,,,,,,
LAB0008225,,,,,,,,,,
LAB0008226,,,,,,,,,,
LAB0008227,,,,,,,,,,
LAB0008228,,,,,,,,,,
LAB0008229,,,,,,,,,,
LAB0008230,,,,,,,,,,
LAB0008231,,,,,,,,,,
LAB0008232,,,,,,,,,,
LAB0008233,,,,,,,,,,
LAB0008234,,,,,,,,,,
LAB0008235,,,,,,,,,,
LAB0008236,,,,,,,,,,
LAB0008237,,,,,,,,,,
LAB0008238,,,,,,,,,,
LAB0008239,,,,,,,,,,
LAB0008240,,,,,,,,,,
LAB0008241,,,,,,,,,,
LAB0008242,,,,,,,,,,
LAB0008243,,,,,,,,,,
LAB0008244,,,,,,,,,,
LAB0008245,,,,,,,,,,
LAB0008246,,,,,,,,,,
LAB0008247,,,,,,,,,,
LAB0008248,,,,,,,,,,
LAB0008249,,,,,,,,,,
LAB0008250,,,,,,,,,,
LAB0008251,,,,,,,,,,
LAB0008252,,,,,,,,,,
LAB0008253,,,,,,,,,,
LAB0008254,,,,,,,,,,
LAB0008255,,,,,,,,,,
LAB0008256,,,,,,,,,,
LAB0008257,,,,,,,,,,
LAB0008258,,,,,,,,,,
LAB0008259,,,,,,,,,,
LAB0008260,,,,,,,,,,
LAB0008261,,,,,,,,,,
LAB0008262,,,,,,,,,,
LAB0008263,,,,,,,,,,
LAB0008264,,,,,,,,,,
LAB0008265,,,,,,,,,,
LAB0008266,,,,,,,,,,
LAB0008267,,,,,,,,,,
LAB0008268,,,,,,,,,,
LAB0008269,,,,,,,,,,
LAB0008270,,,,,,,,,,
LAB0008271,,,,,,,,,,
LAB0008272,,,,,,,,,,
LAB0008273,,,,,,,,,,
LAB0008274,,,,,,,,,,
LAB0008275,,,,,,,,,,
LAB0008276,,,,,,,,,,
LAB0008277,,,,,,,,,,
LAB0008278,,,,,,,,,,
LAB0008279,,,,,,,,,,
LAB0008280,,,,,,,,,,
LAB0008281,,,,,,,,,,
LAB0008282,,,,,,,,,,
LAB0008283,,,,,,,,,,
LAB0008284,,,,,,,,,,
LAB0008285,,,,,,,,,,
LAB0008286,,,,,,,,,,
LAB0008287,,,,,,,,,,
LAB0008288,,,,,,,,,,
LAB0008289,,,,,,,,,,
LAB0008290,,,,,,,,,,
LAB0008291,,,,,,,,,,
LAB0008292,,,,,,,,,,
LAB0008293,,,,,,,,,,
LAB0008294,,,,,,,,,,
LAB0008295,,,,,,,,,,
LAB0008296,,,,,,,,,,
LAB0008297,,,,,,,,,,
LAB0008298,,,,,,,,,,
LAB0008299,,,,,,,,,,
LAB0008300,,,,,,,,,,
LAB0008301,,,,,,,,,,
LAB0008302,,,,,,,,,,
LAB0008303,,,,,,,,,,
LAB0008304,,,,,,,,,,
LAB0008305,,,,,,,,,,
LAB0008306,,,,,,,,,,
LAB0008307,,,,,,,,,,
LAB0008308,,,,,,,,,,
LAB0008309,,,,,,,,,,
LAB0008310,,,,,,,,,,
LAB0008311,,,,,,,,,,
LAB0008312,,,,,,,,,,
LAB0008313,,,,,,,,,,
LAB0008314,,,,,,,,,,
LAB0008315,,,,,,,,,,
LAB0008316,,,,,,,,,,
LAB0008317,,,,,,,,,,
LAB0008318,,,,,,,,,,
LAB0008319,,,,,,,,,,
LAB0008320,,,,,,,,,,
LAB0008321,,,,,,,,,,
LAB0008322,,,,,,,,,,
LAB0008323,,,,,,,,,,
LAB0008324,,,,,,,,,,
LAB0008325,,,,,,,,,,
LAB0008326,,,,,,,,,,
LAB0008327,,,,,,,,,,
LAB0008328,,,,,,,,,,
LAB0008329,,,,,,,,,,
LAB0008330,,,,,,,,,,
LAB0008331,,,,,,,,,,
LAB0008332,,,,,,,,,,
LAB0008333,,,,,,,,,,
LAB0008334,,,,,,,,,,
LAB0008335,,,,,,,,,,
LAB0008336,,,,,,,,,,
LAB0008337,,,,,,,,,,
LAB0008338,,,,,,,,,,
LAB0008339,,,,,,,,,,
LAB0008340,,,,,,,,,,
LAB0008341,,,,,,,,,,
LAB0008342,,,,,,,,,,
LAB0008343,,,,,,,,,,
LAB0008344,,,,,,,,,,
LAB0008345,,,,,,,,,,
LAB0008346,,,,,,,,,,
LAB0008347,,,,,,,,,,
LAB0008348,,,,,,,,,,
LAB0008349,,,,,,,,,,
LAB0008350,,,,,,,,,,
LAB0008351,,,,,,,,,,
LAB0008352,,,,,,,,,,
LAB0008353,,,,,,,,,,
LAB0008354,,,,,,,,,,
LAB0008355,,,,,,,,,,
LAB0008356,,,,,,,,,,
LAB0008357,,,,,,,,,,
LAB0008358,,,,,,,,,,
LAB0008359,,,,,,,,,,
LAB0008360,,,,,,,,,,
LAB0008361,,,,,,,,,,
LAB0008362,,,,,,,,,,
LAB0008363,,,,,,,,,,
LAB0008364,,,,,,,,,,
LAB0008365,,,,,,,,,,
LAB0008366,,,,,,,,,,
LAB0008367,,,,,,,,,,
LAB0008368,,,,,,,,,,
LAB0008369,,,,,,,,,,
LAB0008370,,,,,,,,,,
LAB0008371,,,,,,,,,,
LAB0008372,,,,,,,,,,
LAB0008373,,,,,,,,,,
LAB0008374,,,,,,,,,,
LAB0008375,,,,,,,,,,
LAB0008376,,,,,,,,,,
LAB0008377,,,,,,,,,,
LAB0008378,,,,,,,,,,
LAB0008379,,,,,,,,,,
LAB0008380,,,,,,,,,,
LAB0008381,,,,,,,,,,
LAB0008382,,,,,,,,,,
LAB0008383,,,,,,,,,,
LAB0008384,,,,,,,,,,
LAB0008385,,,,,,,,,,
LAB0008386,,,,,,,,,,
LAB0008387,,,,,,,,,,
LAB0008388,,,,,,,,,,
LAB0008389,,,,,,,,,,
LAB0008390,,,,,,,,,,
LAB0008391,,,,,,,,,,
LAB0008392,,,,,,,,,,
LAB0008393,,,,,,,,,,
LAB0008394,,,,,,,,,,
LAB0008395,,,,,,,,,,
LAB0008396,,,,,,,,,,
LAB0008397,,,,,,,,,,
LAB0008398,,,,,,,,,,
LAB0008399,,,,,,,,,,
LAB0008400,,,,,,,,,,
LAB0008401,,,,,,,,,,
LAB0008402,,,,,,,,,,
LAB0008403,,,,,,,,,,
LAB0008404,,,,,,,,,,
LAB0008405,,,,,,,,,,
LAB0008406,,,,,,,,,,
LAB0008407,,,,,,,,,,
LAB0008408,,,,,,,,,,
LAB0008409,,,,,,,,,,
LAB0008410,,,,,,,,,,
LAB0008411,,,,,,,,,,
LAB0008412,,,,,,,,,,
LAB0008413,,,,,,,,,,
LAB0008414,,,,,,,,,,
LAB0008415,,,,,,,,,,
LAB0008416,,,,,,,,,,
LAB0008417,,,,,,,,,,
LAB0008418,,,,,,,,,,
LAB0008419,,,,,,,,,,
LAB0008420,,,,,,,,,,
LAB0008421,,,,,,,,,,
LAB0008422,,,,,,,,,,
LAB0008423,,,,,,,,,,
LAB0008424,,,,,,,,,,
LAB0008425,,,,,,,,,,
LAB0008426,,,,,,,,,,
LAB0008427,,,,,,,,,,
LAB0008428,,,,,,,,,,
LAB0008429,,,,,,,,,,
LAB0008430,,,,,,,,,,
LAB0008431,,,,,,,,,,
LAB0008432,,,,,,,,,,
LAB0008433,,,,,,,,,,
LAB0008434,,,,,,,,,,
LAB0008435,,,,,,,,,,
LAB0008436,,,,,,,,,,
LAB0008437,,,,,,,,,,
LAB0008438,,,,,,,,,,
LAB0008439,,,,,,,,,,
LAB0008440,,,,,,,,,,
LAB0008441,,,,,,,,,,
LAB0008442,,,,,,,,,,
LAB0008443,,,,,,,,,,
LAB0008444,,,,,,,,,,
LAB0008445,,,,,,,,,,
LAB0008446,,,,,,,,,,
LAB0008447,,,,,,,,,,
LAB0008448,,,,,,,,,,
LAB0008449,,,,,,,,,,
LAB0008450,,,,,,,,,,
LAB0008451,,,,,,,,,,
LAB0008452,,,,,,,,,,
LAB0008453,,,,,,,,,,
LAB0008454,,,,,,,,,,
LAB0008455,,,,,,,,,,
LAB0008456,,,,,,,,,,
LAB0008457,,,,,,,,,,
LAB0008458,,,,,,,,,,
LAB0008459,,,,,,,,,,
LAB0008460,,,,,,,,,,
LAB0008461,,,,,,,,,,
LAB0008462,,,,,,,,,,
LAB0008463,,,,,,,,,,
LAB0008464,,,,,,,,,,
LAB0008465,,,,,,,,,,
LAB0008466,,,,,,,,,,
LAB0008467,,,,,,,,,,
LAB0008468,,,,,,,,,,
LAB0008469,,,,,,,,,,
LAB0008470,,,,,,,,,,
LAB0008471,,,,,,,,,,
LAB0008472,,,,,,,,,,
LAB0008473,,,,,,,,,,
LAB0008474,,,,,,,,,,
LAB0008475,,,,,,,,,,
LAB0008476,,,,,,,,,,
LAB0008477,,,,,,,,,,
LAB0008478,,,,,,,,,,
LAB0008479,,,,,,,,,,
LAB0008480,,,,,,,,,,
LAB0008481,,,,,,,,,,
LAB0008482,,,,,,,,,,
LAB0008483,,,,,,,,,,
LAB0008484,,,,,,,,,,
LAB0008485,,,,,,,,,,
LAB0008486,,,,,,,,,,
LAB0008487,,,,,,,,,,
LAB0008488,,,,,,,,,,
LAB0008489,,,,,,,,,,
LAB0008490,,,,,,,,,,
LAB0008491,,,,,,,,,,
LAB0008492,,,,,,,,,,
LAB0008493,,,,,,,,,,
LAB0008494,,,,,,,,,,
LAB0008495,,,,,,,,,,
LAB0008496,,,,,,,,,,
LAB0008497,,,,,,,,,,
LAB0008498,,,,,,,,,,
LAB0008499,,,,,,,,,,
LAB0008500,,,,,,,,,,
LAB0008501,,,,,,,,,,
LAB0008502,,,,,,,,,,
LAB0008503,,,,,,,,,,
LAB0008504,,,,,,,,,,
LAB0008505,,,,,,,,,,
LAB0008506,,,,,,,,,,
LAB0008507,,,,,,,,,,
LAB0008508,,,,,,,,,,
LAB0008509,,,,,,,,,,
LAB0008510,,,,,,,,,,
LAB0008511,,,,,,,,,,
LAB0008512,,,,,,,,,,
LAB0008513,,,,,,,,,,
LAB0008514,,,,,,,,,,
LAB0008515,,,,,,,,,,
LAB0008516,,,,,,,,,,
LAB0008517,,,,,,,,,,
LAB0008518,,,,,,,,,,
LAB0008519,,,,,,,,,,
LAB0008520,,,,,,,,,,
LAB0008521,,,,,,,,,,
LAB0008522,,,,,,,,,,
LAB0008523,,,,,,,,,,
LAB0008524,,,,,,,,,,
LAB0008525,,,,,,,,,,
LAB0008526,,,,,,,,,,
LAB0008527,,,,,,,,,,
LAB0008528,,,,,,,,,,
LAB0008529,,,,,,,,,,
LAB0008530,,,,,,,,,,
LAB0008531,,,,,,,,,,
LAB0008532,,,,,,,,,,
LAB0008533,,,,,,,,,,
LAB0008534,,,,,,,,,,
LAB0008535,,,,,,,,,,
LAB0008536,,,,,,,,,,
LAB0008537,,,,,,,,,,
LAB0008538,,,,,,,,,,
LAB0008539,,,,,,,,,,
LAB0008540,,,,,,,,,,
LAB0008541,,,,,,,,,,
LAB0008542,,,,,,,,,,
LAB0008543,,,,,,,,,,
LAB0008544,,,,,,,,,,
LAB0008545,,,,,,,,,,
LAB0008546,,,,,,,,,,
LAB0008547,,,,,,,,,,
LAB0008548,,,,,,,,,,
LAB0008549,,,,,,,,,,
LAB0008550,,,,,,,,,,
LAB0008551,,,,,,,,,,
LAB0008552,,,,,,,,,,
LAB0008553,,,,,,,,,,
LAB0008554,,,,,,,,,,
LAB0008555,,,,,,,,,,
LAB0008556,,,,,,,,,,
LAB0008557,,,,,,,,,,
LAB0008558,,,,,,,,,,
LAB0008559,,,,,,,,,,
LAB0008560,,,,,,,,,,
LAB0008561,,,,,,,,,,
LAB0008562,,,,,,,,,,
LAB0008563,,,,,,,,,,
LAB0008564,,,,,,,,,,
LAB0008565,,,,,,,,,,
LAB0008566,,,,,,,,,,
LAB0008567,,,,,,,,,,
LAB0008568,,,,,,,,,,
LAB0008569,,,,,,,,,,
LAB0008570,,,,,,,,,,
LAB0008571,,,,,,,,,,
LAB0008572,,,,,,,,,,
LAB0008573,,,,,,,,,,
LAB0008574,,,,,,,,,,
LAB0008575,,,,,,,,,,
LAB0008576,,,,,,,,,,
LAB0008577,,,,,,,,,,
LAB0008578,,,,,,,,,,
LAB0008579,,,,,,,,,,
LAB0008580,,,,,,,,,,
LAB0008581,,,,,,,,,,
LAB0008582,,,,,,,,,,
LAB0008583,,,,,,,,,,
LAB0008584,,,,,,,,,,
LAB0008585,,,,,,,,,,
LAB0008586,,,,,,,,,,
LAB0008587,,,,,,,,,,
LAB0008588,,,,,,,,,,
LAB0008589,,,,,,,,,,
LAB0008590,,,,,,,,,,
LAB0008591,,,,,,,,,,
LAB0008592,,,,,,,,,,
LAB0008593,,,,,,,,,,
LAB0008594,,,,,,,,,,
LAB0008595,,,,,,,,,,
LAB0008596,,,,,,,,,,
LAB0008597,,,,,,,,,,
LAB0008598,,,,,,,,,,
LAB0008599,,,,,,,,,,
LAB0008600,,,,,,,,,,
LAB0008601,,,,,,,,,,
LAB0008602,,,,,,,,,,
LAB0008603,,,,,,,,,,
LAB0008604,,,,,,,,,,
LAB0008605,,,,,,,,,,
LAB0008606,,,,,,,,,,
LAB0008607,,,,,,,,,,
LAB0008608,,,,,,,,,,
LAB0008609,,,,,,,,,,
LAB0008610,,,,,,,,,,
LAB0008611,,,,,,,,,,
LAB0008612,,,,,,,,,,
LAB0008613,,,,,,,,,,
LAB0008614,,,,,,,,,,
LAB0008615,,,,,,,,,,
LAB0008616,,,,,,,,,,
LAB0008617,,,,,,,,,,
LAB0008618,,,,,,,,,,
LAB0008619,,,,,,,,,,
LAB0008620,,,,,,,,,,
LAB0008621,,,,,,,,,,
LAB0008622,,,,,,,,,,
LAB0008623,,,,,,,,,,
LAB0008624,,,,,,,,,,
LAB0008625,,,,,,,,,,
LAB0008626,,,,,,,,,,
LAB0008627,,,,,,,,,,
LAB0008628,,,,,,,,,,
LAB0008629,,,,,,,,,,
LAB0008630,,,,,,,,,,
LAB0008631,,,,,,,,,,
LAB0008632,,,,,,,,,,
LAB0008633,,,,,,,,,,
LAB0008634,,,,,,,,,,
LAB0008635,,,,,,,,,,
LAB0008636,,,,,,,,,,
LAB0008637,,,,,,,,,,
LAB0008638,,,,,,,,,,
LAB0008639,,,,,,,,,,
LAB0008640,,,,,,,,,,
LAB0008641,,,,,,,,,,
LAB0008642,,,,,,,,,,
LAB0008643,,,,,,,,,,
LAB0008644,,,,,,,,,,
LAB0008645,,,,,,,,,,
LAB0008646,,,,,,,,,,
LAB0008647,,,,,,,,,,
LAB0008648,,,,,,,,,,
LAB0008649,,,,,,,,,,
LAB0008650,,,,,,,,,,
LAB0008651,,,,,,,,,,
LAB0008652,,,,,,,,,,
LAB0008653,,,,,,,,,,
LAB0008654,,,,,,,,,,
LAB0008655,,,,,,,,,,
LAB0008656,,,,,,,,,,
LAB0008657,,,,,,,,,,
LAB0008658,,,,,,,,,,
LAB0008659,,,,,,,,,,
LAB0008660,,,,,,,,,,
LAB0008661,,,,,,,,,,
LAB0008662,,,,,,,,,,
LAB0008663,,,,,,,,,,
LAB0008664,,,,,,,,,,
LAB0008665,,,,,,,,,,
LAB0008666,,,,,,,,,,
LAB0008667,,,,,,,,,,
LAB0008668,,,,,,,,,,
LAB0008669,,,,,,,,,,
LAB0008670,,,,,,,,,,
LAB0008671,,,,,,,,,,
LAB0008672,,,,,,,,,,
LAB0008673,,,,,,,,,,
LAB0008674,,,,,,,,,,
LAB0008675,,,,,,,,,,
LAB0008676,,,,,,,,,,
LAB0008677,,,,,,,,,,
LAB0008678,,,,,,,,,,
LAB0008679,,,,,,,,,,
LAB0008680,,,,,,,,,,
LAB0008681,,,,,,,,,,
LAB0008682,,,,,,,,,,
LAB0008683,,,,,,,,,,
LAB0008684,,,,,,,,,,
LAB0008685,,,,,,,,,,
LAB0008686,,,,,,,,,,
LAB0008687,,,,,,,,,,
LAB0008688,,,,,,,,,,
LAB0008689,,,,,,,,,,
LAB0008690,,,,,,,,,,
LAB0008691,,,,,,,,,,
LAB0008692,,,,,,,,,,
LAB0008693,,,,,,,,,,
LAB0008694,,,,,,,,,,
LAB0008695,,,,,,,,,,
LAB0008696,,,,,,,,,,
LAB0008697,,,,,,,,,,
LAB0008698,,,,,,,,,,
LAB0008699,,,,,,,,,,
LAB0008700,,,,,,,,,,
LAB0008701,,,,,,,,,,
LAB0008702,,,,,,,,,,
LAB0008703,,,,,,,,,,
LAB0008704,,,,,,,,,,
LAB0008705,,,,,,,,,,
LAB0008706,,,,,,,,,,
LAB0008707,,,,,,,,,,
LAB0008708,,,,,,,,,,
LAB0008709,,,,,,,,,,
LAB0008710,,,,,,,,,,
LAB0008711,,,,,,,,,,
LAB0008712,,,,,,,,,,
LAB0008713,,,,,,,,,,
LAB0008714,,,,,,,,,,
LAB0008715,,,,,,,,,,
LAB0008716,,,,,,,,,,
LAB0008717,,,,,,,,,,
LAB0008718,,,,,,,,,,
LAB0008719,,,,,,,,,,
LAB0008720,,,,,,,,,,
LAB0008721,,,,,,,,,,
LAB0008722,,,,,,,,,,
LAB0008723,,,,,,,,,,
LAB0008724,,,,,,,,,,
LAB0008725,,,,,,,,,,
LAB0008726,,,,,,,,,,
LAB0008727,,,,,,,,,,
LAB0008728,,,,,,,,,,
LAB0008729,,,,,,,,,,
LAB0008730,,,,,,,,,,
LAB0008731,,,,,,,,,,
LAB0008732,,,,,,,,,,
LAB0008733,,,,,,,,,,
LAB0008734,,,,,,,,,,
LAB0008735,,,,,,,,,,
LAB0008736,,,,,,,,,,
LAB0008737,,,,,,,,,,
LAB0008738,,,,,,,,,,
LAB0008739,,,,,,,,,,
LAB0008740,,,,,,,,,,
LAB0008741,,,,,,,,,,
LAB0008742,,,,,,,,,,
LAB0008743,,,,,,,,,,
LAB0008744,,,,,,,,,,
LAB0008745,,,,,,,,,,
LAB0008746,,,,,,,,,,
LAB0008747,,,,,,,,,,
LAB0008748,,,,,,,,,,
LAB0008749,,,,,,,,,,
LAB0008750,,,,,,,,,,
LAB0008751,,,,,,,,,,
LAB0008752,,,,,,,,,,
LAB0008753,,,,,,,,,,
LAB0008754,,,,,,,,,,
LAB0008755,,,,,,,,,,
LAB0008756,,,,,,,,,,
LAB0008757,,,,,,,,,,
LAB0008758,,,,,,,,,,
LAB0008759,,,,,,,,,,
LAB0008760,,,,,,,,,,
LAB0008761,,,,,,,,,,
LAB0008762,,,,,,,,,,
LAB0008763,,,,,,,,,,
LAB0008764,,,,,,,,,,
LAB0008765,,,,,,,,,,
LAB0008766,,,,,,,,,,
LAB0008767,,,,,,,,,,
LAB0008768,,,,,,,,,,
LAB0008769,,,,,,,,,,
LAB0008770,,,,,,,,,,
LAB0008771,,,,,,,,,,
LAB0008772,,,,,,,,,,
LAB0008773,,,,,,,,,,
LAB0008774,,,,,,,,,,
LAB0008775,,,,,,,,,,
LAB0008776,,,,,,,,,,
LAB0008777,,,,,,,,,,
LAB0008778,,,,,,,,,,
LAB0008779,,,,,,,,,,
LAB0008780,,,,,,,,,,
LAB0008781,,,,,,,,,,
LAB0008782,,,,,,,,,,
LAB0008783,,,,,,,,,,
LAB0008784,,,,,,,,,,
LAB0008785,,,,,,,,,,
LAB0008786,,,,,,,,,,
LAB0008787,,,,,,,,,,
LAB0008788,,,,,,,,,,
LAB0008789,,,,,,,,,,
LAB0008790,,,,,,,,,,
LAB0008791,,,,,,,,,,
LAB0008792,,,,,,,,,,
LAB0008793,,,,,,,,,,
LAB0008794,,,,,,,,,,
LAB0008795,,,,,,,,,,
LAB0008796,,,,,,,,,,
LAB0008797,,,,,,,,,,
LAB0008798,,,,,,,,,,
LAB0008799,,,,,,,,,,
LAB0008800,,,,,,,,,,
LAB0008801,,,,,,,,,,
LAB0008802,,,,,,,,,,
LAB0008803,,,,,,,,,,
LAB0008804,,,,,,,,,,
LAB0008805,,,,,,,,,,
LAB0008806,,,,,,,,,,
LAB0008807,,,,,,,,,,
LAB0008808,,,,,,,,,,
LAB0008809,,,,,,,,,,
LAB0008810,,,,,,,,,,
LAB0008811,,,,,,,,,,
LAB0008812,,,,,,,,,,
LAB0008813,,,,,,,,,,
LAB0008814,,,,,,,,,,
LAB0008815,,,,,,,,,,
LAB0008816,,,,,,,,,,
LAB0008817,,,,,,,,,,
LAB0008818,,,,,,,,,,
LAB0008819,,,,,,,,,,
LAB0008820,,,,,,,,,,
LAB0008821,,,,,,,,,,
LAB0008822,,,,,,,,,,
LAB0008823,,,,,,,,,,
LAB0008824,,,,,,,,,,
LAB0008825,,,,,,,,,,
LAB0008826,,,,,,,,,,
LAB0008827,,,,,,,,,,
LAB0008828,,,,,,,,,,
LAB0008829,,,,,,,,,,
LAB0008830,,,,,,,,,,
LAB0008831,,,,,,,,,,
LAB0008832,,,,,,,,,,
LAB0008833,,,,,,,,,,
LAB0008834,,,,,,,,,,
LAB0008835,,,,,,,,,,
LAB0008836,,,,,,,,,,
LAB0008837,,,,,,,,,,
LAB0008838,,,,,,,,,,
LAB0008839,,,,,,,,,,
LAB0008840,,,,,,,,,,
LAB0008841,,,,,,,,,,
LAB0008842,,,,,,,,,,
LAB0008843,,,,,,,,,,
LAB0008844,,,,,,,,,,
LAB0008845,,,,,,,,,,
LAB0008846,,,,,,,,,,
LAB0008847,,,,,,,,,,
LAB0008848,,,,,,,,,,
LAB0008849,,,,,,,,,,
LAB0008850,,,,,,,,,,
LAB0008851,,,,,,,,,,
LAB0008852,,,,,,,,,,
LAB0008853,,,,,,,,,,
LAB0008854,,,,,,,,,,
LAB0008855,,,,,,,,,,
LAB0008856,,,,,,,,,,
LAB0008857,,,,,,,,,,
LAB0008858,,,,,,,,,,
LAB0008859,,,,,,,,,,
LAB0008860,,,,,,,,,,
LAB0008861,,,,,,,,,,
LAB0008862,,,,,,,,,,
LAB0008863,,,,,,,,,,
LAB0008864,,,,,,,,,,
LAB0008865,,,,,,,,,,
LAB0008866,,,,,,,,,,
LAB0008867,,,,,,,,,,
LAB0008868,,,,,,,,,,
LAB0008869,,,,,,,,,,
LAB0008870,,,,,,,,,,
LAB0008871,,,,,,,,,,
LAB0008872,,,,,,,,,,
LAB0008873,,,,,,,,,,
LAB0008874,,,,,,,,,,
LAB0008875,,,,,,,,,,
LAB0008876,,,,,,,,,,
LAB0008877,,,,,,,,,,
LAB0008878,,,,,,,,,,
LAB0008879,,,,,,,,,,
LAB0008880,,,,,,,,,,
LAB0008881,,,,,,,,,,
LAB0008882,,,,,,,,,,
LAB0008883,,,,,,,,,,
LAB0008884,,,,,,,,,,
LAB0008885,,,,,,,,,,
LAB0008886,,,,,,,,,,
LAB0008887,,,,,,,,,,
LAB0008888,,,,,,,,,,
LAB0008889,,,,,,,,,,
LAB0008890,,,,,,,,,,
LAB0008891,,,,,,,,,,
LAB0008892,,,,,,,,,,
LAB0008893,,,,,,,,,,
LAB0008894,,,,,,,,,,
LAB0008895,,,,,,,,,,
LAB0008896,,,,,,,,,,
LAB0008897,,,,,,,,,,
LAB0008898,,,,,,,,,,
LAB0008899,,,,,,,,,,
LAB0008900,,,,,,,,,,
LAB0008901,,,,,,,,,,
LAB0008902,,,,,,,,,,
LAB0008903,,,,,,,,,,
LAB0008904,,,,,,,,,,
LAB0008905,,,,,,,,,,
LAB0008906,,,,,,,,,,
LAB0008907,,,,,,,,,,
LAB0008908,,,,,,,,,,
LAB0008909,,,,,,,,,,
LAB0008910,,,,,,,,,,
LAB0008911,,,,,,,,,,
LAB0008912,,,,,,,,,,
LAB0008913,,,,,,,,,,
LAB0008914,,,,,,,,,,
LAB0008915,,,,,,,,,,
LAB0008916,,,,,,,,,,
LAB0008917,,,,,,,,,,
LAB0008918,,,,,,,,,,
LAB0008919,,,,,,,,,,
LAB0008920,,,,,,,,,,
LAB0008921,,,,,,,,,,
LAB0008922,,,,,,,,,,
LAB0008923,,,,,,,,,,
LAB0008924,,,,,,,,,,
LAB0008925,,,,,,,,,,
LAB0008926,,,,,,,,,,
LAB0008927,,,,,,,,,,
LAB0008928,,,,,,,,,,
LAB0008929,,,,,,,,,,
LAB0008930,,,,,,,,,,
LAB0008931,,,,,,,,,,
LAB0008932,,,,,,,,,,
LAB0008933,,,,,,,,,,
LAB0008934,,,,,,,,,,
LAB0008935,,,,,,,,,,
LAB0008936,,,,,,,,,,
LAB0008937,,,,,,,,,,
LAB0008938,,,,,,,,,,
LAB0008939,,,,,,,,,,
LAB0008940,,,,,,,,,,
LAB0008941,,,,,,,,,,
LAB0008942,,,,,,,,,,
LAB0008943,,,,,,,,,,
LAB0008944,,,,,,,,,,
LAB0008945,,,,,,,,,,
LAB0008946,,,,,,,,,,
LAB0008947,,,,,,,,,,
LAB0008948,,,,,,,,,,
LAB0008949,,,,,,,,,,
LAB0008950,,,,,,,,,,
LAB0008951,,,,,,,,,,
LAB0008952,,,,,,,,,,
LAB0008953,,,,,,,,,,
LAB0008954,,,,,,,,,,
LAB0008955,,,,,,,,,,
LAB0008956,,,,,,,,,,
LAB0008957,,,,,,,,,,
LAB0008958,,,,,,,,,,
LAB0008959,,,,,,,,,,
LAB0008960,,,,,,,,,,
LAB0008961,,,,,,,,,,
LAB0008962,,,,,,,,,,
LAB0008963,,,,,,,,,,
LAB0008964,,,,,,,,,,
LAB0008965,,,,,,,,,,
LAB0008966,,,,,,,,,,
LAB0008967,,,,,,,,,,
LAB0008968,,,,,,,,,,
LAB0008969,,,,,,,,,,
LAB0008970,,,,,,,,,,
LAB0008971,,,,,,,,,,
LAB0008972,,,,,,,,,,
LAB0008973,,,,,,,,,,
LAB0008974,,,,,,,,,,
LAB0008975,,,,,,,,,,
LAB0008976,,,,,,,,,,
LAB0008977,,,,,,,,,,
LAB0008978,,,,,,,,,,
LAB0008979,,,,,,,,,,
LAB0008980,,,,,,,,,,
LAB0008981,,,,,,,,,,
LAB0008982,,,,,,,,,,
LAB0008983,,,,,,,,,,
LAB0008984,,,,,,,,,,
LAB0008985,,,,,,,,,,
LAB0008986,,,,,,,,,,
LAB0008987,,,,,,,,,,
LAB0008988,,,,,,,,,,
LAB0008989,,,,,,,,,,
LAB0008990,,,,,,,,,,
LAB0008991,,,,,,,,,,
LAB0008992,,,,,,,,,,
LAB0008993,,,,,,,,,,
LAB0008994,,,,,,,,,,
LAB0008995,,,,,,,,,,
LAB0008996,,,,,,,,,,
LAB0008997,,,,,,,,,,
LAB0008998,,,,,,,,,,
LAB0008999,,,,,,,,,,
LAB0009000,,,,,,,,,,
LAB0009001,,,,,,,,,,
LAB0009002,,,,,,,,,,
LAB0009003,,,,,,,,,,
LAB0009004,,,,,,,,,,
LAB0009005,,,,,,,,,,
LAB0009006,,,,,,,,,,
LAB0009007,,,,,,,,,,
LAB0009008,,,,,,,,,,
LAB0009009,,,,,,,,,,
LAB0009010,,,,,,,,,,
LAB0009011,,,,,,,,,,
LAB0009012,,,,,,,,,,
LAB0009013,,,,,,,,,,
LAB0009014,,,,,,,,,,
LAB0009015,,,,,,,,,,
LAB0009016,,,,,,,,,,
LAB0009017,,,,,,,,,,
LAB0009018,,,,,,,,,,
LAB0009019,,,,,,,,,,
LAB0009020,,,,,,,,,,
LAB0009021,,,,,,,,,,
LAB0009022,,,,,,,,,,
LAB0009023,,,,,,,,,,
LAB0009024,,,,,,,,,,
LAB0009025,,,,,,,,,,
LAB0009026,,,,,,,,,,
LAB0009027,,,,,,,,,,
LAB0009028,,,,,,,,,,
LAB0009029,,,,,,,,,,
LAB0009030,,,,,,,,,,
LAB0009031,,,,,,,,,,
LAB0009032,,,,,,,,,,
LAB0009033,,,,,,,,,,
LAB0009034,,,,,,,,,,
LAB0009035,,,,,,,,,,
LAB0009036,,,,,,,,,,
LAB0009037,,,,,,,,,,
LAB0009038,,,,,,,,,,
LAB0009039,,,,,,,,,,
LAB0009040,,,,,,,,,,
LAB0009041,,,,,,,,,,
LAB0009042,,,,,,,,,,
LAB0009043,,,,,,,,,,
LAB0009044,,,,,,,,,,
LAB0009045,,,,,,,,,,
LAB0009046,,,,,,,,,,
LAB0009047,,,,,,,,,,
LAB0009048,,,,,,,,,,
LAB0009049,,,,,,,,,,
LAB0009050,,,,,,,,,,
LAB0009051,,,,,,,,,,
LAB0009052,,,,,,,,,,
LAB0009053,,,,,,,,,,
LAB0009054,,,,,,,,,,
LAB0009055,,,,,,,,,,
LAB0009056,,,,,,,,,,
LAB0009057,,,,,,,,,,
LAB0009058,,,,,,,,,,
LAB0009059,,,,,,,,,,
LAB0009060,,,,,,,,,,
LAB0009061,,,,,,,,,,
LAB0009062,,,,,,,,,,
LAB0009063,,,,,,,,,,
LAB0009064,,,,,,,,,,
LAB0009065,,,,,,,,,,
LAB0009066,,,,,,,,,,
LAB0009067,,,,,,,,,,
LAB0009068,,,,,,,,,,
LAB0009069,,,,,,,,,,
LAB0009070,,,,,,,,,,
LAB0009071,,,,,,,,,,
LAB0009072,,,,,,,,,,
LAB0009073,,,,,,,,,,
LAB0009074,,,,,,,,,,
LAB0009075,,,,,,,,,,
LAB0009076,,,,,,,,,,
LAB0009077,,,,,,,,,,
LAB0009078,,,,,,,,,,
LAB0009079,,,,,,,,,,
LAB0009080,,,,,,,,,,
LAB0009081,,,,,,,,,,
LAB0009082,,,,,,,,,,
LAB0009083,,,,,,,,,,
LAB0009084,,,,,,,,,,
LAB0009085,,,,,,,,,,
LAB0009086,,,,,,,,,,
LAB0009087,,,,,,,,,,
LAB0009088,,,,,,,,,,
LAB0009089,,,,,,,,,,
LAB0009090,,,,,,,,,,
LAB0009091,,,,,,,,,,
LAB0009092,,,,,,,,,,
LAB0009093,,,,,,,,,,
LAB0009094,,,,,,,,,,
LAB0009095,,,,,,,,,,
LAB0009096,,,,,,,,,,
LAB0009097,,,,,,,,,,
LAB0009098,,,,,,,,,,
LAB0009099,,,,,,,,,,
LAB0009100,,,,,,,,,,
LAB0009101,,,,,,,,,,
LAB0009102,,,,,,,,,,
LAB0009103,,,,,,,,,,
LAB0009104,,,,,,,,,,
LAB0009105,,,,,,,,,,
LAB0009106,,,,,,,,,,
LAB0009107,,,,,,,,,,
LAB0009108,,,,,,,,,,
LAB0009109,,,,,,,,,,
LAB0009110,,,,,,,,,,
LAB0009111,,,,,,,,,,
LAB0009112,,,,,,,,,,
LAB0009113,,,,,,,,,,
LAB0009114,,,,,,,,,,
LAB0009115,,,,,,,,,,
LAB0009116,,,,,,,,,,
LAB0009117,,,,,,,,,,
LAB0009118,,,,,,,,,,
LAB0009119,,,,,,,,,,
LAB0009120,,,,,,,,,,
LAB0009121,,,,,,,,,,
LAB0009122,,,,,,,,,,
LAB0009123,,,,,,,,,,
LAB0009124,,,,,,,,,,
LAB0009125,,,,,,,,,,
LAB0009126,,,,,,,,,,
LAB0009127,,,,,,,,,,
LAB0009128,,,,,,,,,,
LAB0009129,,,,,,,,,,
LAB0009130,,,,,,,,,,
LAB0009131,,,,,,,,,,
LAB0009132,,,,,,,,,,
LAB0009133,,,,,,,,,,
LAB0009134,,,,,,,,,,
LAB0009135,,,,,,,,,,
LAB0009136,,,,,,,,,,
LAB0009137,,,,,,,,,,
LAB0009138,,,,,,,,,,
LAB0009139,,,,,,,,,,
LAB0009140,,,,,,,,,,
LAB0009141,,,,,,,,,,
LAB0009142,,,,,,,,,,
LAB0009143,,,,,,,,,,
LAB0009144,,,,,,,,,,
LAB0009145,,,,,,,,,,
LAB0009146,,,,,,,,,,
LAB0009147,,,,,,,,,,
LAB0009148,,,,,,,,,,
LAB0009149,,,,,,,,,,
LAB0009150,,,,,,,,,,
LAB0009151,,,,,,,,,,
LAB0009152,,,,,,,,,,
LAB0009153,,,,,,,,,,
LAB0009154,,,,,,,,,,
LAB0009155,,,,,,,,,,
LAB0009156,,,,,,,,,,
LAB0009157,,,,,,,,,,
LAB0009158,,,,,,,,,,
LAB0009159,,,,,,,,,,
LAB0009160,,,,,,,,,,
LAB0009161,,,,,,,,,,
LAB0009162,,,,,,,,,,
LAB0009163,,,,,,,,,,
LAB0009164,,,,,,,,,,
LAB0009165,,,,,,,,,,
LAB0009166,,,,,,,,,,
LAB0009167,,,,,,,,,,
LAB0009168,,,,,,,,,,
LAB0009169,,,,,,,,,,
LAB0009170,,,,,,,,,,
LAB0009171,,,,,,,,,,
LAB0009172,,,,,,,,,,
LAB0009173,,,,,,,,,,
LAB0009174,,,,,,,,,,
LAB0009175,,,,,,,,,,
LAB0009176,,,,,,,,,,
LAB0009177,,,,,,,,,,
LAB0009178,,,,,,,,,,
LAB0009179,,,,,,,,,,
LAB0009180,,,,,,,,,,
LAB0009181,,,,,,,,,,
LAB0009182,,,,,,,,,,
LAB0009183,,,,,,,,,,
LAB0009184,,,,,,,,,,
LAB0009185,,,,,,,,,,
LAB0009186,,,,,,,,,,
LAB0009187,,,,,,,,,,
LAB0009188,,,,,,,,,,
LAB0009189,,,,,,,,,,
LAB0009190,,,,,,,,,,
LAB0009191,,,,,,,,,,
LAB0009192,,,,,,,,,,
LAB0009193,,,,,,,,,,
LAB0009194,,,,,,,,,,
LAB0009195,,,,,,,,,,
LAB0009196,,,,,,,,,,
LAB0009197,,,,,,,,,,
LAB0009198,,,,,,,,,,
LAB0009199,,,,,,,,,,
LAB0009200,,,,,,,,,,
LAB0009201,,,,,,,,,,
LAB0009202,,,,,,,,,,
LAB0009203,,,,,,,,,,
LAB0009204,,,,,,,,,,
LAB0009205,,,,,,,,,,
LAB0009206,,,,,,,,,,
LAB0009207,,,,,,,,,,
LAB0009208,,,,,,,,,,
LAB0009209,,,,,,,,,,
LAB0009210,,,,,,,,,,
LAB0009211,,,,,,,,,,
LAB0009212,,,,,,,,,,
LAB0009213,,,,,,,,,,
LAB0009214,,,,,,,,,,
LAB0009215,,,,,,,,,,
LAB0009216,,,,,,,,,,
LAB0009217,,,,,,,,,,
LAB0009218,,,,,,,,,,
LAB0009219,,,,,,,,,,
LAB0009220,,,,,,,,,,
LAB0009221,,,,,,,,,,
LAB0009222,,,,,,,,,,
LAB0009223,,,,,,,,,,
LAB0009224,,,,,,,,,,
LAB0009225,,,,,,,,,,
LAB0009226,,,,,,,,,,
LAB0009227,,,,,,,,,,
LAB0009228,,,,,,,,,,
LAB0009229,,,,,,,,,,
LAB0009230,,,,,,,,,,
LAB0009231,,,,,,,,,,
LAB0009232,,,,,,,,,,
LAB0009233,,,,,,,,,,
LAB0009234,,,,,,,,,,
LAB0009235,,,,,,,,,,
LAB0009236,,,,,,,,,,
LAB0009237,,,,,,,,,,
LAB0009238,,,,,,,,,,
LAB0009239,,,,,,,,,,
LAB0009240,,,,,,,,,,
LAB0009241,,,,,,,,,,
LAB0009242,,,,,,,,,,
LAB0009243,,,,,,,,,,
LAB0009244,,,,,,,,,,
LAB0009245,,,,,,,,,,
LAB0009246,,,,,,,,,,
LAB0009247,,,,,,,,,,
LAB0009248,,,,,,,,,,
LAB0009249,,,,,,,,,,
LAB0009250,,,,,,,,,,
LAB0009251,,,,,,,,,,
LAB0009252,,,,,,,,,,
LAB0009253,,,,,,,,,,
LAB0009254,,,,,,,,,,
LAB0009255,,,,,,,,,,
LAB0009256,,,,,,,,,,
LAB0009257,,,,,,,,,,
LAB0009258,,,,,,,,,,
LAB0009259,,,,,,,,,,
LAB0009260,,,,,,,,,,
LAB0009261,,,,,,,,,,
LAB0009262,,,,,,,,,,
LAB0009263,,,,,,,,,,
LAB0009264,,,,,,,,,,
LAB0009265,,,,,,,,,,
LAB0009266,,,,,,,,,,
LAB0009267,,,,,,,,,,
LAB0009268,,,,,,,,,,
LAB0009269,,,,,,,,,,
LAB0009270,,,,,,,,,,
LAB0009271,,,,,,,,,,
LAB0009272,,,,,,,,,,
LAB0009273,,,,,,,,,,
LAB0009274,,,,,,,,,,
LAB0009275,,,,,,,,,,
LAB0009276,,,,,,,,,,
LAB0009277,,,,,,,,,,
LAB0009278,,,,,,,,,,
LAB0009279,,,,,,,,,,
LAB0009280,,,,,,,,,,
LAB0009281,,,,,,,,,,
LAB0009282,,,,,,,,,,
LAB0009283,,,,,,,,,,
LAB0009284,,,,,,,,,,
LAB0009285,,,,,,,,,,
LAB0009286,,,,,,,,,,
LAB0009287,,,,,,,,,,
LAB0009288,,,,,,,,,,
LAB0009289,,,,,,,,,,
LAB0009290,,,,,,,,,,
LAB0009291,,,,,,,,,,
LAB0009292,,,,,,,,,,
LAB0009293,,,,,,,,,,
LAB0009294,,,,,,,,,,
LAB0009295,,,,,,,,,,
LAB0009296,,,,,,,,,,
LAB0009297,,,,,,,,,,
LAB0009298,,,,,,,,,,
LAB0009299,,,,,,,,,,
LAB0009300,,,,,,,,,,
LAB0009301,,,,,,,,,,
LAB0009302,,,,,,,,,,
LAB0009303,,,,,,,,,,
LAB0009304,,,,,,,,,,
LAB0009305,,,,,,,,,,
LAB0009306,,,,,,,,,,
LAB0009307,,,,,,,,,,
LAB0009308,,,,,,,,,,
LAB0009309,,,,,,,,,,
LAB0009310,,,,,,,,,,
LAB0009311,,,,,,,,,,
LAB0009312,,,,,,,,,,
LAB0009313,,,,,,,,,,
LAB0009314,,,,,,,,,,
LAB0009315,,,,,,,,,,
LAB0009316,,,,,,,,,,
LAB0009317,,,,,,,,,,
LAB0009318,,,,,,,,,,
LAB0009319,,,,,,,,,,
LAB0009320,,,,,,,,,,
LAB0009321,,,,,,,,,,
LAB0009322,,,,,,,,,,
LAB0009323,,,,,,,,,,
LAB0009324,,,,,,,,,,
LAB0009325,,,,,,,,,,
LAB0009326,,,,,,,,,,
LAB0009327,,,,,,,,,,
LAB0009328,,,,,,,,,,
LAB0009329,,,,,,,,,,
LAB0009330,,,,,,,,,,
LAB0009331,,,,,,,,,,
LAB0009332,,,,,,,,,,
LAB0009333,,,,,,,,,,
LAB0009334,,,,,,,,,,
LAB0009335,,,,,,,,,,
LAB0009336,,,,,,,,,,
LAB0009337,,,,,,,,,,
LAB0009338,,,,,,,,,,
LAB0009339,,,,,,,,,,
LAB0009340,,,,,,,,,,
LAB0009341,,,,,,,,,,
LAB0009342,,,,,,,,,,
LAB0009343,,,,,,,,,,
LAB0009344,,,,,,,,,,
LAB0009345,,,,,,,,,,
LAB0009346,,,,,,,,,,
LAB0009347,,,,,,,,,,
LAB0009348,,,,,,,,,,
LAB0009349,,,,,,,,,,
LAB0009350,,,,,,,,,,
LAB0009351,,,,,,,,,,
LAB0009352,,,,,,,,,,
LAB0009353,,,,,,,,,,
LAB0009354,,,,,,,,,,
LAB0009355,,,,,,,,,,
LAB0009356,,,,,,,,,,
LAB0009357,,,,,,,,,,
LAB0009358,,,,,,,,,,
LAB0009359,,,,,,,,,,
LAB0009360,,,,,,,,,,
LAB0009361,,,,,,,,,,
LAB0009362,,,,,,,,,,
LAB0009363,,,,,,,,,,
LAB0009364,,,,,,,,,,
LAB0009365,,,,,,,,,,
LAB0009366,,,,,,,,,,
LAB0009367,,,,,,,,,,
LAB0009368,,,,,,,,,,
LAB0009369,,,,,,,,,,
LAB0009370,,,,,,,,,,
LAB0009371,,,,,,,,,,
LAB0009372,,,,,,,,,,
LAB0009373,,,,,,,,,,
LAB0009374,,,,,,,,,,
LAB0009375,,,,,,,,,,
LAB0009376,,,,,,,,,,
LAB0009377,,,,,,,,,,
LAB0009378,,,,,,,,,,
LAB0009379,,,,,,,,,,
LAB0009380,,,,,,,,,,
LAB0009381,,,,,,,,,,
LAB0009382,,,,,,,,,,
LAB0009383,,,,,,,,,,
LAB0009384,,,,,,,,,,
LAB0009385,,,,,,,,,,
LAB0009386,,,,,,,,,,
LAB0009387,,,,,,,,,,
LAB0009388,,,,,,,,,,
LAB0009389,,,,,,,,,,
LAB0009390,,,,,,,,,,
LAB0009391,,,,,,,,,,
LAB0009392,,,,,,,,,,
LAB0009393,,,,,,,,,,
LAB0009394,,,,,,,,,,
LAB0009395,,,,,,,,,,
LAB0009396,,,,,,,,,,
LAB0009397,,,,,,,,,,
LAB0009398,,,,,,,,,,
LAB0009399,,,,,,,,,,
LAB0009400,,,,,,,,,,
LAB0009401,,,,,,,,,,
LAB0009402,,,,,,,,,,
LAB0009403,,,,,,,,,,
LAB0009404,,,,,,,,,,
LAB0009405,,,,,,,,,,
LAB0009406,,,,,,,,,,
LAB0009407,,,,,,,,,,
LAB0009408,,,,,,,,,,
LAB0009409,,,,,,,,,,
LAB0009410,,,,,,,,,,
LAB0009411,,,,,,,,,,
LAB0009412,,,,,,,,,,
LAB0009413,,,,,,,,,,
LAB0009414,,,,,,,,,,
LAB0009415,,,,,,,,,,
LAB0009416,,,,,,,,,,
LAB0009417,,,,,,,,,,
LAB0009418,,,,,,,,,,
LAB0009419,,,,,,,,,,
LAB0009420,,,,,,,,,,
LAB0009421,,,,,,,,,,
LAB0009422,,,,,,,,,,
LAB0009423,,,,,,,,,,
LAB0009424,,,,,,,,,,
LAB0009425,,,,,,,,,,
LAB0009426,,,,,,,,,,
LAB0009427,,,,,,,,,,
LAB0009428,,,,,,,,,,
LAB0009429,,,,,,,,,,
LAB0009430,,,,,,,,,,
LAB0009431,,,,,,,,,,
LAB0009432,,,,,,,,,,
LAB0009433,,,,,,,,,,
LAB0009434,,,,,,,,,,
LAB0009435,,,,,,,,,,
LAB0009436,,,,,,,,,,
LAB0009437,,,,,,,,,,
LAB0009438,,,,,,,,,,
LAB0009439,,,,,,,,,,
LAB0009440,,,,,,,,,,
LAB0009441,,,,,,,,,,
LAB0009442,,,,,,,,,,
LAB0009443,,,,,,,,,,
LAB0009444,,,,,,,,,,
LAB0009445,,,,,,,,,,
LAB0009446,,,,,,,,,,
LAB0009447,,,,,,,,,,
LAB0009448,,,,,,,,,,
LAB0009449,,,,,,,,,,
LAB0009450,,,,,,,,,,
LAB0009451,,,,,,,,,,
LAB0009452,,,,,,,,,,
LAB0009453,,,,,,,,,,
LAB0009454,,,,,,,,,,
LAB0009455,,,,,,,,,,
LAB0009456,,,,,,,,,,
LAB0009457,,,,,,,,,,
LAB0009458,,,,,,,,,,
LAB0009459,,,,,,,,,,
LAB0009460,,,,,,,,,,
LAB0009461,,,,,,,,,,
LAB0009462,,,,,,,,,,
LAB0009463,,,,,,,,,,
LAB0009464,,,,,,,,,,
LAB0009465,,,,,,,,,,
LAB0009466,,,,,,,,,,
LAB0009467,,,,,,,,,,
LAB0009468,,,,,,,,,,
LAB0009469,,,,,,,,,,
LAB0009470,,,,,,,,,,
LAB0009471,,,,,,,,,,
LAB0009472,,,,,,,,,,
LAB0009473,,,,,,,,,,
LAB0009474,,,,,,,,,,
LAB0009475,,,,,,,,,,
LAB0009476,,,,,,,,,,
LAB0009477,,,,,,,,,,
LAB0009478,,,,,,,,,,
LAB0009479,,,,,,,,,,
LAB0009480,,,,,,,,,,
LAB0009481,,,,,,,,,,
LAB0009482,,,,,,,,,,
LAB0009483,,,,,,,,,,
LAB0009484,,,,,,,,,,
LAB0009485,,,,,,,,,,
LAB0009486,,,,,,,,,,
LAB0009487,,,,,,,,,,
LAB0009488,,,,,,,,,,
LAB0009489,,,,,,,,,,
LAB0009490,,,,,,,,,,
LAB0009491,,,,,,,,,,
LAB0009492,,,,,,,,,,
LAB0009493,,,,,,,,,,
LAB0009494,,,,,,,,,,
LAB0009495,,,,,,,,,,
LAB0009496,,,,,,,,,,
LAB0009497,,,,,,,,,,
LAB0009498,,,,,,,,,,
LAB0009499,,,,,,,,,,
LAB0009500,,,,,,,,,,
LAB0009501,,,,,,,,,,
LAB0009502,,,,,,,,,,
LAB0009503,,,,,,,,,,
LAB0009504,,,,,,,,,,
LAB0009505,,,,,,,,,,
LAB0009506,,,,,,,,,,
LAB0009507,,,,,,,,,,
LAB0009508,,,,,,,,,,
LAB0009509,,,,,,,,,,
LAB0009510,,,,,,,,,,
LAB0009511,,,,,,,,,,
LAB0009512,,,,,,,,,,
LAB0009513,,,,,,,,,,
LAB0009514,,,,,,,,,,
LAB0009515,,,,,,,,,,
LAB0009516,,,,,,,,,,
LAB0009517,,,,,,,,,,
LAB0009518,,,,,,,,,,
LAB0009519,,,,,,,,,,
LAB0009520,,,,,,,,,,
LAB0009521,,,,,,,,,,
LAB0009522,,,,,,,,,,
LAB0009523,,,,,,,,,,
LAB0009524,,,,,,,,,,
LAB0009525,,,,,,,,,,
LAB0009526,,,,,,,,,,
LAB0009527,,,,,,,,,,
LAB0009528,,,,,,,,,,
LAB0009529,,,,,,,,,,
LAB0009530,,,,,,,,,,
LAB0009531,,,,,,,,,,
LAB0009532,,,,,,,,,,
LAB0009533,,,,,,,,,,
LAB0009534,,,,,,,,,,
LAB0009535,,,,,,,,,,
LAB0009536,,,,,,,,,,
LAB0009537,,,,,,,,,,
LAB0009538,,,,,,,,,,
LAB0009539,,,,,,,,,,
LAB0009540,,,,,,,,,,
LAB0009541,,,,,,,,,,
LAB0009542,,,,,,,,,,
LAB0009543,,,,,,,,,,
LAB0009544,,,,,,,,,,
LAB0009545,,,,,,,,,,
LAB0009546,,,,,,,,,,
LAB0009547,,,,,,,,,,
LAB0009548,,,,,,,,,,
LAB0009549,,,,,,,,,,
LAB0009550,,,,,,,,,,
LAB0009551,,,,,,,,,,
LAB0009552,,,,,,,,,,
LAB0009553,,,,,,,,,,
LAB0009554,,,,,,,,,,
LAB0009555,,,,,,,,,,
LAB0009556,,,,,,,,,,
LAB0009557,,,,,,,,,,
LAB0009558,,,,,,,,,,
LAB0009559,,,,,,,,,,
LAB0009560,,,,,,,,,,
LAB0009561,,,,,,,,,,
LAB0009562,,,,,,,,,,
LAB0009563,,,,,,,,,,
LAB0009564,,,,,,,,,,
LAB0009565,,,,,,,,,,
LAB0009566,,,,,,,,,,
LAB0009567,,,,,,,,,,
LAB0009568,,,,,,,,,,
LAB0009569,,,,,,,,,,
LAB0009570,,,,,,,,,,
LAB0009571,,,,,,,,,,
LAB0009572,,,,,,,,,,
LAB0009573,,,,,,,,,,
LAB0009574,,,,,,,,,,
LAB0009575,,,,,,,,,,
LAB0009576,,,,,,,,,,
LAB0009577,,,,,,,,,,
LAB0009578,,,,,,,,,,
LAB0009579,,,,,,,,,,
LAB0009580,,,,,,,,,,
LAB0009581,,,,,,,,,,
LAB0009582,,,,,,,,,,
LAB0009583,,,,,,,,,,
LAB0009584,,,,,,,,,,
LAB0009585,,,,,,,,,,
LAB0009586,,,,,,,,,,
LAB0009587,,,,,,,,,,
LAB0009588,,,,,,,,,,
LAB0009589,,,,,,,,,,
LAB0009590,,,,,,,,,,
LAB0009591,,,,,,,,,,
LAB0009592,,,,,,,,,,
LAB0009593,,,,,,,,,,
LAB0009594,,,,,,,,,,
LAB0009595,,,,,,,,,,
LAB0009596,,,,,,,,,,
LAB0009597,,,,,,,,,,
LAB0009598,,,,,,,,,,
LAB0009599,,,,,,,,,,
LAB0009600,,,,,,,,,,
LAB0009601,,,,,,,,,,
LAB0009602,,,,,,,,,,
LAB0009603,,,,,,,,,,
LAB0009604,,,,,,,,,,
LAB0009605,,,,,,,,,,
LAB0009606,,,,,,,,,,
LAB0009607,,,,,,,,,,
LAB0009608,,,,,,,,,,
LAB0009609,,,,,,,,,,
LAB0009610,,,,,,,,,,
LAB0009611,,,,,,,,,,
LAB0009612,,,,,,,,,,
LAB0009613,,,,,,,,,,
LAB0009614,,,,,,,,,,
LAB0009615,,,,,,,,,,
LAB0009616,,,,,,,,,,
LAB0009617,,,,,,,,,,
LAB0009618,,,,,,,,,,
LAB0009619,,,,,,,,,,
LAB0009620,,,,,,,,,,
LAB0009621,,,,,,,,,,
LAB0009622,,,,,,,,,,
LAB0009623,,,,,,,,,,
LAB0009624,,,,,,,,,,
LAB0009625,,,,,,,,,,
LAB0009626,,,,,,,,,,
LAB0009627,,,,,,,,,,
LAB0009628,,,,,,,,,,
LAB0009629,,,,,,,,,,
LAB0009630,,,,,,,,,,
LAB0009631,,,,,,,,,,
LAB0009632,,,,,,,,,,
LAB0009633,,,,,,,,,,
LAB0009634,,,,,,,,,,
LAB0009635,,,,,,,,,,
LAB0009636,,,,,,,,,,
LAB0009637,,,,,,,,,,
LAB0009638,,,,,,,,,,
LAB0009639,,,,,,,,,,
LAB0009640,,,,,,,,,,
LAB0009641,,,,,,,,,,
LAB0009642,,,,,,,,,,
LAB0009643,,,,,,,,,,
LAB0009644,,,,,,,,,,
LAB0009645,,,,,,,,,,
LAB0009646,,,,,,,,,,
LAB0009647,,,,,,,,,,
LAB0009648,,,,,,,,,,
LAB0009649,,,,,,,,,,
LAB0009650,,,,,,,,,,
LAB0009651,,,,,,,,,,
LAB0009652,,,,,,,,,,
LAB0009653,,,,,,,,,,
LAB0009654,,,,,,,,,,
LAB0009655,,,,,,,,,,
LAB0009656,,,,,,,,,,
LAB0009657,,,,,,,,,,
LAB0009658,,,,,,,,,,
LAB0009659,,,,,,,,,,
LAB0009660,,,,,,,,,,
LAB0009661,,,,,,,,,,
LAB0009662,,,,,,,,,,
LAB0009663,,,,,,,,,,
LAB0009664,,,,,,,,,,
LAB0009665,,,,,,,,,,
LAB0009666,,,,,,,,,,
LAB0009667,,,,,,,,,,
LAB0009668,,,,,,,,,,
LAB0009669,,,,,,,,,,
LAB0009670,,,,,,,,,,
LAB0009671,,,,,,,,,,
LAB0009672,,,,,,,,,,
LAB0009673,,,,,,,,,,
LAB0009674,,,,,,,,,,
LAB0009675,,,,,,,,,,
LAB0009676,,,,,,,,,,
LAB0009677,,,,,,,,,,
LAB0009678,,,,,,,,,,
LAB0009679,,,,,,,,,,
LAB0009680,,,,,,,,,,
LAB0009681,,,,,,,,,,
LAB0009682,,,,,,,,,,
LAB0009683,,,,,,,,,,
LAB0009684,,,,,,,,,,
LAB0009685,,,,,,,,,,
LAB0009686,,,,,,,,,,
LAB0009687,,,,,,,,,,
LAB0009688,,,,,,,,,,
LAB0009689,,,,,,,,,,
LAB0009690,,,,,,,,,,
LAB0009691,,,,,,,,,,
LAB0009692,,,,,,,,,,
LAB0009693,,,,,,,,,,
LAB0009694,,,,,,,,,,
LAB0009695,,,,,,,,,,
LAB0009696,,,,,,,,,,
LAB0009697,,,,,,,,,,
LAB0009698,,,,,,,,,,
LAB0009699,,,,,,,,,,
LAB0009700,,,,,,,,,,
LAB0009701,,,,,,,,,,
LAB0009702,,,,,,,,,,
LAB0009703,,,,,,,,,,
LAB0009704,,,,,,,,,,
LAB0009705,,,,,,,,,,
LAB0009706,,,,,,,,,,
LAB0009707,,,,,,,,,,
LAB0009708,,,,,,,,,,
LAB0009709,,,,,,,,,,
LAB0009710,,,,,,,,,,
LAB0009711,,,,,,,,,,
LAB0009712,,,,,,,,,,
LAB0009713,,,,,,,,,,
LAB0009714,,,,,,,,,,
LAB0009715,,,,,,,,,,
LAB0009716,,,,,,,,,,
LAB0009717,,,,,,,,,,
LAB0009718,,,,,,,,,,
LAB0009719,,,,,,,,,,
LAB0009720,,,,,,,,,,
LAB0009721,,,,,,,,,,
LAB0009722,,,,,,,,,,
LAB0009723,,,,,,,,,,
LAB0009724,,,,,,,,,,
LAB0009725,,,,,,,,,,
LAB0009726,,,,,,,,,,
LAB0009727,,,,,,,,,,
LAB0009728,,,,,,,,,,
LAB0009729,,,,,,,,,,
LAB0009730,,,,,,,,,,
LAB0009731,,,,,,,,,,
LAB0009732,,,,,,,,,,
LAB0009733,,,,,,,,,,
LAB0009734,,,,,,,,,,
LAB0009735,,,,,,,,,,
LAB0009736,,,,,,,,,,
LAB0009737,,,,,,,,,,
LAB0009738,,,,,,,,,,
LAB0009739,,,,,,,,,,
LAB0009740,,,,,,,,,,
LAB0009741,,,,,,,,,,
LAB0009742,,,,,,,,,,
LAB0009743,,,,,,,,,,
LAB0009744,,,,,,,,,,
LAB0009745,,,,,,,,,,
LAB0009746,,,,,,,,,,
LAB0009747,,,,,,,,,,
LAB0009748,,,,,,,,,,
LAB0009749,,,,,,,,,,
LAB0009750,,,,,,,,,,
LAB0009751,,,,,,,,,,
LAB0009752,,,,,,,,,,
LAB0009753,,,,,,,,,,
LAB0009754,,,,,,,,,,
LAB0009755,,,,,,,,,,
LAB0009756,,,,,,,,,,
LAB0009757,,,,,,,,,,
LAB0009758,,,,,,,,,,
LAB0009759,,,,,,,,,,
LAB0009760,,,,,,,,,,
LAB0009761,,,,,,,,,,
LAB0009762,,,,,,,,,,
LAB0009763,,,,,,,,,,
LAB0009764,,,,,,,,,,
LAB0009765,,,,,,,,,,
LAB0009766,,,,,,,,,,
LAB0009767,,,,,,,,,,
LAB0009768,,,,,,,,,,
LAB0009769,,,,,,,,,,
LAB0009770,,,,,,,,,,
LAB0009771,,,,,,,,,,
LAB0009772,,,,,,,,,,
LAB0009773,,,,,,,,,,
LAB0009774,,,,,,,,,,
LAB0009775,,,,,,,,,,
LAB0009776,,,,,,,,,,
LAB0009777,,,,,,,,,,
LAB0009778,,,,,,,,,,
LAB0009779,,,,,,,,,,
LAB0009780,,,,,,,,,,
LAB0009781,,,,,,,,,,
LAB0009782,,,,,,,,,,
LAB0009783,,,,,,,,,,
LAB0009784,,,,,,,,,,
LAB0009785,,,,,,,,,,
LAB0009786,,,,,,,,,,
LAB0009787,,,,,,,,,,
LAB0009788,,,,,,,,,,
LAB0009789,,,,,,,,,,
LAB0009790,,,,,,,,,,
LAB0009791,,,,,,,,,,
LAB0009792,,,,,,,,,,
LAB0009793,,,,,,,,,,
LAB0009794,,,,,,,,,,
LAB0009795,,,,,,,,,,
LAB0009796,,,,,,,,,,
LAB0009797,,,,,,,,,,
LAB0009798,,,,,,,,,,
LAB0009799,,,,,,,,,,
LAB0009800,,,,,,,,,,
LAB0009801,,,,,,,,,,
LAB0009802,,,,,,,,,,
LAB0009803,,,,,,,,,,
LAB0009804,,,,,,,,,,
LAB0009805,,,,,,,,,,
LAB0009806,,,,,,,,,,
LAB0009807,,,,,,,,,,
LAB0009808,,,,,,,,,,
LAB0009809,,,,,,,,,,
LAB0009810,,,,,,,,,,
LAB0009811,,,,,,,,,,
LAB0009812,,,,,,,,,,
LAB0009813,,,,,,,,,,
LAB0009814,,,,,,,,,,
LAB0009815,,,,,,,,,,
LAB0009816,,,,,,,,,,
LAB0009817,,,,,,,,,,
LAB0009818,,,,,,,,,,
LAB0009819,,,,,,,,,,
LAB0009820,,,,,,,,,,
LAB0009821,,,,,,,,,,
LAB0009822,,,,,,,,,,
LAB0009823,,,,,,,,,,
LAB0009824,,,,,,,,,,
LAB0009825,,,,,,,,,,
LAB0009826,,,,,,,,,,
LAB0009827,,,,,,,,,,
LAB0009828,,,,,,,,,,
LAB0009829,,,,,,,,,,
LAB0009830,,,,,,,,,,
LAB0009831,,,,,,,,,,
LAB0009832,,,,,,,,,,
LAB0009833,,,,,,,,,,
LAB0009834,,,,,,,,,,
LAB0009835,,,,,,,,,,
LAB0009836,,,,,,,,,,
LAB0009837,,,,,,,,,,
LAB0009838,,,,,,,,,,
LAB0009839,,,,,,,,,,
LAB0009840,,,,,,,,,,
LAB0009841,,,,,,,,,,
LAB0009842,,,,,,,,,,
LAB0009843,,,,,,,,,,
LAB0009844,,,,,,,,,,
LAB0009845,,,,,,,,,,
LAB0009846,,,,,,,,,,
LAB0009847,,,,,,,,,,
LAB0009848,,,,,,,,,,
LAB0009849,,,,,,,,,,
LAB0009850,,,,,,,,,,
LAB0009851,,,,,,,,,,
LAB0009852,,,,,,,,,,
LAB0009853,,,,,,,,,,
LAB0009854,,,,,,,,,,
LAB0009855,,,,,,,,,,
LAB0009856,,,,,,,,,,
LAB0009857,,,,,,,,,,
LAB0009858,,,,,,,,,,
LAB0009859,,,,,,,,,,
LAB0009860,,,,,,,,,,
LAB0009861,,,,,,,,,,
LAB0009862,,,,,,,,,,
LAB0009863,,,,,,,,,,
LAB0009864,,,,,,,,,,
LAB0009865,,,,,,,,,,
LAB0009866,,,,,,,,,,
LAB0009867,,,,,,,,,,
LAB0009868,,,,,,,,,,
LAB0009869,,,,,,,,,,
LAB0009870,,,,,,,,,,
LAB0009871,,,,,,,,,,
LAB0009872,,,,,,,,,,
LAB0009873,,,,,,,,,,
LAB0009874,,,,,,,,,,
LAB0009875,,,,,,,,,,
LAB0009876,,,,,,,,,,
LAB0009877,,,,,,,,,,
LAB0009878,,,,,,,,,,
LAB0009879,,,,,,,,,,
LAB0009880,,,,,,,,,,
LAB0009881,,,,,,,,,,
LAB0009882,,,,,,,,,,
LAB0009883,,,,,,,,,,
LAB0009884,,,,,,,,,,
LAB0009885,,,,,,,,,,
LAB0009886,,,,,,,,,,
LAB0009887,,,,,,,,,,
LAB0009888,,,,,,,,,,
LAB0009889,,,,,,,,,,
LAB0009890,,,,,,,,,,
LAB0009891,,,,,,,,,,
LAB0009892,,,,,,,,,,
LAB0009893,,,,,,,,,,
LAB0009894,,,,,,,,,,
LAB0009895,,,,,,,,,,
LAB0009896,,,,,,,,,,
LAB0009897,,,,,,,,,,
LAB0009898,,,,,,,,,,
LAB0009899,,,,,,,,,,
LAB0009900,,,,,,,,,,
LAB0009901,,,,,,,,,,
LAB0009902,,,,,,,,,,
LAB0009903,,,,,,,,,,
LAB0009904,,,,,,,,,,
LAB0009905,,,,,,,,,,
LAB0009906,,,,,,,,,,
LAB0009907,,,,,,,,,,
LAB0009908,,,,,,,,,,
LAB0009909,,,,,,,,,,
LAB0009910,,,,,,,,,,
LAB0009911,,,,,,,,,,
LAB0009912,,,,,,,,,,
LAB0009913,,,,,,,,,,
LAB0009914,,,,,,,,,,
LAB0009915,,,,,,,,,,
LAB0009916,,,,,,,,,,
LAB0009917,,,,,,,,,,
LAB0009918,,,,,,,,,,
LAB0009919,,,,,,,,,,
LAB0009920,,,,,,,,,,
LAB0009921,,,,,,,,,,
LAB0009922,,,,,,,,,,
LAB0009923,,,,,,,,,,
LAB0009924,,,,,,,,,,
LAB0009925,,,,,,,,,,
LAB0009926,,,,,,,,,,
LAB0009927,,,,,,,,,,
LAB0009928,,,,,,,,,,
LAB0009929,,,,,,,,,,
LAB0009930,,,,,,,,,,
LAB0009931,,,,,,,,,,
LAB0009932,,,,,,,,,,
LAB0009933,,,,,,,,,,
LAB0009934,,,,,,,,,,
LAB0009935,,,,,,,,,,
LAB0009936,,,,,,,,,,
LAB0009937,,,,,,,,,,
LAB0009938,,,,,,,,,,
LAB0009939,,,,,,,,,,
LAB0009940,,,,,,,,,,
LAB0009941,,,,,,,,,,
LAB0009942,,,,,,,,,,
LAB0009943,,,,,,,,,,
LAB0009944,,,,,,,,,,
LAB0009945,,,,,,,,,,
LAB0009946,,,,,,,,,,
LAB0009947,,,,,,,,,,
LAB0009948,,,,,,,,,,
LAB0009949,,,,,,,,,,
LAB0009950,,,,,,,,,,
LAB0009951,,,,,,,,,,
LAB0009952,,,,,,,,,,
LAB0009953,,,,,,,,,,
LAB0009954,,,,,,,,,,
LAB0009955,,,,,,,,,,
LAB0009956,,,,,,,,,,
LAB0009957,,,,,,,,,,
LAB0009958,,,,,,,,,,
LAB0009959,,,,,,,,,,
LAB0009960,,,,,,,,,,
LAB0009961,,,,,,,,,,
LAB0009962,,,,,,,,,,
LAB0009963,,,,,,,,,,
LAB0009964,,,,,,,,,,
LAB0009965,,,,,,,,,,
LAB0009966,,,,,,,,,,
LAB0009967,,,,,,,,,,
LAB0009968,,,,,,,,,,
LAB0009969,,,,,,,,,,
LAB0009970,,,,,,,,,,
LAB0009971,,,,,,,,,,
LAB0009972,,,,,,,,,,
LAB0009973,,,,,,,,,,
LAB0009974,,,,,,,,,,
LAB0009975,,,,,,,,,,
LAB0009976,,,,,,,,,,
LAB0009977,,,,,,,,,,
LAB0009978,,,,,,,,,,
LAB0009979,,,,,,,,,,
LAB0009980,,,,,,,,,,
LAB0009981,,,,,,,,,,
LAB0009982,,,,,,,,,,
LAB0009983,,,,,,,,,,
LAB0009984,,,,,,,,,,
LAB0009985,,,,,,,,,,
LAB0009986,,,,,,,,,,
LAB0009987,,,,,,,,,,
LAB0009988,,,,,,,,,,
LAB0009989,,,,,,,,,,
LAB0009990,,,,,,,,,,
LAB0009991,,,,,,,,,,
LAB0009992,,,,,,,,,,
LAB0009993,,,,,,,,,,
LAB0009994,,,,,,,,,,
LAB0009995,,,,,,,,,,
LAB0009996,,,,,,,,,,
LAB0009997,,,,,,,,,,
LAB0009998,,,,,,,,,,
LAB0009999,,,,,,,,,,
LAB0010000,,,,,,,,,,
LAB0010001,,,,,,,,,,
LAB0010002,,,,,,,,,,
LAB0010003,,,,,,,,,,
LAB0010004,,,,,,,,,,
LAB0010005,,,,,,,,,,
LAB0010006,,,,,,,,,,
LAB0010007,,,,,,,,,,
LAB0010008,,,,,,,,,,
LAB0010009,,,,,,,,,,
LAB0010010,,,,,,,,,,
LAB0010011,,,,,,,,,,
LAB0010012,,,,,,,,,,
LAB0010013,,,,,,,,,,
LAB0010014,,,,,,,,,,
LAB0010015,,,,,,,,,,
LAB0010016,,,,,,,,,,
LAB0010017,,,,,,,,,,
LAB0010018,,,,,,,,,,
LAB0010019,,,,,,,,,,
LAB0010020,,,,,,,,,,
LAB0010021,,,,,,,,,,
LAB0010022,,,,,,,,,,
LAB0010023,,,,,,,,,,
LAB0010024,,,,,,,,,,
LAB0010025,,,,,,,,,,
LAB0010026,,,,,,,,,,
LAB0010027,,,,,,,,,,
LAB0010028,,,,,,,,,,
LAB0010029,,,,,,,,,,
LAB0010030,,,,,,,,,,
LAB0010031,,,,,,,,,,
LAB0010032,,,,,,,,,,
LAB0010033,,,,,,,,,,
LAB0010034,,,,,,,,,,
LAB0010035,,,,,,,,,,
LAB0010036,,,,,,,,,,
LAB0010037,,,,,,,,,,
LAB0010038,,,,,,,,,,
LAB0010039,,,,,,,,,,
LAB0010040,,,,,,,,,,
LAB0010041,,,,,,,,,,
LAB0010042,,,,,,,,,,
LAB0010043,,,,,,,,,,
LAB0010044,,,,,,,,,,
LAB0010045,,,,,,,,,,
LAB0010046,,,,,,,,,,
LAB0010047,,,,,,,,,,
LAB0010048,,,,,,,,,,
LAB0010049,,,,,,,,,,
LAB0010050,,,,,,,,,,
LAB0010051,,,,,,,,,,
LAB0010052,,,,,,,,,,
LAB0010053,,,,,,,,,,
LAB0010054,,,,,,,,,,
LAB0010055,,,,,,,,,,
LAB0010056,,,,,,,,,,
LAB0010057,,,,,,,,,,
LAB0010058,,,,,,,,,,
LAB0010059,,,,,,,,,,
LAB0010060,,,,,,,,,,
LAB0010061,,,,,,,,,,
LAB0010062,,,,,,,,,,
LAB0010063,,,,,,,,,,
LAB0010064,,,,,,,,,,
LAB0010065,,,,,,,,,,
LAB0010066,,,,,,,,,,
LAB0010067,,,,,,,,,,
LAB0010068,,,,,,,,,,
LAB0010069,,,,,,,,,,
LAB0010070,,,,,,,,,,
LAB0010071,,,,,,,,,,
LAB0010072,,,,,,,,,,
LAB0010073,,,,,,,,,,
LAB0010074,,,,,,,,,,
LAB0010075,,,,,,,,,,
LAB0010076,,,,,,,,,,
LAB0010077,,,,,,,,,,
LAB0010078,,,,,,,,,,
LAB0010079,,,,,,,,,,
LAB0010080,,,,,,,,,,
LAB0010081,,,,,,,,,,
LAB0010082,,,,,,,,,,
LAB0010083,,,,,,,,,,
LAB0010084,,,,,,,,,,
LAB0010085,,,,,,,,,,
LAB0010086,,,,,,,,,,
LAB0010087,,,,,,,,,,
LAB0010088,,,,,,,,,,
LAB0010089,,,,,,,,,,
LAB0010090,,,,,,,,,,
LAB0010091,,,,,,,,,,
LAB0010092,,,,,,,,,,
LAB0010093,,,,,,,,,,
LAB0010094,,,,,,,,,,
LAB0010095,,,,,,,,,,
LAB0010096,,,,,,,,,,
LAB0010097,,,,,,,,,,
LAB0010098,,,,,,,,,,
LAB0010099,,,,,,,,,,
LAB0010100,,,,,,,,,,
LAB0010101,,,,,,,,,,
LAB0010102,,,,,,,,,,
LAB0010103,,,,,,,,,,
LAB0010104,,,,,,,,,,
LAB0010105,,,,,,,,,,
LAB0010106,,,,,,,,,,
LAB0010107,,,,,,,,,,
LAB0010108,,,,,,,,,,
LAB0010109,,,,,,,,,,
LAB0010110,,,,,,,,,,
LAB0010111,,,,,,,,,,
LAB0010112,,,,,,,,,,
LAB0010113,,,,,,,,,,
LAB0010114,,,,,,,,,,
LAB0010115,,,,,,,,,,
LAB0010116,,,,,,,,,,
LAB0010117,,,,,,,,,,
LAB0010118,,,,,,,,,,
LAB0010119,,,,,,,,,,
LAB0010120,,,,,,,,,,
LAB0010121,,,,,,,,,,
LAB0010122,,,,,,,,,,
LAB0010123,,,,,,,,,,
LAB0010124,,,,,,,,,,
LAB0010125,,,,,,,,,,
LAB0010126,,,,,,,,,,
LAB0010127,,,,,,,,,,
LAB0010128,,,,,,,,,,
LAB0010129,,,,,,,,,,
LAB0010130,,,,,,,,,,
LAB0010131,,,,,,,,,,
LAB0010132,,,,,,,,,,
LAB0010133,,,,,,,,,,
LAB0010134,,,,,,,,,,
LAB0010135,,,,,,,,,,
LAB0010136,,,,,,,,,,
LAB0010137,,,,,,,,,,
LAB0010138,,,,,,,,,,
LAB0010139,,,,,,,,,,
LAB0010140,,,,,,,,,,
LAB0010141,,,,,,,,,,
LAB0010142,,,,,,,,,,
LAB0010143,,,,,,,,,,
LAB0010144,,,,,,,,,,
LAB0010145,,,,,,,,,,
LAB0010146,,,,,,,,,,
LAB0010147,,,,,,,,,,
LAB0010148,,,,,,,,,,
LAB0010149,,,,,,,,,,
LAB0010150,,,,,,,,,,
LAB0010151,,,,,,,,,,
LAB0010152,,,,,,,,,,
LAB0010153,,,,,,,,,,
LAB0010154,,,,,,,,,,
LAB0010155,,,,,,,,,,
LAB0010156,,,,,,,,,,
LAB0010157,,,,,,,,,,
LAB0010158,,,,,,,,,,
LAB0010159,,,,,,,,,,
LAB0010160,,,,,,,,,,
LAB0010161,,,,,,,,,,
LAB0010162,,,,,,,,,,
LAB0010163,,,,,,,,,,
LAB0010164,,,,,,,,,,
LAB0010165,,,,,,,,,,
LAB0010166,,,,,,,,,,
LAB0010167,,,,,,,,,,
LAB0010168,,,,,,,,,,
LAB0010169,,,,,,,,,,
LAB0010170,,,,,,,,,,
LAB0010171,,,,,,,,,,
LAB0010172,,,,,,,,,,
LAB0010173,,,,,,,,,,
LAB0010174,,,,,,,,,,
LAB0010175,,,,,,,,,,
LAB0010176,,,,,,,,,,
LAB0010177,,,,,,,,,,
LAB0010178,,,,,,,,,,
LAB0010179,,,,,,,,,,
LAB0010180,,,,,,,,,,
LAB0010181,,,,,,,,,,
LAB0010182,,,,,,,,,,
LAB0010183,,,,,,,,,,
LAB0010184,,,,,,,,,,
LAB0010185,,,,,,,,,,
LAB0010186,,,,,,,,,,
LAB0010187,,,,,,,,,,
LAB0010188,,,,,,,,,,
LAB0010189,,,,,,,,,,
LAB0010190,,,,,,,,,,
LAB0010191,,,,,,,,,,
LAB0010192,,,,,,,,,,
LAB0010193,,,,,,,,,,
LAB0010194,,,,,,,,,,
LAB0010195,,,,,,,,,,
LAB0010196,,,,,,,,,,
LAB0010197,,,,,,,,,,
LAB0010198,,,,,,,,,,
LAB0010199,,,,,,,,,,
LAB0010200,,,,,,,,,,
LAB0010201,,,,,,,,,,
LAB0010202,,,,,,,,,,
LAB0010203,,,,,,,,,,
LAB0010204,,,,,,,,,,
LAB0010205,,,,,,,,,,
LAB0010206,,,,,,,,,,
LAB0010207,,,,,,,,,,
LAB0010208,,,,,,,,,,
LAB0010209,,,,,,,,,,
LAB0010210,,,,,,,,,,
LAB0010211,,,,,,,,,,
LAB0010212,,,,,,,,,,
LAB0010213,,,,,,,,,,
LAB0010214,,,,,,,,,,
LAB0010215,,,,,,,,,,
LAB0010216,,,,,,,,,,
LAB0010217,,,,,,,,,,
LAB0010218,,,,,,,,,,
LAB0010219,,,,,,,,,,
LAB0010220,,,,,,,,,,
LAB0010221,,,,,,,,,,
LAB0010222,,,,,,,,,,
LAB0010223,,,,,,,,,,
LAB0010224,,,,,,,,,,
LAB0010225,,,,,,,,,,
LAB0010226,,,,,,,,,,
LAB0010227,,,,,,,,,,
LAB0010228,,,,,,,,,,
LAB0010229,,,,,,,,,,
LAB0010230,,,,,,,,,,
LAB0010231,,,,,,,,,,
LAB0010232,,,,,,,,,,
LAB0010233,,,,,,,,,,
LAB0010234,,,,,,,,,,
LAB0010235,,,,,,,,,,
LAB0010236,,,,,,,,,,
LAB0010237,,,,,,,,,,
LAB0010238,,,,,,,,,,
LAB0010239,,,,,,,,,,
LAB0010240,,,,,,,,,,
LAB0010241,,,,,,,,,,
LAB0010242,,,,,,,,,,
LAB0010243,,,,,,,,,,
LAB0010244,,,,,,,,,,
LAB0010245,,,,,,,,,,
LAB0010246,,,,,,,,,,
LAB0010247,,,,,,,,,,
LAB0010248,,,,,,,,,,
LAB0010249,,,,,,,,,,
LAB0010250,,,,,,,,,,
LAB0010251,,,,,,,,,,
LAB0010252,,,,,,,,,,
LAB0010253,,,,,,,,,,
LAB0010254,,,,,,,,,,
LAB0010255,,,,,,,,,,
LAB0010256,,,,,,,,,,
LAB0010257,,,,,,,,,,
LAB0010258,,,,,,,,,,
LAB0010259,,,,,,,,,,
LAB0010260,,,,,,,,,,
LAB0010261,,,,,,,,,,
LAB0010262,,,,,,,,,,
LAB0010263,,,,,,,,,,
LAB0010264,,,,,,,,,,
LAB0010265,,,,,,,,,,
LAB0010266,,,,,,,,,,
LAB0010267,,,,,,,,,,
LAB0010268,,,,,,,,,,
LAB0010269,,,,,,,,,,
LAB0010270,,,,,,,,,,
LAB0010271,,,,,,,,,,
LAB0010272,,,,,,,,,,
LAB0010273,,,,,,,,,,
LAB0010274,,,,,,,,,,
LAB0010275,,,,,,,,,,
LAB0010276,,,,,,,,,,
LAB0010277,,,,,,,,,,
LAB0010278,,,,,,,,,,
LAB0010279,,,,,,,,,,
LAB0010280,,,,,,,,,,
LAB0010281,,,,,,,,,,
LAB0010282,,,,,,,,,,
LAB0010283,,,,,,,,,,
LAB0010284,,,,,,,,,,
LAB0010285,,,,,,,,,,
LAB0010286,,,,,,,,,,
LAB0010287,,,,,,,,,,
LAB0010288,,,,,,,,,,
LAB0010289,,,,,,,,,,
LAB0010290,,,,,,,,,,
LAB0010291,,,,,,,,,,
LAB0010292,,,,,,,,,,
LAB0010293,,,,,,,,,,
LAB0010294,,,,,,,,,,
LAB0010295,,,,,,,,,,
LAB0010296,,,,,,,,,,
LAB0010297,,,,,,,,,,
LAB0010298,,,,,,,,,,
LAB0010299,,,,,,,,,,
LAB0010300,,,,,,,,,,
LAB0010301,,,,,,,,,,
LAB0010302,,,,,,,,,,
LAB0010303,,,,,,,,,,
LAB0010304,,,,,,,,,,
LAB0010305,,,,,,,,,,
LAB0010306,,,,,,,,,,
LAB0010307,,,,,,,,,,
LAB0010308,,,,,,,,,,
LAB0010309,,,,,,,,,,
LAB0010310,,,,,,,,,,
LAB0010311,,,,,,,,,,
LAB0010312,,,,,,,,,,
LAB0010313,,,,,,,,,,
LAB0010314,,,,,,,,,,
LAB0010315,,,,,,,,,,
LAB0010316,,,,,,,,,,
LAB0010317,,,,,,,,,,
LAB0010318,,,,,,,,,,
LAB0010319,,,,,,,,,,
LAB0010320,,,,,,,,,,
LAB0010321,,,,,,,,,,
LAB0010322,,,,,,,,,,
LAB0010323,,,,,,,,,,
LAB0010324,,,,,,,,,,
LAB0010325,,,,,,,,,,
LAB0010326,,,,,,,,,,
LAB0010327,,,,,,,,,,
LAB0010328,,,,,,,,,,
LAB0010329,,,,,,,,,,
LAB0010330,,,,,,,,,,
LAB0010331,,,,,,,,,,
LAB0010332,,,,,,,,,,
LAB0010333,,,,,,,,,,
LAB0010334,,,,,,,,,,
LAB0010335,,,,,,,,,,
LAB0010336,,,,,,,,,,
LAB0010337,,,,,,,,,,
LAB0010338,,,,,,,,,,
LAB0010339,,,,,,,,,,
LAB0010340,,,,,,,,,,
LAB0010341,,,,,,,,,,
LAB0010342,,,,,,,,,,
LAB0010343,,,,,,,,,,
LAB0010344,,,,,,,,,,
LAB0010345,,,,,,,,,,
LAB0010346,,,,,,,,,,
LAB0010347,,,,,,,,,,
LAB0010348,,,,,,,,,,
LAB0010349,,,,,,,,,,
LAB0010350,,,,,,,,,,
LAB0010351,,,,,,,,,,
LAB0010352,,,,,,,,,,
LAB0010353,,,,,,,,,,
LAB0010354,,,,,,,,,,
LAB0010355,,,,,,,,,,
LAB0010356,,,,,,,,,,
LAB0010357,,,,,,,,,,
LAB0010358,,,,,,,,,,
LAB0010359,,,,,,,,,,
LAB0010360,,,,,,,,,,
LAB0010361,,,,,,,,,,
LAB0010362,,,,,,,,,,
LAB0010363,,,,,,,,,,
LAB0010364,,,,,,,,,,
LAB0010365,,,,,,,,,,
LAB0010366,,,,,,,,,,
LAB0010367,,,,,,,,,,
LAB0010368,,,,,,,,,,
LAB0010369,,,,,,,,,,
LAB0010370,,,,,,,,,,
LAB0010371,,,,,,,,,,
LAB0010372,,,,,,,,,,
LAB0010373,,,,,,,,,,
LAB0010374,,,,,,,,,,
LAB0010375,,,,,,,,,,
LAB0010376,,,,,,,,,,
LAB0010377,,,,,,,,,,
LAB0010378,,,,,,,,,,
LAB0010379,,,,,,,,,,
LAB0010380,,,,,,,,,,
LAB0010381,,,,,,,,,,
LAB0010382,,,,,,,,,,
LAB0010383,,,,,,,,,,
LAB0010384,,,,,,,,,,
LAB0010385,,,,,,,,,,
LAB0010386,,,,,,,,,,
LAB0010387,,,,,,,,,,
LAB0010388,,,,,,,,,,
LAB0010389,,,,,,,,,,
LAB0010390,,,,,,,,,,
LAB0010391,,,,,,,,,,
LAB0010392,,,,,,,,,,
LAB0010393,,,,,,,,,,
LAB0010394,,,,,,,,,,
LAB0010395,,,,,,,,,,
LAB0010396,,,,,,,,,,
LAB0010397,,,,,,,,,,
LAB0010398,,,,,,,,,,
LAB0010399,,,,,,,,,,
LAB0010400,,,,,,,,,,
LAB0010401,,,,,,,,,,
LAB0010402,,,,,,,,,,
LAB0010403,,,,,,,,,,
LAB0010404,,,,,,,,,,
LAB0010405,,,,,,,,,,
LAB0010406,,,,,,,,,,
LAB0010407,,,,,,,,,,
LAB0010408,,,,,,,,,,
LAB0010409,,,,,,,,,,
LAB0010410,,,,,,,,,,
LAB0010411,,,,,,,,,,
LAB0010412,,,,,,,,,,
LAB0010413,,,,,,,,,,
LAB0010414,,,,,,,,,,
LAB0010415,,,,,,,,,,
LAB0010416,,,,,,,,,,
LAB0010417,,,,,,,,,,
LAB0010418,,,,,,,,,,
LAB0010419,,,,,,,,,,
LAB0010420,,,,,,,,,,
LAB0010421,,,,,,,,,,
LAB0010422,,,,,,,,,,
LAB0010423,,,,,,,,,,
LAB0010424,,,,,,,,,,
LAB0010425,,,,,,,,,,
LAB0010426,,,,,,,,,,
LAB0010427,,,,,,,,,,
LAB0010428,,,,,,,,,,
LAB0010429,,,,,,,,,,
LAB0010430,,,,,,,,,,
LAB0010431,,,,,,,,,,
LAB0010432,,,,,,,,,,
LAB0010433,,,,,,,,,,
LAB0010434,,,,,,,,,,
LAB0010435,,,,,,,,,,
LAB0010436,,,,,,,,,,
LAB0010437,,,,,,,,,,
LAB0010438,,,,,,,,,,
LAB0010439,,,,,,,,,,
LAB0010440,,,,,,,,,,
LAB0010441,,,,,,,,,,
LAB0010442,,,,,,,,,,
LAB0010443,,,,,,,,,,
LAB0010444,,,,,,,,,,
LAB0010445,,,,,,,,,,
LAB0010446,,,,,,,,,,
LAB0010447,,,,,,,,,,
LAB0010448,,,,,,,,,,
LAB0010449,,,,,,,,,,
LAB0010450,,,,,,,,,,
LAB0010451,,,,,,,,,,
LAB0010452,,,,,,,,,,
LAB0010453,,,,,,,,,,
LAB0010454,,,,,,,,,,
LAB0010455,,,,,,,,,,
LAB0010456,,,,,,,,,,
LAB0010457,,,,,,,,,,
LAB0010458,,,,,,,,,,
LAB0010459,,,,,,,,,,
LAB0010460,,,,,,,,,,
LAB0010461,,,,,,,,,,
LAB0010462,,,,,,,,,,
LAB0010463,,,,,,,,,,
LAB0010464,,,,,,,,,,
LAB0010465,,,,,,,,,,
LAB0010466,,,,,,,,,,
LAB0010467,,,,,,,,,,
LAB0010468,,,,,,,,,,
LAB0010469,,,,,,,,,,
LAB0010470,,,,,,,,,,
LAB0010471,,,,,,,,,,
LAB0010472,,,,,,,,,,
LAB0010473,,,,,,,,,,
LAB0010474,,,,,,,,,,
LAB0010475,,,,,,,,,,
LAB0010476,,,,,,,,,,
LAB0010477,,,,,,,,,,
LAB0010478,,,,,,,,,,
LAB0010479,,,,,,,,,,
LAB0010480,,,,,,,,,,
LAB0010481,,,,,,,,,,
LAB0010482,,,,,,,,,,
LAB0010483,,,,,,,,,,
LAB0010484,,,,,,,,,,
LAB0010485,,,,,,,,,,
LAB0010486,,,,,,,,,,
LAB0010487,,,,,,,,,,
LAB0010488,,,,,,,,,,
LAB0010489,,,,,,,,,,
LAB0010490,,,,,,,,,,
LAB0010491,,,,,,,,,,
LAB0010492,,,,,,,,,,
LAB0010493,,,,,,,,,,
LAB0010494,,,,,,,,,,
LAB0010495,,,,,,,,,,
LAB0010496,,,,,,,,,,
LAB0010497,,,,,,,,,,
LAB0010498,,,,,,,,,,
LAB0010499,,,,,,,,,,
LAB0010500,,,,,,,,,,
LAB0010501,,,,,,,,,,
LAB0010502,,,,,,,,,,
LAB0010503,,,,,,,,,,
LAB0010504,,,,,,,,,,
LAB0010505,,,,,,,,,,
LAB0010506,,,,,,,,,,
LAB0010507,,,,,,,,,,
LAB0010508,,,,,,,,,,
LAB0010509,,,,,,,,,,
LAB0010510,,,,,,,,,,
LAB0010511,,,,,,,,,,
LAB0010512,,,,,,,,,,
LAB0010513,,,,,,,,,,
LAB0010514,,,,,,,,,,
LAB0010515,,,,,,,,,,
LAB0010516,,,,,,,,,,
LAB0010517,,,,,,,,,,
LAB0010518,,,,,,,,,,
LAB0010519,,,,,,,,,,
LAB0010520,,,,,,,,,,
LAB0010521,,,,,,,,,,
LAB0010522,,,,,,,,,,
LAB0010523,,,,,,,,,,
LAB0010524,,,,,,,,,,
LAB0010525,,,,,,,,,,
LAB0010526,,,,,,,,,,
LAB0010527,,,,,,,,,,
LAB0010528,,,,,,,,,,
LAB0010529,,,,,,,,,,
LAB0010530,,,,,,,,,,
LAB0010531,,,,,,,,,,
LAB0010532,,,,,,,,,,
LAB0010533,,,,,,,,,,
LAB0010534,,,,,,,,,,
LAB0010535,,,,,,,,,,
LAB0010536,,,,,,,,,,
LAB0010537,,,,,,,,,,
LAB0010538,,,,,,,,,,
LAB0010539,,,,,,,,,,
LAB0010540,,,,,,,,,,
LAB0010541,,,,,,,,,,
LAB0010542,,,,,,,,,,
LAB0010543,,,,,,,,,,
LAB0010544,,,,,,,,,,
LAB0010545,,,,,,,,,,
LAB0010546,,,,,,,,,,
LAB0010547,,,,,,,,,,
LAB0010548,,,,,,,,,,
LAB0010549,,,,,,,,,,
LAB0010550,,,,,,,,,,
LAB0010551,,,,,,,,,,
LAB0010552,,,,,,,,,,
LAB0010553,,,,,,,,,,
LAB0010554,,,,,,,,,,
LAB0010555,,,,,,,,,,
LAB0010556,,,,,,,,,,
LAB0010557,,,,,,,,,,
LAB0010558,,,,,,,,,,
LAB0010559,,,,,,,,,,
LAB0010560,,,,,,,,,,
LAB0010561,,,,,,,,,,
LAB0010562,,,,,,,,,,
LAB0010563,,,,,,,,,,
LAB0010564,,,,,,,,,,
LAB0010565,,,,,,,,,,
LAB0010566,,,,,,,,,,
LAB0010567,,,,,,,,,,
LAB0010568,,,,,,,,,,
LAB0010569,,,,,,,,,,
LAB0010570,,,,,,,,,,
LAB0010571,,,,,,,,,,
LAB0010572,,,,,,,,,,
LAB0010573,,,,,,,,,,
LAB0010574,,,,,,,,,,
LAB0010575,,,,,,,,,,
LAB0010576,,,,,,,,,,
LAB0010577,,,,,,,,,,
LAB0010578,,,,,,,,,,
LAB0010579,,,,,,,,,,
LAB0010580,,,,,,,,,,
LAB0010581,,,,,,,,,,
LAB0010582,,,,,,,,,,
LAB0010583,,,,,,,,,,
LAB0010584,,,,,,,,,,
LAB0010585,,,,,,,,,,
LAB0010586,,,,,,,,,,
LAB0010587,,,,,,,,,,
LAB0010588,,,,,,,,,,
LAB0010589,,,,,,,,,,
LAB0010590,,,,,,,,,,
LAB0010591,,,,,,,,,,
LAB0010592,,,,,,,,,,
LAB0010593,,,,,,,,,,
LAB0010594,,,,,,,,,,
LAB0010595,,,,,,,,,,
LAB0010596,,,,,,,,,,
LAB0010597,,,,,,,,,,
LAB0010598,,,,,,,,,,
LAB0010599,,,,,,,,,,
LAB0010600,,,,,,,,,,
LAB0010601,,,,,,,,,,
LAB0010602,,,,,,,,,,
LAB0010603,,,,,,,,,,
LAB0010604,,,,,,,,,,
LAB0010605,,,,,,,,,,
LAB0010606,,,,,,,,,,
LAB0010607,,,,,,,,,,
LAB0010608,,,,,,,,,,
LAB0010609,,,,,,,,,,
LAB0010610,,,,,,,,,,
LAB0010611,,,,,,,,,,
LAB0010612,,,,,,,,,,
LAB0010613,,,,,,,,,,
LAB0010614,,,,,,,,,,
LAB0010615,,,,,,,,,,
LAB0010616,,,,,,,,,,
LAB0010617,,,,,,,,,,
LAB0010618,,,,,,,,,,
LAB0010619,,,,,,,,,,
LAB0010620,,,,,,,,,,
LAB0010621,,,,,,,,,,
LAB0010622,,,,,,,,,,
LAB0010623,,,,,,,,,,
LAB0010624,,,,,,,,,,
LAB0010625,,,,,,,,,,
LAB0010626,,,,,,,,,,
LAB0010627,,,,,,,,,,
LAB0010628,,,,,,,,,,
LAB0010629,,,,,,,,,,
LAB0010630,,,,,,,,,,
LAB0010631,,,,,,,,,,
LAB0010632,,,,,,,,,,
LAB0010633,,,,,,,,,,
LAB0010634,,,,,,,,,,
LAB0010635,,,,,,,,,,
LAB0010636,,,,,,,,,,
LAB0010637,,,,,,,,,,
LAB0010638,,,,,,,,,,
LAB0010639,,,,,,,,,,
LAB0010640,,,,,,,,,,
LAB0010641,,,,,,,,,,
LAB0010642,,,,,,,,,,
LAB0010643,,,,,,,,,,
LAB0010644,,,,,,,,,,
LAB0010645,,,,,,,,,,
LAB0010646,,,,,,,,,,
LAB0010647,,,,,,,,,,
LAB0010648,,,,,,,,,,
LAB0010649,,,,,,,,,,
LAB0010650,,,,,,,,,,
LAB0010651,,,,,,,,,,
LAB0010652,,,,,,,,,,
LAB0010653,,,,,,,,,,
LAB0010654,,,,,,,,,,
LAB0010655,,,,,,,,,,
LAB0010656,,,,,,,,,,
LAB0010657,,,,,,,,,,
LAB0010658,,,,,,,,,,
LAB0010659,,,,,,,,,,
LAB0010660,,,,,,,,,,
LAB0010661,,,,,,,,,,
LAB0010662,,,,,,,,,,
LAB0010663,,,,,,,,,,
LAB0010664,,,,,,,,,,
LAB0010665,,,,,,,,,,
LAB0010666,,,,,,,,,,
LAB0010667,,,,,,,,,,
LAB0010668,,,,,,,,,,
LAB0010669,,,,,,,,,,
LAB0010670,,,,,,,,,,
LAB0010671,,,,,,,,,,
LAB0010672,,,,,,,,,,
LAB0010673,,,,,,,,,,
LAB0010674,,,,,,,,,,
LAB0010675,,,,,,,,,,
LAB0010676,,,,,,,,,,
LAB0010677,,,,,,,,,,
LAB0010678,,,,,,,,,,
LAB0010679,,,,,,,,,,
LAB0010680,,,,,,,,,,
LAB0010681,,,,,,,,,,
LAB0010682,,,,,,,,,,
LAB0010683,,,,,,,,,,
LAB0010684,,,,,,,,,,
LAB0010685,,,,,,,,,,
LAB0010686,,,,,,,,,,
LAB0010687,,,,,,,,,,
LAB0010688,,,,,,,,,,
LAB0010689,,,,,,,,,,
LAB0010690,,,,,,,,,,
LAB0010691,,,,,,,,,,
LAB0010692,,,,,,,,,,
LAB0010693,,,,,,,,,,
LAB0010694,,,,,,,,,,
LAB0010695,,,,,,,,,,
LAB0010696,,,,,,,,,,
LAB0010697,,,,,,,,,,
LAB0010698,,,,,,,,,,
LAB0010699,,,,,,,,,,
LAB0010700,,,,,,,,,,
LAB0010701,,,,,,,,,,
LAB0010702,,,,,,,,,,
LAB0010703,,,,,,,,,,
LAB0010704,,,,,,,,,,
LAB0010705,,,,,,,,,,
LAB0010706,,,,,,,,,,
LAB0010707,,,,,,,,,,
LAB0010708,,,,,,,,,,
LAB0010709,,,,,,,,,,
LAB0010710,,,,,,,,,,
LAB0010711,,,,,,,,,,
LAB0010712,,,,,,,,,,
LAB0010713,,,,,,,,,,
LAB0010714,,,,,,,,,,
LAB0010715,,,,,,,,,,
LAB0010716,,,,,,,,,,
LAB0010717,,,,,,,,,,
LAB0010718,,,,,,,,,,
LAB0010719,,,,,,,,,,
LAB0010720,,,,,,,,,,
LAB0010721,,,,,,,,,,
LAB0010722,,,,,,,,,,
LAB0010723,,,,,,,,,,
LAB0010724,,,,,,,,,,
LAB0010725,,,,,,,,,,
LAB0010726,,,,,,,,,,
LAB0010727,,,,,,,,,,
LAB0010728,,,,,,,,,,
LAB0010729,,,,,,,,,,
LAB0010730,,,,,,,,,,
LAB0010731,,,,,,,,,,
LAB0010732,,,,,,,,,,
LAB0010733,,,,,,,,,,
LAB0010734,,,,,,,,,,
LAB0010735,,,,,,,,,,
LAB0010736,,,,,,,,,,
LAB0010737,,,,,,,,,,
LAB0010738,,,,,,,,,,
LAB0010739,,,,,,,,,,
LAB0010740,,,,,,,,,,
LAB0010741,,,,,,,,,,
LAB0010742,,,,,,,,,,
LAB0010743,,,,,,,,,,
LAB0010744,,,,,,,,,,
LAB0010745,,,,,,,,,,
LAB0010746,,,,,,,,,,
LAB0010747,,,,,,,,,,
LAB0010748,,,,,,,,,,
LAB0010749,,,,,,,,,,
LAB0010750,,,,,,,,,,
LAB0010751,,,,,,,,,,
LAB0010752,,,,,,,,,,
LAB0010753,,,,,,,,,,
LAB0010754,,,,,,,,,,
LAB0010755,,,,,,,,,,
LAB0010756,,,,,,,,,,
LAB0010757,,,,,,,,,,
LAB0010758,,,,,,,,,,
LAB0010759,,,,,,,,,,
LAB0010760,,,,,,,,,,
LAB0010761,,,,,,,,,,
LAB0010762,,,,,,,,,,
LAB0010763,,,,,,,,,,
LAB0010764,,,,,,,,,,
LAB0010765,,,,,,,,,,
LAB0010766,,,,,,,,,,
LAB0010767,,,,,,,,,,
LAB0010768,,,,,,,,,,
LAB0010769,,,,,,,,,,
LAB0010770,,,,,,,,,,
LAB0010771,,,,,,,,,,
LAB0010772,,,,,,,,,,
LAB0010773,,,,,,,,,,
LAB0010774,,,,,,,,,,
LAB0010775,,,,,,,,,,
LAB0010776,,,,,,,,,,
LAB0010777,,,,,,,,,,
LAB0010778,,,,,,,,,,
LAB0010779,,,,,,,,,,
LAB0010780,,,,,,,,,,
LAB0010781,,,,,,,,,,
LAB0010782,,,,,,,,,,
LAB0010783,,,,,,,,,,
LAB0010784,,,,,,,,,,
LAB0010785,,,,,,,,,,
LAB0010786,,,,,,,,,,
LAB0010787,,,,,,,,,,
LAB0010788,,,,,,,,,,
LAB0010789,,,,,,,,,,
LAB0010790,,,,,,,,,,
LAB0010791,,,,,,,,,,
LAB0010792,,,,,,,,,,
LAB0010793,,,,,,,,,,
LAB0010794,,,,,,,,,,
LAB0010795,,,,,,,,,,
LAB0010796,,,,,,,,,,
LAB0010797,,,,,,,,,,
LAB0010798,,,,,,,,,,
LAB0010799,,,,,,,,,,
LAB0010800,,,,,,,,,,
LAB0010801,,,,,,,,,,
LAB0010802,,,,,,,,,,
LAB0010803,,,,,,,,,,
LAB0010804,,,,,,,,,,
LAB0010805,,,,,,,,,,
LAB0010806,,,,,,,,,,
LAB0010807,,,,,,,,,,
LAB0010808,,,,,,,,,,
LAB0010809,,,,,,,,,,
LAB0010810,,,,,,,,,,
LAB0010811,,,,,,,,,,
LAB0010812,,,,,,,,,,
LAB0010813,,,,,,,,,,
LAB0010814,,,,,,,,,,
LAB0010815,,,,,,,,,,
LAB0010816,,,,,,,,,,
LAB0010817,,,,,,,,,,
LAB0010818,,,,,,,,,,
LAB0010819,,,,,,,,,,
LAB0010820,,,,,,,,,,
LAB0010821,,,,,,,,,,
LAB0010822,,,,,,,,,,
LAB0010823,,,,,,,,,,
LAB0010824,,,,,,,,,,
LAB0010825,,,,,,,,,,
LAB0010826,,,,,,,,,,
LAB0010827,,,,,,,,,,
LAB0010828,,,,,,,,,,
LAB0010829,,,,,,,,,,
LAB0010830,,,,,,,,,,
LAB0010831,,,,,,,,,,
LAB0010832,,,,,,,,,,
LAB0010833,,,,,,,,,,
LAB0010834,,,,,,,,,,
LAB0010835,,,,,,,,,,
LAB0010836,,,,,,,,,,
LAB0010837,,,,,,,,,,
LAB0010838,,,,,,,,,,
LAB0010839,,,,,,,,,,
LAB0010840,,,,,,,,,,
LAB0010841,,,,,,,,,,
LAB0010842,,,,,,,,,,
LAB0010843,,,,,,,,,,
LAB0010844,,,,,,,,,,
LAB0010845,,,,,,,,,,
LAB0010846,,,,,,,,,,
LAB0010847,,,,,,,,,,
LAB0010848,,,,,,,,,,
LAB0010849,,,,,,,,,,
LAB0010850,,,,,,,,,,
LAB0010851,,,,,,,,,,
LAB0010852,,,,,,,,,,
LAB0010853,,,,,,,,,,
LAB0010854,,,,,,,,,,
LAB0010855,,,,,,,,,,
LAB0010856,,,,,,,,,,
LAB0010857,,,,,,,,,,
LAB0010858,,,,,,,,,,
LAB0010859,,,,,,,,,,
LAB0010860,,,,,,,,,,
LAB0010861,,,,,,,,,,
LAB0010862,,,,,,,,,,
LAB0010863,,,,,,,,,,
LAB0010864,,,,,,,,,,
LAB0010865,,,,,,,,,,
LAB0010866,,,,,,,,,,
LAB0010867,,,,,,,,,,
LAB0010868,,,,,,,,,,
LAB0010869,,,,,,,,,,
LAB0010870,,,,,,,,,,
LAB0010871,,,,,,,,,,
LAB0010872,,,,,,,,,,
LAB0010873,,,,,,,,,,
LAB0010874,,,,,,,,,,
LAB0010875,,,,,,,,,,
LAB0010876,,,,,,,,,,
LAB0010877,,,,,,,,,,
LAB0010878,,,,,,,,,,
LAB0010879,,,,,,,,,,
LAB0010880,,,,,,,,,,
LAB0010881,,,,,,,,,,
LAB0010882,,,,,,,,,,
LAB0010883,,,,,,,,,,
LAB0010884,,,,,,,,,,
LAB0010885,,,,,,,,,,
LAB0010886,,,,,,,,,,
LAB0010887,,,,,,,,,,
LAB0010888,,,,,,,,,,
LAB0010889,,,,,,,,,,
LAB0010890,,,,,,,,,,
LAB0010891,,,,,,,,,,
LAB0010892,,,,,,,,,,
LAB0010893,,,,,,,,,,
LAB0010894,,,,,,,,,,
LAB0010895,,,,,,,,,,
LAB0010896,,,,,,,,,,
LAB0010897,,,,,,,,,,
LAB0010898,,,,,,,,,,
LAB0010899,,,,,,,,,,
LAB0010900,,,,,,,,,,
LAB0010901,,,,,,,,,,
LAB0010902,,,,,,,,,,
LAB0010903,,,,,,,,,,
LAB0010904,,,,,,,,,,
LAB0010905,,,,,,,,,,
LAB0010906,,,,,,,,,,
LAB0010907,,,,,,,,,,
LAB0010908,,,,,,,,,,
LAB0010909,,,,,,,,,,
LAB0010910,,,,,,,,,,
LAB0010911,,,,,,,,,,
LAB0010912,,,,,,,,,,
LAB0010913,,,,,,,,,,
LAB0010914,,,,,,,,,,
LAB0010915,,,,,,,,,,
LAB0010916,,,,,,,,,,
LAB0010917,,,,,,,,,,
LAB0010918,,,,,,,,,,
LAB0010919,,,,,,,,,,
LAB0010920,,,,,,,,,,
LAB0010921,,,,,,,,,,
LAB0010922,,,,,,,,,,
LAB0010923,,,,,,,,,,
LAB0010924,,,,,,,,,,
LAB0010925,,,,,,,,,,
LAB0010926,,,,,,,,,,
LAB0010927,,,,,,,,,,
LAB0010928,,,,,,,,,,
LAB0010929,,,,,,,,,,
LAB0010930,,,,,,,,,,
LAB0010931,,,,,,,,,,
LAB0010932,,,,,,,,,,
LAB0010933,,,,,,,,,,
LAB0010934,,,,,,,,,,
LAB0010935,,,,,,,,,,
LAB0010936,,,,,,,,,,
LAB0010937,,,,,,,,,,
LAB0010938,,,,,,,,,,
LAB0010939,,,,,,,,,,
LAB0010940,,,,,,,,,,
LAB0010941,,,,,,,,,,
LAB0010942,,,,,,,,,,
LAB0010943,,,,,,,,,,
LAB0010944,,,,,,,,,,
LAB0010945,,,,,,,,,,
LAB0010946,,,,,,,,,,
LAB0010947,,,,,,,,,,
LAB0010948,,,,,,,,,,
LAB0010949,,,,,,,,,,
LAB0010950,,,,,,,,,,
LAB0010951,,,,,,,,,,
LAB0010952,,,,,,,,,,
LAB0010953,,,,,,,,,,
LAB0010954,,,,,,,,,,
LAB0010955,,,,,,,,,,
LAB0010956,,,,,,,,,,
LAB0010957,,,,,,,,,,
LAB0010958,,,,,,,,,,
LAB0010959,,,,,,,,,,
LAB0010960,,,,,,,,,,
LAB0010961,,,,,,,,,,
LAB0010962,,,,,,,,,,
LAB0010963,,,,,,,,,,
LAB0010964,,,,,,,,,,
LAB0010965,,,,,,,,,,
LAB0010966,,,,,,,,,,
LAB0010967,,,,,,,,,,
LAB0010968,,,,,,,,,,
LAB0010969,,,,,,,,,,
LAB0010970,,,,,,,,,,
LAB0010971,,,,,,,,,,
LAB0010972,,,,,,,,,,
LAB0010973,,,,,,,,,,
LAB0010974,,,,,,,,,,
LAB0010975,,,,,,,,,,
LAB0010976,,,,,,,,,,
LAB0010977,,,,,,,,,,
LAB0010978,,,,,,,,,,
LAB0010979,,,,,,,,,,
LAB0010980,,,,,,,,,,
LAB0010981,,,,,,,,,,
LAB0010982,,,,,,,,,,
LAB0010983,,,,,,,,,,
LAB0010984,,,,,,,,,,
LAB0010985,,,,,,,,,,
LAB0010986,,,,,,,,,,
LAB0010987,,,,,,,,,,
LAB0010988,,,,,,,,,,
LAB0010989,,,,,,,,,,
LAB0010990,,,,,,,,,,
LAB0010991,,,,,,,,,,
LAB0010992,,,,,,,,,,
LAB0010993,,,,,,,,,,
LAB0010994,,,,,,,,,,
LAB0010995,,,,,,,,,,
LAB0010996,,,,,,,,,,
LAB0010997,,,,,,,,,,
LAB0010998,,,,,,,,,,
LAB0010999,,,,,,,,,,
LAB0011000,,,,,,,,,,
LAB0011001,,,,,,,,,,
LAB0011002,,,,,,,,,,
LAB0011003,,,,,,,,,,
LAB0011004,,,,,,,,,,
LAB0011005,,,,,,,,,,
LAB0011006,,,,,,,,,,
LAB0011007,,,,,,,,,,
LAB0011008,,,,,,,,,,
LAB0011009,,,,,,,,,,
LAB0011010,,,,,,,,,,
LAB0011011,,,,,,,,,,
LAB0011012,,,,,,,,,,
LAB0011013,,,,,,,,,,
LAB0011014,,,,,,,,,,
LAB0011015,,,,,,,,,,
LAB0011016,,,,,,,,,,
LAB0011017,,,,,,,,,,
LAB0011018,,,,,,,,,,
LAB0011019,,,,,,,,,,
LAB0011020,,,,,,,,,,
LAB0011021,,,,,,,,,,
LAB0011022,,,,,,,,,,
LAB0011023,,,,,,,,,,
LAB0011024,,,,,,,,,,
LAB0011025,,,,,,,,,,
LAB0011026,,,,,,,,,,
LAB0011027,,,,,,,,,,
LAB0011028,,,,,,,,,,
LAB0011029,,,,,,,,,,
LAB0011030,,,,,,,,,,
LAB0011031,,,,,,,,,,
LAB0011032,,,,,,,,,,
LAB0011033,,,,,,,,,,
LAB0011034,,,,,,,,,,
LAB0011035,,,,,,,,,,
LAB0011036,,,,,,,,,,
LAB0011037,,,,,,,,,,
LAB0011038,,,,,,,,,,
LAB0011039,,,,,,,,,,
LAB0011040,,,,,,,,,,
LAB0011041,,,,,,,,,,
LAB0011042,,,,,,,,,,
LAB0011043,,,,,,,,,,
LAB0011044,,,,,,,,,,
LAB0011045,,,,,,,,,,
LAB0011046,,,,,,,,,,
LAB0011047,,,,,,,,,,
LAB0011048,,,,,,,,,,
LAB0011049,,,,,,,,,,
LAB0011050,,,,,,,,,,
LAB0011051,,,,,,,,,,
LAB0011052,,,,,,,,,,
LAB0011053,,,,,,,,,,
LAB0011054,,,,,,,,,,
LAB0011055,,,,,,,,,,
LAB0011056,,,,,,,,,,
LAB0011057,,,,,,,,,,
LAB0011058,,,,,,,,,,
LAB0011059,,,,,,,,,,
LAB0011060,,,,,,,,,,
LAB0011061,,,,,,,,,,
LAB0011062,,,,,,,,,,
LAB0011063,,,,,,,,,,
LAB0011064,,,,,,,,,,
LAB0011065,,,,,,,,,,
LAB0011066,,,,,,,,,,
LAB0011067,,,,,,,,,,
LAB0011068,,,,,,,,,,
LAB0011069,,,,,,,,,,
LAB0011070,,,,,,,,,,
LAB0011071,,,,,,,,,,
LAB0011072,,,,,,,,,,
LAB0011073,,,,,,,,,,
LAB0011074,,,,,,,,,,
LAB0011075,,,,,,,,,,
LAB0011076,,,,,,,,,,
LAB0011077,,,,,,,,,,
LAB0011078,,,,,,,,,,
LAB0011079,,,,,,,,,,
LAB0011080,,,,,,,,,,
LAB0011081,,,,,,,,,,
LAB0011082,,,,,,,,,,
LAB0011083,,,,,,,,,,
LAB0011084,,,,,,,,,,
LAB0011085,,,,,,,,,,
LAB0011086,,,,,,,,,,
LAB0011087,,,,,,,,,,
LAB0011088,,,,,,,,,,
LAB0011089,,,,,,,,,,
LAB0011090,,,,,,,,,,
LAB0011091,,,,,,,,,,
LAB0011092,,,,,,,,,,
LAB0011093,,,,,,,,,,
LAB0011094,,,,,,,,,,
LAB0011095,,,,,,,,,,
LAB0011096,,,,,,,,,,
LAB0011097,,,,,,,,,,
LAB0011098,,,,,,,,,,
LAB0011099,,,,,,,,,,
LAB0011100,,,,,,,,,,
LAB0011101,,,,,,,,,,
LAB0011102,,,,,,,,,,
LAB0011103,,,,,,,,,,
LAB0011104,,,,,,,,,,
LAB0011105,,,,,,,,,,
LAB0011106,,,,,,,,,,
LAB0011107,,,,,,,,,,
LAB0011108,,,,,,,,,,
LAB0011109,,,,,,,,,,
LAB0011110,,,,,,,,,,
LAB0011111,,,,,,,,,,
LAB0011112,,,,,,,,,,
LAB0011113,,,,,,,,,,
LAB0011114,,,,,,,,,,
LAB0011115,,,,,,,,,,
LAB0011116,,,,,,,,,,
LAB0011117,,,,,,,,,,
LAB0011118,,,,,,,,,,
LAB0011119,,,,,,,,,,
LAB0011120,,,,,,,,,,
LAB0011121,,,,,,,,,,
LAB0011122,,,,,,,,,,
LAB0011123,,,,,,,,,,
LAB0011124,,,,,,,,,,
LAB0011125,,,,,,,,,,
LAB0011126,,,,,,,,,,
LAB0011127,,,,,,,,,,
LAB0011128,,,,,,,,,,
LAB0011129,,,,,,,,,,
LAB0011130,,,,,,,,,,
LAB0011131,,,,,,,,,,
LAB0011132,,,,,,,,,,
LAB0011133,,,,,,,,,,
LAB0011134,,,,,,,,,,
LAB0011135,,,,,,,,,,
LAB0011136,,,,,,,,,,
LAB0011137,,,,,,,,,,
LAB0011138,,,,,,,,,,
LAB0011139,,,,,,,,,,
LAB0011140,,,,,,,,,,
LAB0011141,,,,,,,,,,
LAB0011142,,,,,,,,,,
LAB0011143,,,,,,,,,,
LAB0011144,,,,,,,,,,
LAB0011145,,,,,,,,,,
LAB0011146,,,,,,,,,,
LAB0011147,,,,,,,,,,
LAB0011148,,,,,,,,,,
LAB0011149,,,,,,,,,,
LAB0011150,,,,,,,,,,
LAB0011151,,,,,,,,,,
LAB0011152,,,,,,,,,,
LAB0011153,,,,,,,,,,
LAB0011154,,,,,,,,,,
LAB0011155,,,,,,,,,,
LAB0011156,,,,,,,,,,
LAB0011157,,,,,,,,,,
LAB0011158,,,,,,,,,,
LAB0011159,,,,,,,,,,
LAB0011160,,,,,,,,,,
LAB0011161,,,,,,,,,,
LAB0011162,,,,,,,,,,
LAB0011163,,,,,,,,,,
LAB0011164,,,,,,,,,,
LAB0011165,,,,,,,,,,
LAB0011166,,,,,,,,,,
LAB0011167,,,,,,,,,,
LAB0011168,,,,,,,,,,
LAB0011169,,,,,,,,,,
LAB0011170,,,,,,,,,,
LAB0011171,,,,,,,,,,
LAB0011172,,,,,,,,,,
LAB0011173,,,,,,,,,,
LAB0011174,,,,,,,,,,
LAB0011175,,,,,,,,,,
LAB0011176,,,,,,,,,,
LAB0011177,,,,,,,,,,
LAB0011178,,,,,,,,,,
LAB0011179,,,,,,,,,,
LAB0011180,,,,,,,,,,
LAB0011181,,,,,,,,,,
LAB0011182,,,,,,,,,,
LAB0011183,,,,,,,,,,
LAB0011184,,,,,,,,,,
LAB0011185,,,,,,,,,,
LAB0011186,,,,,,,,,,
LAB0011187,,,,,,,,,,
LAB0011188,,,,,,,,,,
LAB0011189,,,,,,,,,,
LAB0011190,,,,,,,,,,
LAB0011191,,,,,,,,,,
LAB0011192,,,,,,,,,,
LAB0011193,,,,,,,,,,
LAB0011194,,,,,,,,,,
LAB0011195,,,,,,,,,,
LAB0011196,,,,,,,,,,
LAB0011197,,,,,,,,,,
LAB0011198,,,,,,,,,,
LAB0011199,,,,,,,,,,
LAB0011200,,,,,,,,,,
LAB0011201,,,,,,,,,,
LAB0011202,,,,,,,,,,
LAB0011203,,,,,,,,,,
LAB0011204,,,,,,,,,,
LAB0011205,,,,,,,,,,
LAB0011206,,,,,,,,,,
LAB0011207,,,,,,,,,,
LAB0011208,,,,,,,,,,
LAB0011209,,,,,,,,,,
LAB0011210,,,,,,,,,,
LAB0011211,,,,,,,,,,
LAB0011212,,,,,,,,,,
LAB0011213,,,,,,,,,,
LAB0011214,,,,,,,,,,
LAB0011215,,,,,,,,,,
LAB0011216,,,,,,,,,,
LAB0011217,,,,,,,,,,
LAB0011218,,,,,,,,,,
LAB0011219,,,,,,,,,,
LAB0011220,,,,,,,,,,
LAB0011221,,,,,,,,,,
LAB0011222,,,,,,,,,,
LAB0011223,,,,,,,,,,
LAB0011224,,,,,,,,,,
LAB0011225,,,,,,,,,,
LAB0011226,,,,,,,,,,
LAB0011227,,,,,,,,,,
LAB0011228,,,,,,,,,,
LAB0011229,,,,,,,,,,
LAB0011230,,,,,,,,,,
LAB0011231,,,,,,,,,,
LAB0011232,,,,,,,,,,
LAB0011233,,,,,,,,,,
LAB0011234,,,,,,,,,,
LAB0011235,,,,,,,,,,
LAB0011236,,,,,,,,,,
LAB0011237,,,,,,,,,,
LAB0011238,,,,,,,,,,
LAB0011239,,,,,,,,,,
LAB0011240,,,,,,,,,,
LAB0011241,,,,,,,,,,
LAB0011242,,,,,,,,,,
LAB0011243,,,,,,,,,,
LAB0011244,,,,,,,,,,
LAB0011245,,,,,,,,,,
LAB0011246,,,,,,,,,,
LAB0011247,,,,,,,,,,
LAB0011248,,,,,,,,,,
LAB0011249,,,,,,,,,,
LAB0011250,,,,,,,,,,
LAB0011251,,,,,,,,,,
LAB0011252,,,,,,,,,,
LAB0011253,,,,,,,,,,
LAB0011254,,,,,,,,,,
LAB0011255,,,,,,,,,,
LAB0011256,,,,,,,,,,
LAB0011257,,,,,,,,,,
LAB0011258,,,,,,,,,,
LAB0011259,,,,,,,,,,
LAB0011260,,,,,,,,,,
LAB0011261,,,,,,,,,,
LAB0011262,,,,,,,,,,
LAB0011263,,,,,,,,,,
LAB0011264,,,,,,,,,,
LAB0011265,,,,,,,,,,
LAB0011266,,,,,,,,,,
LAB0011267,,,,,,,,,,
LAB0011268,,,,,,,,,,
LAB0011269,,,,,,,,,,
LAB0011270,,,,,,,,,,
LAB0011271,,,,,,,,,,
LAB0011272,,,,,,,,,,
LAB0011273,,,,,,,,,,
LAB0011274,,,,,,,,,,
LAB0011275,,,,,,,,,,
LAB0011276,,,,,,,,,,
LAB0011277,,,,,,,,,,
LAB0011278,,,,,,,,,,
LAB0011279,,,,,,,,,,
LAB0011280,,,,,,,,,,
LAB0011281,,,,,,,,,,
LAB0011282,,,,,,,,,,
LAB0011283,,,,,,,,,,
LAB0011284,,,,,,,,,,
LAB0011285,,,,,,,,,,
LAB0011286,,,,,,,,,,
LAB0011287,,,,,,,,,,
LAB0011288,,,,,,,,,,
LAB0011289,,,,,,,,,,
LAB0011290,,,,,,,,,,
LAB0011291,,,,,,,,,,
LAB0011292,,,,,,,,,,
LAB0011293,,,,,,,,,,
LAB0011294,,,,,,,,,,
LAB0011295,,,,,,,,,,
LAB0011296,,,,,,,,,,
LAB0011297,,,,,,,,,,
LAB0011298,,,,,,,,,,
LAB0011299,,,,,,,,,,
LAB0011300,,,,,,,,,,
LAB0011301,,,,,,,,,,
LAB0011302,,,,,,,,,,
LAB0011303,,,,,,,,,,
LAB0011304,,,,,,,,,,
LAB0011305,,,,,,,,,,
LAB0011306,,,,,,,,,,
LAB0011307,,,,,,,,,,
LAB0011308,,,,,,,,,,
LAB0011309,,,,,,,,,,
LAB0011310,,,,,,,,,,
LAB0011311,,,,,,,,,,
LAB0011312,,,,,,,,,,
LAB0011313,,,,,,,,,,
LAB0011314,,,,,,,,,,
LAB0011315,,,,,,,,,,
LAB0011316,,,,,,,,,,
LAB0011317,,,,,,,,,,
LAB0011318,,,,,,,,,,
LAB0011319,,,,,,,,,,
LAB0011320,,,,,,,,,,
LAB0011321,,,,,,,,,,
LAB0011322,,,,,,,,,,
LAB0011323,,,,,,,,,,
LAB0011324,,,,,,,,,,
LAB0011325,,,,,,,,,,
LAB0011326,,,,,,,,,,
LAB0011327,,,,,,,,,,
LAB0011328,,,,,,,,,,
LAB0011329,,,,,,,,,,
LAB0011330,,,,,,,,,,
LAB0011331,,,,,,,,,,
LAB0011332,,,,,,,,,,
LAB0011333,,,,,,,,,,
LAB0011334,,,,,,,,,,
LAB0011335,,,,,,,,,,
LAB0011336,,,,,,,,,,
LAB0011337,,,,,,,,,,
LAB0011338,,,,,,,,,,
LAB0011339,,,,,,,,,,
LAB0011340,,,,,,,,,,
LAB0011341,,,,,,,,,,
LAB0011342,,,,,,,,,,
LAB0011343,,,,,,,,,,
LAB0011344,,,,,,,,,,
LAB0011345,,,,,,,,,,
LAB0011346,,,,,,,,,,
LAB0011347,,,,,,,,,,
LAB0011348,,,,,,,,,,
LAB0011349,,,,,,,,,,
LAB0011350,,,,,,,,,,
LAB0011351,,,,,,,,,,
LAB0011352,,,,,,,,,,
LAB0011353,,,,,,,,,,
LAB0011354,,,,,,,,,,
LAB0011355,,,,,,,,,,
LAB0011356,,,,,,,,,,
LAB0011357,,,,,,,,,,
LAB0011358,,,,,,,,,,
LAB0011359,,,,,,,,,,
LAB0011360,,,,,,,,,,
LAB0011361,,,,,,,,,,
LAB0011362,,,,,,,,,,
LAB0011363,,,,,,,,,,
LAB0011364,,,,,,,,,,
LAB0011365,,,,,,,,,,
LAB0011366,,,,,,,,,,
LAB0011367,,,,,,,,,,
LAB0011368,,,,,,,,,,
LAB0011369,,,,,,,,,,
LAB0011370,,,,,,,,,,
LAB0011371,,,,,,,,,,
LAB0011372,,,,,,,,,,
LAB0011373,,,,,,,,,,
LAB0011374,,,,,,,,,,
LAB0011375,,,,,,,,,,
LAB0011376,,,,,,,,,,
LAB0011377,,,,,,,,,,
LAB0011378,,,,,,,,,,
LAB0011379,,,,,,,,,,
LAB0011380,,,,,,,,,,
LAB0011381,,,,,,,,,,
LAB0011382,,,,,,,,,,
LAB0011383,,,,,,,,,,
LAB0011384,,,,,,,,,,
LAB0011385,,,,,,,,,,
LAB0011386,,,,,,,,,,
LAB0011387,,,,,,,,,,
LAB0011388,,,,,,,,,,
LAB0011389,,,,,,,,,,
LAB0011390,,,,,,,,,,
LAB0011391,,,,,,,,,,
LAB0011392,,,,,,,,,,
LAB0011393,,,,,,,,,,
LAB0011394,,,,,,,,,,
LAB0011395,,,,,,,,,,
LAB0011396,,,,,,,,,,
LAB0011397,,,,,,,,,,
LAB0011398,,,,,,,,,,
LAB0011399,,,,,,,,,,
LAB0011400,,,,,,,,,,
LAB0011401,,,,,,,,,,
LAB0011402,,,,,,,,,,
LAB0011403,,,,,,,,,,
LAB0011404,,,,,,,,,,
LAB0011405,,,,,,,,,,
LAB0011406,,,,,,,,,,
LAB0011407,,,,,,,,,,
LAB0011408,,,,,,,,,,
LAB0011409,,,,,,,,,,
LAB0011410,,,,,,,,,,
LAB0011411,,,,,,,,,,
LAB0011412,,,,,,,,,,
LAB0011413,,,,,,,,,,
LAB0011414,,,,,,,,,,
LAB0011415,,,,,,,,,,
LAB0011416,,,,,,,,,,
LAB0011417,,,,,,,,,,
LAB0011418,,,,,,,,,,
LAB0011419,,,,,,,,,,
LAB0011420,,,,,,,,,,
LAB0011421,,,,,,,,,,
LAB0011422,,,,,,,,,,
LAB0011423,,,,,,,,,,
LAB0011424,,,,,,,,,,
LAB0011425,,,,,,,,,,
LAB0011426,,,,,,,,,,
LAB0011427,,,,,,,,,,
LAB0011428,,,,,,,,,,
LAB0011429,,,,,,,,,,
LAB0011430,,,,,,,,,,
LAB0011431,,,,,,,,,,
LAB0011432,,,,,,,,,,
LAB0011433,,,,,,,,,,
LAB0011434,,,,,,,,,,
LAB0011435,,,,,,,,,,
LAB0011436,,,,,,,,,,
LAB0011437,,,,,,,,,,
LAB0011438,,,,,,,,,,
LAB0011439,,,,,,,,,,
LAB0011440,,,,,,,,,,
LAB0011441,,,,,,,,,,
LAB0011442,,,,,,,,,,
LAB0011443,,,,,,,,,,
LAB0011444,,,,,,,,,,
LAB0011445,,,,,,,,,,
LAB0011446,,,,,,,,,,
LAB0011447,,,,,,,,,,
LAB0011448,,,,,,,,,,
LAB0011449,,,,,,,,,,
LAB0011450,,,,,,,,,,
LAB0011451,,,,,,,,,,
LAB0011452,,,,,,,,,,
LAB0011453,,,,,,,,,,
LAB0011454,,,,,,,,,,
LAB0011455,,,,,,,,,,
LAB0011456,,,,,,,,,,
LAB0011457,,,,,,,,,,
LAB0011458,,,,,,,,,,
LAB0011459,,,,,,,,,,
LAB0011460,,,,,,,,,,
LAB0011461,,,,,,,,,,
LAB0011462,,,,,,,,,,
LAB0011463,,,,,,,,,,
LAB0011464,,,,,,,,,,
LAB0011465,,,,,,,,,,
LAB0011466,,,,,,,,,,
LAB0011467,,,,,,,,,,
LAB0011468,,,,,,,,,,
LAB0011469,,,,,,,,,,
LAB0011470,,,,,,,,,,
LAB0011471,,,,,,,,,,
LAB0011472,,,,,,,,,,
LAB0011473,,,,,,,,,,
LAB0011474,,,,,,,,,,
LAB0011475,,,,,,,,,,
LAB0011476,,,,,,,,,,
LAB0011477,,,,,,,,,,
LAB0011478,,,,,,,,,,
LAB0011479,,,,,,,,,,
LAB0011480,,,,,,,,,,
LAB0011481,,,,,,,,,,
LAB0011482,,,,,,,,,,
LAB0011483,,,,,,,,,,
LAB0011484,,,,,,,,,,
LAB0011485,,,,,,,,,,
LAB0011486,,,,,,,,,,
LAB0011487,,,,,,,,,,
LAB0011488,,,,,,,,,,
LAB0011489,,,,,,,,,,
LAB0011490,,,,,,,,,,
LAB0011491,,,,,,,,,,
LAB0011492,,,,,,,,,,
LAB0011493,,,,,,,,,,
LAB0011494,,,,,,,,,,
LAB0011495,,,,,,,,,,
LAB0011496,,,,,,,,,,
LAB0011497,,,,,,,,,,
LAB0011498,,,,,,,,,,
LAB0011499,,,,,,,,,,
LAB0011500,,,,,,,,,,
LAB0011501,,,,,,,,,,
LAB0011502,,,,,,,,,,
LAB0011503,,,,,,,,,,
LAB0011504,,,,,,,,,,
LAB0011505,,,,,,,,,,
LAB0011506,,,,,,,,,,
LAB0011507,,,,,,,,,,
LAB0011508,,,,,,,,,,
LAB0011509,,,,,,,,,,
LAB0011510,,,,,,,,,,
LAB0011511,,,,,,,,,,
LAB0011512,,,,,,,,,,
LAB0011513,,,,,,,,,,
LAB0011514,,,,,,,,,,
LAB0011515,,,,,,,,,,
LAB0011516,,,,,,,,,,
LAB0011517,,,,,,,,,,
LAB0011518,,,,,,,,,,
LAB0011519,,,,,,,,,,
LAB0011520,,,,,,,,,,
LAB0011521,,,,,,,,,,
LAB0011522,,,,,,,,,,
LAB0011523,,,,,,,,,,
LAB0011524,,,,,,,,,,
LAB0011525,,,,,,,,,,
LAB0011526,,,,,,,,,,
LAB0011527,,,,,,,,,,
LAB0011528,,,,,,,,,,
LAB0011529,,,,,,,,,,
LAB0011530,,,,,,,,,,
LAB0011531,,,,,,,,,,
LAB0011532,,,,,,,,,,
LAB0011533,,,,,,,,,,
LAB0011534,,,,,,,,,,
LAB0011535,,,,,,,,,,
LAB0011536,,,,,,,,,,
LAB0011537,,,,,,,,,,
LAB0011538,,,,,,,,,,
LAB0011539,,,,,,,,,,
LAB0011540,,,,,,,,,,
LAB0011541,,,,,,,,,,
LAB0011542,,,,,,,,,,
LAB0011543,,,,,,,,,,
LAB0011544,,,,,,,,,,
LAB0011545,,,,,,,,,,
LAB0011546,,,,,,,,,,
LAB0011547,,,,,,,,,,
LAB0011548,,,,,,,,,,
LAB0011549,,,,,,,,,,
LAB0011550,,,,,,,,,,
LAB0011551,,,,,,,,,,
LAB0011552,,,,,,,,,,
LAB0011553,,,,,,,,,,
LAB0011554,,,,,,,,,,
LAB0011555,,,,,,,,,,
LAB0011556,,,,,,,,,,
LAB0011557,,,,,,,,,,
LAB0011558,,,,,,,,,,
LAB0011559,,,,,,,,,,
LAB0011560,,,,,,,,,,
LAB0011561,,,,,,,,,,
LAB0011562,,,,,,,,,,
LAB0011563,,,,,,,,,,
LAB0011564,,,,,,,,,,
LAB0011565,,,,,,,,,,
LAB0011566,,,,,,,,,,
LAB0011567,,,,,,,,,,
LAB0011568,,,,,,,,,,
LAB0011569,,,,,,,,,,
LAB0011570,,,,,,,,,,
LAB0011571,,,,,,,,,,
LAB0011572,,,,,,,,,,
LAB0011573,,,,,,,,,,
LAB0011574,,,,,,,,,,
LAB0011575,,,,,,,,,,
LAB0011576,,,,,,,,,,
LAB0011577,,,,,,,,,,
LAB0011578,,,,,,,,,,
LAB0011579,,,,,,,,,,
LAB0011580,,,,,,,,,,
LAB0011581,,,,,,,,,,
LAB0011582,,,,,,,,,,
LAB0011583,,,,,,,,,,
LAB0011584,,,,,,,,,,
LAB0011585,,,,,,,,,,
LAB0011586,,,,,,,,,,
LAB0011587,,,,,,,,,,
LAB0011588,,,,,,,,,,
LAB0011589,,,,,,,,,,
LAB0011590,,,,,,,,,,
LAB0011591,,,,,,,,,,
LAB0011592,,,,,,,,,,
LAB0011593,,,,,,,,,,
LAB0011594,,,,,,,,,,
LAB0011595,,,,,,,,,,
LAB0011596,,,,,,,,,,
LAB0011597,,,,,,,,,,
LAB0011598,,,,,,,,,,
LAB0011599,,,,,,,,,,
LAB0011600,,,,,,,,,,
LAB0011601,,,,,,,,,,
LAB0011602,,,,,,,,,,
LAB0011603,,,,,,,,,,
LAB0011604,,,,,,,,,,
LAB0011605,,,,,,,,,,
LAB0011606,,,,,,,,,,
LAB0011607,,,,,,,,,,
LAB0011608,,,,,,,,,,
LAB0011609,,,,,,,,,,
LAB0011610,,,,,,,,,,
LAB0011611,,,,,,,,,,
LAB0011612,,,,,,,,,,
LAB0011613,,,,,,,,,,
LAB0011614,,,,,,,,,,
LAB0011615,,,,,,,,,,
LAB0011616,,,,,,,,,,
LAB0011617,,,,,,,,,,
LAB0011618,,,,,,,,,,
LAB0011619,,,,,,,,,,
LAB0011620,,,,,,,,,,
LAB0011621,,,,,,,,,,
LAB0011622,,,,,,,,,,
LAB0011623,,,,,,,,,,
LAB0011624,,,,,,,,,,
LAB0011625,,,,,,,,,,
LAB0011626,,,,,,,,,,
LAB0011627,,,,,,,,,,
LAB0011628,,,,,,,,,,
LAB0011629,,,,,,,,,,
LAB0011630,,,,,,,,,,
LAB0011631,,,,,,,,,,
LAB0011632,,,,,,,,,,
LAB0011633,,,,,,,,,,
LAB0011634,,,,,,,,,,
LAB0011635,,,,,,,,,,
LAB0011636,,,,,,,,,,
LAB0011637,,,,,,,,,,
LAB0011638,,,,,,,,,,
LAB0011639,,,,,,,,,,
LAB0011640,,,,,,,,,,
LAB0011641,,,,,,,,,,
LAB0011642,,,,,,,,,,
LAB0011643,,,,,,,,,,
LAB0011644,,,,,,,,,,
LAB0011645,,,,,,,,,,
LAB0011646,,,,,,,,,,
LAB0011647,,,,,,,,,,
LAB0011648,,,,,,,,,,
LAB0011649,,,,,,,,,,
LAB0011650,,,,,,,,,,
LAB0011651,,,,,,,,,,
LAB0011652,,,,,,,,,,
LAB0011653,,,,,,,,,,
LAB0011654,,,,,,,,,,
LAB0011655,,,,,,,,,,
LAB0011656,,,,,,,,,,
LAB0011657,,,,,,,,,,
LAB0011658,,,,,,,,,,
LAB0011659,,,,,,,,,,
LAB0011660,,,,,,,,,,
LAB0011661,,,,,,,,,,
LAB0011662,,,,,,,,,,
LAB0011663,,,,,,,,,,
LAB0011664,,,,,,,,,,
LAB0011665,,,,,,,,,,
LAB0011666,,,,,,,,,,
LAB0011667,,,,,,,,,,
LAB0011668,,,,,,,,,,
LAB0011669,,,,,,,,,,
LAB0011670,,,,,,,,,,
LAB0011671,,,,,,,,,,
LAB0011672,,,,,,,,,,
LAB0011673,,,,,,,,,,
LAB0011674,,,,,,,,,,
LAB0011675,,,,,,,,,,
LAB0011676,,,,,,,,,,
LAB0011677,,,,,,,,,,
LAB0011678,,,,,,,,,,
LAB0011679,,,,,,,,,,
LAB0011680,,,,,,,,,,
LAB0011681,,,,,,,,,,
LAB0011682,,,,,,,,,,
LAB0011683,,,,,,,,,,
LAB0011684,,,,,,,,,,
LAB0011685,,,,,,,,,,
LAB0011686,,,,,,,,,,
LAB0011687,,,,,,,,,,
LAB0011688,,,,,,,,,,
LAB0011689,,,,,,,,,,
LAB0011690,,,,,,,,,,
LAB0011691,,,,,,,,,,
LAB0011692,,,,,,,,,,
LAB0011693,,,,,,,,,,
LAB0011694,,,,,,,,,,
LAB0011695,,,,,,,,,,
LAB0011696,,,,,,,,,,
LAB0011697,,,,,,,,,,
LAB0011698,,,,,,,,,,
LAB0011699,,,,,,,,,,
LAB0011700,,,,,,,,,,
LAB0011701,,,,,,,,,,
LAB0011702,,,,,,,,,,
LAB0011703,,,,,,,,,,
LAB0011704,,,,,,,,,,
LAB0011705,,,,,,,,,,
LAB0011706,,,,,,,,,,
LAB0011707,,,,,,,,,,
LAB0011708,,,,,,,,,,
LAB0011709,,,,,,,,,,
LAB0011710,,,,,,,,,,
LAB0011711,,,,,,,,,,
LAB0011712,,,,,,,,,,
LAB0011713,,,,,,,,,,
LAB0011714,,,,,,,,,,
LAB0011715,,,,,,,,,,
LAB0011716,,,,,,,,,,
LAB0011717,,,,,,,,,,
LAB0011718,,,,,,,,,,
LAB0011719,,,,,,,,,,
LAB0011720,,,,,,,,,,
LAB0011721,,,,,,,,,,
LAB0011722,,,,,,,,,,
LAB0011723,,,,,,,,,,
LAB0011724,,,,,,,,,,
LAB0011725,,,,,,,,,,
LAB0011726,,,,,,,,,,
LAB0011727,,,,,,,,,,
LAB0011728,,,,,,,,,,
LAB0011729,,,,,,,,,,
LAB0011730,,,,,,,,,,
LAB0011731,,,,,,,,,,
LAB0011732,,,,,,,,,,
LAB0011733,,,,,,,,,,
LAB0011734,,,,,,,,,,
LAB0011735,,,,,,,,,,
LAB0011736,,,,,,,,,,
LAB0011737,,,,,,,,,,
LAB0011738,,,,,,,,,,
LAB0011739,,,,,,,,,,
LAB0011740,,,,,,,,,,
LAB0011741,,,,,,,,,,
LAB0011742,,,,,,,,,,
LAB0011743,,,,,,,,,,
LAB0011744,,,,,,,,,,
LAB0011745,,,,,,,,,,
LAB0011746,,,,,,,,,,
LAB0011747,,,,,,,,,,
LAB0011748,,,,,,,,,,
LAB0011749,,,,,,,,,,
LAB0011750,,,,,,,,,,
LAB0011751,,,,,,,,,,
LAB0011752,,,,,,,,,,
LAB0011753,,,,,,,,,,
LAB0011754,,,,,,,,,,
LAB0011755,,,,,,,,,,
LAB0011756,,,,,,,,,,
LAB0011757,,,,,,,,,,
LAB0011758,,,,,,,,,,
LAB0011759,,,,,,,,,,
LAB0011760,,,,,,,,,,
LAB0011761,,,,,,,,,,
LAB0011762,,,,,,,,,,
LAB0011763,,,,,,,,,,
LAB0011764,,,,,,,,,,
LAB0011765,,,,,,,,,,
LAB0011766,,,,,,,,,,
LAB0011767,,,,,,,,,,
LAB0011768,,,,,,,,,,
LAB0011769,,,,,,,,,,
LAB0011770,,,,,,,,,,
LAB0011771,,,,,,,,,,
LAB0011772,,,,,,,,,,
LAB0011773,,,,,,,,,,
LAB0011774,,,,,,,,,,
LAB0011775,,,,,,,,,,
LAB0011776,,,,,,,,,,
LAB0011777,,,,,,,,,,
LAB0011778,,,,,,,,,,
LAB0011779,,,,,,,,,,
LAB0011780,,,,,,,,,,
LAB0011781,,,,,,,,,,
LAB0011782,,,,,,,,,,
LAB0011783,,,,,,,,,,
LAB0011784,,,,,,,,,,
LAB0011785,,,,,,,,,,
LAB0011786,,,,,,,,,,
LAB0011787,,,,,,,,,,
LAB0011788,,,,,,,,,,
LAB0011789,,,,,,,,,,
LAB0011790,,,,,,,,,,
LAB0011791,,,,,,,,,,
LAB0011792,,,,,,,,,,
LAB0011793,,,,,,,,,,
LAB0011794,,,,,,,,,,
LAB0011795,,,,,,,,,,
LAB0011796,,,,,,,,,,
LAB0011797,,,,,,,,,,
LAB0011798,,,,,,,,,,
LAB0011799,,,,,,,,,,
LAB0011800,,,,,,,,,,
LAB0011801,,,,,,,,,,
LAB0011802,,,,,,,,,,
LAB0011803,,,,,,,,,,
LAB0011804,,,,,,,,,,
LAB0011805,,,,,,,,,,
LAB0011806,,,,,,,,,,
LAB0011807,,,,,,,,,,
LAB0011808,,,,,,,,,,
LAB0011809,,,,,,,,,,
LAB0011810,,,,,,,,,,
LAB0011811,,,,,,,,,,
LAB0011812,,,,,,,,,,
LAB0011813,,,,,,,,,,
LAB0011814,,,,,,,,,,
LAB0011815,,,,,,,,,,
LAB0011816,,,,,,,,,,
LAB0011817,,,,,,,,,,
LAB0011818,,,,,,,,,,
LAB0011819,,,,,,,,,,
LAB0011820,,,,,,,,,,
LAB0011821,,,,,,,,,,
LAB0011822,,,,,,,,,,
LAB0011823,,,,,,,,,,
LAB0011824,,,,,,,,,,
LAB0011825,,,,,,,,,,
LAB0011826,,,,,,,,,,
LAB0011827,,,,,,,,,,
LAB0011828,,,,,,,,,,
LAB0011829,,,,,,,,,,
LAB0011830,,,,,,,,,,
LAB0011831,,,,,,,,,,
LAB0011832,,,,,,,,,,
LAB0011833,,,,,,,,,,
LAB0011834,,,,,,,,,,
LAB0011835,,,,,,,,,,
LAB0011836,,,,,,,,,,
LAB0011837,,,,,,,,,,
LAB0011838,,,,,,,,,,
LAB0011839,,,,,,,,,,
LAB0011840,,,,,,,,,,
LAB0011841,,,,,,,,,,
LAB0011842,,,,,,,,,,
LAB0011843,,,,,,,,,,
LAB0011844,,,,,,,,,,
LAB0011845,,,,,,,,,,
LAB0011846,,,,,,,,,,
LAB0011847,,,,,,,,,,
LAB0011848,,,,,,,,,,
LAB0011849,,,,,,,,,,
LAB0011850,,,,,,,,,,
LAB0011851,,,,,,,,,,
LAB0011852,,,,,,,,,,
LAB0011853,,,,,,,,,,
LAB0011854,,,,,,,,,,
LAB0011855,,,,,,,,,,
LAB0011856,,,,,,,,,,
LAB0011857,,,,,,,,,,
LAB0011858,,,,,,,,,,
LAB0011859,,,,,,,,,,
LAB0011860,,,,,,,,,,
LAB0011861,,,,,,,,,,
LAB0011862,,,,,,,,,,
LAB0011863,,,,,,,,,,
LAB0011864,,,,,,,,,,
LAB0011865,,,,,,,,,,
LAB0011866,,,,,,,,,,
LAB0011867,,,,,,,,,,
LAB0011868,,,,,,,,,,
LAB0011869,,,,,,,,,,
LAB0011870,,,,,,,,,,
LAB0011871,,,,,,,,,,
LAB0011872,,,,,,,,,,
LAB0011873,,,,,,,,,,
LAB0011874,,,,,,,,,,
LAB0011875,,,,,,,,,,
LAB0011876,,,,,,,,,,
LAB0011877,,,,,,,,,,
LAB0011878,,,,,,,,,,
LAB0011879,,,,,,,,,,
LAB0011880,,,,,,,,,,
LAB0011881,,,,,,,,,,
LAB0011882,,,,,,,,,,
LAB0011883,,,,,,,,,,
LAB0011884,,,,,,,,,,
LAB0011885,,,,,,,,,,
LAB0011886,,,,,,,,,,
LAB0011887,,,,,,,,,,
LAB0011888,,,,,,,,,,
LAB0011889,,,,,,,,,,
LAB0011890,,,,,,,,,,
LAB0011891,,,,,,,,,,
LAB0011892,,,,,,,,,,
LAB0011893,,,,,,,,,,
LAB0011894,,,,,,,,,,
LAB0011895,,,,,,,,,,
LAB0011896,,,,,,,,,,
LAB0011897,,,,,,,,,,
LAB0011898,,,,,,,,,,
LAB0011899,,,,,,,,,,
LAB0011900,,,,,,,,,,
LAB0011901,,,,,,,,,,
LAB0011902,,,,,,,,,,
LAB0011903,,,,,,,,,,
LAB0011904,,,,,,,,,,
LAB0011905,,,,,,,,,,
LAB0011906,,,,,,,,,,
LAB0011907,,,,,,,,,,
LAB0011908,,,,,,,,,,
LAB0011909,,,,,,,,,,
LAB0011910,,,,,,,,,,
LAB0011911,,,,,,,,,,
LAB0011912,,,,,,,,,,
LAB0011913,,,,,,,,,,
LAB0011914,,,,,,,,,,
LAB0011915,,,,,,,,,,
LAB0011916,,,,,,,,,,
LAB0011917,,,,,,,,,,
LAB0011918,,,,,,,,,,
LAB0011919,,,,,,,,,,
LAB0011920,,,,,,,,,,
LAB0011921,,,,,,,,,,
LAB0011922,,,,,,,,,,
LAB0011923,,,,,,,,,,
LAB0011924,,,,,,,,,,
LAB0011925,,,,,,,,,,
LAB0011926,,,,,,,,,,
LAB0011927,,,,,,,,,,
LAB0011928,,,,,,,,,,
LAB0011929,,,,,,,,,,
LAB0011930,,,,,,,,,,
LAB0011931,,,,,,,,,,
LAB0011932,,,,,,,,,,
LAB0011933,,,,,,,,,,
LAB0011934,,,,,,,,,,
LAB0011935,,,,,,,,,,
LAB0011936,,,,,,,,,,
LAB0011937,,,,,,,,,,
LAB0011938,,,,,,,,,,
LAB0011939,,,,,,,,,,
LAB0011940,,,,,,,,,,
LAB0011941,,,,,,,,,,
LAB0011942,,,,,,,,,,
LAB0011943,,,,,,,,,,
LAB0011944,,,,,,,,,,
LAB0011945,,,,,,,,,,
LAB0011946,,,,,,,,,,
LAB0011947,,,,,,,,,,
LAB0011948,,,,,,,,,,
LAB0011949,,,,,,,,,,
LAB0011950,,,,,,,,,,
LAB0011951,,,,,,,,,,
LAB0011952,,,,,,,,,,
LAB0011953,,,,,,,,,,
LAB0011954,,,,,,,,,,
LAB0011955,,,,,,,,,,
LAB0011956,,,,,,,,,,
LAB0011957,,,,,,,,,,
LAB0011958,,,,,,,,,,
LAB0011959,,,,,,,,,,
LAB0011960,,,,,,,,,,
LAB0011961,,,,,,,,,,
LAB0011962,,,,,,,,,,
LAB0011963,,,,,,,,,,
LAB0011964,,,,,,,,,,
LAB0011965,,,,,,,,,,
LAB0011966,,,,,,,,,,
LAB0011967,,,,,,,,,,
LAB0011968,,,,,,,,,,
LAB0011969,,,,,,,,,,
LAB0011970,,,,,,,,,,
LAB0011971,,,,,,,,,,
LAB0011972,,,,,,,,,,
LAB0011973,,,,,,,,,,
LAB0011974,,,,,,,,,,
LAB0011975,,,,,,,,,,
LAB0011976,,,,,,,,,,
LAB0011977,,,,,,,,,,
LAB0011978,,,,,,,,,,
LAB0011979,,,,,,,,,,
LAB0011980,,,,,,,,,,
LAB0011981,,,,,,,,,,
LAB0011982,,,,,,,,,,
LAB0011983,,,,,,,,,,
LAB0011984,,,,,,,,,,
LAB0011985,,,,,,,,,,
LAB0011986,,,,,,,,,,
LAB0011987,,,,,,,,,,
LAB0011988,,,,,,,,,,
LAB0011989,,,,,,,,,,
LAB0011990,,,,,,,,,,
LAB0011991,,,,,,,,,,
LAB0011992,,,,,,,,,,
LAB0011993,,,,,,,,,,
LAB0011994,,,,,,,,,,
LAB0011995,,,,,,,,,,
LAB0011996,,,,,,,,,,
LAB0011997,,,,,,,,,,
LAB0011998,,,,,,,,,,
LAB0011999,,,,,,,,,,
LAB0012000,,,,,,,,,,
LAB0012001,,,,,,,,,,
LAB0012002,,,,,,,,,,
LAB0012003,,,,,,,,,,
LAB0012004,,,,,,,,,,
LAB0012005,,,,,,,,,,
LAB0012006,,,,,,,,,,
LAB0012007,,,,,,,,,,
LAB0012008,,,,,,,,,,
LAB0012009,,,,,,,,,,
LAB0012010,,,,,,,,,,
LAB0012011,,,,,,,,,,
LAB0012012,,,,,,,,,,
LAB0012013,,,,,,,,,,
LAB0012014,,,,,,,,,,
LAB0012015,,,,,,,,,,
LAB0012016,,,,,,,,,,
LAB0012017,,,,,,,,,,
LAB0012018,,,,,,,,,,
LAB0012019,,,,,,,,,,
LAB0012020,,,,,,,,,,
LAB0012021,,,,,,,,,,
LAB0012022,,,,,,,,,,
LAB0012023,,,,,,,,,,
LAB0012024,,,,,,,,,,
LAB0012025,,,,,,,,,,
LAB0012026,,,,,,,,,,
LAB0012027,,,,,,,,,,
LAB0012028,,,,,,,,,,
LAB0012029,,,,,,,,,,
LAB0012030,,,,,,,,,,
LAB0012031,,,,,,,,,,
LAB0012032,,,,,,,,,,
LAB0012033,,,,,,,,,,
LAB0012034,,,,,,,,,,
LAB0012035,,,,,,,,,,
LAB0012036,,,,,,,,,,
LAB0012037,,,,,,,,,,
LAB0012038,,,,,,,,,,
LAB0012039,,,,,,,,,,
LAB0012040,,,,,,,,,,
LAB0012041,,,,,,,,,,
LAB0012042,,,,,,,,,,
LAB0012043,,,,,,,,,,
LAB0012044,,,,,,,,,,
LAB0012045,,,,,,,,,,
LAB0012046,,,,,,,,,,
LAB0012047,,,,,,,,,,
LAB0012048,,,,,,,,,,
LAB0012049,,,,,,,,,,
LAB0012050,,,,,,,,,,
LAB0012051,,,,,,,,,,
LAB0012052,,,,,,,,,,
LAB0012053,,,,,,,,,,
LAB0012054,,,,,,,,,,
LAB0012055,,,,,,,,,,
LAB0012056,,,,,,,,,,
LAB0012057,,,,,,,,,,
LAB0012058,,,,,,,,,,
LAB0012059,,,,,,,,,,
LAB0012060,,,,,,,,,,
LAB0012061,,,,,,,,,,
LAB0012062,,,,,,,,,,
LAB0012063,,,,,,,,,,
LAB0012064,,,,,,,,,,
LAB0012065,,,,,,,,,,
LAB0012066,,,,,,,,,,
LAB0012067,,,,,,,,,,
LAB0012068,,,,,,,,,,
LAB0012069,,,,,,,,,,
LAB0012070,,,,,,,,,,
LAB0012071,,,,,,,,,,
LAB0012072,,,,,,,,,,
LAB0012073,,,,,,,,,,
LAB0012074,,,,,,,,,,
LAB0012075,,,,,,,,,,
LAB0012076,,,,,,,,,,
LAB0012077,,,,,,,,,,
LAB0012078,,,,,,,,,,
LAB0012079,,,,,,,,,,
LAB0012080,,,,,,,,,,
LAB0012081,,,,,,,,,,
LAB0012082,,,,,,,,,,
LAB0012083,,,,,,,,,,
LAB0012084,,,,,,,,,,
LAB0012085,,,,,,,,,,
LAB0012086,,,,,,,,,,
LAB0012087,,,,,,,,,,
LAB0012088,,,,,,,,,,
LAB0012089,,,,,,,,,,
LAB0012090,,,,,,,,,,
LAB0012091,,,,,,,,,,
LAB0012092,,,,,,,,,,
LAB0012093,,,,,,,,,,
LAB0012094,,,,,,,,,,
LAB0012095,,,,,,,,,,
LAB0012096,,,,,,,,,,
LAB0012097,,,,,,,,,,
LAB0012098,,,,,,,,,,
LAB0012099,,,,,,,,,,
LAB0012100,,,,,,,,,,
LAB0012101,,,,,,,,,,
LAB0012102,,,,,,,,,,
LAB0012103,,,,,,,,,,
LAB0012104,,,,,,,,,,
LAB0012105,,,,,,,,,,
LAB0012106,,,,,,,,,,
LAB0012107,,,,,,,,,,
LAB0012108,,,,,,,,,,
LAB0012109,,,,,,,,,,
LAB0012110,,,,,,,,,,
LAB0012111,,,,,,,,,,
LAB0012112,,,,,,,,,,
LAB0012113,,,,,,,,,,
LAB0012114,,,,,,,,,,
LAB0012115,,,,,,,,,,
LAB0012116,,,,,,,,,,
LAB0012117,,,,,,,,,,
LAB0012118,,,,,,,,,,
LAB0012119,,,,,,,,,,
LAB0012120,,,,,,,,,,
LAB0012121,,,,,,,,,,
LAB0012122,,,,,,,,,,
LAB0012123,,,,,,,,,,
LAB0012124,,,,,,,,,,
LAB0012125,,,,,,,,,,
LAB0012126,,,,,,,,,,
LAB0012127,,,,,,,,,,
LAB0012128,,,,,,,,,,
LAB0012129,,,,,,,,,,
LAB0012130,,,,,,,,,,
LAB0012131,,,,,,,,,,
LAB0012132,,,,,,,,,,
LAB0012133,,,,,,,,,,
LAB0012134,,,,,,,,,,
LAB0012135,,,,,,,,,,
LAB0012136,,,,,,,,,,
LAB0012137,,,,,,,,,,
LAB0012138,,,,,,,,,,
LAB0012139,,,,,,,,,,
LAB0012140,,,,,,,,,,
LAB0012141,,,,,,,,,,
LAB0012142,,,,,,,,,,
LAB0012143,,,,,,,,,,
LAB0012144,,,,,,,,,,
LAB0012145,,,,,,,,,,
LAB0012146,,,,,,,,,,
LAB0012147,,,,,,,,,,
LAB0012148,,,,,,,,,,
LAB0012149,,,,,,,,,,
LAB0012150,,,,,,,,,,
LAB0012151,,,,,,,,,,
LAB0012152,,,,,,,,,,
LAB0012153,,,,,,,,,,
LAB0012154,,,,,,,,,,
LAB0012155,,,,,,,,,,
LAB0012156,,,,,,,,,,
LAB0012157,,,,,,,,,,
LAB0012158,,,,,,,,,,
LAB0012159,,,,,,,,,,
LAB0012160,,,,,,,,,,
LAB0012161,,,,,,,,,,
LAB0012162,,,,,,,,,,
LAB0012163,,,,,,,,,,
LAB0012164,,,,,,,,,,
LAB0012165,,,,,,,,,,
LAB0012166,,,,,,,,,,
LAB0012167,,,,,,,,,,
LAB0012168,,,,,,,,,,
LAB0012169,,,,,,,,,,
LAB0012170,,,,,,,,,,
LAB0012171,,,,,,,,,,
LAB0012172,,,,,,,,,,
LAB0012173,,,,,,,,,,
LAB0012174,,,,,,,,,,
LAB0012175,,,,,,,,,,
LAB0012176,,,,,,,,,,
LAB0012177,,,,,,,,,,
LAB0012178,,,,,,,,,,
LAB0012179,,,,,,,,,,
LAB0012180,,,,,,,,,,
LAB0012181,,,,,,,,,,
LAB0012182,,,,,,,,,,
LAB0012183,,,,,,,,,,
LAB0012184,,,,,,,,,,
LAB0012185,,,,,,,,,,
LAB0012186,,,,,,,,,,
LAB0012187,,,,,,,,,,
LAB0012188,,,,,,,,,,
LAB0012189,,,,,,,,,,
LAB0012190,,,,,,,,,,
LAB0012191,,,,,,,,,,
LAB0012192,,,,,,,,,,
LAB0012193,,,,,,,,,,
LAB0012194,,,,,,,,,,
LAB0012195,,,,,,,,,,
LAB0012196,,,,,,,,,,
LAB0012197,,,,,,,,,,
LAB0012198,,,,,,,,,,
LAB0012199,,,,,,,,,,
LAB0012200,,,,,,,,,,
LAB0012201,,,,,,,,,,
LAB0012202,,,,,,,,,,
LAB0012203,,,,,,,,,,
LAB0012204,,,,,,,,,,
LAB0012205,,,,,,,,,,
LAB0012206,,,,,,,,,,
LAB0012207,,,,,,,,,,
LAB0012208,,,,,,,,,,
LAB0012209,,,,,,,,,,
LAB0012210,,,,,,,,,,
LAB0012211,,,,,,,,,,
LAB0012212,,,,,,,,,,
LAB0012213,,,,,,,,,,
LAB0012214,,,,,,,,,,
LAB0012215,,,,,,,,,,
LAB0012216,,,,,,,,,,
LAB0012217,,,,,,,,,,
LAB0012218,,,,,,,,,,
LAB0012219,,,,,,,,,,
LAB0012220,,,,,,,,,,
LAB0012221,,,,,,,,,,
LAB0012222,,,,,,,,,,
LAB0012223,,,,,,,,,,
LAB0012224,,,,,,,,,,
LAB0012225,,,,,,,,,,
LAB0012226,,,,,,,,,,
LAB0012227,,,,,,,,,,
LAB0012228,,,,,,,,,,
LAB0012229,,,,,,,,,,
LAB0012230,,,,,,,,,,
LAB0012231,,,,,,,,,,
LAB0012232,,,,,,,,,,
LAB0012233,,,,,,,,,,
LAB0012234,,,,,,,,,,
LAB0012235,,,,,,,,,,
LAB0012236,,,,,,,,,,
LAB0012237,,,,,,,,,,
LAB0012238,,,,,,,,,,
LAB0012239,,,,,,,,,,
LAB0012240,,,,,,,,,,
LAB0012241,,,,,,,,,,
LAB0012242,,,,,,,,,,
LAB0012243,,,,,,,,,,
LAB0012244,,,,,,,,,,
LAB0012245,,,,,,,,,,
LAB0012246,,,,,,,,,,
LAB0012247,,,,,,,,,,
LAB0012248,,,,,,,,,,
LAB0012249,,,,,,,,,,
LAB0012250,,,,,,,,,,
LAB0012251,,,,,,,,,,
LAB0012252,,,,,,,,,,
LAB0012253,,,,,,,,,,
LAB0012254,,,,,,,,,,
LAB0012255,,,,,,,,,,
LAB0012256,,,,,,,,,,
LAB0012257,,,,,,,,,,
LAB0012258,,,,,,,,,,
LAB0012259,,,,,,,,,,
LAB0012260,,,,,,,,,,
LAB0012261,,,,,,,,,,
LAB0012262,,,,,,,,,,
LAB0012263,,,,,,,,,,
LAB0012264,,,,,,,,,,
LAB0012265,,,,,,,,,,
LAB0012266,,,,,,,,,,
LAB0012267,,,,,,,,,,
LAB0012268,,,,,,,,,,
LAB0012269,,,,,,,,,,
LAB0012270,,,,,,,,,,
LAB0012271,,,,,,,,,,
LAB0012272,,,,,,,,,,
LAB0012273,,,,,,,,,,
LAB0012274,,,,,,,,,,
LAB0012275,,,,,,,,,,
LAB0012276,,,,,,,,,,
LAB0012277,,,,,,,,,,
LAB0012278,,,,,,,,,,
LAB0012279,,,,,,,,,,
LAB0012280,,,,,,,,,,
LAB0012281,,,,,,,,,,
LAB0012282,,,,,,,,,,
LAB0012283,,,,,,,,,,
LAB0012284,,,,,,,,,,
LAB0012285,,,,,,,,,,
LAB0012286,,,,,,,,,,
LAB0012287,,,,,,,,,,
LAB0012288,,,,,,,,,,
LAB0012289,,,,,,,,,,
LAB0012290,,,,,,,,,,
LAB0012291,,,,,,,,,,
LAB0012292,,,,,,,,,,
LAB0012293,,,,,,,,,,
LAB0012294,,,,,,,,,,
LAB0012295,,,,,,,,,,
LAB0012296,,,,,,,,,,
LAB0012297,,,,,,,,,,
LAB0012298,,,,,,,,,,
LAB0012299,,,,,,,,,,
LAB0012300,,,,,,,,,,
LAB0012301,,,,,,,,,,
LAB0012302,,,,,,,,,,
LAB0012303,,,,,,,,,,
LAB0012304,,,,,,,,,,
LAB0012305,,,,,,,,,,
LAB0012306,,,,,,,,,,
LAB0012307,,,,,,,,,,
LAB0012308,,,,,,,,,,
LAB0012309,,,,,,,,,,
LAB0012310,,,,,,,,,,
LAB0012311,,,,,,,,,,
LAB0012312,,,,,,,,,,
LAB0012313,,,,,,,,,,
LAB0012314,,,,,,,,,,
LAB0012315,,,,,,,,,,
LAB0012316,,,,,,,,,,
LAB0012317,,,,,,,,,,
LAB0012318,,,,,,,,,,
LAB0012319,,,,,,,,,,
LAB0012320,,,,,,,,,,
LAB0012321,,,,,,,,,,
LAB0012322,,,,,,,,,,
LAB0012323,,,,,,,,,,
LAB0012324,,,,,,,,,,
LAB0012325,,,,,,,,,,
LAB0012326,,,,,,,,,,
LAB0012327,,,,,,,,,,
LAB0012328,,,,,,,,,,
LAB0012329,,,,,,,,,,
LAB0012330,,,,,,,,,,
LAB0012331,,,,,,,,,,
LAB0012332,,,,,,,,,,
LAB0012333,,,,,,,,,,
LAB0012334,,,,,,,,,,
LAB0012335,,,,,,,,,,
LAB0012336,,,,,,,,,,
LAB0012337,,,,,,,,,,
LAB0012338,,,,,,,,,,
LAB0012339,,,,,,,,,,
LAB0012340,,,,,,,,,,
LAB0012341,,,,,,,,,,
LAB0012342,,,,,,,,,,
LAB0012343,,,,,,,,,,
LAB0012344,,,,,,,,,,
LAB0012345,,,,,,,,,,
LAB0012346,,,,,,,,,,
LAB0012347,,,,,,,,,,
LAB0012348,,,,,,,,,,
LAB0012349,,,,,,,,,,
LAB0012350,,,,,,,,,,
LAB0012351,,,,,,,,,,
LAB0012352,,,,,,,,,,
LAB0012353,,,,,,,,,,
LAB0012354,,,,,,,,,,
LAB0012355,,,,,,,,,,
LAB0012356,,,,,,,,,,
LAB0012357,,,,,,,,,,
LAB0012358,,,,,,,,,,
LAB0012359,,,,,,,,,,
LAB0012360,,,,,,,,,,
LAB0012361,,,,,,,,,,
LAB0012362,,,,,,,,,,
LAB0012363,,,,,,,,,,
LAB0012364,,,,,,,,,,
LAB0012365,,,,,,,,,,
LAB0012366,,,,,,,,,,
LAB0012367,,,,,,,,,,
LAB0012368,,,,,,,,,,
LAB0012369,,,,,,,,,,
LAB0012370,,,,,,,,,,
LAB0012371,,,,,,,,,,
LAB0012372,,,,,,,,,,
LAB0012373,,,,,,,,,,
LAB0012374,,,,,,,,,,
LAB0012375,,,,,,,,,,
LAB0012376,,,,,,,,,,
LAB0012377,,,,,,,,,,
LAB0012378,,,,,,,,,,
LAB0012379,,,,,,,,,,
LAB0012380,,,,,,,,,,
LAB0012381,,,,,,,,,,
LAB0012382,,,,,,,,,,
LAB0012383,,,,,,,,,,
LAB0012384,,,,,,,,,,
LAB0012385,,,,,,,,,,
LAB0012386,,,,,,,,,,
LAB0012387,,,,,,,,,,
LAB0012388,,,,,,,,,,
LAB0012389,,,,,,,,,,
LAB0012390,,,,,,,,,,
LAB0012391,,,,,,,,,,
LAB0012392,,,,,,,,,,
LAB0012393,,,,,,,,,,
LAB0012394,,,,,,,,,,
LAB0012395,,,,,,,,,,
LAB0012396,,,,,,,,,,
LAB0012397,,,,,,,,,,
LAB0012398,,,,,,,,,,
LAB0012399,,,,,,,,,,
LAB0012400,,,,,,,,,,
LAB0012401,,,,,,,,,,
LAB0012402,,,,,,,,,,
LAB0012403,,,,,,,,,,
LAB0012404,,,,,,,,,,
LAB0012405,,,,,,,,,,
LAB0012406,,,,,,,,,,
LAB0012407,,,,,,,,,,
LAB0012408,,,,,,,,,,
LAB0012409,,,,,,,,,,
LAB0012410,,,,,,,,,,
LAB0012411,,,,,,,,,,
LAB0012412,,,,,,,,,,
LAB0012413,,,,,,,,,,
LAB0012414,,,,,,,,,,
LAB0012415,,,,,,,,,,
LAB0012416,,,,,,,,,,
LAB0012417,,,,,,,,,,
LAB0012418,,,,,,,,,,
LAB0012419,,,,,,,,,,
LAB0012420,,,,,,,,,,
LAB0012421,,,,,,,,,,
LAB0012422,,,,,,,,,,
LAB0012423,,,,,,,,,,
LAB0012424,,,,,,,,,,
LAB0012425,,,,,,,,,,
LAB0012426,,,,,,,,,,
LAB0012427,,,,,,,,,,
LAB0012428,,,,,,,,,,
LAB0012429,,,,,,,,,,
LAB0012430,,,,,,,,,,
LAB0012431,,,,,,,,,,
LAB0012432,,,,,,,,,,
LAB0012433,,,,,,,,,,
LAB0012434,,,,,,,,,,
LAB0012435,,,,,,,,,,
LAB0012436,,,,,,,,,,
LAB0012437,,,,,,,,,,
LAB0012438,,,,,,,,,,
LAB0012439,,,,,,,,,,
LAB0012440,,,,,,,,,,
LAB0012441,,,,,,,,,,
LAB0012442,,,,,,,,,,
LAB0012443,,,,,,,,,,
LAB0012444,,,,,,,,,,
LAB0012445,,,,,,,,,,
LAB0012446,,,,,,,,,,
LAB0012447,,,,,,,,,,
LAB0012448,,,,,,,,,,
LAB0012449,,,,,,,,,,
LAB0012450,,,,,,,,,,
LAB0012451,,,,,,,,,,
LAB0012452,,,,,,,,,,
LAB0012453,,,,,,,,,,
LAB0012454,,,,,,,,,,
LAB0012455,,,,,,,,,,
LAB0012456,,,,,,,,,,
LAB0012457,,,,,,,,,,
LAB0012458,,,,,,,,,,
LAB0012459,,,,,,,,,,
LAB0012460,,,,,,,,,,
LAB0012461,,,,,,,,,,
LAB0012462,,,,,,,,,,
LAB0012463,,,,,,,,,,
LAB0012464,,,,,,,,,,
LAB0012465,,,,,,,,,,
LAB0012466,,,,,,,,,,
LAB0012467,,,,,,,,,,
LAB0012468,,,,,,,,,,
LAB0012469,,,,,,,,,,
LAB0012470,,,,,,,,,,
LAB0012471,,,,,,,,,,
LAB0012472,,,,,,,,,,
LAB0012473,,,,,,,,,,
LAB0012474,,,,,,,,,,
LAB0012475,,,,,,,,,,
LAB0012476,,,,,,,,,,
LAB0012477,,,,,,,,,,
LAB0012478,,,,,,,,,,
LAB0012479,,,,,,,,,,
LAB0012480,,,,,,,,,,
LAB0012481,,,,,,,,,,
LAB0012482,,,,,,,,,,
LAB0012483,,,,,,,,,,
LAB0012484,,,,,,,,,,
LAB0012485,,,,,,,,,,
LAB0012486,,,,,,,,,,
LAB0012487,,,,,,,,,,
LAB0012488,,,,,,,,,,
LAB0012489,,,,,,,,,,
LAB0012490,,,,,,,,,,
LAB0012491,,,,,,,,,,
LAB0012492,,,,,,,,,,
LAB0012493,,,,,,,,,,
LAB0012494,,,,,,,,,,
LAB0012495,,,,,,,,,,
LAB0012496,,,,,,,,,,
LAB0012497,,,,,,,,,,
LAB0012498,,,,,,,,,,
LAB0012499,,,,,,,,,,
LAB0012500,,,,,,,,,,
LAB0012501,,,,,,,,,,
LAB0012502,,,,,,,,,,
LAB0012503,,,,,,,,,,
LAB0012504,,,,,,,,,,
LAB0012505,,,,,,,,,,
LAB0012506,,,,,,,,,,
LAB0012507,,,,,,,,,,
LAB0012508,,,,,,,,,,
LAB0012509,,,,,,,,,,
LAB0012510,,,,,,,,,,
LAB0012511,,,,,,,,,,
LAB0012512,,,,,,,,,,
LAB0012513,,,,,,,,,,
LAB0012514,,,,,,,,,,
LAB0012515,,,,,,,,,,
LAB0012516,,,,,,,,,,
LAB0012517,,,,,,,,,,
LAB0012518,,,,,,,,,,
LAB0012519,,,,,,,,,,
LAB0012520,,,,,,,,,,
LAB0012521,,,,,,,,,,
LAB0012522,,,,,,,,,,
LAB0012523,,,,,,,,,,
LAB0012524,,,,,,,,,,
LAB0012525,,,,,,,,,,
LAB0012526,,,,,,,,,,
LAB0012527,,,,,,,,,,
LAB0012528,,,,,,,,,,
LAB0012529,,,,,,,,,,
LAB0012530,,,,,,,,,,
LAB0012531,,,,,,,,,,
LAB0012532,,,,,,,,,,
LAB0012533,,,,,,,,,,
LAB0012534,,,,,,,,,,
LAB0012535,,,,,,,,,,
LAB0012536,,,,,,,,,,
LAB0012537,,,,,,,,,,
LAB0012538,,,,,,,,,,
LAB0012539,,,,,,,,,,
LAB0012540,,,,,,,,,,
LAB0012541,,,,,,,,,,
LAB0012542,,,,,,,,,,
LAB0012543,,,,,,,,,,
LAB0012544,,,,,,,,,,
LAB0012545,,,,,,,,,,
LAB0012546,,,,,,,,,,
LAB0012547,,,,,,,,,,
LAB0012548,,,,,,,,,,
LAB0012549,,,,,,,,,,
LAB0012550,,,,,,,,,,
LAB0012551,,,,,,,,,,
LAB0012552,,,,,,,,,,
LAB0012553,,,,,,,,,,
LAB0012554,,,,,,,,,,
LAB0012555,,,,,,,,,,
LAB0012556,,,,,,,,,,
LAB0012557,,,,,,,,,,
LAB0012558,,,,,,,,,,
LAB0012559,,,,,,,,,,
LAB0012560,,,,,,,,,,
LAB0012561,,,,,,,,,,
LAB0012562,,,,,,,,,,
LAB0012563,,,,,,,,,,
LAB0012564,,,,,,,,,,
LAB0012565,,,,,,,,,,
LAB0012566,,,,,,,,,,
LAB0012567,,,,,,,,,,
LAB0012568,,,,,,,,,,
LAB0012569,,,,,,,,,,
LAB0012570,,,,,,,,,,
LAB0012571,,,,,,,,,,
LAB0012572,,,,,,,,,,
LAB0012573,,,,,,,,,,
LAB0012574,,,,,,,,,,
LAB0012575,,,,,,,,,,
LAB0012576,,,,,,,,,,
LAB0012577,,,,,,,,,,
LAB0012578,,,,,,,,,,
LAB0012579,,,,,,,,,,
LAB0012580,,,,,,,,,,
LAB0012581,,,,,,,,,,
LAB0012582,,,,,,,,,,
LAB0012583,,,,,,,,,,
LAB0012584,,,,,,,,,,
LAB0012585,,,,,,,,,,
LAB0012586,,,,,,,,,,
LAB0012587,,,,,,,,,,
LAB0012588,,,,,,,,,,
LAB0012589,,,,,,,,,,
LAB0012590,,,,,,,,,,
LAB0012591,,,,,,,,,,
LAB0012592,,,,,,,,,,
LAB0012593,,,,,,,,,,
LAB0012594,,,,,,,,,,
LAB0012595,,,,,,,,,,
LAB0012596,,,,,,,,,,
LAB0012597,,,,,,,,,,
LAB0012598,,,,,,,,,,
LAB0012599,,,,,,,,,,
LAB0012600,,,,,,,,,,
LAB0012601,,,,,,,,,,
LAB0012602,,,,,,,,,,
LAB0012603,,,,,,,,,,
LAB0012604,,,,,,,,,,
LAB0012605,,,,,,,,,,
LAB0012606,,,,,,,,,,
LAB0012607,,,,,,,,,,
LAB0012608,,,,,,,,,,
LAB0012609,,,,,,,,,,
LAB0012610,,,,,,,,,,
LAB0012611,,,,,,,,,,
LAB0012612,,,,,,,,,,
LAB0012613,,,,,,,,,,
LAB0012614,,,,,,,,,,
LAB0012615,,,,,,,,,,
LAB0012616,,,,,,,,,,
LAB0012617,,,,,,,,,,
LAB0012618,,,,,,,,,,
LAB0012619,,,,,,,,,,
LAB0012620,,,,,,,,,,
LAB0012621,,,,,,,,,,
LAB0012622,,,,,,,,,,
LAB0012623,,,,,,,,,,
LAB0012624,,,,,,,,,,
LAB0012625,,,,,,,,,,
LAB0012626,,,,,,,,,,
LAB0012627,,,,,,,,,,
LAB0012628,,,,,,,,,,
LAB0012629,,,,,,,,,,
LAB0012630,,,,,,,,,,
LAB0012631,,,,,,,,,,
LAB0012632,,,,,,,,,,
LAB0012633,,,,,,,,,,
LAB0012634,,,,,,,,,,
LAB0012635,,,,,,,,,,
LAB0012636,,,,,,,,,,
LAB0012637,,,,,,,,,,
LAB0012638,,,,,,,,,,
LAB0012639,,,,,,,,,,
LAB0012640,,,,,,,,,,
LAB0012641,,,,,,,,,,
LAB0012642,,,,,,,,,,
LAB0012643,,,,,,,,,,
LAB0012644,,,,,,,,,,
LAB0012645,,,,,,,,,,
LAB0012646,,,,,,,,,,
LAB0012647,,,,,,,,,,
LAB0012648,,,,,,,,,,
LAB0012649,,,,,,,,,,
LAB0012650,,,,,,,,,,
LAB0012651,,,,,,,,,,
LAB0012652,,,,,,,,,,
LAB0012653,,,,,,,,,,
LAB0012654,,,,,,,,,,
LAB0012655,,,,,,,,,,
LAB0012656,,,,,,,,,,
LAB0012657,,,,,,,,,,
LAB0012658,,,,,,,,,,
LAB0012659,,,,,,,,,,
LAB0012660,,,,,,,,,,
LAB0012661,,,,,,,,,,
LAB0012662,,,,,,,,,,
LAB0012663,,,,,,,,,,
LAB0012664,,,,,,,,,,
LAB0012665,,,,,,,,,,
LAB0012666,,,,,,,,,,
LAB0012667,,,,,,,,,,
LAB0012668,,,,,,,,,,
LAB0012669,,,,,,,,,,
LAB0012670,,,,,,,,,,
LAB0012671,,,,,,,,,,
LAB0012672,,,,,,,,,,
LAB0012673,,,,,,,,,,
LAB0012674,,,,,,,,,,
LAB0012675,,,,,,,,,,
LAB0012676,,,,,,,,,,
LAB0012677,,,,,,,,,,
LAB0012678,,,,,,,,,,
LAB0012679,,,,,,,,,,
LAB0012680,,,,,,,,,,
LAB0012681,,,,,,,,,,
LAB0012682,,,,,,,,,,
LAB0012683,,,,,,,,,,
LAB0012684,,,,,,,,,,
LAB0012685,,,,,,,,,,
LAB0012686,,,,,,,,,,
LAB0012687,,,,,,,,,,
LAB0012688,,,,,,,,,,
LAB0012689,,,,,,,,,,
LAB0012690,,,,,,,,,,
LAB0012691,,,,,,,,,,
LAB0012692,,,,,,,,,,
LAB0012693,,,,,,,,,,
LAB0012694,,,,,,,,,,
LAB0012695,,,,,,,,,,
LAB0012696,,,,,,,,,,
LAB0012697,,,,,,,,,,
LAB0012698,,,,,,,,,,
LAB0012699,,,,,,,,,,
LAB0012700,,,,,,,,,,
LAB0012701,,,,,,,,,,
LAB0012702,,,,,,,,,,
LAB0012703,,,,,,,,,,
LAB0012704,,,,,,,,,,
LAB0012705,,,,,,,,,,
LAB0012706,,,,,,,,,,
LAB0012707,,,,,,,,,,
LAB0012708,,,,,,,,,,
LAB0012709,,,,,,,,,,
LAB0012710,,,,,,,,,,
LAB0012711,,,,,,,,,,
LAB0012712,,,,,,,,,,
LAB0012713,,,,,,,,,,
LAB0012714,,,,,,,,,,
LAB0012715,,,,,,,,,,
LAB0012716,,,,,,,,,,
LAB0012717,,,,,,,,,,
LAB0012718,,,,,,,,,,
LAB0012719,,,,,,,,,,
LAB0012720,,,,,,,,,,
LAB0012721,,,,,,,,,,
LAB0012722,,,,,,,,,,
LAB0012723,,,,,,,,,,
LAB0012724,,,,,,,,,,
LAB0012725,,,,,,,,,,
LAB0012726,,,,,,,,,,
LAB0012727,,,,,,,,,,
LAB0012728,,,,,,,,,,
LAB0012729,,,,,,,,,,
LAB0012730,,,,,,,,,,
LAB0012731,,,,,,,,,,
LAB0012732,,,,,,,,,,
LAB0012733,,,,,,,,,,
LAB0012734,,,,,,,,,,
LAB0012735,,,,,,,,,,
LAB0012736,,,,,,,,,,
LAB0012737,,,,,,,,,,
LAB0012738,,,,,,,,,,
LAB0012739,,,,,,,,,,
LAB0012740,,,,,,,,,,
LAB0012741,,,,,,,,,,
LAB0012742,,,,,,,,,,
LAB0012743,,,,,,,,,,
LAB0012744,,,,,,,,,,
LAB0012745,,,,,,,,,,
LAB0012746,,,,,,,,,,
LAB0012747,,,,,,,,,,
LAB0012748,,,,,,,,,,
LAB0012749,,,,,,,,,,
LAB0012750,,,,,,,,,,
LAB0012751,,,,,,,,,,
LAB0012752,,,,,,,,,,
LAB0012753,,,,,,,,,,
LAB0012754,,,,,,,,,,
LAB0012755,,,,,,,,,,
LAB0012756,,,,,,,,,,
LAB0012757,,,,,,,,,,
LAB0012758,,,,,,,,,,
LAB0012759,,,,,,,,,,
LAB0012760,,,,,,,,,,
LAB0012761,,,,,,,,,,
LAB0012762,,,,,,,,,,
LAB0012763,,,,,,,,,,
LAB0012764,,,,,,,,,,
LAB0012765,,,,,,,,,,
LAB0012766,,,,,,,,,,
LAB0012767,,,,,,,,,,
LAB0012768,,,,,,,,,,
LAB0012769,,,,,,,,,,
LAB0012770,,,,,,,,,,
LAB0012771,,,,,,,,,,
LAB0012772,,,,,,,,,,
LAB0012773,,,,,,,,,,
LAB0012774,,,,,,,,,,
LAB0012775,,,,,,,,,,
LAB0012776,,,,,,,,,,
LAB0012777,,,,,,,,,,
LAB0012778,,,,,,,,,,
LAB0012779,,,,,,,,,,
LAB0012780,,,,,,,,,,
LAB0012781,,,,,,,,,,
LAB0012782,,,,,,,,,,
LAB0012783,,,,,,,,,,
LAB0012784,,,,,,,,,,
LAB0012785,,,,,,,,,,
LAB0012786,,,,,,,,,,
LAB0012787,,,,,,,,,,
LAB0012788,,,,,,,,,,
LAB0012789,,,,,,,,,,
LAB0012790,,,,,,,,,,
LAB0012791,,,,,,,,,,
LAB0012792,,,,,,,,,,
LAB0012793,,,,,,,,,,
LAB0012794,,,,,,,,,,
LAB0012795,,,,,,,,,,
LAB0012796,,,,,,,,,,
LAB0012797,,,,,,,,,,
LAB0012798,,,,,,,,,,
LAB0012799,,,,,,,,,,
LAB0012800,,,,,,,,,,
LAB0012801,,,,,,,,,,
LAB0012802,,,,,,,,,,
LAB0012803,,,,,,,,,,
LAB0012804,,,,,,,,,,
LAB0012805,,,,,,,,,,
LAB0012806,,,,,,,,,,
LAB0012807,,,,,,,,,,
LAB0012808,,,,,,,,,,
LAB0012809,,,,,,,,,,
LAB0012810,,,,,,,,,,
LAB0012811,,,,,,,,,,
LAB0012812,,,,,,,,,,
LAB0012813,,,,,,,,,,
LAB0012814,,,,,,,,,,
LAB0012815,,,,,,,,,,
LAB0012816,,,,,,,,,,
LAB0012817,,,,,,,,,,
LAB0012818,,,,,,,,,,
LAB0012819,,,,,,,,,,
LAB0012820,,,,,,,,,,
LAB0012821,,,,,,,,,,
LAB0012822,,,,,,,,,,
LAB0012823,,,,,,,,,,
LAB0012824,,,,,,,,,,
LAB0012825,,,,,,,,,,
LAB0012826,,,,,,,,,,
LAB0012827,,,,,,,,,,
LAB0012828,,,,,,,,,,
LAB0012829,,,,,,,,,,
LAB0012830,,,,,,,,,,
LAB0012831,,,,,,,,,,
LAB0012832,,,,,,,,,,
LAB0012833,,,,,,,,,,
LAB0012834,,,,,,,,,,
LAB0012835,,,,,,,,,,
LAB0012836,,,,,,,,,,
LAB0012837,,,,,,,,,,
LAB0012838,,,,,,,,,,
LAB0012839,,,,,,,,,,
LAB0012840,,,,,,,,,,
LAB0012841,,,,,,,,,,
LAB0012842,,,,,,,,,,
LAB0012843,,,,,,,,,,
LAB0012844,,,,,,,,,,
LAB0012845,,,,,,,,,,
LAB0012846,,,,,,,,,,
LAB0012847,,,,,,,,,,
LAB0012848,,,,,,,,,,
LAB0012849,,,,,,,,,,
LAB0012850,,,,,,,,,,
LAB0012851,,,,,,,,,,
LAB0012852,,,,,,,,,,
LAB0012853,,,,,,,,,,
LAB0012854,,,,,,,,,,
LAB0012855,,,,,,,,,,
LAB0012856,,,,,,,,,,
LAB0012857,,,,,,,,,,
LAB0012858,,,,,,,,,,
LAB0012859,,,,,,,,,,
LAB0012860,,,,,,,,,,
LAB0012861,,,,,,,,,,
LAB0012862,,,,,,,,,,
LAB0012863,,,,,,,,,,
LAB0012864,,,,,,,,,,
LAB0012865,,,,,,,,,,
LAB0012866,,,,,,,,,,
LAB0012867,,,,,,,,,,
LAB0012868,,,,,,,,,,
LAB0012869,,,,,,,,,,
LAB0012870,,,,,,,,,,
LAB0012871,,,,,,,,,,
LAB0012872,,,,,,,,,,
LAB0012873,,,,,,,,,,
LAB0012874,,,,,,,,,,
LAB0012875,,,,,,,,,,
LAB0012876,,,,,,,,,,
LAB0012877,,,,,,,,,,
LAB0012878,,,,,,,,,,
LAB0012879,,,,,,,,,,
LAB0012880,,,,,,,,,,
LAB0012881,,,,,,,,,,
LAB0012882,,,,,,,,,,
LAB0012883,,,,,,,,,,
LAB0012884,,,,,,,,,,
LAB0012885,,,,,,,,,,
LAB0012886,,,,,,,,,,
LAB0012887,,,,,,,,,,
LAB0012888,,,,,,,,,,
LAB0012889,,,,,,,,,,
LAB0012890,,,,,,,,,,
LAB0012891,,,,,,,,,,
LAB0012892,,,,,,,,,,
LAB0012893,,,,,,,,,,
LAB0012894,,,,,,,,,,
LAB0012895,,,,,,,,,,
LAB0012896,,,,,,,,,,
LAB0012897,,,,,,,,,,
LAB0012898,,,,,,,,,,
LAB0012899,,,,,,,,,,
LAB0012900,,,,,,,,,,
LAB0012901,,,,,,,,,,
LAB0012902,,,,,,,,,,
LAB0012903,,,,,,,,,,
LAB0012904,,,,,,,,,,
LAB0012905,,,,,,,,,,
LAB0012906,,,,,,,,,,
LAB0012907,,,,,,,,,,
LAB0012908,,,,,,,,,,
LAB0012909,,,,,,,,,,
LAB0012910,,,,,,,,,,
LAB0012911,,,,,,,,,,
LAB0012912,,,,,,,,,,
LAB0012913,,,,,,,,,,
LAB0012914,,,,,,,,,,
LAB0012915,,,,,,,,,,
LAB0012916,,,,,,,,,,
LAB0012917,,,,,,,,,,
LAB0012918,,,,,,,,,,
LAB0012919,,,,,,,,,,
LAB0012920,,,,,,,,,,
LAB0012921,,,,,,,,,,
LAB0012922,,,,,,,,,,
LAB0012923,,,,,,,,,,
LAB0012924,,,,,,,,,,
LAB0012925,,,,,,,,,,
LAB0012926,,,,,,,,,,
LAB0012927,,,,,,,,,,
LAB0012928,,,,,,,,,,
LAB0012929,,,,,,,,,,
LAB0012930,,,,,,,,,,
LAB0012931,,,,,,,,,,
LAB0012932,,,,,,,,,,
LAB0012933,,,,,,,,,,
LAB0012934,,,,,,,,,,
LAB0012935,,,,,,,,,,
LAB0012936,,,,,,,,,,
LAB0012937,,,,,,,,,,
LAB0012938,,,,,,,,,,
LAB0012939,,,,,,,,,,
LAB0012940,,,,,,,,,,
LAB0012941,,,,,,,,,,
LAB0012942,,,,,,,,,,
LAB0012943,,,,,,,,,,
LAB0012944,,,,,,,,,,
LAB0012945,,,,,,,,,,
LAB0012946,,,,,,,,,,
LAB0012947,,,,,,,,,,
LAB0012948,,,,,,,,,,
LAB0012949,,,,,,,,,,
LAB0012950,,,,,,,,,,
LAB0012951,,,,,,,,,,
LAB0012952,,,,,,,,,,
LAB0012953,,,,,,,,,,
LAB0012954,,,,,,,,,,
LAB0012955,,,,,,,,,,
LAB0012956,,,,,,,,,,
LAB0012957,,,,,,,,,,
LAB0012958,,,,,,,,,,
LAB0012959,,,,,,,,,,
LAB0012960,,,,,,,,,,
LAB0012961,,,,,,,,,,
LAB0012962,,,,,,,,,,
LAB0012963,,,,,,,,,,
LAB0012964,,,,,,,,,,
LAB0012965,,,,,,,,,,
LAB0012966,,,,,,,,,,
LAB0012967,,,,,,,,,,
LAB0012968,,,,,,,,,,
LAB0012969,,,,,,,,,,
LAB0012970,,,,,,,,,,
LAB0012971,,,,,,,,,,
LAB0012972,,,,,,,,,,
LAB0012973,,,,,,,,,,
LAB0012974,,,,,,,,,,
LAB0012975,,,,,,,,,,
LAB0012976,,,,,,,,,,
LAB0012977,,,,,,,,,,
LAB0012978,,,,,,,,,,
LAB0012979,,,,,,,,,,
LAB0012980,,,,,,,,,,
LAB0012981,,,,,,,,,,
LAB0012982,,,,,,,,,,
LAB0012983,,,,,,,,,,
LAB0012984,,,,,,,,,,
LAB0012985,,,,,,,,,,
LAB0012986,,,,,,,,,,
LAB0012987,,,,,,,,,,
LAB0012988,,,,,,,,,,
LAB0012989,,,,,,,,,,
LAB0012990,,,,,,,,,,
LAB0012991,,,,,,,,,,
LAB0012992,,,,,,,,,,
LAB0012993,,,,,,,,,,
LAB0012994,,,,,,,,,,
LAB0012995,,,,,,,,,,
LAB0012996,,,,,,,,,,
LAB0012997,,,,,,,,,,
LAB0012998,,,,,,,,,,
LAB0012999,,,,,,,,,,
LAB0013000,,,,,,,,,,
LAB0013001,,,,,,,,,,
LAB0013002,,,,,,,,,,
LAB0013003,,,,,,,,,,
LAB0013004,,,,,,,,,,
LAB0013005,,,,,,,,,,
LAB0013006,,,,,,,,,,
LAB0013007,,,,,,,,,,
LAB0013008,,,,,,,,,,
LAB0013009,,,,,,,,,,
LAB0013010,,,,,,,,,,
LAB0013011,,,,,,,,,,
LAB0013012,,,,,,,,,,
LAB0013013,,,,,,,,,,
LAB0013014,,,,,,,,,,
LAB0013015,,,,,,,,,,
LAB0013016,,,,,,,,,,
LAB0013017,,,,,,,,,,
LAB0013018,,,,,,,,,,
LAB0013019,,,,,,,,,,
LAB0013020,,,,,,,,,,
LAB0013021,,,,,,,,,,
LAB0013022,,,,,,,,,,
LAB0013023,,,,,,,,,,
LAB0013024,,,,,,,,,,
LAB0013025,,,,,,,,,,
LAB0013026,,,,,,,,,,
LAB0013027,,,,,,,,,,
LAB0013028,,,,,,,,,,
LAB0013029,,,,,,,,,,
LAB0013030,,,,,,,,,,
LAB0013031,,,,,,,,,,
LAB0013032,,,,,,,,,,
LAB0013033,,,,,,,,,,
LAB0013034,,,,,,,,,,
LAB0013035,,,,,,,,,,
LAB0013036,,,,,,,,,,
LAB0013037,,,,,,,,,,
LAB0013038,,,,,,,,,,
LAB0013039,,,,,,,,,,
LAB0013040,,,,,,,,,,
LAB0013041,,,,,,,,,,
LAB0013042,,,,,,,,,,
LAB0013043,,,,,,,,,,
LAB0013044,,,,,,,,,,
LAB0013045,,,,,,,,,,
LAB0013046,,,,,,,,,,
LAB0013047,,,,,,,,,,
LAB0013048,,,,,,,,,,
LAB0013049,,,,,,,,,,
LAB0013050,,,,,,,,,,
LAB0013051,,,,,,,,,,
LAB0013052,,,,,,,,,,
LAB0013053,,,,,,,,,,
LAB0013054,,,,,,,,,,
LAB0013055,,,,,,,,,,
LAB0013056,,,,,,,,,,
LAB0013057,,,,,,,,,,
LAB0013058,,,,,,,,,,
LAB0013059,,,,,,,,,,
LAB0013060,,,,,,,,,,
LAB0013061,,,,,,,,,,
LAB0013062,,,,,,,,,,
LAB0013063,,,,,,,,,,
LAB0013064,,,,,,,,,,
LAB0013065,,,,,,,,,,
LAB0013066,,,,,,,,,,
LAB0013067,,,,,,,,,,
LAB0013068,,,,,,,,,,
LAB0013069,,,,,,,,,,
LAB0013070,,,,,,,,,,
LAB0013071,,,,,,,,,,
LAB0013072,,,,,,,,,,
LAB0013073,,,,,,,,,,
LAB0013074,,,,,,,,,,
LAB0013075,,,,,,,,,,
LAB0013076,,,,,,,,,,
LAB0013077,,,,,,,,,,
LAB0013078,,,,,,,,,,
LAB0013079,,,,,,,,,,
LAB0013080,,,,,,,,,,
LAB0013081,,,,,,,,,,
LAB0013082,,,,,,,,,,
LAB0013083,,,,,,,,,,
LAB0013084,,,,,,,,,,
LAB0013085,,,,,,,,,,
LAB0013086,,,,,,,,,,
LAB0013087,,,,,,,,,,
LAB0013088,,,,,,,,,,
LAB0013089,,,,,,,,,,
LAB0013090,,,,,,,,,,
LAB0013091,,,,,,,,,,
LAB0013092,,,,,,,,,,
LAB0013093,,,,,,,,,,
LAB0013094,,,,,,,,,,
LAB0013095,,,,,,,,,,
LAB0013096,,,,,,,,,,
LAB0013097,,,,,,,,,,
LAB0013098,,,,,,,,,,
LAB0013099,,,,,,,,,,
LAB0013100,,,,,,,,,,
LAB0013101,,,,,,,,,,
LAB0013102,,,,,,,,,,
LAB0013103,,,,,,,,,,
LAB0013104,,,,,,,,,,
LAB0013105,,,,,,,,,,
LAB0013106,,,,,,,,,,
LAB0013107,,,,,,,,,,
LAB0013108,,,,,,,,,,
LAB0013109,,,,,,,,,,
LAB0013110,,,,,,,,,,
LAB0013111,,,,,,,,,,
LAB0013112,,,,,,,,,,
LAB0013113,,,,,,,,,,
LAB0013114,,,,,,,,,,
LAB0013115,,,,,,,,,,
LAB0013116,,,,,,,,,,
LAB0013117,,,,,,,,,,
LAB0013118,,,,,,,,,,
LAB0013119,,,,,,,,,,
LAB0013120,,,,,,,,,,
LAB0013121,,,,,,,,,,
LAB0013122,,,,,,,,,,
LAB0013123,,,,,,,,,,
LAB0013124,,,,,,,,,,
LAB0013125,,,,,,,,,,
LAB0013126,,,,,,,,,,
LAB0013127,,,,,,,,,,
LAB0013128,,,,,,,,,,
LAB0013129,,,,,,,,,,
LAB0013130,,,,,,,,,,
LAB0013131,,,,,,,,,,
LAB0013132,,,,,,,,,,
LAB0013133,,,,,,,,,,
LAB0013134,,,,,,,,,,
LAB0013135,,,,,,,,,,
LAB0013136,,,,,,,,,,
LAB0013137,,,,,,,,,,
LAB0013138,,,,,,,,,,
LAB0013139,,,,,,,,,,
LAB0013140,,,,,,,,,,
LAB0013141,,,,,,,,,,
LAB0013142,,,,,,,,,,
LAB0013143,,,,,,,,,,
LAB0013144,,,,,,,,,,
LAB0013145,,,,,,,,,,
LAB0013146,,,,,,,,,,
LAB0013147,,,,,,,,,,
LAB0013148,,,,,,,,,,
LAB0013149,,,,,,,,,,
LAB0013150,,,,,,,,,,
LAB0013151,,,,,,,,,,
LAB0013152,,,,,,,,,,
LAB0013153,,,,,,,,,,
LAB0013154,,,,,,,,,,
LAB0013155,,,,,,,,,,
LAB0013156,,,,,,,,,,
LAB0013157,,,,,,,,,,
LAB0013158,,,,,,,,,,
LAB0013159,,,,,,,,,,
LAB0013160,,,,,,,,,,
LAB0013161,,,,,,,,,,
LAB0013162,,,,,,,,,,
LAB0013163,,,,,,,,,,
LAB0013164,,,,,,,,,,
LAB0013165,,,,,,,,,,
LAB0013166,,,,,,,,,,
LAB0013167,,,,,,,,,,
LAB0013168,,,,,,,,,,
LAB0013169,,,,,,,,,,
LAB0013170,,,,,,,,,,
LAB0013171,,,,,,,,,,
LAB0013172,,,,,,,,,,
LAB0013173,,,,,,,,,,
LAB0013174,,,,,,,,,,
LAB0013175,,,,,,,,,,
LAB0013176,,,,,,,,,,
LAB0013177,,,,,,,,,,
LAB0013178,,,,,,,,,,
LAB0013179,,,,,,,,,,
LAB0013180,,,,,,,,,,
LAB0013181,,,,,,,,,,
LAB0013182,,,,,,,,,,
LAB0013183,,,,,,,,,,
LAB0013184,,,,,,,,,,
LAB0013185,,,,,,,,,,
LAB0013186,,,,,,,,,,
LAB0013187,,,,,,,,,,
LAB0013188,,,,,,,,,,
LAB0013189,,,,,,,,,,
LAB0013190,,,,,,,,,,
LAB0013191,,,,,,,,,,
LAB0013192,,,,,,,,,,
LAB0013193,,,,,,,,,,
LAB0013194,,,,,,,,,,
LAB0013195,,,,,,,,,,
LAB0013196,,,,,,,,,,
LAB0013197,,,,,,,,,,
LAB0013198,,,,,,,,,,
LAB0013199,,,,,,,,,,
LAB0013200,,,,,,,,,,
LAB0013201,,,,,,,,,,
LAB0013202,,,,,,,,,,
LAB0013203,,,,,,,,,,
LAB0013204,,,,,,,,,,
LAB0013205,,,,,,,,,,
LAB0013206,,,,,,,,,,
LAB0013207,,,,,,,,,,
LAB0013208,,,,,,,,,,
LAB0013209,,,,,,,,,,
LAB0013210,,,,,,,,,,
LAB0013211,,,,,,,,,,
LAB0013212,,,,,,,,,,
LAB0013213,,,,,,,,,,
LAB0013214,,,,,,,,,,
LAB0013215,,,,,,,,,,
LAB0013216,,,,,,,,,,
LAB0013217,,,,,,,,,,
LAB0013218,,,,,,,,,,
LAB0013219,,,,,,,,,,
LAB0013220,,,,,,,,,,
LAB0013221,,,,,,,,,,
LAB0013222,,,,,,,,,,
LAB0013223,,,,,,,,,,
LAB0013224,,,,,,,,,,
LAB0013225,,,,,,,,,,
LAB0013226,,,,,,,,,,
LAB0013227,,,,,,,,,,
LAB0013228,,,,,,,,,,
LAB0013229,,,,,,,,,,
LAB0013230,,,,,,,,,,
LAB0013231,,,,,,,,,,
LAB0013232,,,,,,,,,,
LAB0013233,,,,,,,,,,
LAB0013234,,,,,,,,,,
LAB0013235,,,,,,,,,,
LAB0013236,,,,,,,,,,
LAB0013237,,,,,,,,,,
LAB0013238,,,,,,,,,,
LAB0013239,,,,,,,,,,
LAB0013240,,,,,,,,,,
LAB0013241,,,,,,,,,,
LAB0013242,,,,,,,,,,
LAB0013243,,,,,,,,,,
LAB0013244,,,,,,,,,,
LAB0013245,,,,,,,,,,
LAB0013246,,,,,,,,,,
LAB0013247,,,,,,,,,,
LAB0013248,,,,,,,,,,
LAB0013249,,,,,,,,,,
LAB0013250,,,,,,,,,,
LAB0013251,,,,,,,,,,
LAB0013252,,,,,,,,,,
LAB0013253,,,,,,,,,,
LAB0013254,,,,,,,,,,
LAB0013255,,,,,,,,,,
LAB0013256,,,,,,,,,,
LAB0013257,,,,,,,,,,
LAB0013258,,,,,,,,,,
LAB0013259,,,,,,,,,,
LAB0013260,,,,,,,,,,
LAB0013261,,,,,,,,,,
LAB0013262,,,,,,,,,,
LAB0013263,,,,,,,,,,
LAB0013264,,,,,,,,,,
LAB0013265,,,,,,,,,,
LAB0013266,,,,,,,,,,
LAB0013267,,,,,,,,,,
LAB0013268,,,,,,,,,,
LAB0013269,,,,,,,,,,
LAB0013270,,,,,,,,,,
LAB0013271,,,,,,,,,,
LAB0013272,,,,,,,,,,
LAB0013273,,,,,,,,,,
LAB0013274,,,,,,,,,,
LAB0013275,,,,,,,,,,
LAB0013276,,,,,,,,,,
LAB0013277,,,,,,,,,,
LAB0013278,,,,,,,,,,
LAB0013279,,,,,,,,,,
LAB0013280,,,,,,,,,,
LAB0013281,,,,,,,,,,
LAB0013282,,,,,,,,,,
LAB0013283,,,,,,,,,,
LAB0013284,,,,,,,,,,
LAB0013285,,,,,,,,,,
LAB0013286,,,,,,,,,,
LAB0013287,,,,,,,,,,
LAB0013288,,,,,,,,,,
LAB0013289,,,,,,,,,,
LAB0013290,,,,,,,,,,
LAB0013291,,,,,,,,,,
LAB0013292,,,,,,,,,,
LAB0013293,,,,,,,,,,
LAB0013294,,,,,,,,,,
LAB0013295,,,,,,,,,,
LAB0013296,,,,,,,,,,
LAB0013297,,,,,,,,,,
LAB0013298,,,,,,,,,,
LAB0013299,,,,,,,,,,
LAB0013300,,,,,,,,,,
LAB0013301,,,,,,,,,,
LAB0013302,,,,,,,,,,
LAB0013303,,,,,,,,,,
LAB0013304,,,,,,,,,,
LAB0013305,,,,,,,,,,
LAB0013306,,,,,,,,,,
LAB0013307,,,,,,,,,,
LAB0013308,,,,,,,,,,
LAB0013309,,,,,,,,,,
LAB0013310,,,,,,,,,,
LAB0013311,,,,,,,,,,
LAB0013312,,,,,,,,,,
LAB0013313,,,,,,,,,,
LAB0013314,,,,,,,,,,
LAB0013315,,,,,,,,,,
LAB0013316,,,,,,,,,,
LAB0013317,,,,,,,,,,
LAB0013318,,,,,,,,,,
LAB0013319,,,,,,,,,,
LAB0013320,,,,,,,,,,
LAB0013321,,,,,,,,,,
LAB0013322,,,,,,,,,,
LAB0013323,,,,,,,,,,
LAB0013324,,,,,,,,,,
LAB0013325,,,,,,,,,,
LAB0013326,,,,,,,,,,
LAB0013327,,,,,,,,,,
LAB0013328,,,,,,,,,,
LAB0013329,,,,,,,,,,
LAB0013330,,,,,,,,,,
LAB0013331,,,,,,,,,,
LAB0013332,,,,,,,,,,
LAB0013333,,,,,,,,,,
LAB0013334,,,,,,,,,,
LAB0013335,,,,,,,,,,
LAB0013336,,,,,,,,,,
LAB0013337,,,,,,,,,,
LAB0013338,,,,,,,,,,
LAB0013339,,,,,,,,,,
LAB0013340,,,,,,,,,,
LAB0013341,,,,,,,,,,
LAB0013342,,,,,,,,,,
LAB0013343,,,,,,,,,,
LAB0013344,,,,,,,,,,
LAB0013345,,,,,,,,,,
LAB0013346,,,,,,,,,,
LAB0013347,,,,,,,,,,
LAB0013348,,,,,,,,,,
LAB0013349,,,,,,,,,,
LAB0013350,,,,,,,,,,
LAB0013351,,,,,,,,,,
LAB0013352,,,,,,,,,,
LAB0013353,,,,,,,,,,
LAB0013354,,,,,,,,,,
LAB0013355,,,,,,,,,,
LAB0013356,,,,,,,,,,
LAB0013357,,,,,,,,,,
LAB0013358,,,,,,,,,,
LAB0013359,,,,,,,,,,
LAB0013360,,,,,,,,,,
LAB0013361,,,,,,,,,,
LAB0013362,,,,,,,,,,
LAB0013363,,,,,,,,,,
LAB0013364,,,,,,,,,,
LAB0013365,,,,,,,,,,
LAB0013366,,,,,,,,,,
LAB0013367,,,,,,,,,,
LAB0013368,,,,,,,,,,
LAB0013369,,,,,,,,,,
LAB0013370,,,,,,,,,,
LAB0013371,,,,,,,,,,
LAB0013372,,,,,,,,,,
LAB0013373,,,,,,,,,,
LAB0013374,,,,,,,,,,
LAB0013375,,,,,,,,,,
LAB0013376,,,,,,,,,,
LAB0013377,,,,,,,,,,
LAB0013378,,,,,,,,,,
LAB0013379,,,,,,,,,,
LAB0013380,,,,,,,,,,
LAB0013381,,,,,,,,,,
LAB0013382,,,,,,,,,,
LAB0013383,,,,,,,,,,
LAB0013384,,,,,,,,,,
LAB0013385,,,,,,,,,,
LAB0013386,,,,,,,,,,
LAB0013387,,,,,,,,,,
LAB0013388,,,,,,,,,,
LAB0013389,,,,,,,,,,
LAB0013390,,,,,,,,,,
LAB0013391,,,,,,,,,,
LAB0013392,,,,,,,,,,
LAB0013393,,,,,,,,,,
LAB0013394,,,,,,,,,,
LAB0013395,,,,,,,,,,
LAB0013396,,,,,,,,,,
LAB0013397,,,,,,,,,,
LAB0013398,,,,,,,,,,
LAB0013399,,,,,,,,,,
LAB0013400,,,,,,,,,,
LAB0013401,,,,,,,,,,
LAB0013402,,,,,,,,,,
LAB0013403,,,,,,,,,,
LAB0013404,,,,,,,,,,
LAB0013405,,,,,,,,,,
LAB0013406,,,,,,,,,,
LAB0013407,,,,,,,,,,
LAB0013408,,,,,,,,,,
LAB0013409,,,,,,,,,,
LAB0013410,,,,,,,,,,
LAB0013411,,,,,,,,,,
LAB0013412,,,,,,,,,,
LAB0013413,,,,,,,,,,
LAB0013414,,,,,,,,,,
LAB0013415,,,,,,,,,,
LAB0013416,,,,,,,,,,
LAB0013417,,,,,,,,,,
LAB0013418,,,,,,,,,,
LAB0013419,,,,,,,,,,
LAB0013420,,,,,,,,,,
LAB0013421,,,,,,,,,,
LAB0013422,,,,,,,,,,
LAB0013423,,,,,,,,,,
LAB0013424,,,,,,,,,,
LAB0013425,,,,,,,,,,
LAB0013426,,,,,,,,,,
LAB0013427,,,,,,,,,,
LAB0013428,,,,,,,,,,
LAB0013429,,,,,,,,,,
LAB0013430,,,,,,,,,,
LAB0013431,,,,,,,,,,
LAB0013432,,,,,,,,,,
LAB0013433,,,,,,,,,,
LAB0013434,,,,,,,,,,
LAB0013435,,,,,,,,,,
LAB0013436,,,,,,,,,,
LAB0013437,,,,,,,,,,
LAB0013438,,,,,,,,,,
LAB0013439,,,,,,,,,,
LAB0013440,,,,,,,,,,
LAB0013441,,,,,,,,,,
LAB0013442,,,,,,,,,,
LAB0013443,,,,,,,,,,
LAB0013444,,,,,,,,,,
LAB0013445,,,,,,,,,,
LAB0013446,,,,,,,,,,
LAB0013447,,,,,,,,,,
LAB0013448,,,,,,,,,,
LAB0013449,,,,,,,,,,
LAB0013450,,,,,,,,,,
LAB0013451,,,,,,,,,,
LAB0013452,,,,,,,,,,
LAB0013453,,,,,,,,,,
LAB0013454,,,,,,,,,,
LAB0013455,,,,,,,,,,
LAB0013456,,,,,,,,,,
LAB0013457,,,,,,,,,,
LAB0013458,,,,,,,,,,
LAB0013459,,,,,,,,,,
LAB0013460,,,,,,,,,,
LAB0013461,,,,,,,,,,
LAB0013462,,,,,,,,,,
LAB0013463,,,,,,,,,,
LAB0013464,,,,,,,,,,
LAB0013465,,,,,,,,,,
LAB0013466,,,,,,,,,,
LAB0013467,,,,,,,,,,
LAB0013468,,,,,,,,,,
LAB0013469,,,,,,,,,,
LAB0013470,,,,,,,,,,
LAB0013471,,,,,,,,,,
LAB0013472,,,,,,,,,,
LAB0013473,,,,,,,,,,
LAB0013474,,,,,,,,,,
LAB0013475,,,,,,,,,,
LAB0013476,,,,,,,,,,
LAB0013477,,,,,,,,,,
LAB0013478,,,,,,,,,,
LAB0013479,,,,,,,,,,
LAB0013480,,,,,,,,,,
LAB0013481,,,,,,,,,,
LAB0013482,,,,,,,,,,
LAB0013483,,,,,,,,,,
LAB0013484,,,,,,,,,,
LAB0013485,,,,,,,,,,
LAB0013486,,,,,,,,,,
LAB0013487,,,,,,,,,,
LAB0013488,,,,,,,,,,
LAB0013489,,,,,,,,,,
LAB0013490,,,,,,,,,,
LAB0013491,,,,,,,,,,
LAB0013492,,,,,,,,,,
LAB0013493,,,,,,,,,,
LAB0013494,,,,,,,,,,
LAB0013495,,,,,,,,,,
LAB0013496,,,,,,,,,,
LAB0013497,,,,,,,,,,
LAB0013498,,,,,,,,,,
LAB0013499,,,,,,,,,,
LAB0013500,,,,,,,,,,
LAB0013501,,,,,,,,,,
LAB0013502,,,,,,,,,,
LAB0013503,,,,,,,,,,
LAB0013504,,,,,,,,,,
LAB0013505,,,,,,,,,,
LAB0013506,,,,,,,,,,
LAB0013507,,,,,,,,,,
LAB0013508,,,,,,,,,,
LAB0013509,,,,,,,,,,
LAB0013510,,,,,,,,,,
LAB0013511,,,,,,,,,,
LAB0013512,,,,,,,,,,
LAB0013513,,,,,,,,,,
LAB0013514,,,,,,,,,,
LAB0013515,,,,,,,,,,
LAB0013516,,,,,,,,,,
LAB0013517,,,,,,,,,,
LAB0013518,,,,,,,,,,
LAB0013519,,,,,,,,,,
LAB0013520,,,,,,,,,,
LAB0013521,,,,,,,,,,
LAB0013522,,,,,,,,,,
LAB0013523,,,,,,,,,,
LAB0013524,,,,,,,,,,
LAB0013525,,,,,,,,,,
LAB0013526,,,,,,,,,,
LAB0013527,,,,,,,,,,
LAB0013528,,,,,,,,,,
LAB0013529,,,,,,,,,,
LAB0013530,,,,,,,,,,
LAB0013531,,,,,,,,,,
LAB0013532,,,,,,,,,,
LAB0013533,,,,,,,,,,
LAB0013534,,,,,,,,,,
LAB0013535,,,,,,,,,,
LAB0013536,,,,,,,,,,
LAB0013537,,,,,,,,,,
LAB0013538,,,,,,,,,,
LAB0013539,,,,,,,,,,
LAB0013540,,,,,,,,,,
LAB0013541,,,,,,,,,,
LAB0013542,,,,,,,,,,
LAB0013543,,,,,,,,,,
LAB0013544,,,,,,,,,,
LAB0013545,,,,,,,,,,
LAB0013546,,,,,,,,,,
LAB0013547,,,,,,,,,,
LAB0013548,,,,,,,,,,
LAB0013549,,,,,,,,,,
LAB0013550,,,,,,,,,,
LAB0013551,,,,,,,,,,
LAB0013552,,,,,,,,,,
LAB0013553,,,,,,,,,,
LAB0013554,,,,,,,,,,
LAB0013555,,,,,,,,,,
LAB0013556,,,,,,,,,,
LAB0013557,,,,,,,,,,
LAB0013558,,,,,,,,,,
LAB0013559,,,,,,,,,,
LAB0013560,,,,,,,,,,
LAB0013561,,,,,,,,,,
LAB0013562,,,,,,,,,,
LAB0013563,,,,,,,,,,
LAB0013564,,,,,,,,,,
LAB0013565,,,,,,,,,,
LAB0013566,,,,,,,,,,
LAB0013567,,,,,,,,,,
LAB0013568,,,,,,,,,,
LAB0013569,,,,,,,,,,
LAB0013570,,,,,,,,,,
LAB0013571,,,,,,,,,,
LAB0013572,,,,,,,,,,
LAB0013573,,,,,,,,,,
LAB0013574,,,,,,,,,,
LAB0013575,,,,,,,,,,
LAB0013576,,,,,,,,,,
LAB0013577,,,,,,,,,,
LAB0013578,,,,,,,,,,
LAB0013579,,,,,,,,,,
LAB0013580,,,,,,,,,,
LAB0013581,,,,,,,,,,
LAB0013582,,,,,,,,,,
LAB0013583,,,,,,,,,,
LAB0013584,,,,,,,,,,
LAB0013585,,,,,,,,,,
LAB0013586,,,,,,,,,,
LAB0013587,,,,,,,,,,
LAB0013588,,,,,,,,,,
LAB0013589,,,,,,,,,,
LAB0013590,,,,,,,,,,
LAB0013591,,,,,,,,,,
LAB0013592,,,,,,,,,,
LAB0013593,,,,,,,,,,
LAB0013594,,,,,,,,,,
LAB0013595,,,,,,,,,,
LAB0013596,,,,,,,,,,
LAB0013597,,,,,,,,,,
LAB0013598,,,,,,,,,,
LAB0013599,,,,,,,,,,
LAB0013600,,,,,,,,,,
LAB0013601,,,,,,,,,,
LAB0013602,,,,,,,,,,
LAB0013603,,,,,,,,,,
LAB0013604,,,,,,,,,,
LAB0013605,,,,,,,,,,
LAB0013606,,,,,,,,,,
LAB0013607,,,,,,,,,,
LAB0013608,,,,,,,,,,
LAB0013609,,,,,,,,,,
LAB0013610,,,,,,,,,,
LAB0013611,,,,,,,,,,
LAB0013612,,,,,,,,,,
LAB0013613,,,,,,,,,,
LAB0013614,,,,,,,,,,
LAB0013615,,,,,,,,,,
LAB0013616,,,,,,,,,,
LAB0013617,,,,,,,,,,
LAB0013618,,,,,,,,,,
LAB0013619,,,,,,,,,,
LAB0013620,,,,,,,,,,
LAB0013621,,,,,,,,,,
LAB0013622,,,,,,,,,,
LAB0013623,,,,,,,,,,
LAB0013624,,,,,,,,,,
LAB0013625,,,,,,,,,,
LAB0013626,,,,,,,,,,
LAB0013627,,,,,,,,,,
LAB0013628,,,,,,,,,,
LAB0013629,,,,,,,,,,
LAB0013630,,,,,,,,,,
LAB0013631,,,,,,,,,,
LAB0013632,,,,,,,,,,
LAB0013633,,,,,,,,,,
LAB0013634,,,,,,,,,,
LAB0013635,,,,,,,,,,
LAB0013636,,,,,,,,,,
LAB0013637,,,,,,,,,,
LAB0013638,,,,,,,,,,
LAB0013639,,,,,,,,,,
LAB0013640,,,,,,,,,,
LAB0013641,,,,,,,,,,
LAB0013642,,,,,,,,,,
LAB0013643,,,,,,,,,,
LAB0013644,,,,,,,,,,
LAB0013645,,,,,,,,,,
LAB0013646,,,,,,,,,,
LAB0013647,,,,,,,,,,
LAB0013648,,,,,,,,,,
LAB0013649,,,,,,,,,,
LAB0013650,,,,,,,,,,
LAB0013651,,,,,,,,,,
LAB0013652,,,,,,,,,,
LAB0013653,,,,,,,,,,
LAB0013654,,,,,,,,,,
LAB0013655,,,,,,,,,,
LAB0013656,,,,,,,,,,
LAB0013657,,,,,,,,,,
LAB0013658,,,,,,,,,,
LAB0013659,,,,,,,,,,
LAB0013660,,,,,,,,,,
LAB0013661,,,,,,,,,,
LAB0013662,,,,,,,,,,
LAB0013663,,,,,,,,,,
LAB0013664,,,,,,,,,,
LAB0013665,,,,,,,,,,
LAB0013666,,,,,,,,,,
LAB0013667,,,,,,,,,,
LAB0013668,,,,,,,,,,
LAB0013669,,,,,,,,,,
LAB0013670,,,,,,,,,,
LAB0013671,,,,,,,,,,
LAB0013672,,,,,,,,,,
LAB0013673,,,,,,,,,,
LAB0013674,,,,,,,,,,
LAB0013675,,,,,,,,,,
LAB0013676,,,,,,,,,,
LAB0013677,,,,,,,,,,
LAB0013678,,,,,,,,,,
LAB0013679,,,,,,,,,,
LAB0013680,,,,,,,,,,
LAB0013681,,,,,,,,,,
LAB0013682,,,,,,,,,,
LAB0013683,,,,,,,,,,
LAB0013684,,,,,,,,,,
LAB0013685,,,,,,,,,,
LAB0013686,,,,,,,,,,
LAB0013687,,,,,,,,,,
LAB0013688,,,,,,,,,,
LAB0013689,,,,,,,,,,
LAB0013690,,,,,,,,,,
LAB0013691,,,,,,,,,,
LAB0013692,,,,,,,,,,
LAB0013693,,,,,,,,,,
LAB0013694,,,,,,,,,,
LAB0013695,,,,,,,,,,
LAB0013696,,,,,,,,,,
LAB0013697,,,,,,,,,,
LAB0013698,,,,,,,,,,
LAB0013699,,,,,,,,,,
LAB0013700,,,,,,,,,,
LAB0013701,,,,,,,,,,
LAB0013702,,,,,,,,,,
LAB0013703,,,,,,,,,,
LAB0013704,,,,,,,,,,
LAB0013705,,,,,,,,,,
LAB0013706,,,,,,,,,,
LAB0013707,,,,,,,,,,
LAB0013708,,,,,,,,,,
LAB0013709,,,,,,,,,,
LAB0013710,,,,,,,,,,
LAB0013711,,,,,,,,,,
LAB0013712,,,,,,,,,,
LAB0013713,,,,,,,,,,
LAB0013714,,,,,,,,,,
LAB0013715,,,,,,,,,,
LAB0013716,,,,,,,,,,
LAB0013717,,,,,,,,,,
LAB0013718,,,,,,,,,,
LAB0013719,,,,,,,,,,
LAB0013720,,,,,,,,,,
LAB0013721,,,,,,,,,,
LAB0013722,,,,,,,,,,
LAB0013723,,,,,,,,,,
LAB0013724,,,,,,,,,,
LAB0013725,,,,,,,,,,
LAB0013726,,,,,,,,,,
LAB0013727,,,,,,,,,,
LAB0013728,,,,,,,,,,
LAB0013729,,,,,,,,,,
LAB0013730,,,,,,,,,,
LAB0013731,,,,,,,,,,
LAB0013732,,,,,,,,,,
LAB0013733,,,,,,,,,,
LAB0013734,,,,,,,,,,
LAB0013735,,,,,,,,,,
LAB0013736,,,,,,,,,,
LAB0013737,,,,,,,,,,
LAB0013738,,,,,,,,,,
LAB0013739,,,,,,,,,,
LAB0013740,,,,,,,,,,
LAB0013741,,,,,,,,,,
LAB0013742,,,,,,,,,,
LAB0013743,,,,,,,,,,
LAB0013744,,,,,,,,,,
LAB0013745,,,,,,,,,,
LAB0013746,,,,,,,,,,
LAB0013747,,,,,,,,,,
LAB0013748,,,,,,,,,,
LAB0013749,,,,,,,,,,
LAB0013750,,,,,,,,,,
LAB0013751,,,,,,,,,,
LAB0013752,,,,,,,,,,
LAB0013753,,,,,,,,,,
LAB0013754,,,,,,,,,,
LAB0013755,,,,,,,,,,
LAB0013756,,,,,,,,,,
LAB0013757,,,,,,,,,,
LAB0013758,,,,,,,,,,
LAB0013759,,,,,,,,,,
LAB0013760,,,,,,,,,,
LAB0013761,,,,,,,,,,
LAB0013762,,,,,,,,,,
LAB0013763,,,,,,,,,,
LAB0013764,,,,,,,,,,
LAB0013765,,,,,,,,,,
LAB0013766,,,,,,,,,,
LAB0013767,,,,,,,,,,
LAB0013768,,,,,,,,,,
LAB0013769,,,,,,,,,,
LAB0013770,,,,,,,,,,
LAB0013771,,,,,,,,,,
LAB0013772,,,,,,,,,,
LAB0013773,,,,,,,,,,
LAB0013774,,,,,,,,,,
LAB0013775,,,,,,,,,,
LAB0013776,,,,,,,,,,
LAB0013777,,,,,,,,,,
LAB0013778,,,,,,,,,,
LAB0013779,,,,,,,,,,
LAB0013780,,,,,,,,,,
LAB0013781,,,,,,,,,,
LAB0013782,,,,,,,,,,
LAB0013783,,,,,,,,,,
LAB0013784,,,,,,,,,,
LAB0013785,,,,,,,,,,
LAB0013786,,,,,,,,,,
LAB0013787,,,,,,,,,,
LAB0013788,,,,,,,,,,
LAB0013789,,,,,,,,,,
LAB0013790,,,,,,,,,,
LAB0013791,,,,,,,,,,
LAB0013792,,,,,,,,,,
LAB0013793,,,,,,,,,,
LAB0013794,,,,,,,,,,
LAB0013795,,,,,,,,,,
LAB0013796,,,,,,,,,,
LAB0013797,,,,,,,,,,
LAB0013798,,,,,,,,,,
LAB0013799,,,,,,,,,,
LAB0013800,,,,,,,,,,
LAB0013801,,,,,,,,,,
LAB0013802,,,,,,,,,,
LAB0013803,,,,,,,,,,
LAB0013804,,,,,,,,,,
LAB0013805,,,,,,,,,,
LAB0013806,,,,,,,,,,
LAB0013807,,,,,,,,,,
LAB0013808,,,,,,,,,,
LAB0013809,,,,,,,,,,
LAB0013810,,,,,,,,,,
LAB0013811,,,,,,,,,,
LAB0013812,,,,,,,,,,
LAB0013813,,,,,,,,,,
LAB0013814,,,,,,,,,,
LAB0013815,,,,,,,,,,
LAB0013816,,,,,,,,,,
LAB0013817,,,,,,,,,,
LAB0013818,,,,,,,,,,
LAB0013819,,,,,,,,,,
LAB0013820,,,,,,,,,,
LAB0013821,,,,,,,,,,
LAB0013822,,,,,,,,,,
LAB0013823,,,,,,,,,,
LAB0013824,,,,,,,,,,
LAB0013825,,,,,,,,,,
LAB0013826,,,,,,,,,,
LAB0013827,,,,,,,,,,
LAB0013828,,,,,,,,,,
LAB0013829,,,,,,,,,,
LAB0013830,,,,,,,,,,
LAB0013831,,,,,,,,,,
LAB0013832,,,,,,,,,,
LAB0013833,,,,,,,,,,
LAB0013834,,,,,,,,,,
LAB0013835,,,,,,,,,,
LAB0013836,,,,,,,,,,
LAB0013837,,,,,,,,,,
LAB0013838,,,,,,,,,,
LAB0013839,,,,,,,,,,
LAB0013840,,,,,,,,,,
LAB0013841,,,,,,,,,,
LAB0013842,,,,,,,,,,
LAB0013843,,,,,,,,,,
LAB0013844,,,,,,,,,,
LAB0013845,,,,,,,,,,
LAB0013846,,,,,,,,,,
LAB0013847,,,,,,,,,,
LAB0013848,,,,,,,,,,
LAB0013849,,,,,,,,,,
LAB0013850,,,,,,,,,,
LAB0013851,,,,,,,,,,
LAB0013852,,,,,,,,,,
LAB0013853,,,,,,,,,,
LAB0013854,,,,,,,,,,
LAB0013855,,,,,,,,,,
LAB0013856,,,,,,,,,,
LAB0013857,,,,,,,,,,
LAB0013858,,,,,,,,,,
LAB0013859,,,,,,,,,,
LAB0013860,,,,,,,,,,
LAB0013861,,,,,,,,,,
LAB0013862,,,,,,,,,,
LAB0013863,,,,,,,,,,
LAB0013864,,,,,,,,,,
LAB0013865,,,,,,,,,,
LAB0013866,,,,,,,,,,
LAB0013867,,,,,,,,,,
LAB0013868,,,,,,,,,,
LAB0013869,,,,,,,,,,
LAB0013870,,,,,,,,,,
LAB0013871,,,,,,,,,,
LAB0013872,,,,,,,,,,
LAB0013873,,,,,,,,,,
LAB0013874,,,,,,,,,,
LAB0013875,,,,,,,,,,
LAB0013876,,,,,,,,,,
LAB0013877,,,,,,,,,,
LAB0013878,,,,,,,,,,
LAB0013879,,,,,,,,,,
LAB0013880,,,,,,,,,,
LAB0013881,,,,,,,,,,
LAB0013882,,,,,,,,,,
LAB0013883,,,,,,,,,,
LAB0013884,,,,,,,,,,
LAB0013885,,,,,,,,,,
LAB0013886,,,,,,,,,,
LAB0013887,,,,,,,,,,
LAB0013888,,,,,,,,,,
LAB0013889,,,,,,,,,,
LAB0013890,,,,,,,,,,
LAB0013891,,,,,,,,,,
LAB0013892,,,,,,,,,,
LAB0013893,,,,,,,,,,
LAB0013894,,,,,,,,,,
LAB0013895,,,,,,,,,,
LAB0013896,,,,,,,,,,
LAB0013897,,,,,,,,,,
LAB0013898,,,,,,,,,,
LAB0013899,,,,,,,,,,
LAB0013900,,,,,,,,,,
LAB0013901,,,,,,,,,,
LAB0013902,,,,,,,,,,
LAB0013903,,,,,,,,,,
LAB0013904,,,,,,,,,,
LAB0013905,,,,,,,,,,
LAB0013906,,,,,,,,,,
LAB0013907,,,,,,,,,,
LAB0013908,,,,,,,,,,
LAB0013909,,,,,,,,,,
LAB0013910,,,,,,,,,,
LAB0013911,,,,,,,,,,
LAB0013912,,,,,,,,,,
LAB0013913,,,,,,,,,,
LAB0013914,,,,,,,,,,
LAB0013915,,,,,,,,,,
LAB0013916,,,,,,,,,,
LAB0013917,,,,,,,,,,
LAB0013918,,,,,,,,,,
LAB0013919,,,,,,,,,,
LAB0013920,,,,,,,,,,
LAB0013921,,,,,,,,,,
LAB0013922,,,,,,,,,,
LAB0013923,,,,,,,,,,
LAB0013924,,,,,,,,,,
LAB0013925,,,,,,,,,,
LAB0013926,,,,,,,,,,
LAB0013927,,,,,,,,,,
LAB0013928,,,,,,,,,,
LAB0013929,,,,,,,,,,
LAB0013930,,,,,,,,,,
LAB0013931,,,,,,,,,,
LAB0013932,,,,,,,,,,
LAB0013933,,,,,,,,,,
LAB0013934,,,,,,,,,,
LAB0013935,,,,,,,,,,
LAB0013936,,,,,,,,,,
LAB0013937,,,,,,,,,,
LAB0013938,,,,,,,,,,
LAB0013939,,,,,,,,,,
LAB0013940,,,,,,,,,,
LAB0013941,,,,,,,,,,
LAB0013942,,,,,,,,,,
LAB0013943,,,,,,,,,,
LAB0013944,,,,,,,,,,
LAB0013945,,,,,,,,,,
LAB0013946,,,,,,,,,,
LAB0013947,,,,,,,,,,
LAB0013948,,,,,,,,,,
LAB0013949,,,,,,,,,,
LAB0013950,,,,,,,,,,
LAB0013951,,,,,,,,,,
LAB0013952,,,,,,,,,,
LAB0013953,,,,,,,,,,
LAB0013954,,,,,,,,,,
LAB0013955,,,,,,,,,,
LAB0013956,,,,,,,,,,
LAB0013957,,,,,,,,,,
LAB0013958,,,,,,,,,,
LAB0013959,,,,,,,,,,
LAB0013960,,,,,,,,,,
LAB0013961,,,,,,,,,,
LAB0013962,,,,,,,,,,
LAB0013963,,,,,,,,,,
LAB0013964,,,,,,,,,,
LAB0013965,,,,,,,,,,
LAB0013966,,,,,,,,,,
LAB0013967,,,,,,,,,,
LAB0013968,,,,,,,,,,
LAB0013969,,,,,,,,,,
LAB0013970,,,,,,,,,,
LAB0013971,,,,,,,,,,
LAB0013972,,,,,,,,,,
LAB0013973,,,,,,,,,,
LAB0013974,,,,,,,,,,
LAB0013975,,,,,,,,,,
LAB0013976,,,,,,,,,,
LAB0013977,,,,,,,,,,
LAB0013978,,,,,,,,,,
LAB0013979,,,,,,,,,,
LAB0013980,,,,,,,,,,
LAB0013981,,,,,,,,,,
LAB0013982,,,,,,,,,,
LAB0013983,,,,,,,,,,
LAB0013984,,,,,,,,,,
LAB0013985,,,,,,,,,,
LAB0013986,,,,,,,,,,
LAB0013987,,,,,,,,,,
LAB0013988,,,,,,,,,,
LAB0013989,,,,,,,,,,
LAB0013990,,,,,,,,,,
LAB0013991,,,,,,,,,,
LAB0013992,,,,,,,,,,
LAB0013993,,,,,,,,,,
LAB0013994,,,,,,,,,,
LAB0013995,,,,,,,,,,
LAB0013996,,,,,,,,,,
LAB0013997,,,,,,,,,,
LAB0013998,,,,,,,,,,
LAB0013999,,,,,,,,,,
LAB0014000,,,,,,,,,,
LAB0014001,,,,,,,,,,
LAB0014002,,,,,,,,,,
LAB0014003,,,,,,,,,,
LAB0014004,,,,,,,,,,
LAB0014005,,,,,,,,,,
LAB0014006,,,,,,,,,,
LAB0014007,,,,,,,,,,
LAB0014008,,,,,,,,,,
LAB0014009,,,,,,,,,,
LAB0014010,,,,,,,,,,
LAB0014011,,,,,,,,,,
LAB0014012,,,,,,,,,,
LAB0014013,,,,,,,,,,
LAB0014014,,,,,,,,,,
LAB0014015,,,,,,,,,,
LAB0014016,,,,,,,,,,
LAB0014017,,,,,,,,,,
LAB0014018,,,,,,,,,,
LAB0014019,,,,,,,,,,
LAB0014020,,,,,,,,,,
LAB0014021,,,,,,,,,,
LAB0014022,,,,,,,,,,
LAB0014023,,,,,,,,,,
LAB0014024,,,,,,,,,,
LAB0014025,,,,,,,,,,
LAB0014026,,,,,,,,,,
LAB0014027,,,,,,,,,,
LAB0014028,,,,,,,,,,
LAB0014029,,,,,,,,,,
LAB0014030,,,,,,,,,,
LAB0014031,,,,,,,,,,
LAB0014032,,,,,,,,,,
LAB0014033,,,,,,,,,,
LAB0014034,,,,,,,,,,
LAB0014035,,,,,,,,,,
LAB0014036,,,,,,,,,,
LAB0014037,,,,,,,,,,
LAB0014038,,,,,,,,,,
LAB0014039,,,,,,,,,,
LAB0014040,,,,,,,,,,
LAB0014041,,,,,,,,,,
LAB0014042,,,,,,,,,,
LAB0014043,,,,,,,,,,
LAB0014044,,,,,,,,,,
LAB0014045,,,,,,,,,,
LAB0014046,,,,,,,,,,
LAB0014047,,,,,,,,,,
LAB0014048,,,,,,,,,,
LAB0014049,,,,,,,,,,
LAB0014050,,,,,,,,,,
LAB0014051,,,,,,,,,,
LAB0014052,,,,,,,,,,
LAB0014053,,,,,,,,,,
LAB0014054,,,,,,,,,,
LAB0014055,,,,,,,,,,
LAB0014056,,,,,,,,,,
LAB0014057,,,,,,,,,,
LAB0014058,,,,,,,,,,
LAB0014059,,,,,,,,,,
LAB0014060,,,,,,,,,,
LAB0014061,,,,,,,,,,
LAB0014062,,,,,,,,,,
LAB0014063,,,,,,,,,,
LAB0014064,,,,,,,,,,
LAB0014065,,,,,,,,,,
LAB0014066,,,,,,,,,,
LAB0014067,,,,,,,,,,
LAB0014068,,,,,,,,,,
LAB0014069,,,,,,,,,,
LAB0014070,,,,,,,,,,
LAB0014071,,,,,,,,,,
LAB0014072,,,,,,,,,,
LAB0014073,,,,,,,,,,
LAB0014074,,,,,,,,,,
LAB0014075,,,,,,,,,,
LAB0014076,,,,,,,,,,
LAB0014077,,,,,,,,,,
LAB0014078,,,,,,,,,,
LAB0014079,,,,,,,,,,
LAB0014080,,,,,,,,,,
LAB0014081,,,,,,,,,,
LAB0014082,,,,,,,,,,
LAB0014083,,,,,,,,,,
LAB0014084,,,,,,,,,,
LAB0014085,,,,,,,,,,
LAB0014086,,,,,,,,,,
LAB0014087,,,,,,,,,,
LAB0014088,,,,,,,,,,
LAB0014089,,,,,,,,,,
LAB0014090,,,,,,,,,,
LAB0014091,,,,,,,,,,
LAB0014092,,,,,,,,,,
LAB0014093,,,,,,,,,,
LAB0014094,,,,,,,,,,
LAB0014095,,,,,,,,,,
LAB0014096,,,,,,,,,,
LAB0014097,,,,,,,,,,
LAB0014098,,,,,,,,,,
LAB0014099,,,,,,,,,,
LAB0014100,,,,,,,,,,
LAB0014101,,,,,,,,,,
LAB0014102,,,,,,,,,,
LAB0014103,,,,,,,,,,
LAB0014104,,,,,,,,,,
LAB0014105,,,,,,,,,,
LAB0014106,,,,,,,,,,
LAB0014107,,,,,,,,,,
LAB0014108,,,,,,,,,,
LAB0014109,,,,,,,,,,
LAB0014110,,,,,,,,,,
LAB0014111,,,,,,,,,,
LAB0014112,,,,,,,,,,
LAB0014113,,,,,,,,,,
LAB0014114,,,,,,,,,,
LAB0014115,,,,,,,,,,
LAB0014116,,,,,,,,,,
LAB0014117,,,,,,,,,,
LAB0014118,,,,,,,,,,
LAB0014119,,,,,,,,,,
LAB0014120,,,,,,,,,,
LAB0014121,,,,,,,,,,
LAB0014122,,,,,,,,,,
LAB0014123,,,,,,,,,,
LAB0014124,,,,,,,,,,
LAB0014125,,,,,,,,,,
LAB0014126,,,,,,,,,,
LAB0014127,,,,,,,,,,
LAB0014128,,,,,,,,,,
LAB0014129,,,,,,,,,,
LAB0014130,,,,,,,,,,
LAB0014131,,,,,,,,,,
LAB0014132,,,,,,,,,,
LAB0014133,,,,,,,,,,
LAB0014134,,,,,,,,,,
LAB0014135,,,,,,,,,,
LAB0014136,,,,,,,,,,
LAB0014137,,,,,,,,,,
LAB0014138,,,,,,,,,,
LAB0014139,,,,,,,,,,
LAB0014140,,,,,,,,,,
LAB0014141,,,,,,,,,,
LAB0014142,,,,,,,,,,
LAB0014143,,,,,,,,,,
LAB0014144,,,,,,,,,,
LAB0014145,,,,,,,,,,
LAB0014146,,,,,,,,,,
LAB0014147,,,,,,,,,,
LAB0014148,,,,,,,,,,
LAB0014149,,,,,,,,,,
LAB0014150,,,,,,,,,,
LAB0014151,,,,,,,,,,
LAB0014152,,,,,,,,,,
LAB0014153,,,,,,,,,,
LAB0014154,,,,,,,,,,
LAB0014155,,,,,,,,,,
LAB0014156,,,,,,,,,,
LAB0014157,,,,,,,,,,
LAB0014158,,,,,,,,,,
LAB0014159,,,,,,,,,,
LAB0014160,,,,,,,,,,
LAB0014161,,,,,,,,,,
LAB0014162,,,,,,,,,,
LAB0014163,,,,,,,,,,
LAB0014164,,,,,,,,,,
LAB0014165,,,,,,,,,,
LAB0014166,,,,,,,,,,
LAB0014167,,,,,,,,,,
LAB0014168,,,,,,,,,,
LAB0014169,,,,,,,,,,
LAB0014170,,,,,,,,,,
LAB0014171,,,,,,,,,,
LAB0014172,,,,,,,,,,
LAB0014173,,,,,,,,,,
LAB0014174,,,,,,,,,,
LAB0014175,,,,,,,,,,
LAB0014176,,,,,,,,,,
LAB0014177,,,,,,,,,,
LAB0014178,,,,,,,,,,
LAB0014179,,,,,,,,,,
LAB0014180,,,,,,,,,,
LAB0014181,,,,,,,,,,
LAB0014182,,,,,,,,,,
LAB0014183,,,,,,,,,,
LAB0014184,,,,,,,,,,
LAB0014185,,,,,,,,,,
LAB0014186,,,,,,,,,,
LAB0014187,,,,,,,,,,
LAB0014188,,,,,,,,,,
LAB0014189,,,,,,,,,,
LAB0014190,,,,,,,,,,
LAB0014191,,,,,,,,,,
LAB0014192,,,,,,,,,,
LAB0014193,,,,,,,,,,
LAB0014194,,,,,,,,,,
LAB0014195,,,,,,,,,,
LAB0014196,,,,,,,,,,
LAB0014197,,,,,,,,,,
LAB0014198,,,,,,,,,,
LAB0014199,,,,,,,,,,
LAB0014200,,,,,,,,,,
LAB0014201,,,,,,,,,,
LAB0014202,,,,,,,,,,
LAB0014203,,,,,,,,,,
LAB0014204,,,,,,,,,,
LAB0014205,,,,,,,,,,
LAB0014206,,,,,,,,,,
LAB0014207,,,,,,,,,,
LAB0014208,,,,,,,,,,
LAB0014209,,,,,,,,,,
LAB0014210,,,,,,,,,,
LAB0014211,,,,,,,,,,
LAB0014212,,,,,,,,,,
LAB0014213,,,,,,,,,,
LAB0014214,,,,,,,,,,
LAB0014215,,,,,,,,,,
LAB0014216,,,,,,,,,,
LAB0014217,,,,,,,,,,
LAB0014218,,,,,,,,,,
LAB0014219,,,,,,,,,,
LAB0014220,,,,,,,,,,
LAB0014221,,,,,,,,,,
LAB0014222,,,,,,,,,,
LAB0014223,,,,,,,,,,
LAB0014224,,,,,,,,,,
LAB0014225,,,,,,,,,,
LAB0014226,,,,,,,,,,
LAB0014227,,,,,,,,,,
LAB0014228,,,,,,,,,,
LAB0014229,,,,,,,,,,
LAB0014230,,,,,,,,,,
LAB0014231,,,,,,,,,,
LAB0014232,,,,,,,,,,
LAB0014233,,,,,,,,,,
LAB0014234,,,,,,,,,,
LAB0014235,,,,,,,,,,
LAB0014236,,,,,,,,,,
LAB0014237,,,,,,,,,,
LAB0014238,,,,,,,,,,
LAB0014239,,,,,,,,,,
LAB0014240,,,,,,,,,,
LAB0014241,,,,,,,,,,
LAB0014242,,,,,,,,,,
LAB0014243,,,,,,,,,,
LAB0014244,,,,,,,,,,
LAB0014245,,,,,,,,,,
LAB0014246,,,,,,,,,,
LAB0014247,,,,,,,,,,
LAB0014248,,,,,,,,,,
LAB0014249,,,,,,,,,,
LAB0014250,,,,,,,,,,
LAB0014251,,,,,,,,,,
LAB0014252,,,,,,,,,,
LAB0014253,,,,,,,,,,
LAB0014254,,,,,,,,,,
LAB0014255,,,,,,,,,,
LAB0014256,,,,,,,,,,
LAB0014257,,,,,,,,,,
LAB0014258,,,,,,,,,,
LAB0014259,,,,,,,,,,
LAB0014260,,,,,,,,,,
LAB0014261,,,,,,,,,,
LAB0014262,,,,,,,,,,
LAB0014263,,,,,,,,,,
LAB0014264,,,,,,,,,,
LAB0014265,,,,,,,,,,
LAB0014266,,,,,,,,,,
LAB0014267,,,,,,,,,,
LAB0014268,,,,,,,,,,
LAB0014269,,,,,,,,,,
LAB0014270,,,,,,,,,,
LAB0014271,,,,,,,,,,
LAB0014272,,,,,,,,,,
LAB0014273,,,,,,,,,,
LAB0014274,,,,,,,,,,
LAB0014275,,,,,,,,,,
LAB0014276,,,,,,,,,,
LAB0014277,,,,,,,,,,
LAB0014278,,,,,,,,,,
LAB0014279,,,,,,,,,,
LAB0014280,,,,,,,,,,
LAB0014281,,,,,,,,,,
LAB0014282,,,,,,,,,,
LAB0014283,,,,,,,,,,
LAB0014284,,,,,,,,,,
LAB0014285,,,,,,,,,,
LAB0014286,,,,,,,,,,
LAB0014287,,,,,,,,,,
LAB0014288,,,,,,,,,,
LAB0014289,,,,,,,,,,
LAB0014290,,,,,,,,,,
LAB0014291,,,,,,,,,,
LAB0014292,,,,,,,,,,
LAB0014293,,,,,,,,,,
LAB0014294,,,,,,,,,,
LAB0014295,,,,,,,,,,
LAB0014296,,,,,,,,,,
LAB0014297,,,,,,,,,,
LAB0014298,,,,,,,,,,
LAB0014299,,,,,,,,,,
LAB0014300,,,,,,,,,,
LAB0014301,,,,,,,,,,
LAB0014302,,,,,,,,,,
LAB0014303,,,,,,,,,,
LAB0014304,,,,,,,,,,
LAB0014305,,,,,,,,,,
LAB0014306,,,,,,,,,,
LAB0014307,,,,,,,,,,
LAB0014308,,,,,,,,,,
LAB0014309,,,,,,,,,,
LAB0014310,,,,,,,,,,
LAB0014311,,,,,,,,,,
LAB0014312,,,,,,,,,,
LAB0014313,,,,,,,,,,
LAB0014314,,,,,,,,,,
LAB0014315,,,,,,,,,,
LAB0014316,,,,,,,,,,
LAB0014317,,,,,,,,,,
LAB0014318,,,,,,,,,,
LAB0014319,,,,,,,,,,
LAB0014320,,,,,,,,,,
LAB0014321,,,,,,,,,,
LAB0014322,,,,,,,,,,
LAB0014323,,,,,,,,,,
LAB0014324,,,,,,,,,,
LAB0014325,,,,,,,,,,
LAB0014326,,,,,,,,,,
LAB0014327,,,,,,,,,,
LAB0014328,,,,,,,,,,
LAB0014329,,,,,,,,,,
LAB0014330,,,,,,,,,,
LAB0014331,,,,,,,,,,
LAB0014332,,,,,,,,,,
LAB0014333,,,,,,,,,,
LAB0014334,,,,,,,,,,
LAB0014335,,,,,,,,,,
LAB0014336,,,,,,,,,,
LAB0014337,,,,,,,,,,
LAB0014338,,,,,,,,,,
LAB0014339,,,,,,,,,,
LAB0014340,,,,,,,,,,
LAB0014341,,,,,,,,,,
LAB0014342,,,,,,,,,,
LAB0014343,,,,,,,,,,
LAB0014344,,,,,,,,,,
LAB0014345,,,,,,,,,,
LAB0014346,,,,,,,,,,
LAB0014347,,,,,,,,,,
LAB0014348,,,,,,,,,,
LAB0014349,,,,,,,,,,
LAB0014350,,,,,,,,,,
LAB0014351,,,,,,,,,,
LAB0014352,,,,,,,,,,
LAB0014353,,,,,,,,,,
LAB0014354,,,,,,,,,,
LAB0014355,,,,,,,,,,
LAB0014356,,,,,,,,,,
LAB0014357,,,,,,,,,,
LAB0014358,,,,,,,,,,
LAB0014359,,,,,,,,,,
LAB0014360,,,,,,,,,,
LAB0014361,,,,,,,,,,
LAB0014362,,,,,,,,,,
LAB0014363,,,,,,,,,,
LAB0014364,,,,,,,,,,
LAB0014365,,,,,,,,,,
LAB0014366,,,,,,,,,,
LAB0014367,,,,,,,,,,
LAB0014368,,,,,,,,,,
LAB0014369,,,,,,,,,,
LAB0014370,,,,,,,,,,
LAB0014371,,,,,,,,,,
LAB0014372,,,,,,,,,,
LAB0014373,,,,,,,,,,
LAB0014374,,,,,,,,,,
LAB0014375,,,,,,,,,,
LAB0014376,,,,,,,,,,
LAB0014377,,,,,,,,,,
LAB0014378,,,,,,,,,,
LAB0014379,,,,,,,,,,
LAB0014380,,,,,,,,,,
LAB0014381,,,,,,,,,,
LAB0014382,,,,,,,,,,
LAB0014383,,,,,,,,,,
LAB0014384,,,,,,,,,,
LAB0014385,,,,,,,,,,
LAB0014386,,,,,,,,,,
LAB0014387,,,,,,,,,,
LAB0014388,,,,,,,,,,
LAB0014389,,,,,,,,,,
LAB0014390,,,,,,,,,,
LAB0014391,,,,,,,,,,
LAB0014392,,,,,,,,,,
LAB0014393,,,,,,,,,,
LAB0014394,,,,,,,,,,
LAB0014395,,,,,,,,,,
LAB0014396,,,,,,,,,,
LAB0014397,,,,,,,,,,
LAB0014398,,,,,,,,,,
LAB0014399,,,,,,,,,,
LAB0014400,,,,,,,,,,
LAB0014401,,,,,,,,,,
LAB0014402,,,,,,,,,,
LAB0014403,,,,,,,,,,
LAB0014404,,,,,,,,,,
LAB0014405,,,,,,,,,,
LAB0014406,,,,,,,,,,
LAB0014407,,,,,,,,,,
LAB0014408,,,,,,,,,,
LAB0014409,,,,,,,,,,
LAB0014410,,,,,,,,,,
LAB0014411,,,,,,,,,,
LAB0014412,,,,,,,,,,
LAB0014413,,,,,,,,,,
LAB0014414,,,,,,,,,,
LAB0014415,,,,,,,,,,
LAB0014416,,,,,,,,,,
LAB0014417,,,,,,,,,,
LAB0014418,,,,,,,,,,
LAB0014419,,,,,,,,,,
LAB0014420,,,,,,,,,,
LAB0014421,,,,,,,,,,
LAB0014422,,,,,,,,,,
LAB0014423,,,,,,,,,,
LAB0014424,,,,,,,,,,
LAB0014425,,,,,,,,,,
LAB0014426,,,,,,,,,,
LAB0014427,,,,,,,,,,
LAB0014428,,,,,,,,,,
LAB0014429,,,,,,,,,,
LAB0014430,,,,,,,,,,
LAB0014431,,,,,,,,,,
LAB0014432,,,,,,,,,,
LAB0014433,,,,,,,,,,
LAB0014434,,,,,,,,,,
LAB0014435,,,,,,,,,,
LAB0014436,,,,,,,,,,
LAB0014437,,,,,,,,,,
LAB0014438,,,,,,,,,,
LAB0014439,,,,,,,,,,
LAB0014440,,,,,,,,,,
LAB0014441,,,,,,,,,,
LAB0014442,,,,,,,,,,
LAB0014443,,,,,,,,,,
LAB0014444,,,,,,,,,,
LAB0014445,,,,,,,,,,
LAB0014446,,,,,,,,,,
LAB0014447,,,,,,,,,,
LAB0014448,,,,,,,,,,
LAB0014449,,,,,,,,,,
LAB0014450,,,,,,,,,,
LAB0014451,,,,,,,,,,
LAB0014452,,,,,,,,,,
LAB0014453,,,,,,,,,,
LAB0014454,,,,,,,,,,
LAB0014455,,,,,,,,,,
LAB0014456,,,,,,,,,,
LAB0014457,,,,,,,,,,
LAB0014458,,,,,,,,,,
LAB0014459,,,,,,,,,,
LAB0014460,,,,,,,,,,
LAB0014461,,,,,,,,,,
LAB0014462,,,,,,,,,,
LAB0014463,,,,,,,,,,
LAB0014464,,,,,,,,,,
LAB0014465,,,,,,,,,,
LAB0014466,,,,,,,,,,
LAB0014467,,,,,,,,,,
LAB0014468,,,,,,,,,,
LAB0014469,,,,,,,,,,
LAB0014470,,,,,,,,,,
LAB0014471,,,,,,,,,,
LAB0014472,,,,,,,,,,
LAB0014473,,,,,,,,,,
LAB0014474,,,,,,,,,,
LAB0014475,,,,,,,,,,
LAB0014476,,,,,,,,,,
LAB0014477,,,,,,,,,,
LAB0014478,,,,,,,,,,
LAB0014479,,,,,,,,,,
LAB0014480,,,,,,,,,,
LAB0014481,,,,,,,,,,
LAB0014482,,,,,,,,,,
LAB0014483,,,,,,,,,,
LAB0014484,,,,,,,,,,
LAB0014485,,,,,,,,,,
LAB0014486,,,,,,,,,,
LAB0014487,,,,,,,,,,
LAB0014488,,,,,,,,,,
LAB0014489,,,,,,,,,,
LAB0014490,,,,,,,,,,
LAB0014491,,,,,,,,,,
LAB0014492,,,,,,,,,,
LAB0014493,,,,,,,,,,
LAB0014494,,,,,,,,,,
LAB0014495,,,,,,,,,,
LAB0014496,,,,,,,,,,
LAB0014497,,,,,,,,,,
LAB0014498,,,,,,,,,,
LAB0014499,,,,,,,,,,
LAB0014500,,,,,,,,,,
LAB0014501,,,,,,,,,,
LAB0014502,,,,,,,,,,
LAB0014503,,,,,,,,,,
LAB0014504,,,,,,,,,,
LAB0014505,,,,,,,,,,
LAB0014506,,,,,,,,,,
LAB0014507,,,,,,,,,,
LAB0014508,,,,,,,,,,
LAB0014509,,,,,,,,,,
LAB0014510,,,,,,,,,,
LAB0014511,,,,,,,,,,
LAB0014512,,,,,,,,,,
LAB0014513,,,,,,,,,,
LAB0014514,,,,,,,,,,
LAB0014515,,,,,,,,,,
LAB0014516,,,,,,,,,,
LAB0014517,,,,,,,,,,
LAB0014518,,,,,,,,,,
LAB0014519,,,,,,,,,,
LAB0014520,,,,,,,,,,
LAB0014521,,,,,,,,,,
LAB0014522,,,,,,,,,,
LAB0014523,,,,,,,,,,
LAB0014524,,,,,,,,,,
LAB0014525,,,,,,,,,,
LAB0014526,,,,,,,,,,
LAB0014527,,,,,,,,,,
LAB0014528,,,,,,,,,,
LAB0014529,,,,,,,,,,
LAB0014530,,,,,,,,,,
LAB0014531,,,,,,,,,,
LAB0014532,,,,,,,,,,
LAB0014533,,,,,,,,,,
LAB0014534,,,,,,,,,,
LAB0014535,,,,,,,,,,
LAB0014536,,,,,,,,,,
LAB0014537,,,,,,,,,,
LAB0014538,,,,,,,,,,
LAB0014539,,,,,,,,,,
LAB0014540,,,,,,,,,,
LAB0014541,,,,,,,,,,
LAB0014542,,,,,,,,,,
LAB0014543,,,,,,,,,,
LAB0014544,,,,,,,,,,
LAB0014545,,,,,,,,,,
LAB0014546,,,,,,,,,,
LAB0014547,,,,,,,,,,
LAB0014548,,,,,,,,,,
LAB0014549,,,,,,,,,,
LAB0014550,,,,,,,,,,
LAB0014551,,,,,,,,,,
LAB0014552,,,,,,,,,,
LAB0014553,,,,,,,,,,
LAB0014554,,,,,,,,,,
LAB0014555,,,,,,,,,,
LAB0014556,,,,,,,,,,
LAB0014557,,,,,,,,,,
LAB0014558,,,,,,,,,,
LAB0014559,,,,,,,,,,
LAB0014560,,,,,,,,,,
LAB0014561,,,,,,,,,,
LAB0014562,,,,,,,,,,
LAB0014563,,,,,,,,,,
LAB0014564,,,,,,,,,,
LAB0014565,,,,,,,,,,
LAB0014566,,,,,,,,,,
LAB0014567,,,,,,,,,,
LAB0014568,,,,,,,,,,
LAB0014569,,,,,,,,,,
LAB0014570,,,,,,,,,,
LAB0014571,,,,,,,,,,
LAB0014572,,,,,,,,,,
LAB0014573,,,,,,,,,,
LAB0014574,,,,,,,,,,
LAB0014575,,,,,,,,,,
LAB0014576,,,,,,,,,,
LAB0014577,,,,,,,,,,
LAB0014578,,,,,,,,,,
LAB0014579,,,,,,,,,,
LAB0014580,,,,,,,,,,
LAB0014581,,,,,,,,,,
LAB0014582,,,,,,,,,,
LAB0014583,,,,,,,,,,
LAB0014584,,,,,,,,,,
LAB0014585,,,,,,,,,,
LAB0014586,,,,,,,,,,
LAB0014587,,,,,,,,,,
LAB0014588,,,,,,,,,,
LAB0014589,,,,,,,,,,
LAB0014590,,,,,,,,,,
LAB0014591,,,,,,,,,,
LAB0014592,,,,,,,,,,
LAB0014593,,,,,,,,,,
LAB0014594,,,,,,,,,,
LAB0014595,,,,,,,,,,
LAB0014596,,,,,,,,,,
LAB0014597,,,,,,,,,,
LAB0014598,,,,,,,,,,
LAB0014599,,,,,,,,,,
LAB0014600,,,,,,,,,,
LAB0014601,,,,,,,,,,
LAB0014602,,,,,,,,,,
LAB0014603,,,,,,,,,,
LAB0014604,,,,,,,,,,
LAB0014605,,,,,,,,,,
LAB0014606,,,,,,,,,,
LAB0014607,,,,,,,,,,
LAB0014608,,,,,,,,,,
LAB0014609,,,,,,,,,,
LAB0014610,,,,,,,,,,
LAB0014611,,,,,,,,,,
LAB0014612,,,,,,,,,,
LAB0014613,,,,,,,,,,
LAB0014614,,,,,,,,,,
LAB0014615,,,,,,,,,,
LAB0014616,,,,,,,,,,
LAB0014617,,,,,,,,,,
LAB0014618,,,,,,,,,,
LAB0014619,,,,,,,,,,
LAB0014620,,,,,,,,,,
LAB0014621,,,,,,,,,,
LAB0014622,,,,,,,,,,
LAB0014623,,,,,,,,,,
LAB0014624,,,,,,,,,,
LAB0014625,,,,,,,,,,
LAB0014626,,,,,,,,,,
LAB0014627,,,,,,,,,,
LAB0014628,,,,,,,,,,
LAB0014629,,,,,,,,,,
LAB0014630,,,,,,,,,,
LAB0014631,,,,,,,,,,
LAB0014632,,,,,,,,,,
LAB0014633,,,,,,,,,,
LAB0014634,,,,,,,,,,
LAB0014635,,,,,,,,,,
LAB0014636,,,,,,,,,,
LAB0014637,,,,,,,,,,
LAB0014638,,,,,,,,,,
LAB0014639,,,,,,,,,,
LAB0014640,,,,,,,,,,
LAB0014641,,,,,,,,,,
LAB0014642,,,,,,,,,,
LAB0014643,,,,,,,,,,
LAB0014644,,,,,,,,,,
LAB0014645,,,,,,,,,,
LAB0014646,,,,,,,,,,
LAB0014647,,,,,,,,,,
LAB0014648,,,,,,,,,,
LAB0014649,,,,,,,,,,
LAB0014650,,,,,,,,,,
LAB0014651,,,,,,,,,,
LAB0014652,,,,,,,,,,
LAB0014653,,,,,,,,,,
LAB0014654,,,,,,,,,,
LAB0014655,,,,,,,,,,
LAB0014656,,,,,,,,,,
LAB0014657,,,,,,,,,,
LAB0014658,,,,,,,,,,
LAB0014659,,,,,,,,,,
LAB0014660,,,,,,,,,,
LAB0014661,,,,,,,,,,
LAB0014662,,,,,,,,,,
LAB0014663,,,,,,,,,,
LAB0014664,,,,,,,,,,
LAB0014665,,,,,,,,,,
LAB0014666,,,,,,,,,,
LAB0014667,,,,,,,,,,
LAB0014668,,,,,,,,,,
LAB0014669,,,,,,,,,,
LAB0014670,,,,,,,,,,
LAB0014671,,,,,,,,,,
LAB0014672,,,,,,,,,,
LAB0014673,,,,,,,,,,
LAB0014674,,,,,,,,,,
LAB0014675,,,,,,,,,,
LAB0014676,,,,,,,,,,
LAB0014677,,,,,,,,,,
LAB0014678,,,,,,,,,,
LAB0014679,,,,,,,,,,
LAB0014680,,,,,,,,,,
LAB0014681,,,,,,,,,,
LAB0014682,,,,,,,,,,
LAB0014683,,,,,,,,,,
LAB0014684,,,,,,,,,,
LAB0014685,,,,,,,,,,
LAB0014686,,,,,,,,,,
LAB0014687,,,,,,,,,,
LAB0014688,,,,,,,,,,
LAB0014689,,,,,,,,,,
LAB0014690,,,,,,,,,,
LAB0014691,,,,,,,,,,
LAB0014692,,,,,,,,,,
LAB0014693,,,,,,,,,,
LAB0014694,,,,,,,,,,
LAB0014695,,,,,,,,,,
LAB0014696,,,,,,,,,,
LAB0014697,,,,,,,,,,
LAB0014698,,,,,,,,,,
LAB0014699,,,,,,,,,,
LAB0014700,,,,,,,,,,
LAB0014701,,,,,,,,,,
LAB0014702,,,,,,,,,,
LAB0014703,,,,,,,,,,
LAB0014704,,,,,,,,,,
LAB0014705,,,,,,,,,,
LAB0014706,,,,,,,,,,
LAB0014707,,,,,,,,,,
LAB0014708,,,,,,,,,,
LAB0014709,,,,,,,,,,
LAB0014710,,,,,,,,,,
LAB0014711,,,,,,,,,,
LAB0014712,,,,,,,,,,
LAB0014713,,,,,,,,,,
LAB0014714,,,,,,,,,,
LAB0014715,,,,,,,,,,
LAB0014716,,,,,,,,,,
LAB0014717,,,,,,,,,,
LAB0014718,,,,,,,,,,
LAB0014719,,,,,,,,,,
LAB0014720,,,,,,,,,,
LAB0014721,,,,,,,,,,
LAB0014722,,,,,,,,,,
LAB0014723,,,,,,,,,,
LAB0014724,,,,,,,,,,
LAB0014725,,,,,,,,,,
LAB0014726,,,,,,,,,,
LAB0014727,,,,,,,,,,
LAB0014728,,,,,,,,,,
LAB0014729,,,,,,,,,,
LAB0014730,,,,,,,,,,
LAB0014731,,,,,,,,,,
LAB0014732,,,,,,,,,,
LAB0014733,,,,,,,,,,
LAB0014734,,,,,,,,,,
LAB0014735,,,,,,,,,,
LAB0014736,,,,,,,,,,
LAB0014737,,,,,,,,,,
LAB0014738,,,,,,,,,,
LAB0014739,,,,,,,,,,
LAB0014740,,,,,,,,,,
LAB0014741,,,,,,,,,,
LAB0014742,,,,,,,,,,
LAB0014743,,,,,,,,,,
LAB0014744,,,,,,,,,,
LAB0014745,,,,,,,,,,
LAB0014746,,,,,,,,,,
LAB0014747,,,,,,,,,,
LAB0014748,,,,,,,,,,
LAB0014749,,,,,,,,,,
LAB0014750,,,,,,,,,,
LAB0014751,,,,,,,,,,
LAB0014752,,,,,,,,,,
LAB0014753,,,,,,,,,,
LAB0014754,,,,,,,,,,
LAB0014755,,,,,,,,,,
LAB0014756,,,,,,,,,,
LAB0014757,,,,,,,,,,
LAB0014758,,,,,,,,,,
LAB0014759,,,,,,,,,,
LAB0014760,,,,,,,,,,
LAB0014761,,,,,,,,,,
LAB0014762,,,,,,,,,,
LAB0014763,,,,,,,,,,
LAB0014764,,,,,,,,,,
LAB0014765,,,,,,,,,,
LAB0014766,,,,,,,,,,
LAB0014767,,,,,,,,,,
LAB0014768,,,,,,,,,,
LAB0014769,,,,,,,,,,
LAB0014770,,,,,,,,,,
LAB0014771,,,,,,,,,,
LAB0014772,,,,,,,,,,
LAB0014773,,,,,,,,,,
LAB0014774,,,,,,,,,,
LAB0014775,,,,,,,,,,
LAB0014776,,,,,,,,,,
LAB0014777,,,,,,,,,,
LAB0014778,,,,,,,,,,
LAB0014779,,,,,,,,,,
LAB0014780,,,,,,,,,,
LAB0014781,,,,,,,,,,
LAB0014782,,,,,,,,,,
LAB0014783,,,,,,,,,,
LAB0014784,,,,,,,,,,
LAB0014785,,,,,,,,,,
LAB0014786,,,,,,,,,,
LAB0014787,,,,,,,,,,
LAB0014788,,,,,,,,,,
LAB0014789,,,,,,,,,,
LAB0014790,,,,,,,,,,
LAB0014791,,,,,,,,,,
LAB0014792,,,,,,,,,,
LAB0014793,,,,,,,,,,
LAB0014794,,,,,,,,,,
LAB0014795,,,,,,,,,,
LAB0014796,,,,,,,,,,
LAB0014797,,,,,,,,,,
LAB0014798,,,,,,,,,,
LAB0014799,,,,,,,,,,
LAB0014800,,,,,,,,,,
LAB0014801,,,,,,,,,,
LAB0014802,,,,,,,,,,
LAB0014803,,,,,,,,,,
LAB0014804,,,,,,,,,,
LAB0014805,,,,,,,,,,
LAB0014806,,,,,,,,,,
LAB0014807,,,,,,,,,,
LAB0014808,,,,,,,,,,
LAB0014809,,,,,,,,,,
LAB0014810,,,,,,,,,,
LAB0014811,,,,,,,,,,
LAB0014812,,,,,,,,,,
LAB0014813,,,,,,,,,,
LAB0014814,,,,,,,,,,
LAB0014815,,,,,,,,,,
LAB0014816,,,,,,,,,,
LAB0014817,,,,,,,,,,
LAB0014818,,,,,,,,,,
LAB0014819,,,,,,,,,,
LAB0014820,,,,,,,,,,
LAB0014821,,,,,,,,,,
LAB0014822,,,,,,,,,,
LAB0014823,,,,,,,,,,
LAB0014824,,,,,,,,,,
LAB0014825,,,,,,,,,,
LAB0014826,,,,,,,,,,
LAB0014827,,,,,,,,,,
LAB0014828,,,,,,,,,,
LAB0014829,,,,,,,,,,
LAB0014830,,,,,,,,,,
LAB0014831,,,,,,,,,,
LAB0014832,,,,,,,,,,
LAB0014833,,,,,,,,,,
LAB0014834,,,,,,,,,,
LAB0014835,,,,,,,,,,
LAB0014836,,,,,,,,,,
LAB0014837,,,,,,,,,,
LAB0014838,,,,,,,,,,
LAB0014839,,,,,,,,,,
LAB0014840,,,,,,,,,,
LAB0014841,,,,,,,,,,
LAB0014842,,,,,,,,,,
LAB0014843,,,,,,,,,,
LAB0014844,,,,,,,,,,
LAB0014845,,,,,,,,,,
LAB0014846,,,,,,,,,,
LAB0014847,,,,,,,,,,
LAB0014848,,,,,,,,,,
LAB0014849,,,,,,,,,,
LAB0014850,,,,,,,,,,
LAB0014851,,,,,,,,,,
LAB0014852,,,,,,,,,,
LAB0014853,,,,,,,,,,
LAB0014854,,,,,,,,,,
LAB0014855,,,,,,,,,,
LAB0014856,,,,,,,,,,
LAB0014857,,,,,,,,,,
LAB0014858,,,,,,,,,,
LAB0014859,,,,,,,,,,
LAB0014860,,,,,,,,,,
LAB0014861,,,,,,,,,,
LAB0014862,,,,,,,,,,
LAB0014863,,,,,,,,,,
LAB0014864,,,,,,,,,,
LAB0014865,,,,,,,,,,
LAB0014866,,,,,,,,,,
LAB0014867,,,,,,,,,,
LAB0014868,,,,,,,,,,
LAB0014869,,,,,,,,,,
LAB0014870,,,,,,,,,,
LAB0014871,,,,,,,,,,
LAB0014872,,,,,,,,,,
LAB0014873,,,,,,,,,,
LAB0014874,,,,,,,,,,
LAB0014875,,,,,,,,,,
LAB0014876,,,,,,,,,,
LAB0014877,,,,,,,,,,
LAB0014878,,,,,,,,,,
LAB0014879,,,,,,,,,,
LAB0014880,,,,,,,,,,
LAB0014881,,,,,,,,,,
LAB0014882,,,,,,,,,,
LAB0014883,,,,,,,,,,
LAB0014884,,,,,,,,,,
LAB0014885,,,,,,,,,,
LAB0014886,,,,,,,,,,
LAB0014887,,,,,,,,,,
LAB0014888,,,,,,,,,,
LAB0014889,,,,,,,,,,
LAB0014890,,,,,,,,,,
LAB0014891,,,,,,,,,,
LAB0014892,,,,,,,,,,
LAB0014893,,,,,,,,,,
LAB0014894,,,,,,,,,,
LAB0014895,,,,,,,,,,
LAB0014896,,,,,,,,,,
LAB0014897,,,,,,,,,,
LAB0014898,,,,,,,,,,
LAB0014899,,,,,,,,,,
LAB0014900,,,,,,,,,,
LAB0014901,,,,,,,,,,
LAB0014902,,,,,,,,,,
LAB0014903,,,,,,,,,,
LAB0014904,,,,,,,,,,
LAB0014905,,,,,,,,,,
LAB0014906,,,,,,,,,,
LAB0014907,,,,,,,,,,
LAB0014908,,,,,,,,,,
LAB0014909,,,,,,,,,,
LAB0014910,,,,,,,,,,
LAB0014911,,,,,,,,,,
LAB0014912,,,,,,,,,,
LAB0014913,,,,,,,,,,
LAB0014914,,,,,,,,,,
LAB0014915,,,,,,,,,,
LAB0014916,,,,,,,,,,
LAB0014917,,,,,,,,,,
LAB0014918,,,,,,,,,,
LAB0014919,,,,,,,,,,
LAB0014920,,,,,,,,,,
LAB0014921,,,,,,,,,,
LAB0014922,,,,,,,,,,
LAB0014923,,,,,,,,,,
LAB0014924,,,,,,,,,,
LAB0014925,,,,,,,,,,
LAB0014926,,,,,,,,,,
LAB0014927,,,,,,,,,,
LAB0014928,,,,,,,,,,
LAB0014929,,,,,,,,,,
LAB0014930,,,,,,,,,,
LAB0014931,,,,,,,,,,
LAB0014932,,,,,,,,,,
LAB0014933,,,,,,,,,,
LAB0014934,,,,,,,,,,
LAB0014935,,,,,,,,,,
LAB0014936,,,,,,,,,,
LAB0014937,,,,,,,,,,
LAB0014938,,,,,,,,,,
LAB0014939,,,,,,,,,,
LAB0014940,,,,,,,,,,
LAB0014941,,,,,,,,,,
LAB0014942,,,,,,,,,,
LAB0014943,,,,,,,,,,
LAB0014944,,,,,,,,,,
LAB0014945,,,,,,,,,,
LAB0014946,,,,,,,,,,
LAB0014947,,,,,,,,,,
LAB0014948,,,,,,,,,,
LAB0014949,,,,,,,,,,
LAB0014950,,,,,,,,,,
LAB0014951,,,,,,,,,,
LAB0014952,,,,,,,,,,
LAB0014953,,,,,,,,,,
LAB0014954,,,,,,,,,,
LAB0014955,,,,,,,,,,
LAB0014956,,,,,,,,,,
LAB0014957,,,,,,,,,,
LAB0014958,,,,,,,,,,
LAB0014959,,,,,,,,,,
LAB0014960,,,,,,,,,,
LAB0014961,,,,,,,,,,
LAB0014962,,,,,,,,,,
LAB0014963,,,,,,,,,,
LAB0014964,,,,,,,,,,
LAB0014965,,,,,,,,,,
LAB0014966,,,,,,,,,,
LAB0014967,,,,,,,,,,
LAB0014968,,,,,,,,,,
LAB0014969,,,,,,,,,,
LAB0014970,,,,,,,,,,
LAB0014971,,,,,,,,,,
LAB0014972,,,,,,,,,,
LAB0014973,,,,,,,,,,
LAB0014974,,,,,,,,,,
LAB0014975,,,,,,,,,,
LAB0014976,,,,,,,,,,
LAB0014977,,,,,,,,,,
LAB0014978,,,,,,,,,,
LAB0014979,,,,,,,,,,
LAB0014980,,,,,,,,,,
LAB0014981,,,,,,,,,,
LAB0014982,,,,,,,,,,
LAB0014983,,,,,,,,,,
LAB0014984,,,,,,,,,,
LAB0014985,,,,,,,,,,
LAB0014986,,,,,,,,,,
LAB0014987,,,,,,,,,,
LAB0014988,,,,,,,,,,
LAB0014989,,,,,,,,,,
LAB0014990,,,,,,,,,,
LAB0014991,,,,,,,,,,
LAB0014992,,,,,,,,,,
LAB0014993,,,,,,,,,,
LAB0014994,,,,,,,,,,
LAB0014995,,,,,,,,,,
LAB0014996,,,,,,,,,,
LAB0014997,,,,,,,,,,
LAB0014998,,,,,,,,,,
LAB0014999,,,,,,,,,,
LAB0015000,,,,,,,,,,
LAB0015001,,,,,,,,,,
LAB0015002,,,,,,,,,,
LAB0015003,,,,,,,,,,
LAB0015004,,,,,,,,,,
LAB0015005,,,,,,,,,,
LAB0015006,,,,,,,,,,
LAB0015007,,,,,,,,,,
LAB0015008,,,,,,,,,,
LAB0015009,,,,,,,,,,
LAB0015010,,,,,,,,,,
LAB0015011,,,,,,,,,,
LAB0015012,,,,,,,,,,
LAB0015013,,,,,,,,,,
LAB0015014,,,,,,,,,,
LAB0015015,,,,,,,,,,
LAB0015016,,,,,,,,,,
LAB0015017,,,,,,,,,,
LAB0015018,,,,,,,,,,
LAB0015019,,,,,,,,,,
LAB0015020,,,,,,,,,,
LAB0015021,,,,,,,,,,
LAB0015022,,,,,,,,,,
LAB0015023,,,,,,,,,,
LAB0015024,,,,,,,,,,
LAB0015025,,,,,,,,,,
LAB0015026,,,,,,,,,,
LAB0015027,,,,,,,,,,
LAB0015028,,,,,,,,,,
LAB0015029,,,,,,,,,,
LAB0015030,,,,,,,,,,
LAB0015031,,,,,,,,,,
LAB0015032,,,,,,,,,,
LAB0015033,,,,,,,,,,
LAB0015034,,,,,,,,,,
LAB0015035,,,,,,,,,,
LAB0015036,,,,,,,,,,
LAB0015037,,,,,,,,,,
LAB0015038,,,,,,,,,,
LAB0015039,,,,,,,,,,
LAB0015040,,,,,,,,,,
LAB0015041,,,,,,,,,,
LAB0015042,,,,,,,,,,
LAB0015043,,,,,,,,,,
LAB0015044,,,,,,,,,,
LAB0015045,,,,,,,,,,
LAB0015046,,,,,,,,,,
LAB0015047,,,,,,,,,,
LAB0015048,,,,,,,,,,
LAB0015049,,,,,,,,,,
LAB0015050,,,,,,,,,,
LAB0015051,,,,,,,,,,
LAB0015052,,,,,,,,,,
LAB0015053,,,,,,,,,,
LAB0015054,,,,,,,,,,
LAB0015055,,,,,,,,,,
LAB0015056,,,,,,,,,,
LAB0015057,,,,,,,,,,
LAB0015058,,,,,,,,,,
LAB0015059,,,,,,,,,,
LAB0015060,,,,,,,,,,
LAB0015061,,,,,,,,,,
LAB0015062,,,,,,,,,,
LAB0015063,,,,,,,,,,
LAB0015064,,,,,,,,,,
LAB0015065,,,,,,,,,,
LAB0015066,,,,,,,,,,
LAB0015067,,,,,,,,,,
LAB0015068,,,,,,,,,,
LAB0015069,,,,,,,,,,
LAB0015070,,,,,,,,,,
LAB0015071,,,,,,,,,,
LAB0015072,,,,,,,,,,
LAB0015073,,,,,,,,,,
LAB0015074,,,,,,,,,,
LAB0015075,,,,,,,,,,
LAB0015076,,,,,,,,,,
LAB0015077,,,,,,,,,,
LAB0015078,,,,,,,,,,
LAB0015079,,,,,,,,,,
LAB0015080,,,,,,,,,,
LAB0015081,,,,,,,,,,
LAB0015082,,,,,,,,,,
LAB0015083,,,,,,,,,,
LAB0015084,,,,,,,,,,
LAB0015085,,,,,,,,,,
LAB0015086,,,,,,,,,,
LAB0015087,,,,,,,,,,
LAB0015088,,,,,,,,,,
LAB0015089,,,,,,,,,,
LAB0015090,,,,,,,,,,
LAB0015091,,,,,,,,,,
LAB0015092,,,,,,,,,,
LAB0015093,,,,,,,,,,
LAB0015094,,,,,,,,,,
LAB0015095,,,,,,,,,,
LAB0015096,,,,,,,,,,
LAB0015097,,,,,,,,,,
LAB0015098,,,,,,,,,,
LAB0015099,,,,,,,,,,
LAB0015100,,,,,,,,,,
LAB0015101,,,,,,,,,,
LAB0015102,,,,,,,,,,
LAB0015103,,,,,,,,,,
LAB0015104,,,,,,,,,,
LAB0015105,,,,,,,,,,
LAB0015106,,,,,,,,,,
LAB0015107,,,,,,,,,,
LAB0015108,,,,,,,,,,
LAB0015109,,,,,,,,,,
LAB0015110,,,,,,,,,,
LAB0015111,,,,,,,,,,
LAB0015112,,,,,,,,,,
LAB0015113,,,,,,,,,,
LAB0015114,,,,,,,,,,
LAB0015115,,,,,,,,,,
LAB0015116,,,,,,,,,,
LAB0015117,,,,,,,,,,
LAB0015118,,,,,,,,,,
LAB0015119,,,,,,,,,,
LAB0015120,,,,,,,,,,
LAB0015121,,,,,,,,,,
LAB0015122,,,,,,,,,,
LAB0015123,,,,,,,,,,
LAB0015124,,,,,,,,,,
LAB0015125,,,,,,,,,,
LAB0015126,,,,,,,,,,
LAB0015127,,,,,,,,,,
LAB0015128,,,,,,,,,,
LAB0015129,,,,,,,,,,
LAB0015130,,,,,,,,,,
LAB0015131,,,,,,,,,,
LAB0015132,,,,,,,,,,
LAB0015133,,,,,,,,,,
LAB0015134,,,,,,,,,,
LAB0015135,,,,,,,,,,
LAB0015136,,,,,,,,,,
LAB0015137,,,,,,,,,,
LAB0015138,,,,,,,,,,
LAB0015139,,,,,,,,,,
LAB0015140,,,,,,,,,,
LAB0015141,,,,,,,,,,
LAB0015142,,,,,,,,,,
LAB0015143,,,,,,,,,,
LAB0015144,,,,,,,,,,
LAB0015145,,,,,,,,,,
LAB0015146,,,,,,,,,,
LAB0015147,,,,,,,,,,
LAB0015148,,,,,,,,,,
LAB0015149,,,,,,,,,,
LAB0015150,,,,,,,,,,
LAB0015151,,,,,,,,,,
LAB0015152,,,,,,,,,,
LAB0015153,,,,,,,,,,
LAB0015154,,,,,,,,,,
LAB0015155,,,,,,,,,,
LAB0015156,,,,,,,,,,
LAB0015157,,,,,,,,,,
LAB0015158,,,,,,,,,,
LAB0015159,,,,,,,,,,
LAB0015160,,,,,,,,,,
LAB0015161,,,,,,,,,,
LAB0015162,,,,,,,,,,
LAB0015163,,,,,,,,,,
LAB0015164,,,,,,,,,,
LAB0015165,,,,,,,,,,
LAB0015166,,,,,,,,,,
LAB0015167,,,,,,,,,,
LAB0015168,,,,,,,,,,
LAB0015169,,,,,,,,,,
LAB0015170,,,,,,,,,,
LAB0015171,,,,,,,,,,
LAB0015172,,,,,,,,,,
LAB0015173,,,,,,,,,,
LAB0015174,,,,,,,,,,
LAB0015175,,,,,,,,,,
LAB0015176,,,,,,,,,,
LAB0015177,,,,,,,,,,
LAB0015178,,,,,,,,,,
LAB0015179,,,,,,,,,,
LAB0015180,,,,,,,,,,
LAB0015181,,,,,,,,,,
LAB0015182,,,,,,,,,,
LAB0015183,,,,,,,,,,
LAB0015184,,,,,,,,,,
LAB0015185,,,,,,,,,,
LAB0015186,,,,,,,,,,
LAB0015187,,,,,,,,,,
LAB0015188,,,,,,,,,,
LAB0015189,,,,,,,,,,
LAB0015190,,,,,,,,,,
LAB0015191,,,,,,,,,,
LAB0015192,,,,,,,,,,
LAB0015193,,,,,,,,,,
LAB0015194,,,,,,,,,,
LAB0015195,,,,,,,,,,
LAB0015196,,,,,,,,,,
LAB0015197,,,,,,,,,,
LAB0015198,,,,,,,,,,
LAB0015199,,,,,,,,,,
LAB0015200,,,,,,,,,,
LAB0015201,,,,,,,,,,
LAB0015202,,,,,,,,,,
LAB0015203,,,,,,,,,,
LAB0015204,,,,,,,,,,
LAB0015205,,,,,,,,,,
LAB0015206,,,,,,,,,,
LAB0015207,,,,,,,,,,
LAB0015208,,,,,,,,,,
LAB0015209,,,,,,,,,,
LAB0015210,,,,,,,,,,
LAB0015211,,,,,,,,,,
LAB0015212,,,,,,,,,,
LAB0015213,,,,,,,,,,
LAB0015214,,,,,,,,,,
LAB0015215,,,,,,,,,,
LAB0015216,,,,,,,,,,
LAB0015217,,,,,,,,,,
LAB0015218,,,,,,,,,,
LAB0015219,,,,,,,,,,
LAB0015220,,,,,,,,,,
LAB0015221,,,,,,,,,,
LAB0015222,,,,,,,,,,
LAB0015223,,,,,,,,,,
LAB0015224,,,,,,,,,,
LAB0015225,,,,,,,,,,
LAB0015226,,,,,,,,,,
LAB0015227,,,,,,,,,,
LAB0015228,,,,,,,,,,
LAB0015229,,,,,,,,,,
LAB0015230,,,,,,,,,,
LAB0015231,,,,,,,,,,
LAB0015232,,,,,,,,,,
LAB0015233,,,,,,,,,,
LAB0015234,,,,,,,,,,
LAB0015235,,,,,,,,,,
LAB0015236,,,,,,,,,,
LAB0015237,,,,,,,,,,
LAB0015238,,,,,,,,,,
LAB0015239,,,,,,,,,,
LAB0015240,,,,,,,,,,
LAB0015241,,,,,,,,,,
LAB0015242,,,,,,,,,,
LAB0015243,,,,,,,,,,
LAB0015244,,,,,,,,,,
LAB0015245,,,,,,,,,,
LAB0015246,,,,,,,,,,
LAB0015247,,,,,,,,,,
LAB0015248,,,,,,,,,,
LAB0015249,,,,,,,,,,
LAB0015250,,,,,,,,,,
LAB0015251,,,,,,,,,,
LAB0015252,,,,,,,,,,
LAB0015253,,,,,,,,,,
LAB0015254,,,,,,,,,,
LAB0015255,,,,,,,,,,
LAB0015256,,,,,,,,,,
LAB0015257,,,,,,,,,,
LAB0015258,,,,,,,,,,
LAB0015259,,,,,,,,,,
LAB0015260,,,,,,,,,,
LAB0015261,,,,,,,,,,
LAB0015262,,,,,,,,,,
LAB0015263,,,,,,,,,,
LAB0015264,,,,,,,,,,
LAB0015265,,,,,,,,,,
LAB0015266,,,,,,,,,,
LAB0015267,,,,,,,,,,
LAB0015268,,,,,,,,,,
LAB0015269,,,,,,,,,,
LAB0015270,,,,,,,,,,
LAB0015271,,,,,,,,,,
LAB0015272,,,,,,,,,,
LAB0015273,,,,,,,,,,
LAB0015274,,,,,,,,,,
LAB0015275,,,,,,,,,,
LAB0015276,,,,,,,,,,
LAB0015277,,,,,,,,,,
LAB0015278,,,,,,,,,,
LAB0015279,,,,,,,,,,
LAB0015280,,,,,,,,,,
LAB0015281,,,,,,,,,,
LAB0015282,,,,,,,,,,
LAB0015283,,,,,,,,,,
LAB0015284,,,,,,,,,,
LAB0015285,,,,,,,,,,
LAB0015286,,,,,,,,,,
LAB0015287,,,,,,,,,,
LAB0015288,,,,,,,,,,
LAB0015289,,,,,,,,,,
LAB0015290,,,,,,,,,,
LAB0015291,,,,,,,,,,
LAB0015292,,,,,,,,,,
LAB0015293,,,,,,,,,,
LAB0015294,,,,,,,,,,
LAB0015295,,,,,,,,,,
LAB0015296,,,,,,,,,,
LAB0015297,,,,,,,,,,
LAB0015298,,,,,,,,,,
LAB0015299,,,,,,,,,,
LAB0015300,,,,,,,,,,
LAB0015301,,,,,,,,,,
LAB0015302,,,,,,,,,,
LAB0015303,,,,,,,,,,
LAB0015304,,,,,,,,,,
LAB0015305,,,,,,,,,,
LAB0015306,,,,,,,,,,
LAB0015307,,,,,,,,,,
LAB0015308,,,,,,,,,,
LAB0015309,,,,,,,,,,
LAB0015310,,,,,,,,,,
LAB0015311,,,,,,,,,,
LAB0015312,,,,,,,,,,
LAB0015313,,,,,,,,,,
LAB0015314,,,,,,,,,,
LAB0015315,,,,,,,,,,
LAB0015316,,,,,,,,,,
LAB0015317,,,,,,,,,,
LAB0015318,,,,,,,,,,
LAB0015319,,,,,,,,,,
LAB0015320,,,,,,,,,,
LAB0015321,,,,,,,,,,
LAB0015322,,,,,,,,,,
LAB0015323,,,,,,,,,,
LAB0015324,,,,,,,,,,
LAB0015325,,,,,,,,,,
LAB0015326,,,,,,,,,,
LAB0015327,,,,,,,,,,
LAB0015328,,,,,,,,,,
LAB0015329,,,,,,,,,,
LAB0015330,,,,,,,,,,
LAB0015331,,,,,,,,,,
LAB0015332,,,,,,,,,,
LAB0015333,,,,,,,,,,
LAB0015334,,,,,,,,,,
LAB0015335,,,,,,,,,,
LAB0015336,,,,,,,,,,
LAB0015337,,,,,,,,,,
LAB0015338,,,,,,,,,,
LAB0015339,,,,,,,,,,
LAB0015340,,,,,,,,,,
LAB0015341,,,,,,,,,,
LAB0015342,,,,,,,,,,
LAB0015343,,,,,,,,,,
LAB0015344,,,,,,,,,,
LAB0015345,,,,,,,,,,
LAB0015346,,,,,,,,,,
LAB0015347,,,,,,,,,,
LAB0015348,,,,,,,,,,
LAB0015349,,,,,,,,,,
LAB0015350,,,,,,,,,,
LAB0015351,,,,,,,,,,
LAB0015352,,,,,,,,,,
LAB0015353,,,,,,,,,,
LAB0015354,,,,,,,,,,
LAB0015355,,,,,,,,,,
LAB0015356,,,,,,,,,,
LAB0015357,,,,,,,,,,
LAB0015358,,,,,,,,,,
LAB0015359,,,,,,,,,,
LAB0015360,,,,,,,,,,
LAB0015361,,,,,,,,,,
LAB0015362,,,,,,,,,,
LAB0015363,,,,,,,,,,
LAB0015364,,,,,,,,,,
LAB0015365,,,,,,,,,,
LAB0015366,,,,,,,,,,
LAB0015367,,,,,,,,,,
LAB0015368,,,,,,,,,,
LAB0015369,,,,,,,,,,
LAB0015370,,,,,,,,,,
LAB0015371,,,,,,,,,,
LAB0015372,,,,,,,,,,
LAB0015373,,,,,,,,,,
LAB0015374,,,,,,,,,,
LAB0015375,,,,,,,,,,
LAB0015376,,,,,,,,,,
LAB0015377,,,,,,,,,,
LAB0015378,,,,,,,,,,
LAB0015379,,,,,,,,,,
LAB0015380,,,,,,,,,,
LAB0015381,,,,,,,,,,
LAB0015382,,,,,,,,,,
LAB0015383,,,,,,,,,,
LAB0015384,,,,,,,,,,
LAB0015385,,,,,,,,,,
LAB0015386,,,,,,,,,,
LAB0015387,,,,,,,,,,
LAB0015388,,,,,,,,,,
LAB0015389,,,,,,,,,,
LAB0015390,,,,,,,,,,
LAB0015391,,,,,,,,,,
LAB0015392,,,,,,,,,,
LAB0015393,,,,,,,,,,
LAB0015394,,,,,,,,,,
LAB0015395,,,,,,,,,,
LAB0015396,,,,,,,,,,
LAB0015397,,,,,,,,,,
LAB0015398,,,,,,,,,,
LAB0015399,,,,,,,,,,
LAB0015400,,,,,,,,,,
LAB0015401,,,,,,,,,,
LAB0015402,,,,,,,,,,
LAB0015403,,,,,,,,,,
LAB0015404,,,,,,,,,,
LAB0015405,,,,,,,,,,
LAB0015406,,,,,,,,,,
LAB0015407,,,,,,,,,,
LAB0015408,,,,,,,,,,
LAB0015409,,,,,,,,,,
LAB0015410,,,,,,,,,,
LAB0015411,,,,,,,,,,
LAB0015412,,,,,,,,,,
LAB0015413,,,,,,,,,,
LAB0015414,,,,,,,,,,
LAB0015415,,,,,,,,,,
LAB0015416,,,,,,,,,,
LAB0015417,,,,,,,,,,
LAB0015418,,,,,,,,,,
LAB0015419,,,,,,,,,,
LAB0015420,,,,,,,,,,
LAB0015421,,,,,,,,,,
LAB0015422,,,,,,,,,,
LAB0015423,,,,,,,,,,
LAB0015424,,,,,,,,,,
LAB0015425,,,,,,,,,,
LAB0015426,,,,,,,,,,
LAB0015427,,,,,,,,,,
LAB0015428,,,,,,,,,,
LAB0015429,,,,,,,,,,
LAB0015430,,,,,,,,,,
LAB0015431,,,,,,,,,,
LAB0015432,,,,,,,,,,
LAB0015433,,,,,,,,,,
LAB0015434,,,,,,,,,,
LAB0015435,,,,,,,,,,
LAB0015436,,,,,,,,,,
LAB0015437,,,,,,,,,,
LAB0015438,,,,,,,,,,
LAB0015439,,,,,,,,,,
LAB0015440,,,,,,,,,,
LAB0015441,,,,,,,,,,
LAB0015442,,,,,,,,,,
LAB0015443,,,,,,,,,,
LAB0015444,,,,,,,,,,
LAB0015445,,,,,,,,,,
LAB0015446,,,,,,,,,,
LAB0015447,,,,,,,,,,
LAB0015448,,,,,,,,,,
LAB0015449,,,,,,,,,,
LAB0015450,,,,,,,,,,
LAB0015451,,,,,,,,,,
LAB0015452,,,,,,,,,,
LAB0015453,,,,,,,,,,
LAB0015454,,,,,,,,,,
LAB0015455,,,,,,,,,,
LAB0015456,,,,,,,,,,
LAB0015457,,,,,,,,,,
LAB0015458,,,,,,,,,,
LAB0015459,,,,,,,,,,
LAB0015460,,,,,,,,,,
LAB0015461,,,,,,,,,,
LAB0015462,,,,,,,,,,
LAB0015463,,,,,,,,,,
LAB0015464,,,,,,,,,,
LAB0015465,,,,,,,,,,
LAB0015466,,,,,,,,,,
LAB0015467,,,,,,,,,,
LAB0015468,,,,,,,,,,
LAB0015469,,,,,,,,,,
LAB0015470,,,,,,,,,,
LAB0015471,,,,,,,,,,
LAB0015472,,,,,,,,,,
LAB0015473,,,,,,,,,,
LAB0015474,,,,,,,,,,
LAB0015475,,,,,,,,,,
LAB0015476,,,,,,,,,,
LAB0015477,,,,,,,,,,
LAB0015478,,,,,,,,,,
LAB0015479,,,,,,,,,,
LAB0015480,,,,,,,,,,
LAB0015481,,,,,,,,,,
LAB0015482,,,,,,,,,,
LAB0015483,,,,,,,,,,
LAB0015484,,,,,,,,,,
LAB0015485,,,,,,,,,,
LAB0015486,,,,,,,,,,
LAB0015487,,,,,,,,,,
LAB0015488,,,,,,,,,,
LAB0015489,,,,,,,,,,
LAB0015490,,,,,,,,,,
LAB0015491,,,,,,,,,,
LAB0015492,,,,,,,,,,
LAB0015493,,,,,,,,,,
LAB0015494,,,,,,,,,,
LAB0015495,,,,,,,,,,
LAB0015496,,,,,,,,,,
LAB0015497,,,,,,,,,,
LAB0015498,,,,,,,,,,
LAB0015499,,,,,,,,,,
LAB0015500,,,,,,,,,,
LAB0015501,,,,,,,,,,
LAB0015502,,,,,,,,,,
LAB0015503,,,,,,,,,,
LAB0015504,,,,,,,,,,
LAB0015505,,,,,,,,,,
LAB0015506,,,,,,,,,,
LAB0015507,,,,,,,,,,
LAB0015508,,,,,,,,,,
LAB0015509,,,,,,,,,,
LAB0015510,,,,,,,,,,
LAB0015511,,,,,,,,,,
LAB0015512,,,,,,,,,,
LAB0015513,,,,,,,,,,
LAB0015514,,,,,,,,,,
LAB0015515,,,,,,,,,,
LAB0015516,,,,,,,,,,
LAB0015517,,,,,,,,,,
LAB0015518,,,,,,,,,,
LAB0015519,,,,,,,,,,
LAB0015520,,,,,,,,,,
LAB0015521,,,,,,,,,,
LAB0015522,,,,,,,,,,
LAB0015523,,,,,,,,,,
LAB0015524,,,,,,,,,,
LAB0015525,,,,,,,,,,
LAB0015526,,,,,,,,,,
LAB0015527,,,,,,,,,,
LAB0015528,,,,,,,,,,
LAB0015529,,,,,,,,,,
LAB0015530,,,,,,,,,,
LAB0015531,,,,,,,,,,
LAB0015532,,,,,,,,,,
LAB0015533,,,,,,,,,,
LAB0015534,,,,,,,,,,
LAB0015535,,,,,,,,,,
LAB0015536,,,,,,,,,,
LAB0015537,,,,,,,,,,
LAB0015538,,,,,,,,,,
LAB0015539,,,,,,,,,,
LAB0015540,,,,,,,,,,
LAB0015541,,,,,,,,,,
LAB0015542,,,,,,,,,,
LAB0015543,,,,,,,,,,
LAB0015544,,,,,,,,,,
LAB0015545,,,,,,,,,,
LAB0015546,,,,,,,,,,
LAB0015547,,,,,,,,,,
LAB0015548,,,,,,,,,,
LAB0015549,,,,,,,,,,
LAB0015550,,,,,,,,,,
LAB0015551,,,,,,,,,,
LAB0015552,,,,,,,,,,
LAB0015553,,,,,,,,,,
LAB0015554,,,,,,,,,,
LAB0015555,,,,,,,,,,
LAB0015556,,,,,,,,,,
LAB0015557,,,,,,,,,,
LAB0015558,,,,,,,,,,
LAB0015559,,,,,,,,,,
LAB0015560,,,,,,,,,,
LAB0015561,,,,,,,,,,
LAB0015562,,,,,,,,,,
LAB0015563,,,,,,,,,,
LAB0015564,,,,,,,,,,
LAB0015565,,,,,,,,,,
LAB0015566,,,,,,,,,,
LAB0015567,,,,,,,,,,
LAB0015568,,,,,,,,,,
LAB0015569,,,,,,,,,,
LAB0015570,,,,,,,,,,
LAB0015571,,,,,,,,,,
LAB0015572,,,,,,,,,,
LAB0015573,,,,,,,,,,
LAB0015574,,,,,,,,,,
LAB0015575,,,,,,,,,,
LAB0015576,,,,,,,,,,
LAB0015577,,,,,,,,,,
LAB0015578,,,,,,,,,,
LAB0015579,,,,,,,,,,
LAB0015580,,,,,,,,,,
LAB0015581,,,,,,,,,,
LAB0015582,,,,,,,,,,
LAB0015583,,,,,,,,,,
LAB0015584,,,,,,,,,,
LAB0015585,,,,,,,,,,
LAB0015586,,,,,,,,,,
LAB0015587,,,,,,,,,,
LAB0015588,,,,,,,,,,
LAB0015589,,,,,,,,,,
LAB0015590,,,,,,,,,,
LAB0015591,,,,,,,,,,
LAB0015592,,,,,,,,,,
LAB0015593,,,,,,,,,,
LAB0015594,,,,,,,,,,
LAB0015595,,,,,,,,,,
LAB0015596,,,,,,,,,,
LAB0015597,,,,,,,,,,
LAB0015598,,,,,,,,,,
LAB0015599,,,,,,,,,,
LAB0015600,,,,,,,,,,
LAB0015601,,,,,,,,,,
LAB0015602,,,,,,,,,,
LAB0015603,,,,,,,,,,
LAB0015604,,,,,,,,,,
LAB0015605,,,,,,,,,,
LAB0015606,,,,,,,,,,
LAB0015607,,,,,,,,,,
LAB0015608,,,,,,,,,,
LAB0015609,,,,,,,,,,
LAB0015610,,,,,,,,,,
LAB0015611,,,,,,,,,,
LAB0015612,,,,,,,,,,
LAB0015613,,,,,,,,,,
LAB0015614,,,,,,,,,,
LAB0015615,,,,,,,,,,
LAB0015616,,,,,,,,,,
LAB0015617,,,,,,,,,,
LAB0015618,,,,,,,,,,
LAB0015619,,,,,,,,,,
LAB0015620,,,,,,,,,,
LAB0015621,,,,,,,,,,
LAB0015622,,,,,,,,,,
LAB0015623,,,,,,,,,,
LAB0015624,,,,,,,,,,
LAB0015625,,,,,,,,,,
LAB0015626,,,,,,,,,,
LAB0015627,,,,,,,,,,
LAB0015628,,,,,,,,,,
LAB0015629,,,,,,,,,,
LAB0015630,,,,,,,,,,
LAB0015631,,,,,,,,,,
LAB0015632,,,,,,,,,,
LAB0015633,,,,,,,,,,
LAB0015634,,,,,,,,,,
LAB0015635,,,,,,,,,,
LAB0015636,,,,,,,,,,
LAB0015637,,,,,,,,,,
LAB0015638,,,,,,,,,,
LAB0015639,,,,,,,,,,
LAB0015640,,,,,,,,,,
LAB0015641,,,,,,,,,,
LAB0015642,,,,,,,,,,
LAB0015643,,,,,,,,,,
LAB0015644,,,,,,,,,,
LAB0015645,,,,,,,,,,
LAB0015646,,,,,,,,,,
LAB0015647,,,,,,,,,,
LAB0015648,,,,,,,,,,
LAB0015649,,,,,,,,,,
LAB0015650,,,,,,,,,,
LAB0015651,,,,,,,,,,
LAB0015652,,,,,,,,,,
LAB0015653,,,,,,,,,,
LAB0015654,,,,,,,,,,
LAB0015655,,,,,,,,,,
LAB0015656,,,,,,,,,,
LAB0015657,,,,,,,,,,
LAB0015658,,,,,,,,,,
LAB0015659,,,,,,,,,,
LAB0015660,,,,,,,,,,
LAB0015661,,,,,,,,,,
LAB0015662,,,,,,,,,,
LAB0015663,,,,,,,,,,
LAB0015664,,,,,,,,,,
LAB0015665,,,,,,,,,,
LAB0015666,,,,,,,,,,
LAB0015667,,,,,,,,,,
LAB0015668,,,,,,,,,,
LAB0015669,,,,,,,,,,
LAB0015670,,,,,,,,,,
LAB0015671,,,,,,,,,,
LAB0015672,,,,,,,,,,
LAB0015673,,,,,,,,,,
LAB0015674,,,,,,,,,,
LAB0015675,,,,,,,,,,
LAB0015676,,,,,,,,,,
LAB0015677,,,,,,,,,,
LAB0015678,,,,,,,,,,
LAB0015679,,,,,,,,,,
LAB0015680,,,,,,,,,,
LAB0015681,,,,,,,,,,
LAB0015682,,,,,,,,,,
LAB0015683,,,,,,,,,,
LAB0015684,,,,,,,,,,
LAB0015685,,,,,,,,,,
LAB0015686,,,,,,,,,,
LAB0015687,,,,,,,,,,
LAB0015688,,,,,,,,,,
LAB0015689,,,,,,,,,,
LAB0015690,,,,,,,,,,
LAB0015691,,,,,,,,,,
LAB0015692,,,,,,,,,,
LAB0015693,,,,,,,,,,
LAB0015694,,,,,,,,,,
LAB0015695,,,,,,,,,,
LAB0015696,,,,,,,,,,
LAB0015697,,,,,,,,,,
LAB0015698,,,,,,,,,,
LAB0015699,,,,,,,,,,
LAB0015700,,,,,,,,,,
LAB0015701,,,,,,,,,,
LAB0015702,,,,,,,,,,
LAB0015703,,,,,,,,,,
LAB0015704,,,,,,,,,,
LAB0015705,,,,,,,,,,
LAB0015706,,,,,,,,,,
LAB0015707,,,,,,,,,,
LAB0015708,,,,,,,,,,
LAB0015709,,,,,,,,,,
LAB0015710,,,,,,,,,,
LAB0015711,,,,,,,,,,
LAB0015712,,,,,,,,,,
LAB0015713,,,,,,,,,,
LAB0015714,,,,,,,,,,
LAB0015715,,,,,,,,,,
LAB0015716,,,,,,,,,,
LAB0015717,,,,,,,,,,
LAB0015718,,,,,,,,,,
LAB0015719,,,,,,,,,,
LAB0015720,,,,,,,,,,
LAB0015721,,,,,,,,,,
LAB0015722,,,,,,,,,,
LAB0015723,,,,,,,,,,
LAB0015724,,,,,,,,,,
LAB0015725,,,,,,,,,,
LAB0015726,,,,,,,,,,
LAB0015727,,,,,,,,,,
LAB0015728,,,,,,,,,,
LAB0015729,,,,,,,,,,
LAB0015730,,,,,,,,,,
LAB0015731,,,,,,,,,,
LAB0015732,,,,,,,,,,
LAB0015733,,,,,,,,,,
LAB0015734,,,,,,,,,,
LAB0015735,,,,,,,,,,
LAB0015736,,,,,,,,,,
LAB0015737,,,,,,,,,,
LAB0015738,,,,,,,,,,
LAB0015739,,,,,,,,,,
LAB0015740,,,,,,,,,,
LAB0015741,,,,,,,,,,
LAB0015742,,,,,,,,,,
LAB0015743,,,,,,,,,,
LAB0015744,,,,,,,,,,
LAB0015745,,,,,,,,,,
LAB0015746,,,,,,,,,,
LAB0015747,,,,,,,,,,
LAB0015748,,,,,,,,,,
LAB0015749,,,,,,,,,,
LAB0015750,,,,,,,,,,
LAB0015751,,,,,,,,,,
LAB0015752,,,,,,,,,,
LAB0015753,,,,,,,,,,
LAB0015754,,,,,,,,,,
LAB0015755,,,,,,,,,,
LAB0015756,,,,,,,,,,
LAB0015757,,,,,,,,,,
LAB0015758,,,,,,,,,,
LAB0015759,,,,,,,,,,
LAB0015760,,,,,,,,,,
LAB0015761,,,,,,,,,,
LAB0015762,,,,,,,,,,
LAB0015763,,,,,,,,,,
LAB0015764,,,,,,,,,,
LAB0015765,,,,,,,,,,
LAB0015766,,,,,,,,,,
LAB0015767,,,,,,,,,,
LAB0015768,,,,,,,,,,
LAB0015769,,,,,,,,,,
LAB0015770,,,,,,,,,,
LAB0015771,,,,,,,,,,
LAB0015772,,,,,,,,,,
LAB0015773,,,,,,,,,,
LAB0015774,,,,,,,,,,
LAB0015775,,,,,,,,,,
LAB0015776,,,,,,,,,,
LAB0015777,,,,,,,,,,
LAB0015778,,,,,,,,,,
LAB0015779,,,,,,,,,,
LAB0015780,,,,,,,,,,
LAB0015781,,,,,,,,,,
LAB0015782,,,,,,,,,,
LAB0015783,,,,,,,,,,
LAB0015784,,,,,,,,,,
LAB0015785,,,,,,,,,,
LAB0015786,,,,,,,,,,
LAB0015787,,,,,,,,,,
LAB0015788,,,,,,,,,,
LAB0015789,,,,,,,,,,
LAB0015790,,,,,,,,,,
LAB0015791,,,,,,,,,,
LAB0015792,,,,,,,,,,
LAB0015793,,,,,,,,,,
LAB0015794,,,,,,,,,,
LAB0015795,,,,,,,,,,
LAB0015796,,,,,,,,,,
LAB0015797,,,,,,,,,,
LAB0015798,,,,,,,,,,
LAB0015799,,,,,,,,,,
LAB0015800,,,,,,,,,,
LAB0015801,,,,,,,,,,
LAB0015802,,,,,,,,,,
LAB0015803,,,,,,,,,,
LAB0015804,,,,,,,,,,
LAB0015805,,,,,,,,,,
LAB0015806,,,,,,,,,,
LAB0015807,,,,,,,,,,
LAB0015808,,,,,,,,,,
LAB0015809,,,,,,,,,,
LAB0015810,,,,,,,,,,
LAB0015811,,,,,,,,,,
LAB0015812,,,,,,,,,,
LAB0015813,,,,,,,,,,
LAB0015814,,,,,,,,,,
LAB0015815,,,,,,,,,,
LAB0015816,,,,,,,,,,
LAB0015817,,,,,,,,,,
LAB0015818,,,,,,,,,,
LAB0015819,,,,,,,,,,
LAB0015820,,,,,,,,,,
LAB0015821,,,,,,,,,,
LAB0015822,,,,,,,,,,
LAB0015823,,,,,,,,,,
LAB0015824,,,,,,,,,,
LAB0015825,,,,,,,,,,
LAB0015826,,,,,,,,,,
LAB0015827,,,,,,,,,,
LAB0015828,,,,,,,,,,
LAB0015829,,,,,,,,,,
LAB0015830,,,,,,,,,,
LAB0015831,,,,,,,,,,
LAB0015832,,,,,,,,,,
LAB0015833,,,,,,,,,,
LAB0015834,,,,,,,,,,
LAB0015835,,,,,,,,,,
LAB0015836,,,,,,,,,,
LAB0015837,,,,,,,,,,
LAB0015838,,,,,,,,,,
LAB0015839,,,,,,,,,,
LAB0015840,,,,,,,,,,
LAB0015841,,,,,,,,,,
LAB0015842,,,,,,,,,,
LAB0015843,,,,,,,,,,
LAB0015844,,,,,,,,,,
LAB0015845,,,,,,,,,,
LAB0015846,,,,,,,,,,
LAB0015847,,,,,,,,,,
LAB0015848,,,,,,,,,,
LAB0015849,,,,,,,,,,
LAB0015850,,,,,,,,,,
LAB0015851,,,,,,,,,,
LAB0015852,,,,,,,,,,
LAB0015853,,,,,,,,,,
LAB0015854,,,,,,,,,,
LAB0015855,,,,,,,,,,
LAB0015856,,,,,,,,,,
LAB0015857,,,,,,,,,,
LAB0015858,,,,,,,,,,
LAB0015859,,,,,,,,,,
LAB0015860,,,,,,,,,,
LAB0015861,,,,,,,,,,
LAB0015862,,,,,,,,,,
LAB0015863,,,,,,,,,,
LAB0015864,,,,,,,,,,
LAB0015865,,,,,,,,,,
LAB0015866,,,,,,,,,,
LAB0015867,,,,,,,,,,
LAB0015868,,,,,,,,,,
LAB0015869,,,,,,,,,,
LAB0015870,,,,,,,,,,
LAB0015871,,,,,,,,,,
LAB0015872,,,,,,,,,,
LAB0015873,,,,,,,,,,
LAB0015874,,,,,,,,,,
LAB0015875,,,,,,,,,,
LAB0015876,,,,,,,,,,
LAB0015877,,,,,,,,,,
LAB0015878,,,,,,,,,,
LAB0015879,,,,,,,,,,
LAB0015880,,,,,,,,,,
LAB0015881,,,,,,,,,,
LAB0015882,,,,,,,,,,
LAB0015883,,,,,,,,,,
LAB0015884,,,,,,,,,,
LAB0015885,,,,,,,,,,
LAB0015886,,,,,,,,,,
LAB0015887,,,,,,,,,,
LAB0015888,,,,,,,,,,
LAB0015889,,,,,,,,,,
LAB0015890,,,,,,,,,,
LAB0015891,,,,,,,,,,
LAB0015892,,,,,,,,,,
LAB0015893,,,,,,,,,,
LAB0015894,,,,,,,,,,
LAB0015895,,,,,,,,,,
LAB0015896,,,,,,,,,,
LAB0015897,,,,,,,,,,
LAB0015898,,,,,,,,,,
LAB0015899,,,,,,,,,,
LAB0015900,,,,,,,,,,
LAB0015901,,,,,,,,,,
LAB0015902,,,,,,,,,,
LAB0015903,,,,,,,,,,
LAB0015904,,,,,,,,,,
LAB0015905,,,,,,,,,,
LAB0015906,,,,,,,,,,
LAB0015907,,,,,,,,,,
LAB0015908,,,,,,,,,,
LAB0015909,,,,,,,,,,
LAB0015910,,,,,,,,,,
LAB0015911,,,,,,,,,,
LAB0015912,,,,,,,,,,
LAB0015913,,,,,,,,,,
LAB0015914,,,,,,,,,,
LAB0015915,,,,,,,,,,
LAB0015916,,,,,,,,,,
LAB0015917,,,,,,,,,,
LAB0015918,,,,,,,,,,
LAB0015919,,,,,,,,,,
LAB0015920,,,,,,,,,,
LAB0015921,,,,,,,,,,
LAB0015922,,,,,,,,,,
LAB0015923,,,,,,,,,,
LAB0015924,,,,,,,,,,
LAB0015925,,,,,,,,,,
LAB0015926,,,,,,,,,,
LAB0015927,,,,,,,,,,
LAB0015928,,,,,,,,,,
LAB0015929,,,,,,,,,,
LAB0015930,,,,,,,,,,
LAB0015931,,,,,,,,,,
LAB0015932,,,,,,,,,,
LAB0015933,,,,,,,,,,
LAB0015934,,,,,,,,,,
LAB0015935,,,,,,,,,,
LAB0015936,,,,,,,,,,
LAB0015937,,,,,,,,,,
LAB0015938,,,,,,,,,,
LAB0015939,,,,,,,,,,
LAB0015940,,,,,,,,,,
LAB0015941,,,,,,,,,,
LAB0015942,,,,,,,,,,
LAB0015943,,,,,,,,,,
LAB0015944,,,,,,,,,,
LAB0015945,,,,,,,,,,
LAB0015946,,,,,,,,,,
LAB0015947,,,,,,,,,,
LAB0015948,,,,,,,,,,
LAB0015949,,,,,,,,,,
LAB0015950,,,,,,,,,,
LAB0015951,,,,,,,,,,
LAB0015952,,,,,,,,,,
LAB0015953,,,,,,,,,,
LAB0015954,,,,,,,,,,
LAB0015955,,,,,,,,,,
LAB0015956,,,,,,,,,,
LAB0015957,,,,,,,,,,
LAB0015958,,,,,,,,,,
LAB0015959,,,,,,,,,,
LAB0015960,,,,,,,,,,
LAB0015961,,,,,,,,,,
LAB0015962,,,,,,,,,,
LAB0015963,,,,,,,,,,
LAB0015964,,,,,,,,,,
LAB0015965,,,,,,,,,,
LAB0015966,,,,,,,,,,
LAB0015967,,,,,,,,,,
LAB0015968,,,,,,,,,,
LAB0015969,,,,,,,,,,
LAB0015970,,,,,,,,,,
LAB0015971,,,,,,,,,,
LAB0015972,,,,,,,,,,
LAB0015973,,,,,,,,,,
LAB0015974,,,,,,,,,,
LAB0015975,,,,,,,,,,
LAB0015976,,,,,,,,,,
LAB0015977,,,,,,,,,,
LAB0015978,,,,,,,,,,
LAB0015979,,,,,,,,,,
LAB0015980,,,,,,,,,,
LAB0015981,,,,,,,,,,
LAB0015982,,,,,,,,,,
LAB0015983,,,,,,,,,,
LAB0015984,,,,,,,,,,
LAB0015985,,,,,,,,,,
LAB0015986,,,,,,,,,,
LAB0015987,,,,,,,,,,
LAB0015988,,,,,,,,,,
LAB0015989,,,,,,,,,,
LAB0015990,,,,,,,,,,
LAB0015991,,,,,,,,,,
LAB0015992,,,,,,,,,,
LAB0015993,,,,,,,,,,
LAB0015994,,,,,,,,,,
LAB0015995,,,,,,,,,,
LAB0015996,,,,,,,,,,
LAB0015997,,,,,,,,,,
LAB0015998,,,,,,,,,,
LAB0015999,,,,,,,,,,
LAB0016000,,,,,,,,,,
LAB0016001,,,,,,,,,,
LAB0016002,,,,,,,,,,
LAB0016003,,,,,,,,,,
LAB0016004,,,,,,,,,,
LAB0016005,,,,,,,,,,
LAB0016006,,,,,,,,,,
LAB0016007,,,,,,,,,,
LAB0016008,,,,,,,,,,
LAB0016009,,,,,,,,,,
LAB0016010,,,,,,,,,,
LAB0016011,,,,,,,,,,
LAB0016012,,,,,,,,,,
LAB0016013,,,,,,,,,,
LAB0016014,,,,,,,,,,
LAB0016015,,,,,,,,,,
LAB0016016,,,,,,,,,,
LAB0016017,,,,,,,,,,
LAB0016018,,,,,,,,,,
LAB0016019,,,,,,,,,,
LAB0016020,,,,,,,,,,
LAB0016021,,,,,,,,,,
LAB0016022,,,,,,,,,,
LAB0016023,,,,,,,,,,
LAB0016024,,,,,,,,,,
LAB0016025,,,,,,,,,,
LAB0016026,,,,,,,,,,
LAB0016027,,,,,,,,,,
LAB0016028,,,,,,,,,,
LAB0016029,,,,,,,,,,
LAB0016030,,,,,,,,,,
LAB0016031,,,,,,,,,,
LAB0016032,,,,,,,,,,
LAB0016033,,,,,,,,,,
LAB0016034,,,,,,,,,,
LAB0016035,,,,,,,,,,
LAB0016036,,,,,,,,,,
LAB0016037,,,,,,,,,,
LAB0016038,,,,,,,,,,
LAB0016039,,,,,,,,,,
LAB0016040,,,,,,,,,,
LAB0016041,,,,,,,,,,
LAB0016042,,,,,,,,,,
LAB0016043,,,,,,,,,,
LAB0016044,,,,,,,,,,
LAB0016045,,,,,,,,,,
LAB0016046,,,,,,,,,,
LAB0016047,,,,,,,,,,
LAB0016048,,,,,,,,,,
LAB0016049,,,,,,,,,,
LAB0016050,,,,,,,,,,
LAB0016051,,,,,,,,,,
LAB0016052,,,,,,,,,,
LAB0016053,,,,,,,,,,
LAB0016054,,,,,,,,,,
LAB0016055,,,,,,,,,,
LAB0016056,,,,,,,,,,
LAB0016057,,,,,,,,,,
LAB0016058,,,,,,,,,,
LAB0016059,,,,,,,,,,
LAB0016060,,,,,,,,,,
LAB0016061,,,,,,,,,,
LAB0016062,,,,,,,,,,
LAB0016063,,,,,,,,,,
LAB0016064,,,,,,,,,,
LAB0016065,,,,,,,,,,
LAB0016066,,,,,,,,,,
LAB0016067,,,,,,,,,,
LAB0016068,,,,,,,,,,
LAB0016069,,,,,,,,,,
LAB0016070,,,,,,,,,,
LAB0016071,,,,,,,,,,
LAB0016072,,,,,,,,,,
LAB0016073,,,,,,,,,,
LAB0016074,,,,,,,,,,
LAB0016075,,,,,,,,,,
LAB0016076,,,,,,,,,,
LAB0016077,,,,,,,,,,
LAB0016078,,,,,,,,,,
LAB0016079,,,,,,,,,,
LAB0016080,,,,,,,,,,
LAB0016081,,,,,,,,,,
LAB0016082,,,,,,,,,,
LAB0016083,,,,,,,,,,
LAB0016084,,,,,,,,,,
LAB0016085,,,,,,,,,,
LAB0016086,,,,,,,,,,
LAB0016087,,,,,,,,,,
LAB0016088,,,,,,,,,,
LAB0016089,,,,,,,,,,
LAB0016090,,,,,,,,,,
LAB0016091,,,,,,,,,,
LAB0016092,,,,,,,,,,
LAB0016093,,,,,,,,,,
LAB0016094,,,,,,,,,,
LAB0016095,,,,,,,,,,
LAB0016096,,,,,,,,,,
LAB0016097,,,,,,,,,,
LAB0016098,,,,,,,,,,
LAB0016099,,,,,,,,,,
LAB0016100,,,,,,,,,,
LAB0016101,,,,,,,,,,
LAB0016102,,,,,,,,,,
LAB0016103,,,,,,,,,,
LAB0016104,,,,,,,,,,
LAB0016105,,,,,,,,,,
LAB0016106,,,,,,,,,,
LAB0016107,,,,,,,,,,
LAB0016108,,,,,,,,,,
LAB0016109,,,,,,,,,,
LAB0016110,,,,,,,,,,
LAB0016111,,,,,,,,,,
LAB0016112,,,,,,,,,,
LAB0016113,,,,,,,,,,
LAB0016114,,,,,,,,,,
LAB0016115,,,,,,,,,,
LAB0016116,,,,,,,,,,
LAB0016117,,,,,,,,,,
LAB0016118,,,,,,,,,,
LAB0016119,,,,,,,,,,
LAB0016120,,,,,,,,,,
LAB0016121,,,,,,,,,,
LAB0016122,,,,,,,,,,
LAB0016123,,,,,,,,,,
LAB0016124,,,,,,,,,,
LAB0016125,,,,,,,,,,
LAB0016126,,,,,,,,,,
LAB0016127,,,,,,,,,,
LAB0016128,,,,,,,,,,
LAB0016129,,,,,,,,,,
LAB0016130,,,,,,,,,,
LAB0016131,,,,,,,,,,
LAB0016132,,,,,,,,,,
LAB0016133,,,,,,,,,,
LAB0016134,,,,,,,,,,
LAB0016135,,,,,,,,,,
LAB0016136,,,,,,,,,,
LAB0016137,,,,,,,,,,
LAB0016138,,,,,,,,,,
LAB0016139,,,,,,,,,,
LAB0016140,,,,,,,,,,
LAB0016141,,,,,,,,,,
LAB0016142,,,,,,,,,,
LAB0016143,,,,,,,,,,
LAB0016144,,,,,,,,,,
LAB0016145,,,,,,,,,,
LAB0016146,,,,,,,,,,
LAB0016147,,,,,,,,,,
LAB0016148,,,,,,,,,,
LAB0016149,,,,,,,,,,
LAB0016150,,,,,,,,,,
LAB0016151,,,,,,,,,,
LAB0016152,,,,,,,,,,
LAB0016153,,,,,,,,,,
LAB0016154,,,,,,,,,,
LAB0016155,,,,,,,,,,
LAB0016156,,,,,,,,,,
LAB0016157,,,,,,,,,,
LAB0016158,,,,,,,,,,
LAB0016159,,,,,,,,,,
LAB0016160,,,,,,,,,,
LAB0016161,,,,,,,,,,
LAB0016162,,,,,,,,,,
LAB0016163,,,,,,,,,,
LAB0016164,,,,,,,,,,
LAB0016165,,,,,,,,,,
LAB0016166,,,,,,,,,,
LAB0016167,,,,,,,,,,
LAB0016168,,,,,,,,,,
LAB0016169,,,,,,,,,,
LAB0016170,,,,,,,,,,
LAB0016171,,,,,,,,,,
LAB0016172,,,,,,,,,,
LAB0016173,,,,,,,,,,
LAB0016174,,,,,,,,,,
LAB0016175,,,,,,,,,,
LAB0016176,,,,,,,,,,
LAB0016177,,,,,,,,,,
LAB0016178,,,,,,,,,,
LAB0016179,,,,,,,,,,
LAB0016180,,,,,,,,,,
LAB0016181,,,,,,,,,,
LAB0016182,,,,,,,,,,
LAB0016183,,,,,,,,,,
LAB0016184,,,,,,,,,,
LAB0016185,,,,,,,,,,
LAB0016186,,,,,,,,,,
LAB0016187,,,,,,,,,,
LAB0016188,,,,,,,,,,
LAB0016189,,,,,,,,,,
LAB0016190,,,,,,,,,,
LAB0016191,,,,,,,,,,
LAB0016192,,,,,,,,,,
LAB0016193,,,,,,,,,,
LAB0016194,,,,,,,,,,
LAB0016195,,,,,,,,,,
LAB0016196,,,,,,,,,,
LAB0016197,,,,,,,,,,
LAB0016198,,,,,,,,,,
LAB0016199,,,,,,,,,,
LAB0016200,,,,,,,,,,
LAB0016201,,,,,,,,,,
LAB0016202,,,,,,,,,,
LAB0016203,,,,,,,,,,
LAB0016204,,,,,,,,,,
LAB0016205,,,,,,,,,,
LAB0016206,,,,,,,,,,
LAB0016207,,,,,,,,,,
LAB0016208,,,,,,,,,,
LAB0016209,,,,,,,,,,
LAB0016210,,,,,,,,,,
LAB0016211,,,,,,,,,,
LAB0016212,,,,,,,,,,
LAB0016213,,,,,,,,,,
LAB0016214,,,,,,,,,,
LAB0016215,,,,,,,,,,
LAB0016216,,,,,,,,,,
LAB0016217,,,,,,,,,,
LAB0016218,,,,,,,,,,
LAB0016219,,,,,,,,,,
LAB0016220,,,,,,,,,,
LAB0016221,,,,,,,,,,
LAB0016222,,,,,,,,,,
LAB0016223,,,,,,,,,,
LAB0016224,,,,,,,,,,
LAB0016225,,,,,,,,,,
LAB0016226,,,,,,,,,,
LAB0016227,,,,,,,,,,
LAB0016228,,,,,,,,,,
LAB0016229,,,,,,,,,,
LAB0016230,,,,,,,,,,
LAB0016231,,,,,,,,,,
LAB0016232,,,,,,,,,,
LAB0016233,,,,,,,,,,
LAB0016234,,,,,,,,,,
LAB0016235,,,,,,,,,,
LAB0016236,,,,,,,,,,
LAB0016237,,,,,,,,,,
LAB0016238,,,,,,,,,,
LAB0016239,,,,,,,,,,
LAB0016240,,,,,,,,,,
LAB0016241,,,,,,,,,,
LAB0016242,,,,,,,,,,
LAB0016243,,,,,,,,,,
LAB0016244,,,,,,,,,,
LAB0016245,,,,,,,,,,
LAB0016246,,,,,,,,,,
LAB0016247,,,,,,,,,,
LAB0016248,,,,,,,,,,
LAB0016249,,,,,,,,,,
LAB0016250,,,,,,,,,,
LAB0016251,,,,,,,,,,
LAB0016252,,,,,,,,,,
LAB0016253,,,,,,,,,,
LAB0016254,,,,,,,,,,
LAB0016255,,,,,,,,,,
LAB0016256,,,,,,,,,,
LAB0016257,,,,,,,,,,
LAB0016258,,,,,,,,,,
LAB0016259,,,,,,,,,,
LAB0016260,,,,,,,,,,
LAB0016261,,,,,,,,,,
LAB0016262,,,,,,,,,,
LAB0016263,,,,,,,,,,
LAB0016264,,,,,,,,,,
LAB0016265,,,,,,,,,,
LAB0016266,,,,,,,,,,
LAB0016267,,,,,,,,,,
LAB0016268,,,,,,,,,,
LAB0016269,,,,,,,,,,
LAB0016270,,,,,,,,,,
LAB0016271,,,,,,,,,,
LAB0016272,,,,,,,,,,
LAB0016273,,,,,,,,,,
LAB0016274,,,,,,,,,,
LAB0016275,,,,,,,,,,
LAB0016276,,,,,,,,,,
LAB0016277,,,,,,,,,,
LAB0016278,,,,,,,,,,
LAB0016279,,,,,,,,,,
LAB0016280,,,,,,,,,,
LAB0016281,,,,,,,,,,
LAB0016282,,,,,,,,,,
LAB0016283,,,,,,,,,,
LAB0016284,,,,,,,,,,
LAB0016285,,,,,,,,,,
LAB0016286,,,,,,,,,,
LAB0016287,,,,,,,,,,
LAB0016288,,,,,,,,,,
LAB0016289,,,,,,,,,,
LAB0016290,,,,,,,,,,
LAB0016291,,,,,,,,,,
LAB0016292,,,,,,,,,,
LAB0016293,,,,,,,,,,
LAB0016294,,,,,,,,,,
LAB0016295,,,,,,,,,,
LAB0016296,,,,,,,,,,
LAB0016297,,,,,,,,,,
LAB0016298,,,,,,,,,,
LAB0016299,,,,,,,,,,
LAB0016300,,,,,,,,,,
LAB0016301,,,,,,,,,,
LAB0016302,,,,,,,,,,
LAB0016303,,,,,,,,,,
LAB0016304,,,,,,,,,,
LAB0016305,,,,,,,,,,
LAB0016306,,,,,,,,,,
LAB0016307,,,,,,,,,,
LAB0016308,,,,,,,,,,
LAB0016309,,,,,,,,,,
LAB0016310,,,,,,,,,,
LAB0016311,,,,,,,,,,
LAB0016312,,,,,,,,,,
LAB0016313,,,,,,,,,,
LAB0016314,,,,,,,,,,
LAB0016315,,,,,,,,,,
LAB0016316,,,,,,,,,,
LAB0016317,,,,,,,,,,
LAB0016318,,,,,,,,,,
LAB0016319,,,,,,,,,,
LAB0016320,,,,,,,,,,
LAB0016321,,,,,,,,,,
LAB0016322,,,,,,,,,,
LAB0016323,,,,,,,,,,
LAB0016324,,,,,,,,,,
LAB0016325,,,,,,,,,,
LAB0016326,,,,,,,,,,
LAB0016327,,,,,,,,,,
LAB0016328,,,,,,,,,,
LAB0016329,,,,,,,,,,
LAB0016330,,,,,,,,,,
LAB0016331,,,,,,,,,,
LAB0016332,,,,,,,,,,
LAB0016333,,,,,,,,,,
LAB0016334,,,,,,,,,,
LAB0016335,,,,,,,,,,
LAB0016336,,,,,,,,,,
LAB0016337,,,,,,,,,,
LAB0016338,,,,,,,,,,
LAB0016339,,,,,,,,,,
LAB0016340,,,,,,,,,,
LAB0016341,,,,,,,,,,
LAB0016342,,,,,,,,,,
LAB0016343,,,,,,,,,,
LAB0016344,,,,,,,,,,
LAB0016345,,,,,,,,,,
LAB0016346,,,,,,,,,,
LAB0016347,,,,,,,,,,
LAB0016348,,,,,,,,,,
LAB0016349,,,,,,,,,,
LAB0016350,,,,,,,,,,
LAB0016351,,,,,,,,,,
LAB0016352,,,,,,,,,,
LAB0016353,,,,,,,,,,
LAB0016354,,,,,,,,,,
LAB0016355,,,,,,,,,,
LAB0016356,,,,,,,,,,
LAB0016357,,,,,,,,,,
LAB0016358,,,,,,,,,,
LAB0016359,,,,,,,,,,
LAB0016360,,,,,,,,,,
LAB0016361,,,,,,,,,,
LAB0016362,,,,,,,,,,
LAB0016363,,,,,,,,,,
LAB0016364,,,,,,,,,,
LAB0016365,,,,,,,,,,
LAB0016366,,,,,,,,,,
LAB0016367,,,,,,,,,,
LAB0016368,,,,,,,,,,
LAB0016369,,,,,,,,,,
LAB0016370,,,,,,,,,,
LAB0016371,,,,,,,,,,
LAB0016372,,,,,,,,,,
LAB0016373,,,,,,,,,,
LAB0016374,,,,,,,,,,
LAB0016375,,,,,,,,,,
LAB0016376,,,,,,,,,,
LAB0016377,,,,,,,,,,
LAB0016378,,,,,,,,,,
LAB0016379,,,,,,,,,,
LAB0016380,,,,,,,,,,
LAB0016381,,,,,,,,,,
LAB0016382,,,,,,,,,,
LAB0016383,,,,,,,,,,
LAB0016384,,,,,,,,,,
LAB0016385,,,,,,,,,,
LAB0016386,,,,,,,,,,
LAB0016387,,,,,,,,,,
LAB0016388,,,,,,,,,,
LAB0016389,,,,,,,,,,
LAB0016390,,,,,,,,,,
LAB0016391,,,,,,,,,,
LAB0016392,,,,,,,,,,
LAB0016393,,,,,,,,,,
LAB0016394,,,,,,,,,,
LAB0016395,,,,,,,,,,
LAB0016396,,,,,,,,,,
LAB0016397,,,,,,,,,,
LAB0016398,,,,,,,,,,
LAB0016399,,,,,,,,,,
LAB0016400,,,,,,,,,,
LAB0016401,,,,,,,,,,
LAB0016402,,,,,,,,,,
LAB0016403,,,,,,,,,,
LAB0016404,,,,,,,,,,
LAB0016405,,,,,,,,,,
LAB0016406,,,,,,,,,,
LAB0016407,,,,,,,,,,
LAB0016408,,,,,,,,,,
LAB0016409,,,,,,,,,,
LAB0016410,,,,,,,,,,
LAB0016411,,,,,,,,,,
LAB0016412,,,,,,,,,,
LAB0016413,,,,,,,,,,
LAB0016414,,,,,,,,,,
LAB0016415,,,,,,,,,,
LAB0016416,,,,,,,,,,
LAB0016417,,,,,,,,,,
LAB0016418,,,,,,,,,,
LAB0016419,,,,,,,,,,
LAB0016420,,,,,,,,,,
LAB0016421,,,,,,,,,,
LAB0016422,,,,,,,,,,
LAB0016423,,,,,,,,,,
LAB0016424,,,,,,,,,,
LAB0016425,,,,,,,,,,
LAB0016426,,,,,,,,,,
LAB0016427,,,,,,,,,,
LAB0016428,,,,,,,,,,
LAB0016429,,,,,,,,,,
LAB0016430,,,,,,,,,,
LAB0016431,,,,,,,,,,
LAB0016432,,,,,,,,,,
LAB0016433,,,,,,,,,,
LAB0016434,,,,,,,,,,
LAB0016435,,,,,,,,,,
LAB0016436,,,,,,,,,,
LAB0016437,,,,,,,,,,
LAB0016438,,,,,,,,,,
LAB0016439,,,,,,,,,,
LAB0016440,,,,,,,,,,
LAB0016441,,,,,,,,,,
LAB0016442,,,,,,,,,,
LAB0016443,,,,,,,,,,
LAB0016444,,,,,,,,,,
LAB0016445,,,,,,,,,,
LAB0016446,,,,,,,,,,
LAB0016447,,,,,,,,,,
LAB0016448,,,,,,,,,,
LAB0016449,,,,,,,,,,
LAB0016450,,,,,,,,,,
LAB0016451,,,,,,,,,,
LAB0016452,,,,,,,,,,
LAB0016453,,,,,,,,,,
LAB0016454,,,,,,,,,,
LAB0016455,,,,,,,,,,
LAB0016456,,,,,,,,,,
LAB0016457,,,,,,,,,,
LAB0016458,,,,,,,,,,
LAB0016459,,,,,,,,,,
LAB0016460,,,,,,,,,,
LAB0016461,,,,,,,,,,
LAB0016462,,,,,,,,,,
LAB0016463,,,,,,,,,,
LAB0016464,,,,,,,,,,
LAB0016465,,,,,,,,,,
LAB0016466,,,,,,,,,,
LAB0016467,,,,,,,,,,
LAB0016468,,,,,,,,,,
LAB0016469,,,,,,,,,,
LAB0016470,,,,,,,,,,
LAB0016471,,,,,,,,,,
LAB0016472,,,,,,,,,,
LAB0016473,,,,,,,,,,
LAB0016474,,,,,,,,,,
LAB0016475,,,,,,,,,,
LAB0016476,,,,,,,,,,
LAB0016477,,,,,,,,,,
LAB0016478,,,,,,,,,,
LAB0016479,,,,,,,,,,
LAB0016480,,,,,,,,,,
LAB0016481,,,,,,,,,,
LAB0016482,,,,,,,,,,
LAB0016483,,,,,,,,,,
LAB0016484,,,,,,,,,,
LAB0016485,,,,,,,,,,
LAB0016486,,,,,,,,,,
LAB0016487,,,,,,,,,,
LAB0016488,,,,,,,,,,
LAB0016489,,,,,,,,,,
LAB0016490,,,,,,,,,,
LAB0016491,,,,,,,,,,
LAB0016492,,,,,,,,,,
LAB0016493,,,,,,,,,,
LAB0016494,,,,,,,,,,
LAB0016495,,,,,,,,,,
LAB0016496,,,,,,,,,,
LAB0016497,,,,,,,,,,
LAB0016498,,,,,,,,,,
LAB0016499,,,,,,,,,,
LAB0016500,,,,,,,,,,
LAB0016501,,,,,,,,,,
LAB0016502,,,,,,,,,,
LAB0016503,,,,,,,,,,
LAB0016504,,,,,,,,,,
LAB0016505,,,,,,,,,,
LAB0016506,,,,,,,,,,
LAB0016507,,,,,,,,,,
LAB0016508,,,,,,,,,,
LAB0016509,,,,,,,,,,
LAB0016510,,,,,,,,,,
LAB0016511,,,,,,,,,,
LAB0016512,,,,,,,,,,
LAB0016513,,,,,,,,,,
LAB0016514,,,,,,,,,,
LAB0016515,,,,,,,,,,
LAB0016516,,,,,,,,,,
LAB0016517,,,,,,,,,,
LAB0016518,,,,,,,,,,
LAB0016519,,,,,,,,,,
LAB0016520,,,,,,,,,,
LAB0016521,,,,,,,,,,
LAB0016522,,,,,,,,,,
LAB0016523,,,,,,,,,,
LAB0016524,,,,,,,,,,
LAB0016525,,,,,,,,,,
LAB0016526,,,,,,,,,,
LAB0016527,,,,,,,,,,
LAB0016528,,,,,,,,,,
LAB0016529,,,,,,,,,,
LAB0016530,,,,,,,,,,
LAB0016531,,,,,,,,,,
LAB0016532,,,,,,,,,,
LAB0016533,,,,,,,,,,
LAB0016534,,,,,,,,,,
LAB0016535,,,,,,,,,,
LAB0016536,,,,,,,,,,
LAB0016537,,,,,,,,,,
LAB0016538,,,,,,,,,,
LAB0016539,,,,,,,,,,
LAB0016540,,,,,,,,,,
LAB0016541,,,,,,,,,,
LAB0016542,,,,,,,,,,
LAB0016543,,,,,,,,,,
LAB0016544,,,,,,,,,,
LAB0016545,,,,,,,,,,
LAB0016546,,,,,,,,,,
LAB0016547,,,,,,,,,,
LAB0016548,,,,,,,,,,
LAB0016549,,,,,,,,,,
LAB0016550,,,,,,,,,,
LAB0016551,,,,,,,,,,
LAB0016552,,,,,,,,,,
LAB0016553,,,,,,,,,,
LAB0016554,,,,,,,,,,
LAB0016555,,,,,,,,,,
LAB0016556,,,,,,,,,,
LAB0016557,,,,,,,,,,
LAB0016558,,,,,,,,,,
LAB0016559,,,,,,,,,,
LAB0016560,,,,,,,,,,
LAB0016561,,,,,,,,,,
LAB0016562,,,,,,,,,,
LAB0016563,,,,,,,,,,
LAB0016564,,,,,,,,,,
LAB0016565,,,,,,,,,,
LAB0016566,,,,,,,,,,
LAB0016567,,,,,,,,,,
LAB0016568,,,,,,,,,,
LAB0016569,,,,,,,,,,
LAB0016570,,,,,,,,,,
LAB0016571,,,,,,,,,,
LAB0016572,,,,,,,,,,
LAB0016573,,,,,,,,,,
LAB0016574,,,,,,,,,,
LAB0016575,,,,,,,,,,
LAB0016576,,,,,,,,,,
LAB0016577,,,,,,,,,,
LAB0016578,,,,,,,,,,
LAB0016579,,,,,,,,,,
LAB0016580,,,,,,,,,,
LAB0016581,,,,,,,,,,
LAB0016582,,,,,,,,,,
LAB0016583,,,,,,,,,,
LAB0016584,,,,,,,,,,
LAB0016585,,,,,,,,,,
LAB0016586,,,,,,,,,,
LAB0016587,,,,,,,,,,
LAB0016588,,,,,,,,,,
LAB0016589,,,,,,,,,,
LAB0016590,,,,,,,,,,
LAB0016591,,,,,,,,,,
LAB0016592,,,,,,,,,,
LAB0016593,,,,,,,,,,
LAB0016594,,,,,,,,,,
LAB0016595,,,,,,,,,,
LAB0016596,,,,,,,,,,
LAB0016597,,,,,,,,,,
LAB0016598,,,,,,,,,,
LAB0016599,,,,,,,,,,
LAB0016600,,,,,,,,,,
LAB0016601,,,,,,,,,,
LAB0016602,,,,,,,,,,
LAB0016603,,,,,,,,,,
LAB0016604,,,,,,,,,,
LAB0016605,,,,,,,,,,
LAB0016606,,,,,,,,,,
LAB0016607,,,,,,,,,,
LAB0016608,,,,,,,,,,
LAB0016609,,,,,,,,,,
LAB0016610,,,,,,,,,,
LAB0016611,,,,,,,,,,
LAB0016612,,,,,,,,,,
LAB0016613,,,,,,,,,,
LAB0016614,,,,,,,,,,
LAB0016615,,,,,,,,,,
LAB0016616,,,,,,,,,,
LAB0016617,,,,,,,,,,
LAB0016618,,,,,,,,,,
LAB0016619,,,,,,,,,,
LAB0016620,,,,,,,,,,
LAB0016621,,,,,,,,,,
LAB0016622,,,,,,,,,,
LAB0016623,,,,,,,,,,
LAB0016624,,,,,,,,,,
LAB0016625,,,,,,,,,,
LAB0016626,,,,,,,,,,
LAB0016627,,,,,,,,,,
LAB0016628,,,,,,,,,,
LAB0016629,,,,,,,,,,
LAB0016630,,,,,,,,,,
LAB0016631,,,,,,,,,,
LAB0016632,,,,,,,,,,
LAB0016633,,,,,,,,,,
LAB0016634,,,,,,,,,,
LAB0016635,,,,,,,,,,
LAB0016636,,,,,,,,,,
LAB0016637,,,,,,,,,,
LAB0016638,,,,,,,,,,
LAB0016639,,,,,,,,,,
LAB0016640,,,,,,,,,,
LAB0016641,,,,,,,,,,
LAB0016642,,,,,,,,,,
LAB0016643,,,,,,,,,,
LAB0016644,,,,,,,,,,
LAB0016645,,,,,,,,,,
LAB0016646,,,,,,,,,,
LAB0016647,,,,,,,,,,
LAB0016648,,,,,,,,,,
LAB0016649,,,,,,,,,,
LAB0016650,,,,,,,,,,
LAB0016651,,,,,,,,,,
LAB0016652,,,,,,,,,,
LAB0016653,,,,,,,,,,
LAB0016654,,,,,,,,,,
LAB0016655,,,,,,,,,,
LAB0016656,,,,,,,,,,
LAB0016657,,,,,,,,,,
LAB0016658,,,,,,,,,,
LAB0016659,,,,,,,,,,
LAB0016660,,,,,,,,,,
LAB0016661,,,,,,,,,,
LAB0016662,,,,,,,,,,
LAB0016663,,,,,,,,,,
LAB0016664,,,,,,,,,,
LAB0016665,,,,,,,,,,
LAB0016666,,,,,,,,,,
LAB0016667,,,,,,,,,,
LAB0016668,,,,,,,,,,
LAB0016669,,,,,,,,,,
LAB0016670,,,,,,,,,,
LAB0016671,,,,,,,,,,
LAB0016672,,,,,,,,,,
LAB0016673,,,,,,,,,,
LAB0016674,,,,,,,,,,
LAB0016675,,,,,,,,,,
LAB0016676,,,,,,,,,,
LAB0016677,,,,,,,,,,
LAB0016678,,,,,,,,,,
LAB0016679,,,,,,,,,,
LAB0016680,,,,,,,,,,
LAB0016681,,,,,,,,,,
LAB0016682,,,,,,,,,,
LAB0016683,,,,,,,,,,
LAB0016684,,,,,,,,,,
LAB0016685,,,,,,,,,,
LAB0016686,,,,,,,,,,
LAB0016687,,,,,,,,,,
LAB0016688,,,,,,,,,,
LAB0016689,,,,,,,,,,
LAB0016690,,,,,,,,,,
LAB0016691,,,,,,,,,,
LAB0016692,,,,,,,,,,
LAB0016693,,,,,,,,,,
LAB0016694,,,,,,,,,,
LAB0016695,,,,,,,,,,
LAB0016696,,,,,,,,,,
LAB0016697,,,,,,,,,,
LAB0016698,,,,,,,,,,
LAB0016699,,,,,,,,,,
LAB0016700,,,,,,,,,,
LAB0016701,,,,,,,,,,
LAB0016702,,,,,,,,,,
LAB0016703,,,,,,,,,,
LAB0016704,,,,,,,,,,
LAB0016705,,,,,,,,,,
LAB0016706,,,,,,,,,,
LAB0016707,,,,,,,,,,
LAB0016708,,,,,,,,,,
LAB0016709,,,,,,,,,,
LAB0016710,,,,,,,,,,
LAB0016711,,,,,,,,,,
LAB0016712,,,,,,,,,,
LAB0016713,,,,,,,,,,
LAB0016714,,,,,,,,,,
LAB0016715,,,,,,,,,,
LAB0016716,,,,,,,,,,
LAB0016717,,,,,,,,,,
LAB0016718,,,,,,,,,,
LAB0016719,,,,,,,,,,
LAB0016720,,,,,,,,,,
LAB0016721,,,,,,,,,,
LAB0016722,,,,,,,,,,
LAB0016723,,,,,,,,,,
LAB0016724,,,,,,,,,,
LAB0016725,,,,,,,,,,
LAB0016726,,,,,,,,,,
LAB0016727,,,,,,,,,,
LAB0016728,,,,,,,,,,
LAB0016729,,,,,,,,,,
LAB0016730,,,,,,,,,,
LAB0016731,,,,,,,,,,
LAB0016732,,,,,,,,,,
LAB0016733,,,,,,,,,,
LAB0016734,,,,,,,,,,
LAB0016735,,,,,,,,,,
LAB0016736,,,,,,,,,,
LAB0016737,,,,,,,,,,
LAB0016738,,,,,,,,,,
LAB0016739,,,,,,,,,,
LAB0016740,,,,,,,,,,
LAB0016741,,,,,,,,,,
LAB0016742,,,,,,,,,,
LAB0016743,,,,,,,,,,
LAB0016744,,,,,,,,,,
LAB0016745,,,,,,,,,,
LAB0016746,,,,,,,,,,
LAB0016747,,,,,,,,,,
LAB0016748,,,,,,,,,,
LAB0016749,,,,,,,,,,
LAB0016750,,,,,,,,,,
LAB0016751,,,,,,,,,,
LAB0016752,,,,,,,,,,
LAB0016753,,,,,,,,,,
LAB0016754,,,,,,,,,,
LAB0016755,,,,,,,,,,
LAB0016756,,,,,,,,,,
LAB0016757,,,,,,,,,,
LAB0016758,,,,,,,,,,
LAB0016759,,,,,,,,,,
LAB0016760,,,,,,,,,,
LAB0016761,,,,,,,,,,
LAB0016762,,,,,,,,,,
LAB0016763,,,,,,,,,,
LAB0016764,,,,,,,,,,
LAB0016765,,,,,,,,,,
LAB0016766,,,,,,,,,,
LAB0016767,,,,,,,,,,
LAB0016768,,,,,,,,,,
LAB0016769,,,,,,,,,,
LAB0016770,,,,,,,,,,
LAB0016771,,,,,,,,,,
LAB0016772,,,,,,,,,,
LAB0016773,,,,,,,,,,
LAB0016774,,,,,,,,,,
LAB0016775,,,,,,,,,,
LAB0016776,,,,,,,,,,
LAB0016777,,,,,,,,,,
LAB0016778,,,,,,,,,,
LAB0016779,,,,,,,,,,
LAB0016780,,,,,,,,,,
LAB0016781,,,,,,,,,,
LAB0016782,,,,,,,,,,
LAB0016783,,,,,,,,,,
LAB0016784,,,,,,,,,,
LAB0016785,,,,,,,,,,
LAB0016786,,,,,,,,,,
LAB0016787,,,,,,,,,,
LAB0016788,,,,,,,,,,
LAB0016789,,,,,,,,,,
LAB0016790,,,,,,,,,,
LAB0016791,,,,,,,,,,
LAB0016792,,,,,,,,,,
LAB0016793,,,,,,,,,,
LAB0016794,,,,,,,,,,
LAB0016795,,,,,,,,,,
LAB0016796,,,,,,,,,,
LAB0016797,,,,,,,,,,
LAB0016798,,,,,,,,,,
LAB0016799,,,,,,,,,,
LAB0016800,,,,,,,,,,
LAB0016801,,,,,,,,,,
LAB0016802,,,,,,,,,,
LAB0016803,,,,,,,,,,
LAB0016804,,,,,,,,,,
LAB0016805,,,,,,,,,,
LAB0016806,,,,,,,,,,
LAB0016807,,,,,,,,,,
LAB0016808,,,,,,,,,,
LAB0016809,,,,,,,,,,
LAB0016810,,,,,,,,,,
LAB0016811,,,,,,,,,,
LAB0016812,,,,,,,,,,
LAB0016813,,,,,,,,,,
LAB0016814,,,,,,,,,,
LAB0016815,,,,,,,,,,
LAB0016816,,,,,,,,,,
LAB0016817,,,,,,,,,,
LAB0016818,,,,,,,,,,
LAB0016819,,,,,,,,,,
LAB0016820,,,,,,,,,,
LAB0016821,,,,,,,,,,
LAB0016822,,,,,,,,,,
LAB0016823,,,,,,,,,,
LAB0016824,,,,,,,,,,
LAB0016825,,,,,,,,,,
LAB0016826,,,,,,,,,,
LAB0016827,,,,,,,,,,
LAB0016828,,,,,,,,,,
LAB0016829,,,,,,,,,,
LAB0016830,,,,,,,,,,
LAB0016831,,,,,,,,,,
LAB0016832,,,,,,,,,,
LAB0016833,,,,,,,,,,
LAB0016834,,,,,,,,,,
LAB0016835,,,,,,,,,,
LAB0016836,,,,,,,,,,
LAB0016837,,,,,,,,,,
LAB0016838,,,,,,,,,,
LAB0016839,,,,,,,,,,
LAB0016840,,,,,,,,,,
LAB0016841,,,,,,,,,,
LAB0016842,,,,,,,,,,
LAB0016843,,,,,,,,,,
LAB0016844,,,,,,,,,,
LAB0016845,,,,,,,,,,
LAB0016846,,,,,,,,,,
LAB0016847,,,,,,,,,,
LAB0016848,,,,,,,,,,
LAB0016849,,,,,,,,,,
LAB0016850,,,,,,,,,,
LAB0016851,,,,,,,,,,
LAB0016852,,,,,,,,,,
LAB0016853,,,,,,,,,,
LAB0016854,,,,,,,,,,
LAB0016855,,,,,,,,,,
LAB0016856,,,,,,,,,,
LAB0016857,,,,,,,,,,
LAB0016858,,,,,,,,,,
LAB0016859,,,,,,,,,,
LAB0016860,,,,,,,,,,
LAB0016861,,,,,,,,,,
LAB0016862,,,,,,,,,,
LAB0016863,,,,,,,,,,
LAB0016864,,,,,,,,,,
LAB0016865,,,,,,,,,,
LAB0016866,,,,,,,,,,
LAB0016867,,,,,,,,,,
LAB0016868,,,,,,,,,,
LAB0016869,,,,,,,,,,
LAB0016870,,,,,,,,,,
LAB0016871,,,,,,,,,,
LAB0016872,,,,,,,,,,
LAB0016873,,,,,,,,,,
LAB0016874,,,,,,,,,,
LAB0016875,,,,,,,,,,
LAB0016876,,,,,,,,,,
LAB0016877,,,,,,,,,,
LAB0016878,,,,,,,,,,
LAB0016879,,,,,,,,,,
LAB0016880,,,,,,,,,,
LAB0016881,,,,,,,,,,
LAB0016882,,,,,,,,,,
LAB0016883,,,,,,,,,,
LAB0016884,,,,,,,,,,
LAB0016885,,,,,,,,,,
LAB0016886,,,,,,,,,,
LAB0016887,,,,,,,,,,
LAB0016888,,,,,,,,,,
LAB0016889,,,,,,,,,,
LAB0016890,,,,,,,,,,
LAB0016891,,,,,,,,,,
LAB0016892,,,,,,,,,,
LAB0016893,,,,,,,,,,
LAB0016894,,,,,,,,,,
LAB0016895,,,,,,,,,,
LAB0016896,,,,,,,,,,
LAB0016897,,,,,,,,,,
LAB0016898,,,,,,,,,,
LAB0016899,,,,,,,,,,
LAB0016900,,,,,,,,,,
LAB0016901,,,,,,,,,,
LAB0016902,,,,,,,,,,
LAB0016903,,,,,,,,,,
LAB0016904,,,,,,,,,,
LAB0016905,,,,,,,,,,
LAB0016906,,,,,,,,,,
LAB0016907,,,,,,,,,,
LAB0016908,,,,,,,,,,
LAB0016909,,,,,,,,,,
LAB0016910,,,,,,,,,,
LAB0016911,,,,,,,,,,
LAB0016912,,,,,,,,,,
LAB0016913,,,,,,,,,,
LAB0016914,,,,,,,,,,
LAB0016915,,,,,,,,,,
LAB0016916,,,,,,,,,,
LAB0016917,,,,,,,,,,
LAB0016918,,,,,,,,,,
LAB0016919,,,,,,,,,,
LAB0016920,,,,,,,,,,
LAB0016921,,,,,,,,,,
LAB0016922,,,,,,,,,,
LAB0016923,,,,,,,,,,
LAB0016924,,,,,,,,,,
LAB0016925,,,,,,,,,,
LAB0016926,,,,,,,,,,
LAB0016927,,,,,,,,,,
LAB0016928,,,,,,,,,,
LAB0016929,,,,,,,,,,
LAB0016930,,,,,,,,,,
LAB0016931,,,,,,,,,,
LAB0016932,,,,,,,,,,
LAB0016933,,,,,,,,,,
LAB0016934,,,,,,,,,,
LAB0016935,,,,,,,,,,
LAB0016936,,,,,,,,,,
LAB0016937,,,,,,,,,,
LAB0016938,,,,,,,,,,
LAB0016939,,,,,,,,,,
LAB0016940,,,,,,,,,,
LAB0016941,,,,,,,,,,
LAB0016942,,,,,,,,,,
LAB0016943,,,,,,,,,,
LAB0016944,,,,,,,,,,
LAB0016945,,,,,,,,,,
LAB0016946,,,,,,,,,,
LAB0016947,,,,,,,,,,
LAB0016948,,,,,,,,,,
LAB0016949,,,,,,,,,,
LAB0016950,,,,,,,,,,
LAB0016951,,,,,,,,,,
LAB0016952,,,,,,,,,,
LAB0016953,,,,,,,,,,
LAB0016954,,,,,,,,,,
LAB0016955,,,,,,,,,,
LAB0016956,,,,,,,,,,
LAB0016957,,,,,,,,,,
LAB0016958,,,,,,,,,,
LAB0016959,,,,,,,,,,
LAB0016960,,,,,,,,,,
LAB0016961,,,,,,,,,,
LAB0016962,,,,,,,,,,
LAB0016963,,,,,,,,,,
LAB0016964,,,,,,,,,,
LAB0016965,,,,,,,,,,
LAB0016966,,,,,,,,,,
LAB0016967,,,,,,,,,,
LAB0016968,,,,,,,,,,
LAB0016969,,,,,,,,,,
LAB0016970,,,,,,,,,,
LAB0016971,,,,,,,,,,
LAB0016972,,,,,,,,,,
LAB0016973,,,,,,,,,,
LAB0016974,,,,,,,,,,
LAB0016975,,,,,,,,,,
LAB0016976,,,,,,,,,,
LAB0016977,,,,,,,,,,
LAB0016978,,,,,,,,,,
LAB0016979,,,,,,,,,,
LAB0016980,,,,,,,,,,
LAB0016981,,,,,,,,,,
LAB0016982,,,,,,,,,,
LAB0016983,,,,,,,,,,
LAB0016984,,,,,,,,,,
LAB0016985,,,,,,,,,,
LAB0016986,,,,,,,,,,
LAB0016987,,,,,,,,,,
LAB0016988,,,,,,,,,,
LAB0016989,,,,,,,,,,
LAB0016990,,,,,,,,,,
LAB0016991,,,,,,,,,,
LAB0016992,,,,,,,,,,
LAB0016993,,,,,,,,,,
LAB0016994,,,,,,,,,,
LAB0016995,,,,,,,,,,
LAB0016996,,,,,,,,,,
LAB0016997,,,,,,,,,,
LAB0016998,,,,,,,,,,
LAB0016999,,,,,,,,,,
LAB0017000,,,,,,,,,,
LAB0017001,,,,,,,,,,
LAB0017002,,,,,,,,,,
LAB0017003,,,,,,,,,,
LAB0017004,,,,,,,,,,
LAB0017005,,,,,,,,,,
LAB0017006,,,,,,,,,,
LAB0017007,,,,,,,,,,
LAB0017008,,,,,,,,,,
LAB0017009,,,,,,,,,,
LAB0017010,,,,,,,,,,
LAB0017011,,,,,,,,,,
LAB0017012,,,,,,,,,,
LAB0017013,,,,,,,,,,
LAB0017014,,,,,,,,,,
LAB0017015,,,,,,,,,,
LAB0017016,,,,,,,,,,
LAB0017017,,,,,,,,,,
LAB0017018,,,,,,,,,,
LAB0017019,,,,,,,,,,
LAB0017020,,,,,,,,,,
LAB0017021,,,,,,,,,,
LAB0017022,,,,,,,,,,
LAB0017023,,,,,,,,,,
LAB0017024,,,,,,,,,,
LAB0017025,,,,,,,,,,
LAB0017026,,,,,,,,,,
LAB0017027,,,,,,,,,,
LAB0017028,,,,,,,,,,
LAB0017029,,,,,,,,,,
LAB0017030,,,,,,,,,,
LAB0017031,,,,,,,,,,
LAB0017032,,,,,,,,,,
LAB0017033,,,,,,,,,,
LAB0017034,,,,,,,,,,
LAB0017035,,,,,,,,,,
LAB0017036,,,,,,,,,,
LAB0017037,,,,,,,,,,
LAB0017038,,,,,,,,,,
LAB0017039,,,,,,,,,,
LAB0017040,,,,,,,,,,
LAB0017041,,,,,,,,,,
LAB0017042,,,,,,,,,,
LAB0017043,,,,,,,,,,
LAB0017044,,,,,,,,,,
LAB0017045,,,,,,,,,,
LAB0017046,,,,,,,,,,
LAB0017047,,,,,,,,,,
LAB0017048,,,,,,,,,,
LAB0017049,,,,,,,,,,
LAB0017050,,,,,,,,,,
LAB0017051,,,,,,,,,,
LAB0017052,,,,,,,,,,
LAB0017053,,,,,,,,,,
LAB0017054,,,,,,,,,,
LAB0017055,,,,,,,,,,
LAB0017056,,,,,,,,,,
LAB0017057,,,,,,,,,,
LAB0017058,,,,,,,,,,
LAB0017059,,,,,,,,,,
LAB0017060,,,,,,,,,,
LAB0017061,,,,,,,,,,
LAB0017062,,,,,,,,,,
LAB0017063,,,,,,,,,,
LAB0017064,,,,,,,,,,
LAB0017065,,,,,,,,,,
LAB0017066,,,,,,,,,,
LAB0017067,,,,,,,,,,
LAB0017068,,,,,,,,,,
LAB0017069,,,,,,,,,,
LAB0017070,,,,,,,,,,
LAB0017071,,,,,,,,,,
LAB0017072,,,,,,,,,,
LAB0017073,,,,,,,,,,
LAB0017074,,,,,,,,,,
LAB0017075,,,,,,,,,,
LAB0017076,,,,,,,,,,
LAB0017077,,,,,,,,,,
LAB0017078,,,,,,,,,,
LAB0017079,,,,,,,,,,
LAB0017080,,,,,,,,,,
LAB0017081,,,,,,,,,,
LAB0017082,,,,,,,,,,
LAB0017083,,,,,,,,,,
LAB0017084,,,,,,,,,,
LAB0017085,,,,,,,,,,
LAB0017086,,,,,,,,,,
LAB0017087,,,,,,,,,,
LAB0017088,,,,,,,,,,
LAB0017089,,,,,,,,,,
LAB0017090,,,,,,,,,,
LAB0017091,,,,,,,,,,
LAB0017092,,,,,,,,,,
LAB0017093,,,,,,,,,,
LAB0017094,,,,,,,,,,
LAB0017095,,,,,,,,,,
LAB0017096,,,,,,,,,,
LAB0017097,,,,,,,,,,
LAB0017098,,,,,,,,,,
LAB0017099,,,,,,,,,,
LAB0017100,,,,,,,,,,
LAB0017101,,,,,,,,,,
LAB0017102,,,,,,,,,,
LAB0017103,,,,,,,,,,
LAB0017104,,,,,,,,,,
LAB0017105,,,,,,,,,,
LAB0017106,,,,,,,,,,
LAB0017107,,,,,,,,,,
LAB0017108,,,,,,,,,,
LAB0017109,,,,,,,,,,
LAB0017110,,,,,,,,,,
LAB0017111,,,,,,,,,,
LAB0017112,,,,,,,,,,
LAB0017113,,,,,,,,,,
LAB0017114,,,,,,,,,,
LAB0017115,,,,,,,,,,
LAB0017116,,,,,,,,,,
LAB0017117,,,,,,,,,,
LAB0017118,,,,,,,,,,
LAB0017119,,,,,,,,,,
LAB0017120,,,,,,,,,,
LAB0017121,,,,,,,,,,
LAB0017122,,,,,,,,,,
LAB0017123,,,,,,,,,,
LAB0017124,,,,,,,,,,
LAB0017125,,,,,,,,,,
LAB0017126,,,,,,,,,,
LAB0017127,,,,,,,,,,
LAB0017128,,,,,,,,,,
LAB0017129,,,,,,,,,,
LAB0017130,,,,,,,,,,
LAB0017131,,,,,,,,,,
LAB0017132,,,,,,,,,,
LAB0017133,,,,,,,,,,
LAB0017134,,,,,,,,,,
LAB0017135,,,,,,,,,,
LAB0017136,,,,,,,,,,
LAB0017137,,,,,,,,,,
LAB0017138,,,,,,,,,,
LAB0017139,,,,,,,,,,
LAB0017140,,,,,,,,,,
LAB0017141,,,,,,,,,,
LAB0017142,,,,,,,,,,
LAB0017143,,,,,,,,,,
LAB0017144,,,,,,,,,,
LAB0017145,,,,,,,,,,
LAB0017146,,,,,,,,,,
LAB0017147,,,,,,,,,,
LAB0017148,,,,,,,,,,
LAB0017149,,,,,,,,,,
LAB0017150,,,,,,,,,,
LAB0017151,,,,,,,,,,
LAB0017152,,,,,,,,,,
LAB0017153,,,,,,,,,,
LAB0017154,,,,,,,,,,
LAB0017155,,,,,,,,,,
LAB0017156,,,,,,,,,,
LAB0017157,,,,,,,,,,
LAB0017158,,,,,,,,,,
LAB0017159,,,,,,,,,,
LAB0017160,,,,,,,,,,
LAB0017161,,,,,,,,,,
LAB0017162,,,,,,,,,,
LAB0017163,,,,,,,,,,
LAB0017164,,,,,,,,,,
LAB0017165,,,,,,,,,,
LAB0017166,,,,,,,,,,
LAB0017167,,,,,,,,,,
LAB0017168,,,,,,,,,,
LAB0017169,,,,,,,,,,
LAB0017170,,,,,,,,,,
LAB0017171,,,,,,,,,,
LAB0017172,,,,,,,,,,
LAB0017173,,,,,,,,,,
LAB0017174,,,,,,,,,,
LAB0017175,,,,,,,,,,
LAB0017176,,,,,,,,,,
LAB0017177,,,,,,,,,,
LAB0017178,,,,,,,,,,
LAB0017179,,,,,,,,,,
LAB0017180,,,,,,,,,,
LAB0017181,,,,,,,,,,
LAB0017182,,,,,,,,,,
LAB0017183,,,,,,,,,,
LAB0017184,,,,,,,,,,
LAB0017185,,,,,,,,,,
LAB0017186,,,,,,,,,,
LAB0017187,,,,,,,,,,
LAB0017188,,,,,,,,,,
LAB0017189,,,,,,,,,,
LAB0017190,,,,,,,,,,
LAB0017191,,,,,,,,,,
LAB0017192,,,,,,,,,,
LAB0017193,,,,,,,,,,
LAB0017194,,,,,,,,,,
LAB0017195,,,,,,,,,,
LAB0017196,,,,,,,,,,
LAB0017197,,,,,,,,,,
LAB0017198,,,,,,,,,,
LAB0017199,,,,,,,,,,
LAB0017200,,,,,,,,,,
LAB0017201,,,,,,,,,,
LAB0017202,,,,,,,,,,
LAB0017203,,,,,,,,,,
LAB0017204,,,,,,,,,,
LAB0017205,,,,,,,,,,
LAB0017206,,,,,,,,,,
LAB0017207,,,,,,,,,,
LAB0017208,,,,,,,,,,
LAB0017209,,,,,,,,,,
LAB0017210,,,,,,,,,,
LAB0017211,,,,,,,,,,
LAB0017212,,,,,,,,,,
LAB0017213,,,,,,,,,,
LAB0017214,,,,,,,,,,
LAB0017215,,,,,,,,,,
LAB0017216,,,,,,,,,,
LAB0017217,,,,,,,,,,
LAB0017218,,,,,,,,,,
LAB0017219,,,,,,,,,,
LAB0017220,,,,,,,,,,
LAB0017221,,,,,,,,,,
LAB0017222,,,,,,,,,,
LAB0017223,,,,,,,,,,
LAB0017224,,,,,,,,,,
LAB0017225,,,,,,,,,,
LAB0017226,,,,,,,,,,
LAB0017227,,,,,,,,,,
LAB0017228,,,,,,,,,,
LAB0017229,,,,,,,,,,
LAB0017230,,,,,,,,,,
LAB0017231,,,,,,,,,,
LAB0017232,,,,,,,,,,
LAB0017233,,,,,,,,,,
LAB0017234,,,,,,,,,,
LAB0017235,,,,,,,,,,
LAB0017236,,,,,,,,,,
LAB0017237,,,,,,,,,,
LAB0017238,,,,,,,,,,
LAB0017239,,,,,,,,,,
LAB0017240,,,,,,,,,,
LAB0017241,,,,,,,,,,
LAB0017242,,,,,,,,,,
LAB0017243,,,,,,,,,,
LAB0017244,,,,,,,,,,
LAB0017245,,,,,,,,,,
LAB0017246,,,,,,,,,,
LAB0017247,,,,,,,,,,
LAB0017248,,,,,,,,,,
LAB0017249,,,,,,,,,,
LAB0017250,,,,,,,,,,
LAB0017251,,,,,,,,,,
LAB0017252,,,,,,,,,,
LAB0017253,,,,,,,,,,
LAB0017254,,,,,,,,,,
LAB0017255,,,,,,,,,,
LAB0017256,,,,,,,,,,
LAB0017257,,,,,,,,,,
LAB0017258,,,,,,,,,,
LAB0017259,,,,,,,,,,
LAB0017260,,,,,,,,,,
LAB0017261,,,,,,,,,,
LAB0017262,,,,,,,,,,
LAB0017263,,,,,,,,,,
LAB0017264,,,,,,,,,,
LAB0017265,,,,,,,,,,
LAB0017266,,,,,,,,,,
LAB0017267,,,,,,,,,,
LAB0017268,,,,,,,,,,
LAB0017269,,,,,,,,,,
LAB0017270,,,,,,,,,,
LAB0017271,,,,,,,,,,
LAB0017272,,,,,,,,,,
LAB0017273,,,,,,,,,,
LAB0017274,,,,,,,,,,
LAB0017275,,,,,,,,,,
LAB0017276,,,,,,,,,,
LAB0017277,,,,,,,,,,
LAB0017278,,,,,,,,,,
LAB0017279,,,,,,,,,,
LAB0017280,,,,,,,,,,
LAB0017281,,,,,,,,,,
LAB0017282,,,,,,,,,,
LAB0017283,,,,,,,,,,
LAB0017284,,,,,,,,,,
LAB0017285,,,,,,,,,,
LAB0017286,,,,,,,,,,
LAB0017287,,,,,,,,,,
LAB0017288,,,,,,,,,,
LAB0017289,,,,,,,,,,
LAB0017290,,,,,,,,,,
LAB0017291,,,,,,,,,,
LAB0017292,,,,,,,,,,
LAB0017293,,,,,,,,,,
LAB0017294,,,,,,,,,,
LAB0017295,,,,,,,,,,
LAB0017296,,,,,,,,,,
LAB0017297,,,,,,,,,,
LAB0017298,,,,,,,,,,
LAB0017299,,,,,,,,,,
LAB0017300,,,,,,,,,,
LAB0017301,,,,,,,,,,
LAB0017302,,,,,,,,,,
LAB0017303,,,,,,,,,,
LAB0017304,,,,,,,,,,
LAB0017305,,,,,,,,,,
LAB0017306,,,,,,,,,,
LAB0017307,,,,,,,,,,
LAB0017308,,,,,,,,,,
LAB0017309,,,,,,,,,,
LAB0017310,,,,,,,,,,
LAB0017311,,,,,,,,,,
LAB0017312,,,,,,,,,,
LAB0017313,,,,,,,,,,
LAB0017314,,,,,,,,,,
LAB0017315,,,,,,,,,,
LAB0017316,,,,,,,,,,
LAB0017317,,,,,,,,,,
LAB0017318,,,,,,,,,,
LAB0017319,,,,,,,,,,
LAB0017320,,,,,,,,,,
LAB0017321,,,,,,,,,,
LAB0017322,,,,,,,,,,
LAB0017323,,,,,,,,,,
LAB0017324,,,,,,,,,,
LAB0017325,,,,,,,,,,
LAB0017326,,,,,,,,,,
LAB0017327,,,,,,,,,,
LAB0017328,,,,,,,,,,
LAB0017329,,,,,,,,,,
LAB0017330,,,,,,,,,,
LAB0017331,,,,,,,,,,
LAB0017332,,,,,,,,,,
LAB0017333,,,,,,,,,,
LAB0017334,,,,,,,,,,
LAB0017335,,,,,,,,,,
LAB0017336,,,,,,,,,,
LAB0017337,,,,,,,,,,
LAB0017338,,,,,,,,,,
LAB0017339,,,,,,,,,,
LAB0017340,,,,,,,,,,
LAB0017341,,,,,,,,,,
LAB0017342,,,,,,,,,,
LAB0017343,,,,,,,,,,
LAB0017344,,,,,,,,,,
LAB0017345,,,,,,,,,,
LAB0017346,,,,,,,,,,
LAB0017347,,,,,,,,,,
LAB0017348,,,,,,,,,,
LAB0017349,,,,,,,,,,
LAB0017350,,,,,,,,,,
LAB0017351,,,,,,,,,,
LAB0017352,,,,,,,,,,
LAB0017353,,,,,,,,,,
LAB0017354,,,,,,,,,,
LAB0017355,,,,,,,,,,
LAB0017356,,,,,,,,,,
LAB0017357,,,,,,,,,,
LAB0017358,,,,,,,,,,
LAB0017359,,,,,,,,,,
LAB0017360,,,,,,,,,,
LAB0017361,,,,,,,,,,
LAB0017362,,,,,,,,,,
LAB0017363,,,,,,,,,,
LAB0017364,,,,,,,,,,
LAB0017365,,,,,,,,,,
LAB0017366,,,,,,,,,,
LAB0017367,,,,,,,,,,
LAB0017368,,,,,,,,,,
LAB0017369,,,,,,,,,,
LAB0017370,,,,,,,,,,
LAB0017371,,,,,,,,,,
LAB0017372,,,,,,,,,,
LAB0017373,,,,,,,,,,
LAB0017374,,,,,,,,,,
LAB0017375,,,,,,,,,,
LAB0017376,,,,,,,,,,
LAB0017377,,,,,,,,,,
LAB0017378,,,,,,,,,,
LAB0017379,,,,,,,,,,
LAB0017380,,,,,,,,,,
LAB0017381,,,,,,,,,,
LAB0017382,,,,,,,,,,
LAB0017383,,,,,,,,,,
LAB0017384,,,,,,,,,,
LAB0017385,,,,,,,,,,
LAB0017386,,,,,,,,,,
LAB0017387,,,,,,,,,,
LAB0017388,,,,,,,,,,
LAB0017389,,,,,,,,,,
LAB0017390,,,,,,,,,,
LAB0017391,,,,,,,,,,
LAB0017392,,,,,,,,,,
LAB0017393,,,,,,,,,,
LAB0017394,,,,,,,,,,
LAB0017395,,,,,,,,,,
LAB0017396,,,,,,,,,,
LAB0017397,,,,,,,,,,
LAB0017398,,,,,,,,,,
LAB0017399,,,,,,,,,,
LAB0017400,,,,,,,,,,
LAB0017401,,,,,,,,,,
LAB0017402,,,,,,,,,,
LAB0017403,,,,,,,,,,
LAB0017404,,,,,,,,,,
LAB0017405,,,,,,,,,,
LAB0017406,,,,,,,,,,
LAB0017407,,,,,,,,,,
LAB0017408,,,,,,,,,,
LAB0017409,,,,,,,,,,
LAB0017410,,,,,,,,,,
LAB0017411,,,,,,,,,,
LAB0017412,,,,,,,,,,
LAB0017413,,,,,,,,,,
LAB0017414,,,,,,,,,,
LAB0017415,,,,,,,,,,
LAB0017416,,,,,,,,,,
LAB0017417,,,,,,,,,,
LAB0017418,,,,,,,,,,
LAB0017419,,,,,,,,,,
LAB0017420,,,,,,,,,,
LAB0017421,,,,,,,,,,
LAB0017422,,,,,,,,,,
LAB0017423,,,,,,,,,,
LAB0017424,,,,,,,,,,
LAB0017425,,,,,,,,,,
LAB0017426,,,,,,,,,,
LAB0017427,,,,,,,,,,
LAB0017428,,,,,,,,,,
LAB0017429,,,,,,,,,,
LAB0017430,,,,,,,,,,
LAB0017431,,,,,,,,,,
LAB0017432,,,,,,,,,,
LAB0017433,,,,,,,,,,
LAB0017434,,,,,,,,,,
LAB0017435,,,,,,,,,,
LAB0017436,,,,,,,,,,
LAB0017437,,,,,,,,,,
LAB0017438,,,,,,,,,,
LAB0017439,,,,,,,,,,
LAB0017440,,,,,,,,,,
LAB0017441,,,,,,,,,,
LAB0017442,,,,,,,,,,
LAB0017443,,,,,,,,,,
LAB0017444,,,,,,,,,,
LAB0017445,,,,,,,,,,
LAB0017446,,,,,,,,,,
LAB0017447,,,,,,,,,,
LAB0017448,,,,,,,,,,
LAB0017449,,,,,,,,,,
LAB0017450,,,,,,,,,,
LAB0017451,,,,,,,,,,
LAB0017452,,,,,,,,,,
LAB0017453,,,,,,,,,,
LAB0017454,,,,,,,,,,
LAB0017455,,,,,,,,,,
LAB0017456,,,,,,,,,,
LAB0017457,,,,,,,,,,
LAB0017458,,,,,,,,,,
LAB0017459,,,,,,,,,,
LAB0017460,,,,,,,,,,
LAB0017461,,,,,,,,,,
LAB0017462,,,,,,,,,,
LAB0017463,,,,,,,,,,
LAB0017464,,,,,,,,,,
LAB0017465,,,,,,,,,,
LAB0017466,,,,,,,,,,
LAB0017467,,,,,,,,,,
LAB0017468,,,,,,,,,,
LAB0017469,,,,,,,,,,
LAB0017470,,,,,,,,,,
LAB0017471,,,,,,,,,,
LAB0017472,,,,,,,,,,
LAB0017473,,,,,,,,,,
LAB0017474,,,,,,,,,,
LAB0017475,,,,,,,,,,
LAB0017476,,,,,,,,,,
LAB0017477,,,,,,,,,,
LAB0017478,,,,,,,,,,
LAB0017479,,,,,,,,,,
LAB0017480,,,,,,,,,,
LAB0017481,,,,,,,,,,
LAB0017482,,,,,,,,,,
LAB0017483,,,,,,,,,,
LAB0017484,,,,,,,,,,
LAB0017485,,,,,,,,,,
LAB0017486,,,,,,,,,,
LAB0017487,,,,,,,,,,
LAB0017488,,,,,,,,,,
LAB0017489,,,,,,,,,,
LAB0017490,,,,,,,,,,
LAB0017491,,,,,,,,,,
LAB0017492,,,,,,,,,,
LAB0017493,,,,,,,,,,
LAB0017494,,,,,,,,,,
LAB0017495,,,,,,,,,,
LAB0017496,,,,,,,,,,
LAB0017497,,,,,,,,,,
LAB0017498,,,,,,,,,,
LAB0017499,,,,,,,,,,
LAB0017500,,,,,,,,,,
LAB0017501,,,,,,,,,,
LAB0017502,,,,,,,,,,
LAB0017503,,,,,,,,,,
LAB0017504,,,,,,,,,,
LAB0017505,,,,,,,,,,
LAB0017506,,,,,,,,,,
LAB0017507,,,,,,,,,,
LAB0017508,,,,,,,,,,
LAB0017509,,,,,,,,,,
LAB0017510,,,,,,,,,,
LAB0017511,,,,,,,,,,
LAB0017512,,,,,,,,,,
LAB0017513,,,,,,,,,,
LAB0017514,,,,,,,,,,
LAB0017515,,,,,,,,,,
LAB0017516,,,,,,,,,,
LAB0017517,,,,,,,,,,
LAB0017518,,,,,,,,,,
LAB0017519,,,,,,,,,,
LAB0017520,,,,,,,,,,
LAB0017521,,,,,,,,,,
LAB0017522,,,,,,,,,,
LAB0017523,,,,,,,,,,
LAB0017524,,,,,,,,,,
LAB0017525,,,,,,,,,,
LAB0017526,,,,,,,,,,
LAB0017527,,,,,,,,,,
LAB0017528,,,,,,,,,,
LAB0017529,,,,,,,,,,
LAB0017530,,,,,,,,,,
LAB0017531,,,,,,,,,,
LAB0017532,,,,,,,,,,
LAB0017533,,,,,,,,,,
LAB0017534,,,,,,,,,,
LAB0017535,,,,,,,,,,
LAB0017536,,,,,,,,,,
LAB0017537,,,,,,,,,,
LAB0017538,,,,,,,,,,
LAB0017539,,,,,,,,,,
LAB0017540,,,,,,,,,,
LAB0017541,,,,,,,,,,
LAB0017542,,,,,,,,,,
LAB0017543,,,,,,,,,,
LAB0017544,,,,,,,,,,
LAB0017545,,,,,,,,,,
LAB0017546,,,,,,,,,,
LAB0017547,,,,,,,,,,
LAB0017548,,,,,,,,,,
LAB0017549,,,,,,,,,,
LAB0017550,,,,,,,,,,
LAB0017551,,,,,,,,,,
LAB0017552,,,,,,,,,,
LAB0017553,,,,,,,,,,
LAB0017554,,,,,,,,,,
LAB0017555,,,,,,,,,,
LAB0017556,,,,,,,,,,
LAB0017557,,,,,,,,,,
LAB0017558,,,,,,,,,,
LAB0017559,,,,,,,,,,
LAB0017560,,,,,,,,,,
LAB0017561,,,,,,,,,,
LAB0017562,,,,,,,,,,
LAB0017563,,,,,,,,,,
LAB0017564,,,,,,,,,,
LAB0017565,,,,,,,,,,
LAB0017566,,,,,,,,,,
LAB0017567,,,,,,,,,,
LAB0017568,,,,,,,,,,
LAB0017569,,,,,,,,,,
LAB0017570,,,,,,,,,,
LAB0017571,,,,,,,,,,
LAB0017572,,,,,,,,,,
LAB0017573,,,,,,,,,,
LAB0017574,,,,,,,,,,
LAB0017575,,,,,,,,,,
LAB0017576,,,,,,,,,,
LAB0017577,,,,,,,,,,
LAB0017578,,,,,,,,,,
LAB0017579,,,,,,,,,,
LAB0017580,,,,,,,,,,
LAB0017581,,,,,,,,,,
LAB0017582,,,,,,,,,,
LAB0017583,,,,,,,,,,
LAB0017584,,,,,,,,,,
LAB0017585,,,,,,,,,,
LAB0017586,,,,,,,,,,
LAB0017587,,,,,,,,,,
LAB0017588,,,,,,,,,,
LAB0017589,,,,,,,,,,
LAB0017590,,,,,,,,,,
LAB0017591,,,,,,,,,,
LAB0017592,,,,,,,,,,
LAB0017593,,,,,,,,,,
LAB0017594,,,,,,,,,,
LAB0017595,,,,,,,,,,
LAB0017596,,,,,,,,,,
LAB0017597,,,,,,,,,,
LAB0017598,,,,,,,,,,
LAB0017599,,,,,,,,,,
LAB0017600,,,,,,,,,,
LAB0017601,,,,,,,,,,
LAB0017602,,,,,,,,,,
LAB0017603,,,,,,,,,,
LAB0017604,,,,,,,,,,
LAB0017605,,,,,,,,,,
LAB0017606,,,,,,,,,,
LAB0017607,,,,,,,,,,
LAB0017608,,,,,,,,,,
LAB0017609,,,,,,,,,,
LAB0017610,,,,,,,,,,
LAB0017611,,,,,,,,,,
LAB0017612,,,,,,,,,,
LAB0017613,,,,,,,,,,
LAB0017614,,,,,,,,,,
LAB0017615,,,,,,,,,,
LAB0017616,,,,,,,,,,
LAB0017617,,,,,,,,,,
LAB0017618,,,,,,,,,,
LAB0017619,,,,,,,,,,
LAB0017620,,,,,,,,,,
LAB0017621,,,,,,,,,,
LAB0017622,,,,,,,,,,
LAB0017623,,,,,,,,,,
LAB0017624,,,,,,,,,,
LAB0017625,,,,,,,,,,
LAB0017626,,,,,,,,,,
LAB0017627,,,,,,,,,,
LAB0017628,,,,,,,,,,
LAB0017629,,,,,,,,,,
LAB0017630,,,,,,,,,,
LAB0017631,,,,,,,,,,
LAB0017632,,,,,,,,,,
LAB0017633,,,,,,,,,,
LAB0017634,,,,,,,,,,
LAB0017635,,,,,,,,,,
LAB0017636,,,,,,,,,,
LAB0017637,,,,,,,,,,
LAB0017638,,,,,,,,,,
LAB0017639,,,,,,,,,,
LAB0017640,,,,,,,,,,
LAB0017641,,,,,,,,,,
LAB0017642,,,,,,,,,,
LAB0017643,,,,,,,,,,
LAB0017644,,,,,,,,,,
LAB0017645,,,,,,,,,,
LAB0017646,,,,,,,,,,
LAB0017647,,,,,,,,,,
LAB0017648,,,,,,,,,,
LAB0017649,,,,,,,,,,
LAB0017650,,,,,,,,,,
LAB0017651,,,,,,,,,,
LAB0017652,,,,,,,,,,
LAB0017653,,,,,,,,,,
LAB0017654,,,,,,,,,,
LAB0017655,,,,,,,,,,
LAB0017656,,,,,,,,,,
LAB0017657,,,,,,,,,,
LAB0017658,,,,,,,,,,
LAB0017659,,,,,,,,,,
LAB0017660,,,,,,,,,,
LAB0017661,,,,,,,,,,
LAB0017662,,,,,,,,,,
LAB0017663,,,,,,,,,,
LAB0017664,,,,,,,,,,
LAB0017665,,,,,,,,,,
LAB0017666,,,,,,,,,,
LAB0017667,,,,,,,,,,
LAB0017668,,,,,,,,,,
LAB0017669,,,,,,,,,,
LAB0017670,,,,,,,,,,
LAB0017671,,,,,,,,,,
LAB0017672,,,,,,,,,,
LAB0017673,,,,,,,,,,
LAB0017674,,,,,,,,,,
LAB0017675,,,,,,,,,,
LAB0017676,,,,,,,,,,
LAB0017677,,,,,,,,,,
LAB0017678,,,,,,,,,,
LAB0017679,,,,,,,,,,
LAB0017680,,,,,,,,,,
LAB0017681,,,,,,,,,,
LAB0017682,,,,,,,,,,
LAB0017683,,,,,,,,,,
LAB0017684,,,,,,,,,,
LAB0017685,,,,,,,,,,
LAB0017686,,,,,,,,,,
LAB0017687,,,,,,,,,,
LAB0017688,,,,,,,,,,
LAB0017689,,,,,,,,,,
LAB0017690,,,,,,,,,,
LAB0017691,,,,,,,,,,
LAB0017692,,,,,,,,,,
LAB0017693,,,,,,,,,,
LAB0017694,,,,,,,,,,
LAB0017695,,,,,,,,,,
LAB0017696,,,,,,,,,,
LAB0017697,,,,,,,,,,
LAB0017698,,,,,,,,,,
LAB0017699,,,,,,,,,,
LAB0017700,,,,,,,,,,
LAB0017701,,,,,,,,,,
LAB0017702,,,,,,,,,,
LAB0017703,,,,,,,,,,
LAB0017704,,,,,,,,,,
LAB0017705,,,,,,,,,,
LAB0017706,,,,,,,,,,
LAB0017707,,,,,,,,,,
LAB0017708,,,,,,,,,,
LAB0017709,,,,,,,,,,
LAB0017710,,,,,,,,,,
LAB0017711,,,,,,,,,,
LAB0017712,,,,,,,,,,
LAB0017713,,,,,,,,,,
LAB0017714,,,,,,,,,,
LAB0017715,,,,,,,,,,
LAB0017716,,,,,,,,,,
LAB0017717,,,,,,,,,,
LAB0017718,,,,,,,,,,
LAB0017719,,,,,,,,,,
LAB0017720,,,,,,,,,,
LAB0017721,,,,,,,,,,
LAB0017722,,,,,,,,,,
LAB0017723,,,,,,,,,,
LAB0017724,,,,,,,,,,
LAB0017725,,,,,,,,,,
LAB0017726,,,,,,,,,,
LAB0017727,,,,,,,,,,
LAB0017728,,,,,,,,,,
LAB0017729,,,,,,,,,,
LAB0017730,,,,,,,,,,
LAB0017731,,,,,,,,,,
LAB0017732,,,,,,,,,,
LAB0017733,,,,,,,,,,
LAB0017734,,,,,,,,,,
LAB0017735,,,,,,,,,,
LAB0017736,,,,,,,,,,
LAB0017737,,,,,,,,,,
LAB0017738,,,,,,,,,,
LAB0017739,,,,,,,,,,
LAB0017740,,,,,,,,,,
LAB0017741,,,,,,,,,,
LAB0017742,,,,,,,,,,
LAB0017743,,,,,,,,,,
LAB0017744,,,,,,,,,,
LAB0017745,,,,,,,,,,
LAB0017746,,,,,,,,,,
LAB0017747,,,,,,,,,,
LAB0017748,,,,,,,,,,
LAB0017749,,,,,,,,,,
LAB0017750,,,,,,,,,,
LAB0017751,,,,,,,,,,
LAB0017752,,,,,,,,,,
LAB0017753,,,,,,,,,,
LAB0017754,,,,,,,,,,
LAB0017755,,,,,,,,,,
LAB0017756,,,,,,,,,,
LAB0017757,,,,,,,,,,
LAB0017758,,,,,,,,,,
LAB0017759,,,,,,,,,,
LAB0017760,,,,,,,,,,
LAB0017761,,,,,,,,,,
LAB0017762,,,,,,,,,,
LAB0017763,,,,,,,,,,
LAB0017764,,,,,,,,,,
LAB0017765,,,,,,,,,,
LAB0017766,,,,,,,,,,
LAB0017767,,,,,,,,,,
LAB0017768,,,,,,,,,,
LAB0017769,,,,,,,,,,
LAB0017770,,,,,,,,,,
LAB0017771,,,,,,,,,,
LAB0017772,,,,,,,,,,
LAB0017773,,,,,,,,,,
LAB0017774,,,,,,,,,,
LAB0017775,,,,,,,,,,
LAB0017776,,,,,,,,,,
LAB0017777,,,,,,,,,,
LAB0017778,,,,,,,,,,
LAB0017779,,,,,,,,,,
LAB0017780,,,,,,,,,,
LAB0017781,,,,,,,,,,
LAB0017782,,,,,,,,,,
LAB0017783,,,,,,,,,,
LAB0017784,,,,,,,,,,
LAB0017785,,,,,,,,,,
LAB0017786,,,,,,,,,,
LAB0017787,,,,,,,,,,
LAB0017788,,,,,,,,,,
LAB0017789,,,,,,,,,,
LAB0017790,,,,,,,,,,
LAB0017791,,,,,,,,,,
LAB0017792,,,,,,,,,,
LAB0017793,,,,,,,,,,
LAB0017794,,,,,,,,,,
LAB0017795,,,,,,,,,,
LAB0017796,,,,,,,,,,
LAB0017797,,,,,,,,,,
LAB0017798,,,,,,,,,,
LAB0017799,,,,,,,,,,
LAB0017800,,,,,,,,,,
LAB0017801,,,,,,,,,,
LAB0017802,,,,,,,,,,
LAB0017803,,,,,,,,,,
LAB0017804,,,,,,,,,,
LAB0017805,,,,,,,,,,
LAB0017806,,,,,,,,,,
LAB0017807,,,,,,,,,,
LAB0017808,,,,,,,,,,
LAB0017809,,,,,,,,,,
LAB0017810,,,,,,,,,,
LAB0017811,,,,,,,,,,
LAB0017812,,,,,,,,,,
LAB0017813,,,,,,,,,,
LAB0017814,,,,,,,,,,
LAB0017815,,,,,,,,,,
LAB0017816,,,,,,,,,,
LAB0017817,,,,,,,,,,
LAB0017818,,,,,,,,,,
LAB0017819,,,,,,,,,,
LAB0017820,,,,,,,,,,
LAB0017821,,,,,,,,,,
LAB0017822,,,,,,,,,,
LAB0017823,,,,,,,,,,
LAB0017824,,,,,,,,,,
LAB0017825,,,,,,,,,,
LAB0017826,,,,,,,,,,
LAB0017827,,,,,,,,,,
LAB0017828,,,,,,,,,,
LAB0017829,,,,,,,,,,
LAB0017830,,,,,,,,,,
LAB0017831,,,,,,,,,,
LAB0017832,,,,,,,,,,
LAB0017833,,,,,,,,,,
LAB0017834,,,,,,,,,,
LAB0017835,,,,,,,,,,
LAB0017836,,,,,,,,,,
LAB0017837,,,,,,,,,,
LAB0017838,,,,,,,,,,
LAB0017839,,,,,,,,,,
LAB0017840,,,,,,,,,,
LAB0017841,,,,,,,,,,
LAB0017842,,,,,,,,,,
LAB0017843,,,,,,,,,,
LAB0017844,,,,,,,,,,
LAB0017845,,,,,,,,,,
LAB0017846,,,,,,,,,,
LAB0017847,,,,,,,,,,
LAB0017848,,,,,,,,,,
LAB0017849,,,,,,,,,,
LAB0017850,,,,,,,,,,
LAB0017851,,,,,,,,,,
LAB0017852,,,,,,,,,,
LAB0017853,,,,,,,,,,
LAB0017854,,,,,,,,,,
LAB0017855,,,,,,,,,,
LAB0017856,,,,,,,,,,
LAB0017857,,,,,,,,,,
LAB0017858,,,,,,,,,,
LAB0017859,,,,,,,,,,
LAB0017860,,,,,,,,,,
LAB0017861,,,,,,,,,,
LAB0017862,,,,,,,,,,
LAB0017863,,,,,,,,,,
LAB0017864,,,,,,,,,,
LAB0017865,,,,,,,,,,
LAB0017866,,,,,,,,,,
LAB0017867,,,,,,,,,,
LAB0017868,,,,,,,,,,
LAB0017869,,,,,,,,,,
LAB0017870,,,,,,,,,,
LAB0017871,,,,,,,,,,
LAB0017872,,,,,,,,,,
LAB0017873,,,,,,,,,,
LAB0017874,,,,,,,,,,
LAB0017875,,,,,,,,,,
LAB0017876,,,,,,,,,,
LAB0017877,,,,,,,,,,
LAB0017878,,,,,,,,,,
LAB0017879,,,,,,,,,,
LAB0017880,,,,,,,,,,
LAB0017881,,,,,,,,,,
LAB0017882,,,,,,,,,,
LAB0017883,,,,,,,,,,
LAB0017884,,,,,,,,,,
LAB0017885,,,,,,,,,,
LAB0017886,,,,,,,,,,
LAB0017887,,,,,,,,,,
LAB0017888,,,,,,,,,,
LAB0017889,,,,,,,,,,
LAB0017890,,,,,,,,,,
LAB0017891,,,,,,,,,,
LAB0017892,,,,,,,,,,
LAB0017893,,,,,,,,,,
LAB0017894,,,,,,,,,,
LAB0017895,,,,,,,,,,
LAB0017896,,,,,,,,,,
LAB0017897,,,,,,,,,,
LAB0017898,,,,,,,,,,
LAB0017899,,,,,,,,,,
LAB0017900,,,,,,,,,,
LAB0017901,,,,,,,,,,
LAB0017902,,,,,,,,,,
LAB0017903,,,,,,,,,,
LAB0017904,,,,,,,,,,
LAB0017905,,,,,,,,,,
LAB0017906,,,,,,,,,,
LAB0017907,,,,,,,,,,
LAB0017908,,,,,,,,,,
LAB0017909,,,,,,,,,,
LAB0017910,,,,,,,,,,
LAB0017911,,,,,,,,,,
LAB0017912,,,,,,,,,,
LAB0017913,,,,,,,,,,
LAB0017914,,,,,,,,,,
LAB0017915,,,,,,,,,,
LAB0017916,,,,,,,,,,
LAB0017917,,,,,,,,,,
LAB0017918,,,,,,,,,,
LAB0017919,,,,,,,,,,
LAB0017920,,,,,,,,,,
LAB0017921,,,,,,,,,,
LAB0017922,,,,,,,,,,
LAB0017923,,,,,,,,,,
LAB0017924,,,,,,,,,,
LAB0017925,,,,,,,,,,
LAB0017926,,,,,,,,,,
LAB0017927,,,,,,,,,,
LAB0017928,,,,,,,,,,
LAB0017929,,,,,,,,,,
LAB0017930,,,,,,,,,,
LAB0017931,,,,,,,,,,
LAB0017932,,,,,,,,,,
LAB0017933,,,,,,,,,,
LAB0017934,,,,,,,,,,
LAB0017935,,,,,,,,,,
LAB0017936,,,,,,,,,,
LAB0017937,,,,,,,,,,
LAB0017938,,,,,,,,,,
LAB0017939,,,,,,,,,,
LAB0017940,,,,,,,,,,
LAB0017941,,,,,,,,,,
LAB0017942,,,,,,,,,,
LAB0017943,,,,,,,,,,
LAB0017944,,,,,,,,,,
LAB0017945,,,,,,,,,,
LAB0017946,,,,,,,,,,
LAB0017947,,,,,,,,,,
LAB0017948,,,,,,,,,,
LAB0017949,,,,,,,,,,
LAB0017950,,,,,,,,,,
LAB0017951,,,,,,,,,,
LAB0017952,,,,,,,,,,
LAB0017953,,,,,,,,,,
LAB0017954,,,,,,,,,,
LAB0017955,,,,,,,,,,
LAB0017956,,,,,,,,,,
LAB0017957,,,,,,,,,,
LAB0017958,,,,,,,,,,
LAB0017959,,,,,,,,,,
LAB0017960,,,,,,,,,,
LAB0017961,,,,,,,,,,
LAB0017962,,,,,,,,,,
LAB0017963,,,,,,,,,,
LAB0017964,,,,,,,,,,
LAB0017965,,,,,,,,,,
LAB0017966,,,,,,,,,,
LAB0017967,,,,,,,,,,
LAB0017968,,,,,,,,,,
LAB0017969,,,,,,,,,,
LAB0017970,,,,,,,,,,
LAB0017971,,,,,,,,,,
LAB0017972,,,,,,,,,,
LAB0017973,,,,,,,,,,
LAB0017974,,,,,,,,,,
LAB0017975,,,,,,,,,,
LAB0017976,,,,,,,,,,
LAB0017977,,,,,,,,,,
LAB0017978,,,,,,,,,,
LAB0017979,,,,,,,,,,
LAB0017980,,,,,,,,,,
LAB0017981,,,,,,,,,,
LAB0017982,,,,,,,,,,
LAB0017983,,,,,,,,,,
LAB0017984,,,,,,,,,,
LAB0017985,,,,,,,,,,
LAB0017986,,,,,,,,,,
LAB0017987,,,,,,,,,,
LAB0017988,,,,,,,,,,
LAB0017989,,,,,,,,,,
LAB0017990,,,,,,,,,,
LAB0017991,,,,,,,,,,
LAB0017992,,,,,,,,,,
LAB0017993,,,,,,,,,,
LAB0017994,,,,,,,,,,
LAB0017995,,,,,,,,,,
LAB0017996,,,,,,,,,,
LAB0017997,,,,,,,,,,
LAB0017998,,,,,,,,,,
LAB0017999,,,,,,,,,,
LAB0018000,,,,,,,,,,
LAB0018001,,,,,,,,,,
LAB0018002,,,,,,,,,,
LAB0018003,,,,,,,,,,
LAB0018004,,,,,,,,,,
LAB0018005,,,,,,,,,,
LAB0018006,,,,,,,,,,
LAB0018007,,,,,,,,,,
LAB0018008,,,,,,,,,,
LAB0018009,,,,,,,,,,
LAB0018010,,,,,,,,,,
LAB0018011,,,,,,,,,,
LAB0018012,,,,,,,,,,
LAB0018013,,,,,,,,,,
LAB0018014,,,,,,,,,,
LAB0018015,,,,,,,,,,
LAB0018016,,,,,,,,,,
LAB0018017,,,,,,,,,,
LAB0018018,,,,,,,,,,
LAB0018019,,,,,,,,,,
LAB0018020,,,,,,,,,,
LAB0018021,,,,,,,,,,
LAB0018022,,,,,,,,,,
LAB0018023,,,,,,,,,,
LAB0018024,,,,,,,,,,
LAB0018025,,,,,,,,,,
LAB0018026,,,,,,,,,,
LAB0018027,,,,,,,,,,
LAB0018028,,,,,,,,,,
LAB0018029,,,,,,,,,,
LAB0018030,,,,,,,,,,
LAB0018031,,,,,,,,,,
LAB0018032,,,,,,,,,,
LAB0018033,,,,,,,,,,
LAB0018034,,,,,,,,,,
LAB0018035,,,,,,,,,,
LAB0018036,,,,,,,,,,
LAB0018037,,,,,,,,,,
LAB0018038,,,,,,,,,,
LAB0018039,,,,,,,,,,
LAB0018040,,,,,,,,,,
LAB0018041,,,,,,,,,,
LAB0018042,,,,,,,,,,
LAB0018043,,,,,,,,,,
LAB0018044,,,,,,,,,,
LAB0018045,,,,,,,,,,
LAB0018046,,,,,,,,,,
LAB0018047,,,,,,,,,,
LAB0018048,,,,,,,,,,
LAB0018049,,,,,,,,,,
LAB0018050,,,,,,,,,,
LAB0018051,,,,,,,,,,
LAB0018052,,,,,,,,,,
LAB0018053,,,,,,,,,,
LAB0018054,,,,,,,,,,
LAB0018055,,,,,,,,,,
LAB0018056,,,,,,,,,,
LAB0018057,,,,,,,,,,
LAB0018058,,,,,,,,,,
LAB0018059,,,,,,,,,,
LAB0018060,,,,,,,,,,
LAB0018061,,,,,,,,,,
LAB0018062,,,,,,,,,,
LAB0018063,,,,,,,,,,
LAB0018064,,,,,,,,,,
LAB0018065,,,,,,,,,,
LAB0018066,,,,,,,,,,
LAB0018067,,,,,,,,,,
LAB0018068,,,,,,,,,,
LAB0018069,,,,,,,,,,
LAB0018070,,,,,,,,,,
LAB0018071,,,,,,,,,,
LAB0018072,,,,,,,,,,
LAB0018073,,,,,,,,,,
LAB0018074,,,,,,,,,,
LAB0018075,,,,,,,,,,
LAB0018076,,,,,,,,,,
LAB0018077,,,,,,,,,,
LAB0018078,,,,,,,,,,
LAB0018079,,,,,,,,,,
LAB0018080,,,,,,,,,,
LAB0018081,,,,,,,,,,
LAB0018082,,,,,,,,,,
LAB0018083,,,,,,,,,,
LAB0018084,,,,,,,,,,
LAB0018085,,,,,,,,,,
LAB0018086,,,,,,,,,,
LAB0018087,,,,,,,,,,
LAB0018088,,,,,,,,,,
LAB0018089,,,,,,,,,,
LAB0018090,,,,,,,,,,
LAB0018091,,,,,,,,,,
LAB0018092,,,,,,,,,,
LAB0018093,,,,,,,,,,
LAB0018094,,,,,,,,,,
LAB0018095,,,,,,,,,,
LAB0018096,,,,,,,,,,
LAB0018097,,,,,,,,,,
LAB0018098,,,,,,,,,,
LAB0018099,,,,,,,,,,
LAB0018100,,,,,,,,,,
LAB0018101,,,,,,,,,,
LAB0018102,,,,,,,,,,
LAB0018103,,,,,,,,,,
LAB0018104,,,,,,,,,,
LAB0018105,,,,,,,,,,
LAB0018106,,,,,,,,,,
LAB0018107,,,,,,,,,,
LAB0018108,,,,,,,,,,
LAB0018109,,,,,,,,,,
LAB0018110,,,,,,,,,,
LAB0018111,,,,,,,,,,
LAB0018112,,,,,,,,,,
LAB0018113,,,,,,,,,,
LAB0018114,,,,,,,,,,
LAB0018115,,,,,,,,,,
LAB0018116,,,,,,,,,,
LAB0018117,,,,,,,,,,
LAB0018118,,,,,,,,,,
LAB0018119,,,,,,,,,,
LAB0018120,,,,,,,,,,
LAB0018121,,,,,,,,,,
LAB0018122,,,,,,,,,,
LAB0018123,,,,,,,,,,
LAB0018124,,,,,,,,,,
LAB0018125,,,,,,,,,,
LAB0018126,,,,,,,,,,
LAB0018127,,,,,,,,,,
LAB0018128,,,,,,,,,,
LAB0018129,,,,,,,,,,
LAB0018130,,,,,,,,,,
LAB0018131,,,,,,,,,,
LAB0018132,,,,,,,,,,
LAB0018133,,,,,,,,,,
LAB0018134,,,,,,,,,,
LAB0018135,,,,,,,,,,
LAB0018136,,,,,,,,,,
LAB0018137,,,,,,,,,,
LAB0018138,,,,,,,,,,
LAB0018139,,,,,,,,,,
LAB0018140,,,,,,,,,,
LAB0018141,,,,,,,,,,
LAB0018142,,,,,,,,,,
LAB0018143,,,,,,,,,,
LAB0018144,,,,,,,,,,
LAB0018145,,,,,,,,,,
LAB0018146,,,,,,,,,,
LAB0018147,,,,,,,,,,
LAB0018148,,,,,,,,,,
LAB0018149,,,,,,,,,,
LAB0018150,,,,,,,,,,
LAB0018151,,,,,,,,,,
LAB0018152,,,,,,,,,,
LAB0018153,,,,,,,,,,
LAB0018154,,,,,,,,,,
LAB0018155,,,,,,,,,,
LAB0018156,,,,,,,,,,
LAB0018157,,,,,,,,,,
LAB0018158,,,,,,,,,,
LAB0018159,,,,,,,,,,
LAB0018160,,,,,,,,,,
LAB0018161,,,,,,,,,,
LAB0018162,,,,,,,,,,
LAB0018163,,,,,,,,,,
LAB0018164,,,,,,,,,,
LAB0018165,,,,,,,,,,
LAB0018166,,,,,,,,,,
LAB0018167,,,,,,,,,,
LAB0018168,,,,,,,,,,
LAB0018169,,,,,,,,,,
LAB0018170,,,,,,,,,,
LAB0018171,,,,,,,,,,
LAB0018172,,,,,,,,,,
LAB0018173,,,,,,,,,,
LAB0018174,,,,,,,,,,
LAB0018175,,,,,,,,,,
LAB0018176,,,,,,,,,,
LAB0018177,,,,,,,,,,
LAB0018178,,,,,,,,,,
LAB0018179,,,,,,,,,,
LAB0018180,,,,,,,,,,
LAB0018181,,,,,,,,,,
LAB0018182,,,,,,,,,,
LAB0018183,,,,,,,,,,
LAB0018184,,,,,,,,,,
LAB0018185,,,,,,,,,,
LAB0018186,,,,,,,,,,
LAB0018187,,,,,,,,,,
LAB0018188,,,,,,,,,,
LAB0018189,,,,,,,,,,
LAB0018190,,,,,,,,,,
LAB0018191,,,,,,,,,,
LAB0018192,,,,,,,,,,
LAB0018193,,,,,,,,,,
LAB0018194,,,,,,,,,,
LAB0018195,,,,,,,,,,
LAB0018196,,,,,,,,,,
LAB0018197,,,,,,,,,,
LAB0018198,,,,,,,,,,
LAB0018199,,,,,,,,,,
LAB0018200,,,,,,,,,,
LAB0018201,,,,,,,,,,
LAB0018202,,,,,,,,,,
LAB0018203,,,,,,,,,,
LAB0018204,,,,,,,,,,
LAB0018205,,,,,,,,,,
LAB0018206,,,,,,,,,,
LAB0018207,,,,,,,,,,
LAB0018208,,,,,,,,,,
LAB0018209,,,,,,,,,,
LAB0018210,,,,,,,,,,
LAB0018211,,,,,,,,,,
LAB0018212,,,,,,,,,,
LAB0018213,,,,,,,,,,
LAB0018214,,,,,,,,,,
LAB0018215,,,,,,,,,,
LAB0018216,,,,,,,,,,
LAB0018217,,,,,,,,,,
LAB0018218,,,,,,,,,,
LAB0018219,,,,,,,,,,
LAB0018220,,,,,,,,,,
LAB0018221,,,,,,,,,,
LAB0018222,,,,,,,,,,
LAB0018223,,,,,,,,,,
LAB0018224,,,,,,,,,,
LAB0018225,,,,,,,,,,
LAB0018226,,,,,,,,,,
LAB0018227,,,,,,,,,,
LAB0018228,,,,,,,,,,
LAB0018229,,,,,,,,,,
LAB0018230,,,,,,,,,,
LAB0018231,,,,,,,,,,
LAB0018232,,,,,,,,,,
LAB0018233,,,,,,,,,,
LAB0018234,,,,,,,,,,
LAB0018235,,,,,,,,,,
LAB0018236,,,,,,,,,,
LAB0018237,,,,,,,,,,
LAB0018238,,,,,,,,,,
LAB0018239,,,,,,,,,,
LAB0018240,,,,,,,,,,
LAB0018241,,,,,,,,,,
LAB0018242,,,,,,,,,,
LAB0018243,,,,,,,,,,
LAB0018244,,,,,,,,,,
LAB0018245,,,,,,,,,,
LAB0018246,,,,,,,,,,
LAB0018247,,,,,,,,,,
LAB0018248,,,,,,,,,,
LAB0018249,,,,,,,,,,
LAB0018250,,,,,,,,,,
LAB0018251,,,,,,,,,,
LAB0018252,,,,,,,,,,
LAB0018253,,,,,,,,,,
LAB0018254,,,,,,,,,,
LAB0018255,,,,,,,,,,
LAB0018256,,,,,,,,,,
LAB0018257,,,,,,,,,,
LAB0018258,,,,,,,,,,
LAB0018259,,,,,,,,,,
LAB0018260,,,,,,,,,,
LAB0018261,,,,,,,,,,
LAB0018262,,,,,,,,,,
LAB0018263,,,,,,,,,,
LAB0018264,,,,,,,,,,
LAB0018265,,,,,,,,,,
LAB0018266,,,,,,,,,,
LAB0018267,,,,,,,,,,
LAB0018268,,,,,,,,,,
LAB0018269,,,,,,,,,,
LAB0018270,,,,,,,,,,
LAB0018271,,,,,,,,,,
LAB0018272,,,,,,,,,,
LAB0018273,,,,,,,,,,
LAB0018274,,,,,,,,,,
LAB0018275,,,,,,,,,,
LAB0018276,,,,,,,,,,
LAB0018277,,,,,,,,,,
LAB0018278,,,,,,,,,,
LAB0018279,,,,,,,,,,
LAB0018280,,,,,,,,,,
LAB0018281,,,,,,,,,,
LAB0018282,,,,,,,,,,
LAB0018283,,,,,,,,,,
LAB0018284,,,,,,,,,,
LAB0018285,,,,,,,,,,
LAB0018286,,,,,,,,,,
LAB0018287,,,,,,,,,,
LAB0018288,,,,,,,,,,
LAB0018289,,,,,,,,,,
LAB0018290,,,,,,,,,,
LAB0018291,,,,,,,,,,
LAB0018292,,,,,,,,,,
LAB0018293,,,,,,,,,,
LAB0018294,,,,,,,,,,
LAB0018295,,,,,,,,,,
LAB0018296,,,,,,,,,,
LAB0018297,,,,,,,,,,
LAB0018298,,,,,,,,,,
LAB0018299,,,,,,,,,,
LAB0018300,,,,,,,,,,
LAB0018301,,,,,,,,,,
LAB0018302,,,,,,,,,,
LAB0018303,,,,,,,,,,
LAB0018304,,,,,,,,,,
LAB0018305,,,,,,,,,,
LAB0018306,,,,,,,,,,
LAB0018307,,,,,,,,,,
LAB0018308,,,,,,,,,,
LAB0018309,,,,,,,,,,
LAB0018310,,,,,,,,,,
LAB0018311,,,,,,,,,,
LAB0018312,,,,,,,,,,
LAB0018313,,,,,,,,,,
LAB0018314,,,,,,,,,,
LAB0018315,,,,,,,,,,
LAB0018316,,,,,,,,,,
LAB0018317,,,,,,,,,,
LAB0018318,,,,,,,,,,
LAB0018319,,,,,,,,,,
LAB0018320,,,,,,,,,,
LAB0018321,,,,,,,,,,
LAB0018322,,,,,,,,,,
LAB0018323,,,,,,,,,,
LAB0018324,,,,,,,,,,
LAB0018325,,,,,,,,,,
LAB0018326,,,,,,,,,,
LAB0018327,,,,,,,,,,
LAB0018328,,,,,,,,,,
LAB0018329,,,,,,,,,,
LAB0018330,,,,,,,,,,
LAB0018331,,,,,,,,,,
LAB0018332,,,,,,,,,,
LAB0018333,,,,,,,,,,
LAB0018334,,,,,,,,,,
LAB0018335,,,,,,,,,,
LAB0018336,,,,,,,,,,
LAB0018337,,,,,,,,,,
LAB0018338,,,,,,,,,,
LAB0018339,,,,,,,,,,
LAB0018340,,,,,,,,,,
LAB0018341,,,,,,,,,,
LAB0018342,,,,,,,,,,
LAB0018343,,,,,,,,,,
LAB0018344,,,,,,,,,,
LAB0018345,,,,,,,,,,
LAB0018346,,,,,,,,,,
LAB0018347,,,,,,,,,,
LAB0018348,,,,,,,,,,
LAB0018349,,,,,,,,,,
LAB0018350,,,,,,,,,,
LAB0018351,,,,,,,,,,
LAB0018352,,,,,,,,,,
LAB0018353,,,,,,,,,,
LAB0018354,,,,,,,,,,
LAB0018355,,,,,,,,,,
LAB0018356,,,,,,,,,,
LAB0018357,,,,,,,,,,
LAB0018358,,,,,,,,,,
LAB0018359,,,,,,,,,,
LAB0018360,,,,,,,,,,
LAB0018361,,,,,,,,,,
LAB0018362,,,,,,,,,,
LAB0018363,,,,,,,,,,
LAB0018364,,,,,,,,,,
LAB0018365,,,,,,,,,,
LAB0018366,,,,,,,,,,
LAB0018367,,,,,,,,,,
LAB0018368,,,,,,,,,,
LAB0018369,,,,,,,,,,
LAB0018370,,,,,,,,,,
LAB0018371,,,,,,,,,,
LAB0018372,,,,,,,,,,
LAB0018373,,,,,,,,,,
LAB0018374,,,,,,,,,,
LAB0018375,,,,,,,,,,
LAB0018376,,,,,,,,,,
LAB0018377,,,,,,,,,,
LAB0018378,,,,,,,,,,
LAB0018379,,,,,,,,,,
LAB0018380,,,,,,,,,,
LAB0018381,,,,,,,,,,
LAB0018382,,,,,,,,,,
LAB0018383,,,,,,,,,,
LAB0018384,,,,,,,,,,
LAB0018385,,,,,,,,,,
LAB0018386,,,,,,,,,,
LAB0018387,,,,,,,,,,
LAB0018388,,,,,,,,,,
LAB0018389,,,,,,,,,,
LAB0018390,,,,,,,,,,
LAB0018391,,,,,,,,,,
LAB0018392,,,,,,,,,,
LAB0018393,,,,,,,,,,
LAB0018394,,,,,,,,,,
LAB0018395,,,,,,,,,,
LAB0018396,,,,,,,,,,
LAB0018397,,,,,,,,,,
LAB0018398,,,,,,,,,,
LAB0018399,,,,,,,,,,
LAB0018400,,,,,,,,,,
LAB0018401,,,,,,,,,,
LAB0018402,,,,,,,,,,
LAB0018403,,,,,,,,,,
LAB0018404,,,,,,,,,,
LAB0018405,,,,,,,,,,
LAB0018406,,,,,,,,,,
LAB0018407,,,,,,,,,,
LAB0018408,,,,,,,,,,
LAB0018409,,,,,,,,,,
LAB0018410,,,,,,,,,,
LAB0018411,,,,,,,,,,
LAB0018412,,,,,,,,,,
LAB0018413,,,,,,,,,,
LAB0018414,,,,,,,,,,
LAB0018415,,,,,,,,,,
LAB0018416,,,,,,,,,,
LAB0018417,,,,,,,,,,
LAB0018418,,,,,,,,,,
LAB0018419,,,,,,,,,,
LAB0018420,,,,,,,,,,
LAB0018421,,,,,,,,,,
LAB0018422,,,,,,,,,,
LAB0018423,,,,,,,,,,
LAB0018424,,,,,,,,,,
LAB0018425,,,,,,,,,,
LAB0018426,,,,,,,,,,
LAB0018427,,,,,,,,,,
LAB0018428,,,,,,,,,,
LAB0018429,,,,,,,,,,
LAB0018430,,,,,,,,,,
LAB0018431,,,,,,,,,,
LAB0018432,,,,,,,,,,
LAB0018433,,,,,,,,,,
LAB0018434,,,,,,,,,,
LAB0018435,,,,,,,,,,
LAB0018436,,,,,,,,,,
LAB0018437,,,,,,,,,,
LAB0018438,,,,,,,,,,
LAB0018439,,,,,,,,,,
LAB0018440,,,,,,,,,,
LAB0018441,,,,,,,,,,
LAB0018442,,,,,,,,,,
LAB0018443,,,,,,,,,,
LAB0018444,,,,,,,,,,
LAB0018445,,,,,,,,,,
LAB0018446,,,,,,,,,,
LAB0018447,,,,,,,,,,
LAB0018448,,,,,,,,,,
LAB0018449,,,,,,,,,,
LAB0018450,,,,,,,,,,
LAB0018451,,,,,,,,,,
LAB0018452,,,,,,,,,,
LAB0018453,,,,,,,,,,
LAB0018454,,,,,,,,,,
LAB0018455,,,,,,,,,,
LAB0018456,,,,,,,,,,
LAB0018457,,,,,,,,,,
LAB0018458,,,,,,,,,,
LAB0018459,,,,,,,,,,
LAB0018460,,,,,,,,,,
LAB0018461,,,,,,,,,,
LAB0018462,,,,,,,,,,
LAB0018463,,,,,,,,,,
LAB0018464,,,,,,,,,,
LAB0018465,,,,,,,,,,
LAB0018466,,,,,,,,,,
LAB0018467,,,,,,,,,,
LAB0018468,,,,,,,,,,
LAB0018469,,,,,,,,,,
LAB0018470,,,,,,,,,,
LAB0018471,,,,,,,,,,
LAB0018472,,,,,,,,,,
LAB0018473,,,,,,,,,,
LAB0018474,,,,,,,,,,
LAB0018475,,,,,,,,,,
LAB0018476,,,,,,,,,,
LAB0018477,,,,,,,,,,
LAB0018478,,,,,,,,,,
LAB0018479,,,,,,,,,,
LAB0018480,,,,,,,,,,
LAB0018481,,,,,,,,,,
LAB0018482,,,,,,,,,,
LAB0018483,,,,,,,,,,
LAB0018484,,,,,,,,,,
LAB0018485,,,,,,,,,,
LAB0018486,,,,,,,,,,
LAB0018487,,,,,,,,,,
LAB0018488,,,,,,,,,,
LAB0018489,,,,,,,,,,
LAB0018490,,,,,,,,,,
LAB0018491,,,,,,,,,,
LAB0018492,,,,,,,,,,
LAB0018493,,,,,,,,,,
LAB0018494,,,,,,,,,,
LAB0018495,,,,,,,,,,
LAB0018496,,,,,,,,,,
LAB0018497,,,,,,,,,,
LAB0018498,,,,,,,,,,
LAB0018499,,,,,,,,,,
LAB0018500,,,,,,,,,,
LAB0018501,,,,,,,,,,
LAB0018502,,,,,,,,,,
LAB0018503,,,,,,,,,,
LAB0018504,,,,,,,,,,
LAB0018505,,,,,,,,,,
LAB0018506,,,,,,,,,,
LAB0018507,,,,,,,,,,
LAB0018508,,,,,,,,,,
LAB0018509,,,,,,,,,,
LAB0018510,,,,,,,,,,
LAB0018511,,,,,,,,,,
LAB0018512,,,,,,,,,,
LAB0018513,,,,,,,,,,
LAB0018514,,,,,,,,,,
LAB0018515,,,,,,,,,,
LAB0018516,,,,,,,,,,
LAB0018517,,,,,,,,,,
LAB0018518,,,,,,,,,,
LAB0018519,,,,,,,,,,
LAB0018520,,,,,,,,,,
LAB0018521,,,,,,,,,,
LAB0018522,,,,,,,,,,
LAB0018523,,,,,,,,,,
LAB0018524,,,,,,,,,,
LAB0018525,,,,,,,,,,
LAB0018526,,,,,,,,,,
LAB0018527,,,,,,,,,,
LAB0018528,,,,,,,,,,
LAB0018529,,,,,,,,,,
LAB0018530,,,,,,,,,,
LAB0018531,,,,,,,,,,
LAB0018532,,,,,,,,,,
LAB0018533,,,,,,,,,,
LAB0018534,,,,,,,,,,
LAB0018535,,,,,,,,,,
LAB0018536,,,,,,,,,,
LAB0018537,,,,,,,,,,
LAB0018538,,,,,,,,,,
LAB0018539,,,,,,,,,,
LAB0018540,,,,,,,,,,
LAB0018541,,,,,,,,,,
LAB0018542,,,,,,,,,,
LAB0018543,,,,,,,,,,
LAB0018544,,,,,,,,,,
LAB0018545,,,,,,,,,,
LAB0018546,,,,,,,,,,
LAB0018547,,,,,,,,,,
LAB0018548,,,,,,,,,,
LAB0018549,,,,,,,,,,
LAB0018550,,,,,,,,,,
LAB0018551,,,,,,,,,,
LAB0018552,,,,,,,,,,
LAB0018553,,,,,,,,,,
LAB0018554,,,,,,,,,,
LAB0018555,,,,,,,,,,
LAB0018556,,,,,,,,,,
LAB0018557,,,,,,,,,,
LAB0018558,,,,,,,,,,
LAB0018559,,,,,,,,,,
LAB0018560,,,,,,,,,,
LAB0018561,,,,,,,,,,
LAB0018562,,,,,,,,,,
LAB0018563,,,,,,,,,,
LAB0018564,,,,,,,,,,
LAB0018565,,,,,,,,,,
LAB0018566,,,,,,,,,,
LAB0018567,,,,,,,,,,
LAB0018568,,,,,,,,,,
LAB0018569,,,,,,,,,,
LAB0018570,,,,,,,,,,
LAB0018571,,,,,,,,,,
LAB0018572,,,,,,,,,,
LAB0018573,,,,,,,,,,
LAB0018574,,,,,,,,,,
LAB0018575,,,,,,,,,,
LAB0018576,,,,,,,,,,
LAB0018577,,,,,,,,,,
LAB0018578,,,,,,,,,,
LAB0018579,,,,,,,,,,
LAB0018580,,,,,,,,,,
LAB0018581,,,,,,,,,,
LAB0018582,,,,,,,,,,
LAB0018583,,,,,,,,,,
LAB0018584,,,,,,,,,,
LAB0018585,,,,,,,,,,
LAB0018586,,,,,,,,,,
LAB0018587,,,,,,,,,,
LAB0018588,,,,,,,,,,
LAB0018589,,,,,,,,,,
LAB0018590,,,,,,,,,,
LAB0018591,,,,,,,,,,
LAB0018592,,,,,,,,,,
LAB0018593,,,,,,,,,,
LAB0018594,,,,,,,,,,
LAB0018595,,,,,,,,,,
LAB0018596,,,,,,,,,,
LAB0018597,,,,,,,,,,
LAB0018598,,,,,,,,,,
LAB0018599,,,,,,,,,,
LAB0018600,,,,,,,,,,
LAB0018601,,,,,,,,,,
LAB0018602,,,,,,,,,,
LAB0018603,,,,,,,,,,
LAB0018604,,,,,,,,,,
LAB0018605,,,,,,,,,,
LAB0018606,,,,,,,,,,
LAB0018607,,,,,,,,,,
LAB0018608,,,,,,,,,,
LAB0018609,,,,,,,,,,
LAB0018610,,,,,,,,,,
LAB0018611,,,,,,,,,,
LAB0018612,,,,,,,,,,
LAB0018613,,,,,,,,,,
LAB0018614,,,,,,,,,,
LAB0018615,,,,,,,,,,
LAB0018616,,,,,,,,,,
LAB0018617,,,,,,,,,,
LAB0018618,,,,,,,,,,
LAB0018619,,,,,,,,,,
LAB0018620,,,,,,,,,,
LAB0018621,,,,,,,,,,
LAB0018622,,,,,,,,,,
LAB0018623,,,,,,,,,,
LAB0018624,,,,,,,,,,
LAB0018625,,,,,,,,,,
LAB0018626,,,,,,,,,,
LAB0018627,,,,,,,,,,
LAB0018628,,,,,,,,,,
LAB0018629,,,,,,,,,,
LAB0018630,,,,,,,,,,
LAB0018631,,,,,,,,,,
LAB0018632,,,,,,,,,,
LAB0018633,,,,,,,,,,
LAB0018634,,,,,,,,,,
LAB0018635,,,,,,,,,,
LAB0018636,,,,,,,,,,
LAB0018637,,,,,,,,,,
LAB0018638,,,,,,,,,,
LAB0018639,,,,,,,,,,
LAB0018640,,,,,,,,,,
LAB0018641,,,,,,,,,,
LAB0018642,,,,,,,,,,
LAB0018643,,,,,,,,,,
LAB0018644,,,,,,,,,,
LAB0018645,,,,,,,,,,
LAB0018646,,,,,,,,,,
LAB0018647,,,,,,,,,,
LAB0018648,,,,,,,,,,
LAB0018649,,,,,,,,,,
LAB0018650,,,,,,,,,,
LAB0018651,,,,,,,,,,
LAB0018652,,,,,,,,,,
LAB0018653,,,,,,,,,,
LAB0018654,,,,,,,,,,
LAB0018655,,,,,,,,,,
LAB0018656,,,,,,,,,,
LAB0018657,,,,,,,,,,
LAB0018658,,,,,,,,,,
LAB0018659,,,,,,,,,,
LAB0018660,,,,,,,,,,
LAB0018661,,,,,,,,,,
LAB0018662,,,,,,,,,,
LAB0018663,,,,,,,,,,
LAB0018664,,,,,,,,,,
LAB0018665,,,,,,,,,,
LAB0018666,,,,,,,,,,
LAB0018667,,,,,,,,,,
LAB0018668,,,,,,,,,,
LAB0018669,,,,,,,,,,
LAB0018670,,,,,,,,,,
LAB0018671,,,,,,,,,,
LAB0018672,,,,,,,,,,
LAB0018673,,,,,,,,,,
LAB0018674,,,,,,,,,,
LAB0018675,,,,,,,,,,
LAB0018676,,,,,,,,,,
LAB0018677,,,,,,,,,,
LAB0018678,,,,,,,,,,
LAB0018679,,,,,,,,,,
LAB0018680,,,,,,,,,,
LAB0018681,,,,,,,,,,
LAB0018682,,,,,,,,,,
LAB0018683,,,,,,,,,,
LAB0018684,,,,,,,,,,
LAB0018685,,,,,,,,,,
LAB0018686,,,,,,,,,,
LAB0018687,,,,,,,,,,
LAB0018688,,,,,,,,,,
LAB0018689,,,,,,,,,,
LAB0018690,,,,,,,,,,
LAB0018691,,,,,,,,,,
LAB0018692,,,,,,,,,,
LAB0018693,,,,,,,,,,
LAB0018694,,,,,,,,,,
LAB0018695,,,,,,,,,,
LAB0018696,,,,,,,,,,
LAB0018697,,,,,,,,,,
LAB0018698,,,,,,,,,,
LAB0018699,,,,,,,,,,
LAB0018700,,,,,,,,,,
LAB0018701,,,,,,,,,,
LAB0018702,,,,,,,,,,
LAB0018703,,,,,,,,,,
LAB0018704,,,,,,,,,,
LAB0018705,,,,,,,,,,
LAB0018706,,,,,,,,,,
LAB0018707,,,,,,,,,,
LAB0018708,,,,,,,,,,
LAB0018709,,,,,,,,,,
LAB0018710,,,,,,,,,,
LAB0018711,,,,,,,,,,
LAB0018712,,,,,,,,,,
LAB0018713,,,,,,,,,,
LAB0018714,,,,,,,,,,
LAB0018715,,,,,,,,,,
LAB0018716,,,,,,,,,,
LAB0018717,,,,,,,,,,
LAB0018718,,,,,,,,,,
LAB0018719,,,,,,,,,,
LAB0018720,,,,,,,,,,
LAB0018721,,,,,,,,,,
LAB0018722,,,,,,,,,,
LAB0018723,,,,,,,,,,
LAB0018724,,,,,,,,,,
LAB0018725,,,,,,,,,,
LAB0018726,,,,,,,,,,
LAB0018727,,,,,,,,,,
LAB0018728,,,,,,,,,,
LAB0018729,,,,,,,,,,
LAB0018730,,,,,,,,,,
LAB0018731,,,,,,,,,,
LAB0018732,,,,,,,,,,
LAB0018733,,,,,,,,,,
LAB0018734,,,,,,,,,,
LAB0018735,,,,,,,,,,
LAB0018736,,,,,,,,,,
LAB0018737,,,,,,,,,,
LAB0018738,,,,,,,,,,
LAB0018739,,,,,,,,,,
LAB0018740,,,,,,,,,,
LAB0018741,,,,,,,,,,
LAB0018742,,,,,,,,,,
LAB0018743,,,,,,,,,,
LAB0018744,,,,,,,,,,
LAB0018745,,,,,,,,,,
LAB0018746,,,,,,,,,,
LAB0018747,,,,,,,,,,
LAB0018748,,,,,,,,,,
LAB0018749,,,,,,,,,,
LAB0018750,,,,,,,,,,
LAB0018751,,,,,,,,,,
LAB0018752,,,,,,,,,,
LAB0018753,,,,,,,,,,
LAB0018754,,,,,,,,,,
LAB0018755,,,,,,,,,,
LAB0018756,,,,,,,,,,
LAB0018757,,,,,,,,,,
LAB0018758,,,,,,,,,,
LAB0018759,,,,,,,,,,
LAB0018760,,,,,,,,,,
LAB0018761,,,,,,,,,,
LAB0018762,,,,,,,,,,
LAB0018763,,,,,,,,,,
LAB0018764,,,,,,,,,,
LAB0018765,,,,,,,,,,
LAB0018766,,,,,,,,,,
LAB0018767,,,,,,,,,,
LAB0018768,,,,,,,,,,
LAB0018769,,,,,,,,,,
LAB0018770,,,,,,,,,,
LAB0018771,,,,,,,,,,
LAB0018772,,,,,,,,,,
LAB0018773,,,,,,,,,,
LAB0018774,,,,,,,,,,
LAB0018775,,,,,,,,,,
LAB0018776,,,,,,,,,,
LAB0018777,,,,,,,,,,
LAB0018778,,,,,,,,,,
LAB0018779,,,,,,,,,,
LAB0018780,,,,,,,,,,
LAB0018781,,,,,,,,,,
LAB0018782,,,,,,,,,,
LAB0018783,,,,,,,,,,
LAB0018784,,,,,,,,,,
LAB0018785,,,,,,,,,,
LAB0018786,,,,,,,,,,
LAB0018787,,,,,,,,,,
LAB0018788,,,,,,,,,,
LAB0018789,,,,,,,,,,
LAB0018790,,,,,,,,,,
LAB0018791,,,,,,,,,,
LAB0018792,,,,,,,,,,
LAB0018793,,,,,,,,,,
LAB0018794,,,,,,,,,,
LAB0018795,,,,,,,,,,
LAB0018796,,,,,,,,,,
LAB0018797,,,,,,,,,,
LAB0018798,,,,,,,,,,
LAB0018799,,,,,,,,,,
LAB0018800,,,,,,,,,,
LAB0018801,,,,,,,,,,
LAB0018802,,,,,,,,,,
LAB0018803,,,,,,,,,,
LAB0018804,,,,,,,,,,
LAB0018805,,,,,,,,,,
LAB0018806,,,,,,,,,,
LAB0018807,,,,,,,,,,
LAB0018808,,,,,,,,,,
LAB0018809,,,,,,,,,,
LAB0018810,,,,,,,,,,
LAB0018811,,,,,,,,,,
LAB0018812,,,,,,,,,,
LAB0018813,,,,,,,,,,
LAB0018814,,,,,,,,,,
LAB0018815,,,,,,,,,,
LAB0018816,,,,,,,,,,
LAB0018817,,,,,,,,,,
LAB0018818,,,,,,,,,,
LAB0018819,,,,,,,,,,
LAB0018820,,,,,,,,,,
LAB0018821,,,,,,,,,,
LAB0018822,,,,,,,,,,
LAB0018823,,,,,,,,,,
LAB0018824,,,,,,,,,,
LAB0018825,,,,,,,,,,
LAB0018826,,,,,,,,,,
LAB0018827,,,,,,,,,,
LAB0018828,,,,,,,,,,
LAB0018829,,,,,,,,,,
LAB0018830,,,,,,,,,,
LAB0018831,,,,,,,,,,
LAB0018832,,,,,,,,,,
LAB0018833,,,,,,,,,,
LAB0018834,,,,,,,,,,
LAB0018835,,,,,,,,,,
LAB0018836,,,,,,,,,,
LAB0018837,,,,,,,,,,
LAB0018838,,,,,,,,,,
LAB0018839,,,,,,,,,,
LAB0018840,,,,,,,,,,
LAB0018841,,,,,,,,,,
LAB0018842,,,,,,,,,,
LAB0018843,,,,,,,,,,
LAB0018844,,,,,,,,,,
LAB0018845,,,,,,,,,,
LAB0018846,,,,,,,,,,
LAB0018847,,,,,,,,,,
LAB0018848,,,,,,,,,,
LAB0018849,,,,,,,,,,
LAB0018850,,,,,,,,,,
LAB0018851,,,,,,,,,,
LAB0018852,,,,,,,,,,
LAB0018853,,,,,,,,,,
LAB0018854,,,,,,,,,,
LAB0018855,,,,,,,,,,
LAB0018856,,,,,,,,,,
LAB0018857,,,,,,,,,,
LAB0018858,,,,,,,,,,
LAB0018859,,,,,,,,,,
LAB0018860,,,,,,,,,,
LAB0018861,,,,,,,,,,
LAB0018862,,,,,,,,,,
LAB0018863,,,,,,,,,,
LAB0018864,,,,,,,,,,
LAB0018865,,,,,,,,,,
LAB0018866,,,,,,,,,,
LAB0018867,,,,,,,,,,
LAB0018868,,,,,,,,,,
LAB0018869,,,,,,,,,,
LAB0018870,,,,,,,,,,
LAB0018871,,,,,,,,,,
LAB0018872,,,,,,,,,,
LAB0018873,,,,,,,,,,
LAB0018874,,,,,,,,,,
LAB0018875,,,,,,,,,,
LAB0018876,,,,,,,,,,
LAB0018877,,,,,,,,,,
LAB0018878,,,,,,,,,,
LAB0018879,,,,,,,,,,
LAB0018880,,,,,,,,,,
LAB0018881,,,,,,,,,,
LAB0018882,,,,,,,,,,
LAB0018883,,,,,,,,,,
LAB0018884,,,,,,,,,,
LAB0018885,,,,,,,,,,
LAB0018886,,,,,,,,,,
LAB0018887,,,,,,,,,,
LAB0018888,,,,,,,,,,
LAB0018889,,,,,,,,,,
LAB0018890,,,,,,,,,,
LAB0018891,,,,,,,,,,
LAB0018892,,,,,,,,,,
LAB0018893,,,,,,,,,,
LAB0018894,,,,,,,,,,
LAB0018895,,,,,,,,,,
LAB0018896,,,,,,,,,,
LAB0018897,,,,,,,,,,
LAB0018898,,,,,,,,,,
LAB0018899,,,,,,,,,,
LAB0018900,,,,,,,,,,
LAB0018901,,,,,,,,,,
LAB0018902,,,,,,,,,,
LAB0018903,,,,,,,,,,
LAB0018904,,,,,,,,,,
LAB0018905,,,,,,,,,,
LAB0018906,,,,,,,,,,
LAB0018907,,,,,,,,,,
LAB0018908,,,,,,,,,,
LAB0018909,,,,,,,,,,
LAB0018910,,,,,,,,,,
LAB0018911,,,,,,,,,,
LAB0018912,,,,,,,,,,
LAB0018913,,,,,,,,,,
LAB0018914,,,,,,,,,,
LAB0018915,,,,,,,,,,
LAB0018916,,,,,,,,,,
LAB0018917,,,,,,,,,,
LAB0018918,,,,,,,,,,
LAB0018919,,,,,,,,,,
LAB0018920,,,,,,,,,,
LAB0018921,,,,,,,,,,
LAB0018922,,,,,,,,,,
LAB0018923,,,,,,,,,,
LAB0018924,,,,,,,,,,
LAB0018925,,,,,,,,,,
LAB0018926,,,,,,,,,,
LAB0018927,,,,,,,,,,
LAB0018928,,,,,,,,,,
LAB0018929,,,,,,,,,,
LAB0018930,,,,,,,,,,
LAB0018931,,,,,,,,,,
LAB0018932,,,,,,,,,,
LAB0018933,,,,,,,,,,
LAB0018934,,,,,,,,,,
LAB0018935,,,,,,,,,,
LAB0018936,,,,,,,,,,
LAB0018937,,,,,,,,,,
LAB0018938,,,,,,,,,,
LAB0018939,,,,,,,,,,
LAB0018940,,,,,,,,,,
LAB0018941,,,,,,,,,,
LAB0018942,,,,,,,,,,
LAB0018943,,,,,,,,,,
LAB0018944,,,,,,,,,,
LAB0018945,,,,,,,,,,
LAB0018946,,,,,,,,,,
LAB0018947,,,,,,,,,,
LAB0018948,,,,,,,,,,
LAB0018949,,,,,,,,,,
LAB0018950,,,,,,,,,,
LAB0018951,,,,,,,,,,
LAB0018952,,,,,,,,,,
LAB0018953,,,,,,,,,,
LAB0018954,,,,,,,,,,
LAB0018955,,,,,,,,,,
LAB0018956,,,,,,,,,,
LAB0018957,,,,,,,,,,
LAB0018958,,,,,,,,,,
LAB0018959,,,,,,,,,,
LAB0018960,,,,,,,,,,
LAB0018961,,,,,,,,,,
LAB0018962,,,,,,,,,,
LAB0018963,,,,,,,,,,
LAB0018964,,,,,,,,,,
LAB0018965,,,,,,,,,,
LAB0018966,,,,,,,,,,
LAB0018967,,,,,,,,,,
LAB0018968,,,,,,,,,,
LAB0018969,,,,,,,,,,
LAB0018970,,,,,,,,,,
LAB0018971,,,,,,,,,,
LAB0018972,,,,,,,,,,
LAB0018973,,,,,,,,,,
LAB0018974,,,,,,,,,,
LAB0018975,,,,,,,,,,
LAB0018976,,,,,,,,,,
LAB0018977,,,,,,,,,,
LAB0018978,,,,,,,,,,
LAB0018979,,,,,,,,,,
LAB0018980,,,,,,,,,,
LAB0018981,,,,,,,,,,
LAB0018982,,,,,,,,,,
LAB0018983,,,,,,,,,,
LAB0018984,,,,,,,,,,
LAB0018985,,,,,,,,,,
LAB0018986,,,,,,,,,,
LAB0018987,,,,,,,,,,
LAB0018988,,,,,,,,,,
LAB0018989,,,,,,,,,,
LAB0018990,,,,,,,,,,
LAB0018991,,,,,,,,,,
LAB0018992,,,,,,,,,,
LAB0018993,,,,,,,,,,
LAB0018994,,,,,,,,,,
LAB0018995,,,,,,,,,,
LAB0018996,,,,,,,,,,
LAB0018997,,,,,,,,,,
LAB0018998,,,,,,,,,,
LAB0018999,,,,,,,,,,
LAB0019000,,,,,,,,,,
LAB0019001,,,,,,,,,,
LAB0019002,,,,,,,,,,
LAB0019003,,,,,,,,,,
LAB0019004,,,,,,,,,,
LAB0019005,,,,,,,,,,
LAB0019006,,,,,,,,,,
LAB0019007,,,,,,,,,,
LAB0019008,,,,,,,,,,
LAB0019009,,,,,,,,,,
LAB0019010,,,,,,,,,,
LAB0019011,,,,,,,,,,
LAB0019012,,,,,,,,,,
LAB0019013,,,,,,,,,,
LAB0019014,,,,,,,,,,
LAB0019015,,,,,,,,,,
LAB0019016,,,,,,,,,,
LAB0019017,,,,,,,,,,
LAB0019018,,,,,,,,,,
LAB0019019,,,,,,,,,,
LAB0019020,,,,,,,,,,
LAB0019021,,,,,,,,,,
LAB0019022,,,,,,,,,,
LAB0019023,,,,,,,,,,
LAB0019024,,,,,,,,,,
LAB0019025,,,,,,,,,,
LAB0019026,,,,,,,,,,
LAB0019027,,,,,,,,,,
LAB0019028,,,,,,,,,,
LAB0019029,,,,,,,,,,
LAB0019030,,,,,,,,,,
LAB0019031,,,,,,,,,,
LAB0019032,,,,,,,,,,
LAB0019033,,,,,,,,,,
LAB0019034,,,,,,,,,,
LAB0019035,,,,,,,,,,
LAB0019036,,,,,,,,,,
LAB0019037,,,,,,,,,,
LAB0019038,,,,,,,,,,
LAB0019039,,,,,,,,,,
LAB0019040,,,,,,,,,,
LAB0019041,,,,,,,,,,
LAB0019042,,,,,,,,,,
LAB0019043,,,,,,,,,,
LAB0019044,,,,,,,,,,
LAB0019045,,,,,,,,,,
LAB0019046,,,,,,,,,,
LAB0019047,,,,,,,,,,
LAB0019048,,,,,,,,,,
LAB0019049,,,,,,,,,,
LAB0019050,,,,,,,,,,
LAB0019051,,,,,,,,,,
LAB0019052,,,,,,,,,,
LAB0019053,,,,,,,,,,
LAB0019054,,,,,,,,,,
LAB0019055,,,,,,,,,,
LAB0019056,,,,,,,,,,
LAB0019057,,,,,,,,,,
LAB0019058,,,,,,,,,,
LAB0019059,,,,,,,,,,
LAB0019060,,,,,,,,,,
LAB0019061,,,,,,,,,,
LAB0019062,,,,,,,,,,
LAB0019063,,,,,,,,,,
LAB0019064,,,,,,,,,,
LAB0019065,,,,,,,,,,
LAB0019066,,,,,,,,,,
LAB0019067,,,,,,,,,,
LAB0019068,,,,,,,,,,
LAB0019069,,,,,,,,,,
LAB0019070,,,,,,,,,,
LAB0019071,,,,,,,,,,
LAB0019072,,,,,,,,,,
LAB0019073,,,,,,,,,,
LAB0019074,,,,,,,,,,
LAB0019075,,,,,,,,,,
LAB0019076,,,,,,,,,,
LAB0019077,,,,,,,,,,
LAB0019078,,,,,,,,,,
LAB0019079,,,,,,,,,,
LAB0019080,,,,,,,,,,
LAB0019081,,,,,,,,,,
LAB0019082,,,,,,,,,,
LAB0019083,,,,,,,,,,
LAB0019084,,,,,,,,,,
LAB0019085,,,,,,,,,,
LAB0019086,,,,,,,,,,
LAB0019087,,,,,,,,,,
LAB0019088,,,,,,,,,,
LAB0019089,,,,,,,,,,
LAB0019090,,,,,,,,,,
LAB0019091,,,,,,,,,,
LAB0019092,,,,,,,,,,
LAB0019093,,,,,,,,,,
LAB0019094,,,,,,,,,,
LAB0019095,,,,,,,,,,
LAB0019096,,,,,,,,,,
LAB0019097,,,,,,,,,,
LAB0019098,,,,,,,,,,
LAB0019099,,,,,,,,,,
LAB0019100,,,,,,,,,,
LAB0019101,,,,,,,,,,
LAB0019102,,,,,,,,,,
LAB0019103,,,,,,,,,,
LAB0019104,,,,,,,,,,
LAB0019105,,,,,,,,,,
LAB0019106,,,,,,,,,,
LAB0019107,,,,,,,,,,
LAB0019108,,,,,,,,,,
LAB0019109,,,,,,,,,,
LAB0019110,,,,,,,,,,
LAB0019111,,,,,,,,,,
LAB0019112,,,,,,,,,,
LAB0019113,,,,,,,,,,
LAB0019114,,,,,,,,,,
LAB0019115,,,,,,,,,,
LAB0019116,,,,,,,,,,
LAB0019117,,,,,,,,,,
LAB0019118,,,,,,,,,,
LAB0019119,,,,,,,,,,
LAB0019120,,,,,,,,,,
LAB0019121,,,,,,,,,,
LAB0019122,,,,,,,,,,
LAB0019123,,,,,,,,,,
LAB0019124,,,,,,,,,,
LAB0019125,,,,,,,,,,
LAB0019126,,,,,,,,,,
LAB0019127,,,,,,,,,,
LAB0019128,,,,,,,,,,
LAB0019129,,,,,,,,,,
LAB0019130,,,,,,,,,,
LAB0019131,,,,,,,,,,
LAB0019132,,,,,,,,,,
LAB0019133,,,,,,,,,,
LAB0019134,,,,,,,,,,
LAB0019135,,,,,,,,,,
LAB0019136,,,,,,,,,,
LAB0019137,,,,,,,,,,
LAB0019138,,,,,,,,,,
LAB0019139,,,,,,,,,,
LAB0019140,,,,,,,,,,
LAB0019141,,,,,,,,,,
LAB0019142,,,,,,,,,,
LAB0019143,,,,,,,,,,
LAB0019144,,,,,,,,,,
LAB0019145,,,,,,,,,,
LAB0019146,,,,,,,,,,
LAB0019147,,,,,,,,,,
LAB0019148,,,,,,,,,,
LAB0019149,,,,,,,,,,
LAB0019150,,,,,,,,,,
LAB0019151,,,,,,,,,,
LAB0019152,,,,,,,,,,
LAB0019153,,,,,,,,,,
LAB0019154,,,,,,,,,,
LAB0019155,,,,,,,,,,
LAB0019156,,,,,,,,,,
LAB0019157,,,,,,,,,,
LAB0019158,,,,,,,,,,
LAB0019159,,,,,,,,,,
LAB0019160,,,,,,,,,,
LAB0019161,,,,,,,,,,
LAB0019162,,,,,,,,,,
LAB0019163,,,,,,,,,,
LAB0019164,,,,,,,,,,
LAB0019165,,,,,,,,,,
LAB0019166,,,,,,,,,,
LAB0019167,,,,,,,,,,
LAB0019168,,,,,,,,,,
LAB0019169,,,,,,,,,,
LAB0019170,,,,,,,,,,
LAB0019171,,,,,,,,,,
LAB0019172,,,,,,,,,,
LAB0019173,,,,,,,,,,
LAB0019174,,,,,,,,,,
LAB0019175,,,,,,,,,,
LAB0019176,,,,,,,,,,
LAB0019177,,,,,,,,,,
LAB0019178,,,,,,,,,,
LAB0019179,,,,,,,,,,
LAB0019180,,,,,,,,,,
LAB0019181,,,,,,,,,,
LAB0019182,,,,,,,,,,
LAB0019183,,,,,,,,,,
LAB0019184,,,,,,,,,,
LAB0019185,,,,,,,,,,
LAB0019186,,,,,,,,,,
LAB0019187,,,,,,,,,,
LAB0019188,,,,,,,,,,
LAB0019189,,,,,,,,,,
LAB0019190,,,,,,,,,,
LAB0019191,,,,,,,,,,
LAB0019192,,,,,,,,,,
LAB0019193,,,,,,,,,,
LAB0019194,,,,,,,,,,
LAB0019195,,,,,,,,,,
LAB0019196,,,,,,,,,,
LAB0019197,,,,,,,,,,
LAB0019198,,,,,,,,,,
LAB0019199,,,,,,,,,,
LAB0019200,,,,,,,,,,
LAB0019201,,,,,,,,,,
LAB0019202,,,,,,,,,,
LAB0019203,,,,,,,,,,
LAB0019204,,,,,,,,,,
LAB0019205,,,,,,,,,,
LAB0019206,,,,,,,,,,
LAB0019207,,,,,,,,,,
LAB0019208,,,,,,,,,,
LAB0019209,,,,,,,,,,
LAB0019210,,,,,,,,,,
LAB0019211,,,,,,,,,,
LAB0019212,,,,,,,,,,
LAB0019213,,,,,,,,,,
LAB0019214,,,,,,,,,,
LAB0019215,,,,,,,,,,
LAB0019216,,,,,,,,,,
LAB0019217,,,,,,,,,,
LAB0019218,,,,,,,,,,
LAB0019219,,,,,,,,,,
LAB0019220,,,,,,,,,,
LAB0019221,,,,,,,,,,
LAB0019222,,,,,,,,,,
LAB0019223,,,,,,,,,,
LAB0019224,,,,,,,,,,
LAB0019225,,,,,,,,,,
LAB0019226,,,,,,,,,,
LAB0019227,,,,,,,,,,
LAB0019228,,,,,,,,,,
LAB0019229,,,,,,,,,,
LAB0019230,,,,,,,,,,
LAB0019231,,,,,,,,,,
LAB0019232,,,,,,,,,,
LAB0019233,,,,,,,,,,
LAB0019234,,,,,,,,,,
LAB0019235,,,,,,,,,,
LAB0019236,,,,,,,,,,
LAB0019237,,,,,,,,,,
LAB0019238,,,,,,,,,,
LAB0019239,,,,,,,,,,
LAB0019240,,,,,,,,,,
LAB0019241,,,,,,,,,,
LAB0019242,,,,,,,,,,
LAB0019243,,,,,,,,,,
LAB0019244,,,,,,,,,,
LAB0019245,,,,,,,,,,
LAB0019246,,,,,,,,,,
LAB0019247,,,,,,,,,,
LAB0019248,,,,,,,,,,
LAB0019249,,,,,,,,,,
LAB0019250,,,,,,,,,,
LAB0019251,,,,,,,,,,
LAB0019252,,,,,,,,,,
LAB0019253,,,,,,,,,,
LAB0019254,,,,,,,,,,
LAB0019255,,,,,,,,,,
LAB0019256,,,,,,,,,,
LAB0019257,,,,,,,,,,
LAB0019258,,,,,,,,,,
LAB0019259,,,,,,,,,,
LAB0019260,,,,,,,,,,
LAB0019261,,,,,,,,,,
LAB0019262,,,,,,,,,,
LAB0019263,,,,,,,,,,
LAB0019264,,,,,,,,,,
LAB0019265,,,,,,,,,,
LAB0019266,,,,,,,,,,
LAB0019267,,,,,,,,,,
LAB0019268,,,,,,,,,,
LAB0019269,,,,,,,,,,
LAB0019270,,,,,,,,,,
LAB0019271,,,,,,,,,,
LAB0019272,,,,,,,,,,
LAB0019273,,,,,,,,,,
LAB0019274,,,,,,,,,,
LAB0019275,,,,,,,,,,
LAB0019276,,,,,,,,,,
LAB0019277,,,,,,,,,,
LAB0019278,,,,,,,,,,
LAB0019279,,,,,,,,,,
LAB0019280,,,,,,,,,,
LAB0019281,,,,,,,,,,
LAB0019282,,,,,,,,,,
LAB0019283,,,,,,,,,,
LAB0019284,,,,,,,,,,
LAB0019285,,,,,,,,,,
LAB0019286,,,,,,,,,,
LAB0019287,,,,,,,,,,
LAB0019288,,,,,,,,,,
LAB0019289,,,,,,,,,,
LAB0019290,,,,,,,,,,
LAB0019291,,,,,,,,,,
LAB0019292,,,,,,,,,,
LAB0019293,,,,,,,,,,
LAB0019294,,,,,,,,,,
LAB0019295,,,,,,,,,,
LAB0019296,,,,,,,,,,
LAB0019297,,,,,,,,,,
LAB0019298,,,,,,,,,,
LAB0019299,,,,,,,,,,
LAB0019300,,,,,,,,,,
LAB0019301,,,,,,,,,,
LAB0019302,,,,,,,,,,
LAB0019303,,,,,,,,,,
LAB0019304,,,,,,,,,,
LAB0019305,,,,,,,,,,
LAB0019306,,,,,,,,,,
LAB0019307,,,,,,,,,,
LAB0019308,,,,,,,,,,
LAB0019309,,,,,,,,,,
LAB0019310,,,,,,,,,,
LAB0019311,,,,,,,,,,
LAB0019312,,,,,,,,,,
LAB0019313,,,,,,,,,,
LAB0019314,,,,,,,,,,
LAB0019315,,,,,,,,,,
LAB0019316,,,,,,,,,,
LAB0019317,,,,,,,,,,
LAB0019318,,,,,,,,,,
LAB0019319,,,,,,,,,,
LAB0019320,,,,,,,,,,
LAB0019321,,,,,,,,,,
LAB0019322,,,,,,,,,,
LAB0019323,,,,,,,,,,
LAB0019324,,,,,,,,,,
LAB0019325,,,,,,,,,,
LAB0019326,,,,,,,,,,
LAB0019327,,,,,,,,,,
LAB0019328,,,,,,,,,,
LAB0019329,,,,,,,,,,
LAB0019330,,,,,,,,,,
LAB0019331,,,,,,,,,,
LAB0019332,,,,,,,,,,
LAB0019333,,,,,,,,,,
LAB0019334,,,,,,,,,,
LAB0019335,,,,,,,,,,
LAB0019336,,,,,,,,,,
LAB0019337,,,,,,,,,,
LAB0019338,,,,,,,,,,
LAB0019339,,,,,,,,,,
LAB0019340,,,,,,,,,,
LAB0019341,,,,,,,,,,
LAB0019342,,,,,,,,,,
LAB0019343,,,,,,,,,,
LAB0019344,,,,,,,,,,
LAB0019345,,,,,,,,,,
LAB0019346,,,,,,,,,,
LAB0019347,,,,,,,,,,
LAB0019348,,,,,,,,,,
LAB0019349,,,,,,,,,,
LAB0019350,,,,,,,,,,
LAB0019351,,,,,,,,,,
LAB0019352,,,,,,,,,,
LAB0019353,,,,,,,,,,
LAB0019354,,,,,,,,,,
LAB0019355,,,,,,,,,,
LAB0019356,,,,,,,,,,
LAB0019357,,,,,,,,,,
LAB0019358,,,,,,,,,,
LAB0019359,,,,,,,,,,
LAB0019360,,,,,,,,,,
LAB0019361,,,,,,,,,,
LAB0019362,,,,,,,,,,
LAB0019363,,,,,,,,,,
LAB0019364,,,,,,,,,,
LAB0019365,,,,,,,,,,
LAB0019366,,,,,,,,,,
LAB0019367,,,,,,,,,,
LAB0019368,,,,,,,,,,
LAB0019369,,,,,,,,,,
LAB0019370,,,,,,,,,,
LAB0019371,,,,,,,,,,
LAB0019372,,,,,,,,,,
LAB0019373,,,,,,,,,,
LAB0019374,,,,,,,,,,
LAB0019375,,,,,,,,,,
LAB0019376,,,,,,,,,,
LAB0019377,,,,,,,,,,
LAB0019378,,,,,,,,,,
LAB0019379,,,,,,,,,,
LAB0019380,,,,,,,,,,
LAB0019381,,,,,,,,,,
LAB0019382,,,,,,,,,,
LAB0019383,,,,,,,,,,
LAB0019384,,,,,,,,,,
LAB0019385,,,,,,,,,,
LAB0019386,,,,,,,,,,
LAB0019387,,,,,,,,,,
LAB0019388,,,,,,,,,,
LAB0019389,,,,,,,,,,
LAB0019390,,,,,,,,,,
LAB0019391,,,,,,,,,,
LAB0019392,,,,,,,,,,
LAB0019393,,,,,,,,,,
LAB0019394,,,,,,,,,,
LAB0019395,,,,,,,,,,
LAB0019396,,,,,,,,,,
LAB0019397,,,,,,,,,,
LAB0019398,,,,,,,,,,
LAB0019399,,,,,,,,,,
LAB0019400,,,,,,,,,,
LAB0019401,,,,,,,,,,
LAB0019402,,,,,,,,,,
LAB0019403,,,,,,,,,,
LAB0019404,,,,,,,,,,
LAB0019405,,,,,,,,,,
LAB0019406,,,,,,,,,,
LAB0019407,,,,,,,,,,
LAB0019408,,,,,,,,,,
LAB0019409,,,,,,,,,,
LAB0019410,,,,,,,,,,
LAB0019411,,,,,,,,,,
LAB0019412,,,,,,,,,,
LAB0019413,,,,,,,,,,
LAB0019414,,,,,,,,,,
LAB0019415,,,,,,,,,,
LAB0019416,,,,,,,,,,
LAB0019417,,,,,,,,,,
LAB0019418,,,,,,,,,,
LAB0019419,,,,,,,,,,
LAB0019420,,,,,,,,,,
LAB0019421,,,,,,,,,,
LAB0019422,,,,,,,,,,
LAB0019423,,,,,,,,,,
LAB0019424,,,,,,,,,,
LAB0019425,,,,,,,,,,
LAB0019426,,,,,,,,,,
LAB0019427,,,,,,,,,,
LAB0019428,,,,,,,,,,
LAB0019429,,,,,,,,,,
LAB0019430,,,,,,,,,,
LAB0019431,,,,,,,,,,
LAB0019432,,,,,,,,,,
LAB0019433,,,,,,,,,,
LAB0019434,,,,,,,,,,
LAB0019435,,,,,,,,,,
LAB0019436,,,,,,,,,,
LAB0019437,,,,,,,,,,
LAB0019438,,,,,,,,,,
LAB0019439,,,,,,,,,,
LAB0019440,,,,,,,,,,
LAB0019441,,,,,,,,,,
LAB0019442,,,,,,,,,,
LAB0019443,,,,,,,,,,
LAB0019444,,,,,,,,,,
LAB0019445,,,,,,,,,,
LAB0019446,,,,,,,,,,
LAB0019447,,,,,,,,,,
LAB0019448,,,,,,,,,,
LAB0019449,,,,,,,,,,
LAB0019450,,,,,,,,,,
LAB0019451,,,,,,,,,,
LAB0019452,,,,,,,,,,
LAB0019453,,,,,,,,,,
LAB0019454,,,,,,,,,,
LAB0019455,,,,,,,,,,
LAB0019456,,,,,,,,,,
LAB0019457,,,,,,,,,,
LAB0019458,,,,,,,,,,
LAB0019459,,,,,,,,,,
LAB0019460,,,,,,,,,,
LAB0019461,,,,,,,,,,
LAB0019462,,,,,,,,,,
LAB0019463,,,,,,,,,,
LAB0019464,,,,,,,,,,
LAB0019465,,,,,,,,,,
LAB0019466,,,,,,,,,,
LAB0019467,,,,,,,,,,
LAB0019468,,,,,,,,,,
LAB0019469,,,,,,,,,,
LAB0019470,,,,,,,,,,
LAB0019471,,,,,,,,,,
LAB0019472,,,,,,,,,,
LAB0019473,,,,,,,,,,
LAB0019474,,,,,,,,,,
LAB0019475,,,,,,,,,,
LAB0019476,,,,,,,,,,
LAB0019477,,,,,,,,,,
LAB0019478,,,,,,,,,,
LAB0019479,,,,,,,,,,
LAB0019480,,,,,,,,,,
LAB0019481,,,,,,,,,,
LAB0019482,,,,,,,,,,
LAB0019483,,,,,,,,,,
LAB0019484,,,,,,,,,,
LAB0019485,,,,,,,,,,
LAB0019486,,,,,,,,,,
LAB0019487,,,,,,,,,,
LAB0019488,,,,,,,,,,
LAB0019489,,,,,,,,,,
LAB0019490,,,,,,,,,,
LAB0019491,,,,,,,,,,
LAB0019492,,,,,,,,,,
LAB0019493,,,,,,,,,,
LAB0019494,,,,,,,,,,
LAB0019495,,,,,,,,,,
LAB0019496,,,,,,,,,,
LAB0019497,,,,,,,,,,
LAB0019498,,,,,,,,,,
LAB0019499,,,,,,,,,,
LAB0019500,,,,,,,,,,
LAB0019501,,,,,,,,,,
LAB0019502,,,,,,,,,,
LAB0019503,,,,,,,,,,
LAB0019504,,,,,,,,,,
LAB0019505,,,,,,,,,,
LAB0019506,,,,,,,,,,
LAB0019507,,,,,,,,,,
LAB0019508,,,,,,,,,,
LAB0019509,,,,,,,,,,
LAB0019510,,,,,,,,,,
LAB0019511,,,,,,,,,,
LAB0019512,,,,,,,,,,
LAB0019513,,,,,,,,,,
LAB0019514,,,,,,,,,,
LAB0019515,,,,,,,,,,
LAB0019516,,,,,,,,,,
LAB0019517,,,,,,,,,,
LAB0019518,,,,,,,,,,
LAB0019519,,,,,,,,,,
LAB0019520,,,,,,,,,,
LAB0019521,,,,,,,,,,
LAB0019522,,,,,,,,,,
LAB0019523,,,,,,,,,,
LAB0019524,,,,,,,,,,
LAB0019525,,,,,,,,,,
LAB0019526,,,,,,,,,,
LAB0019527,,,,,,,,,,
LAB0019528,,,,,,,,,,
LAB0019529,,,,,,,,,,
LAB0019530,,,,,,,,,,
LAB0019531,,,,,,,,,,
LAB0019532,,,,,,,,,,
LAB0019533,,,,,,,,,,
LAB0019534,,,,,,,,,,
LAB0019535,,,,,,,,,,
LAB0019536,,,,,,,,,,
LAB0019537,,,,,,,,,,
LAB0019538,,,,,,,,,,
LAB0019539,,,,,,,,,,
LAB0019540,,,,,,,,,,
LAB0019541,,,,,,,,,,
LAB0019542,,,,,,,,,,
LAB0019543,,,,,,,,,,
LAB0019544,,,,,,,,,,
LAB0019545,,,,,,,,,,
LAB0019546,,,,,,,,,,
LAB0019547,,,,,,,,,,
LAB0019548,,,,,,,,,,
LAB0019549,,,,,,,,,,
LAB0019550,,,,,,,,,,
LAB0019551,,,,,,,,,,
LAB0019552,,,,,,,,,,
LAB0019553,,,,,,,,,,
LAB0019554,,,,,,,,,,
LAB0019555,,,,,,,,,,
LAB0019556,,,,,,,,,,
LAB0019557,,,,,,,,,,
LAB0019558,,,,,,,,,,
LAB0019559,,,,,,,,,,
LAB0019560,,,,,,,,,,
LAB0019561,,,,,,,,,,
LAB0019562,,,,,,,,,,
LAB0019563,,,,,,,,,,
LAB0019564,,,,,,,,,,
LAB0019565,,,,,,,,,,
LAB0019566,,,,,,,,,,
LAB0019567,,,,,,,,,,
LAB0019568,,,,,,,,,,
LAB0019569,,,,,,,,,,
LAB0019570,,,,,,,,,,
LAB0019571,,,,,,,,,,
LAB0019572,,,,,,,,,,
LAB0019573,,,,,,,,,,
LAB0019574,,,,,,,,,,
LAB0019575,,,,,,,,,,
LAB0019576,,,,,,,,,,
LAB0019577,,,,,,,,,,
LAB0019578,,,,,,,,,,
LAB0019579,,,,,,,,,,
LAB0019580,,,,,,,,,,
LAB0019581,,,,,,,,,,
LAB0019582,,,,,,,,,,
LAB0019583,,,,,,,,,,
LAB0019584,,,,,,,,,,
LAB0019585,,,,,,,,,,
LAB0019586,,,,,,,,,,
LAB0019587,,,,,,,,,,
LAB0019588,,,,,,,,,,
LAB0019589,,,,,,,,,,
LAB0019590,,,,,,,,,,
LAB0019591,,,,,,,,,,
LAB0019592,,,,,,,,,,
LAB0019593,,,,,,,,,,
LAB0019594,,,,,,,,,,
LAB0019595,,,,,,,,,,
LAB0019596,,,,,,,,,,
LAB0019597,,,,,,,,,,
LAB0019598,,,,,,,,,,
LAB0019599,,,,,,,,,,
LAB0019600,,,,,,,,,,
LAB0019601,,,,,,,,,,
LAB0019602,,,,,,,,,,
LAB0019603,,,,,,,,,,
LAB0019604,,,,,,,,,,
LAB0019605,,,,,,,,,,
LAB0019606,,,,,,,,,,
LAB0019607,,,,,,,,,,
LAB0019608,,,,,,,,,,
LAB0019609,,,,,,,,,,
LAB0019610,,,,,,,,,,
LAB0019611,,,,,,,,,,
LAB0019612,,,,,,,,,,
LAB0019613,,,,,,,,,,
LAB0019614,,,,,,,,,,
LAB0019615,,,,,,,,,,
LAB0019616,,,,,,,,,,
LAB0019617,,,,,,,,,,
LAB0019618,,,,,,,,,,
LAB0019619,,,,,,,,,,
LAB0019620,,,,,,,,,,
LAB0019621,,,,,,,,,,
LAB0019622,,,,,,,,,,
LAB0019623,,,,,,,,,,
LAB0019624,,,,,,,,,,
LAB0019625,,,,,,,,,,
LAB0019626,,,,,,,,,,
LAB0019627,,,,,,,,,,
LAB0019628,,,,,,,,,,
LAB0019629,,,,,,,,,,
LAB0019630,,,,,,,,,,
LAB0019631,,,,,,,,,,
LAB0019632,,,,,,,,,,
LAB0019633,,,,,,,,,,
LAB0019634,,,,,,,,,,
LAB0019635,,,,,,,,,,
LAB0019636,,,,,,,,,,
LAB0019637,,,,,,,,,,
LAB0019638,,,,,,,,,,
LAB0019639,,,,,,,,,,
LAB0019640,,,,,,,,,,
LAB0019641,,,,,,,,,,
LAB0019642,,,,,,,,,,
LAB0019643,,,,,,,,,,
LAB0019644,,,,,,,,,,
LAB0019645,,,,,,,,,,
LAB0019646,,,,,,,,,,
LAB0019647,,,,,,,,,,
LAB0019648,,,,,,,,,,
LAB0019649,,,,,,,,,,
LAB0019650,,,,,,,,,,
LAB0019651,,,,,,,,,,
LAB0019652,,,,,,,,,,
LAB0019653,,,,,,,,,,
LAB0019654,,,,,,,,,,
LAB0019655,,,,,,,,,,
LAB0019656,,,,,,,,,,
LAB0019657,,,,,,,,,,
LAB0019658,,,,,,,,,,
LAB0019659,,,,,,,,,,
LAB0019660,,,,,,,,,,
LAB0019661,,,,,,,,,,
LAB0019662,,,,,,,,,,
LAB0019663,,,,,,,,,,
LAB0019664,,,,,,,,,,
LAB0019665,,,,,,,,,,
LAB0019666,,,,,,,,,,
LAB0019667,,,,,,,,,,
LAB0019668,,,,,,,,,,
LAB0019669,,,,,,,,,,
LAB0019670,,,,,,,,,,
LAB0019671,,,,,,,,,,
LAB0019672,,,,,,,,,,
LAB0019673,,,,,,,,,,
LAB0019674,,,,,,,,,,
LAB0019675,,,,,,,,,,
LAB0019676,,,,,,,,,,
LAB0019677,,,,,,,,,,
LAB0019678,,,,,,,,,,
LAB0019679,,,,,,,,,,
LAB0019680,,,,,,,,,,
LAB0019681,,,,,,,,,,
LAB0019682,,,,,,,,,,
LAB0019683,,,,,,,,,,
LAB0019684,,,,,,,,,,
LAB0019685,,,,,,,,,,
LAB0019686,,,,,,,,,,
LAB0019687,,,,,,,,,,
LAB0019688,,,,,,,,,,
LAB0019689,,,,,,,,,,
LAB0019690,,,,,,,,,,
LAB0019691,,,,,,,,,,
LAB0019692,,,,,,,,,,
LAB0019693,,,,,,,,,,
LAB0019694,,,,,,,,,,
LAB0019695,,,,,,,,,,
LAB0019696,,,,,,,,,,
LAB0019697,,,,,,,,,,
LAB0019698,,,,,,,,,,
LAB0019699,,,,,,,,,,
LAB0019700,,,,,,,,,,
LAB0019701,,,,,,,,,,
LAB0019702,,,,,,,,,,
LAB0019703,,,,,,,,,,
LAB0019704,,,,,,,,,,
LAB0019705,,,,,,,,,,
LAB0019706,,,,,,,,,,
LAB0019707,,,,,,,,,,
LAB0019708,,,,,,,,,,
LAB0019709,,,,,,,,,,
LAB0019710,,,,,,,,,,
LAB0019711,,,,,,,,,,
LAB0019712,,,,,,,,,,
LAB0019713,,,,,,,,,,
LAB0019714,,,,,,,,,,
LAB0019715,,,,,,,,,,
LAB0019716,,,,,,,,,,
LAB0019717,,,,,,,,,,
LAB0019718,,,,,,,,,,
LAB0019719,,,,,,,,,,
LAB0019720,,,,,,,,,,
LAB0019721,,,,,,,,,,
LAB0019722,,,,,,,,,,
LAB0019723,,,,,,,,,,
LAB0019724,,,,,,,,,,
LAB0019725,,,,,,,,,,
LAB0019726,,,,,,,,,,
LAB0019727,,,,,,,,,,
LAB0019728,,,,,,,,,,
LAB0019729,,,,,,,,,,
LAB0019730,,,,,,,,,,
LAB0019731,,,,,,,,,,
LAB0019732,,,,,,,,,,
LAB0019733,,,,,,,,,,
LAB0019734,,,,,,,,,,
LAB0019735,,,,,,,,,,
LAB0019736,,,,,,,,,,
LAB0019737,,,,,,,,,,
LAB0019738,,,,,,,,,,
LAB0019739,,,,,,,,,,
LAB0019740,,,,,,,,,,
LAB0019741,,,,,,,,,,
LAB0019742,,,,,,,,,,
LAB0019743,,,,,,,,,,
LAB0019744,,,,,,,,,,
LAB0019745,,,,,,,,,,
LAB0019746,,,,,,,,,,
LAB0019747,,,,,,,,,,
LAB0019748,,,,,,,,,,
LAB0019749,,,,,,,,,,
LAB0019750,,,,,,,,,,
LAB0019751,,,,,,,,,,
LAB0019752,,,,,,,,,,
LAB0019753,,,,,,,,,,
LAB0019754,,,,,,,,,,
LAB0019755,,,,,,,,,,
LAB0019756,,,,,,,,,,
LAB0019757,,,,,,,,,,
LAB0019758,,,,,,,,,,
LAB0019759,,,,,,,,,,
LAB0019760,,,,,,,,,,
LAB0019761,,,,,,,,,,
LAB0019762,,,,,,,,,,
LAB0019763,,,,,,,,,,
LAB0019764,,,,,,,,,,
LAB0019765,,,,,,,,,,
LAB0019766,,,,,,,,,,
LAB0019767,,,,,,,,,,
LAB0019768,,,,,,,,,,
LAB0019769,,,,,,,,,,
LAB0019770,,,,,,,,,,
LAB0019771,,,,,,,,,,
LAB0019772,,,,,,,,,,
LAB0019773,,,,,,,,,,
LAB0019774,,,,,,,,,,
LAB0019775,,,,,,,,,,
LAB0019776,,,,,,,,,,
LAB0019777,,,,,,,,,,
LAB0019778,,,,,,,,,,
LAB0019779,,,,,,,,,,
LAB0019780,,,,,,,,,,
LAB0019781,,,,,,,,,,
LAB0019782,,,,,,,,,,
LAB0019783,,,,,,,,,,
LAB0019784,,,,,,,,,,
LAB0019785,,,,,,,,,,
LAB0019786,,,,,,,,,,
LAB0019787,,,,,,,,,,
LAB0019788,,,,,,,,,,
LAB0019789,,,,,,,,,,
LAB0019790,,,,,,,,,,
LAB0019791,,,,,,,,,,
LAB0019792,,,,,,,,,,
LAB0019793,,,,,,,,,,
LAB0019794,,,,,,,,,,
LAB0019795,,,,,,,,,,
LAB0019796,,,,,,,,,,
LAB0019797,,,,,,,,,,
LAB0019798,,,,,,,,,,
LAB0019799,,,,,,,,,,
LAB0019800,,,,,,,,,,
LAB0019801,,,,,,,,,,
LAB0019802,,,,,,,,,,
LAB0019803,,,,,,,,,,
LAB0019804,,,,,,,,,,
LAB0019805,,,,,,,,,,
LAB0019806,,,,,,,,,,
LAB0019807,,,,,,,,,,
LAB0019808,,,,,,,,,,
LAB0019809,,,,,,,,,,
LAB0019810,,,,,,,,,,
LAB0019811,,,,,,,,,,
LAB0019812,,,,,,,,,,
LAB0019813,,,,,,,,,,
LAB0019814,,,,,,,,,,
LAB0019815,,,,,,,,,,
LAB0019816,,,,,,,,,,
LAB0019817,,,,,,,,,,
LAB0019818,,,,,,,,,,
LAB0019819,,,,,,,,,,
LAB0019820,,,,,,,,,,
LAB0019821,,,,,,,,,,
LAB0019822,,,,,,,,,,
LAB0019823,,,,,,,,,,
LAB0019824,,,,,,,,,,
LAB0019825,,,,,,,,,,
LAB0019826,,,,,,,,,,
LAB0019827,,,,,,,,,,
LAB0019828,,,,,,,,,,
LAB0019829,,,,,,,,,,
LAB0019830,,,,,,,,,,
LAB0019831,,,,,,,,,,
LAB0019832,,,,,,,,,,
LAB0019833,,,,,,,,,,
LAB0019834,,,,,,,,,,
LAB0019835,,,,,,,,,,
LAB0019836,,,,,,,,,,
LAB0019837,,,,,,,,,,
LAB0019838,,,,,,,,,,
LAB0019839,,,,,,,,,,
LAB0019840,,,,,,,,,,
LAB0019841,,,,,,,,,,
LAB0019842,,,,,,,,,,
LAB0019843,,,,,,,,,,
LAB0019844,,,,,,,,,,
LAB0019845,,,,,,,,,,
LAB0019846,,,,,,,,,,
LAB0019847,,,,,,,,,,
LAB0019848,,,,,,,,,,
LAB0019849,,,,,,,,,,
LAB0019850,,,,,,,,,,
LAB0019851,,,,,,,,,,
LAB0019852,,,,,,,,,,
LAB0019853,,,,,,,,,,
LAB0019854,,,,,,,,,,
LAB0019855,,,,,,,,,,
LAB0019856,,,,,,,,,,
LAB0019857,,,,,,,,,,
LAB0019858,,,,,,,,,,
LAB0019859,,,,,,,,,,
LAB0019860,,,,,,,,,,
LAB0019861,,,,,,,,,,
LAB0019862,,,,,,,,,,
LAB0019863,,,,,,,,,,
LAB0019864,,,,,,,,,,
LAB0019865,,,,,,,,,,
LAB0019866,,,,,,,,,,
LAB0019867,,,,,,,,,,
LAB0019868,,,,,,,,,,
LAB0019869,,,,,,,,,,
LAB0019870,,,,,,,,,,
LAB0019871,,,,,,,,,,
LAB0019872,,,,,,,,,,
LAB0019873,,,,,,,,,,
LAB0019874,,,,,,,,,,
LAB0019875,,,,,,,,,,
LAB0019876,,,,,,,,,,
LAB0019877,,,,,,,,,,
LAB0019878,,,,,,,,,,
LAB0019879,,,,,,,,,,
LAB0019880,,,,,,,,,,
LAB0019881,,,,,,,,,,
LAB0019882,,,,,,,,,,
LAB0019883,,,,,,,,,,
LAB0019884,,,,,,,,,,
LAB0019885,,,,,,,,,,
LAB0019886,,,,,,,,,,
LAB0019887,,,,,,,,,,
LAB0019888,,,,,,,,,,
LAB0019889,,,,,,,,,,
LAB0019890,,,,,,,,,,
LAB0019891,,,,,,,,,,
LAB0019892,,,,,,,,,,
LAB0019893,,,,,,,,,,
LAB0019894,,,,,,,,,,
LAB0019895,,,,,,,,,,
LAB0019896,,,,,,,,,,
LAB0019897,,,,,,,,,,
LAB0019898,,,,,,,,,,
LAB0019899,,,,,,,,,,
LAB0019900,,,,,,,,,,
LAB0019901,,,,,,,,,,
LAB0019902,,,,,,,,,,
LAB0019903,,,,,,,,,,
LAB0019904,,,,,,,,,,
LAB0019905,,,,,,,,,,
LAB0019906,,,,,,,,,,
LAB0019907,,,,,,,,,,
LAB0019908,,,,,,,,,,
LAB0019909,,,,,,,,,,
LAB0019910,,,,,,,,,,
LAB0019911,,,,,,,,,,
LAB0019912,,,,,,,,,,
LAB0019913,,,,,,,,,,
LAB0019914,,,,,,,,,,
LAB0019915,,,,,,,,,,
LAB0019916,,,,,,,,,,
LAB0019917,,,,,,,,,,
LAB0019918,,,,,,,,,,
LAB0019919,,,,,,,,,,
LAB0019920,,,,,,,,,,
LAB0019921,,,,,,,,,,
LAB0019922,,,,,,,,,,
LAB0019923,,,,,,,,,,
LAB0019924,,,,,,,,,,
LAB0019925,,,,,,,,,,
LAB0019926,,,,,,,,,,
LAB0019927,,,,,,,,,,
LAB0019928,,,,,,,,,,
LAB0019929,,,,,,,,,,
LAB0019930,,,,,,,,,,
LAB0019931,,,,,,,,,,
LAB0019932,,,,,,,,,,
LAB0019933,,,,,,,,,,
LAB0019934,,,,,,,,,,
LAB0019935,,,,,,,,,,
LAB0019936,,,,,,,,,,
LAB0019937,,,,,,,,,,
LAB0019938,,,,,,,,,,
LAB0019939,,,,,,,,,,
LAB0019940,,,,,,,,,,
LAB0019941,,,,,,,,,,
LAB0019942,,,,,,,,,,
LAB0019943,,,,,,,,,,
LAB0019944,,,,,,,,,,
LAB0019945,,,,,,,,,,
LAB0019946,,,,,,,,,,
LAB0019947,,,,,,,,,,
LAB0019948,,,,,,,,,,
LAB0019949,,,,,,,,,,
LAB0019950,,,,,,,,,,
LAB0019951,,,,,,,,,,
LAB0019952,,,,,,,,,,
LAB0019953,,,,,,,,,,
LAB0019954,,,,,,,,,,
LAB0019955,,,,,,,,,,
LAB0019956,,,,,,,,,,
LAB0019957,,,,,,,,,,
LAB0019958,,,,,,,,,,
LAB0019959,,,,,,,,,,
LAB0019960,,,,,,,,,,
LAB0019961,,,,,,,,,,
LAB0019962,,,,,,,,,,
LAB0019963,,,,,,,,,,
LAB0019964,,,,,,,,,,
LAB0019965,,,,,,,,,,
LAB0019966,,,,,,,,,,
LAB0019967,,,,,,,,,,
LAB0019968,,,,,,,,,,
LAB0019969,,,,,,,,,,
LAB0019970,,,,,,,,,,
LAB0019971,,,,,,,,,,
LAB0019972,,,,,,,,,,
LAB0019973,,,,,,,,,,
LAB0019974,,,,,,,,,,
LAB0019975,,,,,,,,,,
LAB0019976,,,,,,,,,,
LAB0019977,,,,,,,,,,
LAB0019978,,,,,,,,,,
LAB0019979,,,,,,,,,,
LAB0019980,,,,,,,,,,
LAB0019981,,,,,,,,,,
LAB0019982,,,,,,,,,,
LAB0019983,,,,,,,,,,
LAB0019984,,,,,,,,,,
LAB0019985,,,,,,,,,,
LAB0019986,,,,,,,,,,
LAB0019987,,,,,,,,,,
LAB0019988,,,,,,,,,,
LAB0019989,,,,,,,,,,
LAB0019990,,,,,,,,,,
LAB0019991,,,,,,,,,,
LAB0019992,,,,,,,,,,
LAB0019993,,,,,,,,,,
LAB0019994,,,,,,,,,,
LAB0019995,,,,,,,,,,
LAB0019996,,,,,,,,,,
LAB0019997,,,,,,,,,,
LAB0019998,,,,,,,,,,
LAB0019999,,,,,,,,,,
LAB0020000,,,,,,,,,,
LAB0020001,,,,,,,,,,
LAB0020002,,,,,,,,,,
LAB0020003,,,,,,,,,,
LAB0020004,,,,,,,,,,
LAB0020005,,,,,,,,,,
LAB0020006,,,,,,,,,,
LAB0020007,,,,,,,,,,
LAB0020008,,,,,,,,,,
LAB0020009,,,,,,,,,,
LAB0020010,,,,,,,,,,
LAB0020011,,,,,,,,,,
LAB0020012,,,,,,,,,,
LAB0020013,,,,,,,,,,
LAB0020014,,,,,,,,,,
LAB0020015,,,,,,,,,,
LAB0020016,,,,,,,,,,
LAB0020017,,,,,,,,,,
LAB0020018,,,,,,,,,,
LAB0020019,,,,,,,,,,
LAB0020020,,,,,,,,,,
LAB0020021,,,,,,,,,,
LAB0020022,,,,,,,,,,
LAB0020023,,,,,,,,,,
LAB0020024,,,,,,,,,,
LAB0020025,,,,,,,,,,
LAB0020026,,,,,,,,,,
LAB0020027,,,,,,,,,,
LAB0020028,,,,,,,,,,
LAB0020029,,,,,,,,,,
LAB0020030,,,,,,,,,,
LAB0020031,,,,,,,,,,
LAB0020032,,,,,,,,,,
LAB0020033,,,,,,,,,,
LAB0020034,,,,,,,,,,
LAB0020035,,,,,,,,,,
LAB0020036,,,,,,,,,,
LAB0020037,,,,,,,,,,
LAB0020038,,,,,,,,,,
LAB0020039,,,,,,,,,,
LAB0020040,,,,,,,,,,
LAB0020041,,,,,,,,,,
LAB0020042,,,,,,,,,,
LAB0020043,,,,,,,,,,
LAB0020044,,,,,,,,,,
LAB0020045,,,,,,,,,,
LAB0020046,,,,,,,,,,
LAB0020047,,,,,,,,,,
LAB0020048,,,,,,,,,,
LAB0020049,,,,,,,,,,
LAB0020050,,,,,,,,,,
LAB0020051,,,,,,,,,,
LAB0020052,,,,,,,,,,
LAB0020053,,,,,,,,,,
LAB0020054,,,,,,,,,,
LAB0020055,,,,,,,,,,
LAB0020056,,,,,,,,,,
LAB0020057,,,,,,,,,,
LAB0020058,,,,,,,,,,
LAB0020059,,,,,,,,,,
LAB0020060,,,,,,,,,,
LAB0020061,,,,,,,,,,
LAB0020062,,,,,,,,,,
LAB0020063,,,,,,,,,,
LAB0020064,,,,,,,,,,
LAB0020065,,,,,,,,,,
LAB0020066,,,,,,,,,,
LAB0020067,,,,,,,,,,
LAB0020068,,,,,,,,,,
LAB0020069,,,,,,,,,,
LAB0020070,,,,,,,,,,
LAB0020071,,,,,,,,,,
LAB0020072,,,,,,,,,,
LAB0020073,,,,,,,,,,
LAB0020074,,,,,,,,,,
LAB0020075,,,,,,,,,,
LAB0020076,,,,,,,,,,
LAB0020077,,,,,,,,,,
LAB0020078,,,,,,,,,,
LAB0020079,,,,,,,,,,
LAB0020080,,,,,,,,,,
LAB0020081,,,,,,,,,,
LAB0020082,,,,,,,,,,
LAB0020083,,,,,,,,,,
LAB0020084,,,,,,,,,,
LAB0020085,,,,,,,,,,
LAB0020086,,,,,,,,,,
LAB0020087,,,,,,,,,,
LAB0020088,,,,,,,,,,
LAB0020089,,,,,,,,,,
LAB0020090,,,,,,,,,,
LAB0020091,,,,,,,,,,
LAB0020092,,,,,,,,,,
LAB0020093,,,,,,,,,,
LAB0020094,,,,,,,,,,
LAB0020095,,,,,,,,,,
LAB0020096,,,,,,,,,,
LAB0020097,,,,,,,,,,
LAB0020098,,,,,,,,,,
LAB0020099,,,,,,,,,,
LAB0020100,,,,,,,,,,
LAB0020101,,,,,,,,,,
LAB0020102,,,,,,,,,,
LAB0020103,,,,,,,,,,
LAB0020104,,,,,,,,,,
LAB0020105,,,,,,,,,,
LAB0020106,,,,,,,,,,
LAB0020107,,,,,,,,,,
LAB0020108,,,,,,,,,,
LAB0020109,,,,,,,,,,
LAB0020110,,,,,,,,,,
LAB0020111,,,,,,,,,,
LAB0020112,,,,,,,,,,
LAB0020113,,,,,,,,,,
LAB0020114,,,,,,,,,,
LAB0020115,,,,,,,,,,
LAB0020116,,,,,,,,,,
LAB0020117,,,,,,,,,,
LAB0020118,,,,,,,,,,
LAB0020119,,,,,,,,,,
LAB0020120,,,,,,,,,,
LAB0020121,,,,,,,,,,
LAB0020122,,,,,,,,,,
LAB0020123,,,,,,,,,,
LAB0020124,,,,,,,,,,
LAB0020125,,,,,,,,,,
LAB0020126,,,,,,,,,,
LAB0020127,,,,,,,,,,
LAB0020128,,,,,,,,,,
LAB0020129,,,,,,,,,,
LAB0020130,,,,,,,,,,
LAB0020131,,,,,,,,,,
LAB0020132,,,,,,,,,,
LAB0020133,,,,,,,,,,
LAB0020134,,,,,,,,,,
LAB0020135,,,,,,,,,,
LAB0020136,,,,,,,,,,
LAB0020137,,,,,,,,,,
LAB0020138,,,,,,,,,,
LAB0020139,,,,,,,,,,
LAB0020140,,,,,,,,,,
LAB0020141,,,,,,,,,,
LAB0020142,,,,,,,,,,
LAB0020143,,,,,,,,,,
LAB0020144,,,,,,,,,,
LAB0020145,,,,,,,,,,
LAB0020146,,,,,,,,,,
LAB0020147,,,,,,,,,,
LAB0020148,,,,,,,,,,
LAB0020149,,,,,,,,,,
LAB0020150,,,,,,,,,,
LAB0020151,,,,,,,,,,
LAB0020152,,,,,,,,,,
LAB0020153,,,,,,,,,,
LAB0020154,,,,,,,,,,
LAB0020155,,,,,,,,,,
LAB0020156,,,,,,,,,,
LAB0020157,,,,,,,,,,
LAB0020158,,,,,,,,,,
LAB0020159,,,,,,,,,,
LAB0020160,,,,,,,,,,
LAB0020161,,,,,,,,,,
LAB0020162,,,,,,,,,,
LAB0020163,,,,,,,,,,
LAB0020164,,,,,,,,,,
LAB0020165,,,,,,,,,,
LAB0020166,,,,,,,,,,
LAB0020167,,,,,,,,,,
LAB0020168,,,,,,,,,,
LAB0020169,,,,,,,,,,
LAB0020170,,,,,,,,,,
LAB0020171,,,,,,,,,,
LAB0020172,,,,,,,,,,
LAB0020173,,,,,,,,,,
LAB0020174,,,,,,,,,,
LAB0020175,,,,,,,,,,
LAB0020176,,,,,,,,,,
LAB0020177,,,,,,,,,,
LAB0020178,,,,,,,,,,
LAB0020179,,,,,,,,,,
LAB0020180,,,,,,,,,,
LAB0020181,,,,,,,,,,
LAB0020182,,,,,,,,,,
LAB0020183,,,,,,,,,,
LAB0020184,,,,,,,,,,
LAB0020185,,,,,,,,,,
LAB0020186,,,,,,,,,,
LAB0020187,,,,,,,,,,
LAB0020188,,,,,,,,,,
LAB0020189,,,,,,,,,,
LAB0020190,,,,,,,,,,
LAB0020191,,,,,,,,,,
LAB0020192,,,,,,,,,,
LAB0020193,,,,,,,,,,
LAB0020194,,,,,,,,,,
LAB0020195,,,,,,,,,,
LAB0020196,,,,,,,,,,
LAB0020197,,,,,,,,,,
LAB0020198,,,,,,,,,,
LAB0020199,,,,,,,,,,
LAB0020200,,,,,,,,,,
LAB0020201,,,,,,,,,,
LAB0020202,,,,,,,,,,
LAB0020203,,,,,,,,,,
LAB0020204,,,,,,,,,,
LAB0020205,,,,,,,,,,
LAB0020206,,,,,,,,,,
LAB0020207,,,,,,,,,,
LAB0020208,,,,,,,,,,
LAB0020209,,,,,,,,,,
LAB0020210,,,,,,,,,,
LAB0020211,,,,,,,,,,
LAB0020212,,,,,,,,,,
LAB0020213,,,,,,,,,,
LAB0020214,,,,,,,,,,
LAB0020215,,,,,,,,,,
LAB0020216,,,,,,,,,,
LAB0020217,,,,,,,,,,
LAB0020218,,,,,,,,,,
LAB0020219,,,,,,,,,,
LAB0020220,,,,,,,,,,
LAB0020221,,,,,,,,,,
LAB0020222,,,,,,,,,,
LAB0020223,,,,,,,,,,
LAB0020224,,,,,,,,,,
LAB0020225,,,,,,,,,,
LAB0020226,,,,,,,,,,
LAB0020227,,,,,,,,,,
LAB0020228,,,,,,,,,,
LAB0020229,,,,,,,,,,
LAB0020230,,,,,,,,,,
LAB0020231,,,,,,,,,,
LAB0020232,,,,,,,,,,
LAB0020233,,,,,,,,,,
LAB0020234,,,,,,,,,,
LAB0020235,,,,,,,,,,
LAB0020236,,,,,,,,,,
LAB0020237,,,,,,,,,,
LAB0020238,,,,,,,,,,
LAB0020239,,,,,,,,,,
LAB0020240,,,,,,,,,,
LAB0020241,,,,,,,,,,
LAB0020242,,,,,,,,,,
LAB0020243,,,,,,,,,,
LAB0020244,,,,,,,,,,
LAB0020245,,,,,,,,,,
LAB0020246,,,,,,,,,,
LAB0020247,,,,,,,,,,
LAB0020248,,,,,,,,,,
LAB0020249,,,,,,,,,,
LAB0020250,,,,,,,,,,
LAB0020251,,,,,,,,,,
LAB0020252,,,,,,,,,,
LAB0020253,,,,,,,,,,
LAB0020254,,,,,,,,,,
LAB0020255,,,,,,,,,,
LAB0020256,,,,,,,,,,
LAB0020257,,,,,,,,,,
LAB0020258,,,,,,,,,,
LAB0020259,,,,,,,,,,
LAB0020260,,,,,,,,,,
LAB0020261,,,,,,,,,,
LAB0020262,,,,,,,,,,
LAB0020263,,,,,,,,,,
LAB0020264,,,,,,,,,,
LAB0020265,,,,,,,,,,
LAB0020266,,,,,,,,,,
LAB0020267,,,,,,,,,,
LAB0020268,,,,,,,,,,
LAB0020269,,,,,,,,,,
LAB0020270,,,,,,,,,,
LAB0020271,,,,,,,,,,
LAB0020272,,,,,,,,,,
LAB0020273,,,,,,,,,,
LAB0020274,,,,,,,,,,
LAB0020275,,,,,,,,,,
LAB0020276,,,,,,,,,,
LAB0020277,,,,,,,,,,
LAB0020278,,,,,,,,,,
LAB0020279,,,,,,,,,,
LAB0020280,,,,,,,,,,
LAB0020281,,,,,,,,,,
LAB0020282,,,,,,,,,,
LAB0020283,,,,,,,,,,
LAB0020284,,,,,,,,,,
LAB0020285,,,,,,,,,,
LAB0020286,,,,,,,,,,
LAB0020287,,,,,,,,,,
LAB0020288,,,,,,,,,,
LAB0020289,,,,,,,,,,
LAB0020290,,,,,,,,,,
LAB0020291,,,,,,,,,,
LAB0020292,,,,,,,,,,
LAB0020293,,,,,,,,,,
LAB0020294,,,,,,,,,,
LAB0020295,,,,,,,,,,
LAB0020296,,,,,,,,,,
LAB0020297,,,,,,,,,,
LAB0020298,,,,,,,,,,
LAB0020299,,,,,,,,,,
LAB0020300,,,,,,,,,,
LAB0020301,,,,,,,,,,
LAB0020302,,,,,,,,,,
LAB0020303,,,,,,,,,,
LAB0020304,,,,,,,,,,
LAB0020305,,,,,,,,,,
LAB0020306,,,,,,,,,,
LAB0020307,,,,,,,,,,
LAB0020308,,,,,,,,,,
LAB0020309,,,,,,,,,,
LAB0020310,,,,,,,,,,
LAB0020311,,,,,,,,,,
LAB0020312,,,,,,,,,,
LAB0020313,,,,,,,,,,
LAB0020314,,,,,,,,,,
LAB0020315,,,,,,,,,,
LAB0020316,,,,,,,,,,
LAB0020317,,,,,,,,,,
LAB0020318,,,,,,,,,,
LAB0020319,,,,,,,,,,
LAB0020320,,,,,,,,,,
LAB0020321,,,,,,,,,,
LAB0020322,,,,,,,,,,
LAB0020323,,,,,,,,,,
LAB0020324,,,,,,,,,,
LAB0020325,,,,,,,,,,
LAB0020326,,,,,,,,,,
LAB0020327,,,,,,,,,,
LAB0020328,,,,,,,,,,
LAB0020329,,,,,,,,,,
LAB0020330,,,,,,,,,,
LAB0020331,,,,,,,,,,
LAB0020332,,,,,,,,,,
LAB0020333,,,,,,,,,,
LAB0020334,,,,,,,,,,
LAB0020335,,,,,,,,,,
LAB0020336,,,,,,,,,,
LAB0020337,,,,,,,,,,
LAB0020338,,,,,,,,,,
LAB0020339,,,,,,,,,,
LAB0020340,,,,,,,,,,
LAB0020341,,,,,,,,,,
LAB0020342,,,,,,,,,,
LAB0020343,,,,,,,,,,
LAB0020344,,,,,,,,,,
LAB0020345,,,,,,,,,,
LAB0020346,,,,,,,,,,
LAB0020347,,,,,,,,,,
LAB0020348,,,,,,,,,,
LAB0020349,,,,,,,,,,
LAB0020350,,,,,,,,,,
LAB0020351,,,,,,,,,,
LAB0020352,,,,,,,,,,
LAB0020353,,,,,,,,,,
LAB0020354,,,,,,,,,,
LAB0020355,,,,,,,,,,
LAB0020356,,,,,,,,,,
LAB0020357,,,,,,,,,,
LAB0020358,,,,,,,,,,
LAB0020359,,,,,,,,,,
LAB0020360,,,,,,,,,,
LAB0020361,,,,,,,,,,
LAB0020362,,,,,,,,,,
LAB0020363,,,,,,,,,,
LAB0020364,,,,,,,,,,
LAB0020365,,,,,,,,,,
LAB0020366,,,,,,,,,,
LAB0020367,,,,,,,,,,
LAB0020368,,,,,,,,,,
LAB0020369,,,,,,,,,,
LAB0020370,,,,,,,,,,
LAB0020371,,,,,,,,,,
LAB0020372,,,,,,,,,,
LAB0020373,,,,,,,,,,
LAB0020374,,,,,,,,,,
LAB0020375,,,,,,,,,,
LAB0020376,,,,,,,,,,
LAB0020377,,,,,,,,,,
LAB0020378,,,,,,,,,,
LAB0020379,,,,,,,,,,
LAB0020380,,,,,,,,,,
LAB0020381,,,,,,,,,,
LAB0020382,,,,,,,,,,
LAB0020383,,,,,,,,,,
LAB0020384,,,,,,,,,,
LAB0020385,,,,,,,,,,
LAB0020386,,,,,,,,,,
LAB0020387,,,,,,,,,,
LAB0020388,,,,,,,,,,
LAB0020389,,,,,,,,,,
LAB0020390,,,,,,,,,,
LAB0020391,,,,,,,,,,
LAB0020392,,,,,,,,,,
LAB0020393,,,,,,,,,,
LAB0020394,,,,,,,,,,
LAB0020395,,,,,,,,,,
LAB0020396,,,,,,,,,,
LAB0020397,,,,,,,,,,
LAB0020398,,,,,,,,,,
LAB0020399,,,,,,,,,,
LAB0020400,,,,,,,,,,
LAB0020401,,,,,,,,,,
LAB0020402,,,,,,,,,,
LAB0020403,,,,,,,,,,
LAB0020404,,,,,,,,,,
LAB0020405,,,,,,,,,,
LAB0020406,,,,,,,,,,
LAB0020407,,,,,,,,,,
LAB0020408,,,,,,,,,,
LAB0020409,,,,,,,,,,
LAB0020410,,,,,,,,,,
LAB0020411,,,,,,,,,,
LAB0020412,,,,,,,,,,
LAB0020413,,,,,,,,,,
LAB0020414,,,,,,,,,,
LAB0020415,,,,,,,,,,
LAB0020416,,,,,,,,,,
LAB0020417,,,,,,,,,,
LAB0020418,,,,,,,,,,
LAB0020419,,,,,,,,,,
LAB0020420,,,,,,,,,,
LAB0020421,,,,,,,,,,
LAB0020422,,,,,,,,,,
LAB0020423,,,,,,,,,,
LAB0020424,,,,,,,,,,
LAB0020425,,,,,,,,,,
LAB0020426,,,,,,,,,,
LAB0020427,,,,,,,,,,
LAB0020428,,,,,,,,,,
LAB0020429,,,,,,,,,,
LAB0020430,,,,,,,,,,
LAB0020431,,,,,,,,,,
LAB0020432,,,,,,,,,,
LAB0020433,,,,,,,,,,
LAB0020434,,,,,,,,,,
LAB0020435,,,,,,,,,,
LAB0020436,,,,,,,,,,
LAB0020437,,,,,,,,,,
LAB0020438,,,,,,,,,,
LAB0020439,,,,,,,,,,
LAB0020440,,,,,,,,,,
LAB0020441,,,,,,,,,,
LAB0020442,,,,,,,,,,
LAB0020443,,,,,,,,,,
LAB0020444,,,,,,,,,,
LAB0020445,,,,,,,,,,
LAB0020446,,,,,,,,,,
LAB0020447,,,,,,,,,,
LAB0020448,,,,,,,,,,
LAB0020449,,,,,,,,,,
LAB0020450,,,,,,,,,,
LAB0020451,,,,,,,,,,
LAB0020452,,,,,,,,,,
LAB0020453,,,,,,,,,,
LAB0020454,,,,,,,,,,
LAB0020455,,,,,,,,,,
LAB0020456,,,,,,,,,,
LAB0020457,,,,,,,,,,
LAB0020458,,,,,,,,,,
LAB0020459,,,,,,,,,,
LAB0020460,,,,,,,,,,
LAB0020461,,,,,,,,,,
LAB0020462,,,,,,,,,,
LAB0020463,,,,,,,,,,
LAB0020464,,,,,,,,,,
LAB0020465,,,,,,,,,,
LAB0020466,,,,,,,,,,
LAB0020467,,,,,,,,,,
LAB0020468,,,,,,,,,,
LAB0020469,,,,,,,,,,
LAB0020470,,,,,,,,,,
LAB0020471,,,,,,,,,,
LAB0020472,,,,,,,,,,
LAB0020473,,,,,,,,,,
LAB0020474,,,,,,,,,,
LAB0020475,,,,,,,,,,
LAB0020476,,,,,,,,,,
LAB0020477,,,,,,,,,,
LAB0020478,,,,,,,,,,
LAB0020479,,,,,,,,,,
LAB0020480,,,,,,,,,,
LAB0020481,,,,,,,,,,
LAB0020482,,,,,,,,,,
LAB0020483,,,,,,,,,,
LAB0020484,,,,,,,,,,
LAB0020485,,,,,,,,,,
LAB0020486,,,,,,,,,,
LAB0020487,,,,,,,,,,
LAB0020488,,,,,,,,,,
LAB0020489,,,,,,,,,,
LAB0020490,,,,,,,,,,
LAB0020491,,,,,,,,,,
LAB0020492,,,,,,,,,,
LAB0020493,,,,,,,,,,
LAB0020494,,,,,,,,,,
LAB0020495,,,,,,,,,,
LAB0020496,,,,,,,,,,
LAB0020497,,,,,,,,,,
LAB0020498,,,,,,,,,,
LAB0020499,,,,,,,,,,
LAB0020500,,,,,,,,,,
LAB0020501,,,,,,,,,,
LAB0020502,,,,,,,,,,
LAB0020503,,,,,,,,,,
LAB0020504,,,,,,,,,,
LAB0020505,,,,,,,,,,
LAB0020506,,,,,,,,,,
LAB0020507,,,,,,,,,,
LAB0020508,,,,,,,,,,
LAB0020509,,,,,,,,,,
LAB0020510,,,,,,,,,,
LAB0020511,,,,,,,,,,
LAB0020512,,,,,,,,,,
LAB0020513,,,,,,,,,,
LAB0020514,,,,,,,,,,
LAB0020515,,,,,,,,,,
LAB0020516,,,,,,,,,,
LAB0020517,,,,,,,,,,
LAB0020518,,,,,,,,,,
LAB0020519,,,,,,,,,,
LAB0020520,,,,,,,,,,
LAB0020521,,,,,,,,,,
LAB0020522,,,,,,,,,,
LAB0020523,,,,,,,,,,
LAB0020524,,,,,,,,,,
LAB0020525,,,,,,,,,,
LAB0020526,,,,,,,,,,
LAB0020527,,,,,,,,,,
LAB0020528,,,,,,,,,,
LAB0020529,,,,,,,,,,
LAB0020530,,,,,,,,,,
LAB0020531,,,,,,,,,,
LAB0020532,,,,,,,,,,
LAB0020533,,,,,,,,,,
LAB0020534,,,,,,,,,,
LAB0020535,,,,,,,,,,
LAB0020536,,,,,,,,,,
LAB0020537,,,,,,,,,,
LAB0020538,,,,,,,,,,
LAB0020539,,,,,,,,,,
LAB0020540,,,,,,,,,,
LAB0020541,,,,,,,,,,
LAB0020542,,,,,,,,,,
LAB0020543,,,,,,,,,,
LAB0020544,,,,,,,,,,
LAB0020545,,,,,,,,,,
LAB0020546,,,,,,,,,,
LAB0020547,,,,,,,,,,
LAB0020548,,,,,,,,,,
LAB0020549,,,,,,,,,,
LAB0020550,,,,,,,,,,
LAB0020551,,,,,,,,,,
LAB0020552,,,,,,,,,,
LAB0020553,,,,,,,,,,
LAB0020554,,,,,,,,,,
LAB0020555,,,,,,,,,,
LAB0020556,,,,,,,,,,
LAB0020557,,,,,,,,,,
LAB0020558,,,,,,,,,,
LAB0020559,,,,,,,,,,
LAB0020560,,,,,,,,,,
LAB0020561,,,,,,,,,,
LAB0020562,,,,,,,,,,
LAB0020563,,,,,,,,,,
LAB0020564,,,,,,,,,,
LAB0020565,,,,,,,,,,
LAB0020566,,,,,,,,,,
LAB0020567,,,,,,,,,,
LAB0020568,,,,,,,,,,
LAB0020569,,,,,,,,,,
LAB0020570,,,,,,,,,,
LAB0020571,,,,,,,,,,
LAB0020572,,,,,,,,,,
LAB0020573,,,,,,,,,,
LAB0020574,,,,,,,,,,
LAB0020575,,,,,,,,,,
LAB0020576,,,,,,,,,,
LAB0020577,,,,,,,,,,
LAB0020578,,,,,,,,,,
LAB0020579,,,,,,,,,,
LAB0020580,,,,,,,,,,
LAB0020581,,,,,,,,,,
LAB0020582,,,,,,,,,,
LAB0020583,,,,,,,,,,
LAB0020584,,,,,,,,,,
LAB0020585,,,,,,,,,,
LAB0020586,,,,,,,,,,
LAB0020587,,,,,,,,,,
LAB0020588,,,,,,,,,,
LAB0020589,,,,,,,,,,
LAB0020590,,,,,,,,,,
LAB0020591,,,,,,,,,,
LAB0020592,,,,,,,,,,
LAB0020593,,,,,,,,,,
LAB0020594,,,,,,,,,,
LAB0020595,,,,,,,,,,
LAB0020596,,,,,,,,,,
LAB0020597,,,,,,,,,,
LAB0020598,,,,,,,,,,
LAB0020599,,,,,,,,,,
LAB0020600,,,,,,,,,,
LAB0020601,,,,,,,,,,
LAB0020602,,,,,,,,,,
LAB0020603,,,,,,,,,,
LAB0020604,,,,,,,,,,
LAB0020605,,,,,,,,,,
LAB0020606,,,,,,,,,,
LAB0020607,,,,,,,,,,
LAB0020608,,,,,,,,,,
LAB0020609,,,,,,,,,,
LAB0020610,,,,,,,,,,
LAB0020611,,,,,,,,,,
LAB0020612,,,,,,,,,,
LAB0020613,,,,,,,,,,
LAB0020614,,,,,,,,,,
LAB0020615,,,,,,,,,,
LAB0020616,,,,,,,,,,
LAB0020617,,,,,,,,,,
LAB0020618,,,,,,,,,,
LAB0020619,,,,,,,,,,
LAB0020620,,,,,,,,,,
LAB0020621,,,,,,,,,,
LAB0020622,,,,,,,,,,
LAB0020623,,,,,,,,,,
LAB0020624,,,,,,,,,,
LAB0020625,,,,,,,,,,
LAB0020626,,,,,,,,,,
LAB0020627,,,,,,,,,,
LAB0020628,,,,,,,,,,
LAB0020629,,,,,,,,,,
LAB0020630,,,,,,,,,,
LAB0020631,,,,,,,,,,
LAB0020632,,,,,,,,,,
LAB0020633,,,,,,,,,,
LAB0020634,,,,,,,,,,
LAB0020635,,,,,,,,,,
LAB0020636,,,,,,,,,,
LAB0020637,,,,,,,,,,
LAB0020638,,,,,,,,,,
LAB0020639,,,,,,,,,,
LAB0020640,,,,,,,,,,
LAB0020641,,,,,,,,,,
LAB0020642,,,,,,,,,,
LAB0020643,,,,,,,,,,
LAB0020644,,,,,,,,,,
LAB0020645,,,,,,,,,,
LAB0020646,,,,,,,,,,
LAB0020647,,,,,,,,,,
LAB0020648,,,,,,,,,,
LAB0020649,,,,,,,,,,
LAB0020650,,,,,,,,,,
LAB0020651,,,,,,,,,,
LAB0020652,,,,,,,,,,
LAB0020653,,,,,,,,,,
LAB0020654,,,,,,,,,,
LAB0020655,,,,,,,,,,
LAB0020656,,,,,,,,,,
LAB0020657,,,,,,,,,,
LAB0020658,,,,,,,,,,
LAB0020659,,,,,,,,,,
LAB0020660,,,,,,,,,,
LAB0020661,,,,,,,,,,
LAB0020662,,,,,,,,,,
LAB0020663,,,,,,,,,,
LAB0020664,,,,,,,,,,
LAB0020665,,,,,,,,,,
LAB0020666,,,,,,,,,,
LAB0020667,,,,,,,,,,
LAB0020668,,,,,,,,,,
LAB0020669,,,,,,,,,,
LAB0020670,,,,,,,,,,
LAB0020671,,,,,,,,,,
LAB0020672,,,,,,,,,,
LAB0020673,,,,,,,,,,
LAB0020674,,,,,,,,,,
LAB0020675,,,,,,,,,,
LAB0020676,,,,,,,,,,
LAB0020677,,,,,,,,,,
LAB0020678,,,,,,,,,,
LAB0020679,,,,,,,,,,
LAB0020680,,,,,,,,,,
LAB0020681,,,,,,,,,,
LAB0020682,,,,,,,,,,
LAB0020683,,,,,,,,,,
LAB0020684,,,,,,,,,,
LAB0020685,,,,,,,,,,
LAB0020686,,,,,,,,,,
LAB0020687,,,,,,,,,,
LAB0020688,,,,,,,,,,
LAB0020689,,,,,,,,,,
LAB0020690,,,,,,,,,,
LAB0020691,,,,,,,,,,
LAB0020692,,,,,,,,,,
LAB0020693,,,,,,,,,,
LAB0020694,,,,,,,,,,
LAB0020695,,,,,,,,,,
LAB0020696,,,,,,,,,,
LAB0020697,,,,,,,,,,
LAB0020698,,,,,,,,,,
LAB0020699,,,,,,,,,,
LAB0020700,,,,,,,,,,
LAB0020701,,,,,,,,,,
LAB0020702,,,,,,,,,,
LAB0020703,,,,,,,,,,
LAB0020704,,,,,,,,,,
LAB0020705,,,,,,,,,,
LAB0020706,,,,,,,,,,
LAB0020707,,,,,,,,,,
LAB0020708,,,,,,,,,,
LAB0020709,,,,,,,,,,
LAB0020710,,,,,,,,,,
LAB0020711,,,,,,,,,,
LAB0020712,,,,,,,,,,
LAB0020713,,,,,,,,,,
LAB0020714,,,,,,,,,,
LAB0020715,,,,,,,,,,
LAB0020716,,,,,,,,,,
LAB0020717,,,,,,,,,,
LAB0020718,,,,,,,,,,
LAB0020719,,,,,,,,,,
LAB0020720,,,,,,,,,,
LAB0020721,,,,,,,,,,
LAB0020722,,,,,,,,,,
LAB0020723,,,,,,,,,,
LAB0020724,,,,,,,,,,
LAB0020725,,,,,,,,,,
LAB0020726,,,,,,,,,,
LAB0020727,,,,,,,,,,
LAB0020728,,,,,,,,,,
LAB0020729,,,,,,,,,,
LAB0020730,,,,,,,,,,
LAB0020731,,,,,,,,,,
LAB0020732,,,,,,,,,,
LAB0020733,,,,,,,,,,
LAB0020734,,,,,,,,,,
LAB0020735,,,,,,,,,,
LAB0020736,,,,,,,,,,
LAB0020737,,,,,,,,,,
LAB0020738,,,,,,,,,,
LAB0020739,,,,,,,,,,
LAB0020740,,,,,,,,,,
LAB0020741,,,,,,,,,,
LAB0020742,,,,,,,,,,
LAB0020743,,,,,,,,,,
LAB0020744,,,,,,,,,,
LAB0020745,,,,,,,,,,
LAB0020746,,,,,,,,,,
LAB0020747,,,,,,,,,,
LAB0020748,,,,,,,,,,
LAB0020749,,,,,,,,,,
LAB0020750,,,,,,,,,,
LAB0020751,,,,,,,,,,
LAB0020752,,,,,,,,,,
LAB0020753,,,,,,,,,,
LAB0020754,,,,,,,,,,
LAB0020755,,,,,,,,,,
LAB0020756,,,,,,,,,,
LAB0020757,,,,,,,,,,
LAB0020758,,,,,,,,,,
LAB0020759,,,,,,,,,,
LAB0020760,,,,,,,,,,
LAB0020761,,,,,,,,,,
LAB0020762,,,,,,,,,,
LAB0020763,,,,,,,,,,
LAB0020764,,,,,,,,,,
LAB0020765,,,,,,,,,,
LAB0020766,,,,,,,,,,
LAB0020767,,,,,,,,,,
LAB0020768,,,,,,,,,,
LAB0020769,,,,,,,,,,
LAB0020770,,,,,,,,,,
LAB0020771,,,,,,,,,,
LAB0020772,,,,,,,,,,
LAB0020773,,,,,,,,,,
LAB0020774,,,,,,,,,,
LAB0020775,,,,,,,,,,
LAB0020776,,,,,,,,,,
LAB0020777,,,,,,,,,,
LAB0020778,,,,,,,,,,
LAB0020779,,,,,,,,,,
LAB0020780,,,,,,,,,,
LAB0020781,,,,,,,,,,
LAB0020782,,,,,,,,,,
LAB0020783,,,,,,,,,,
LAB0020784,,,,,,,,,,
LAB0020785,,,,,,,,,,
LAB0020786,,,,,,,,,,
LAB0020787,,,,,,,,,,
LAB0020788,,,,,,,,,,
LAB0020789,,,,,,,,,,
LAB0020790,,,,,,,,,,
LAB0020791,,,,,,,,,,
LAB0020792,,,,,,,,,,
LAB0020793,,,,,,,,,,
LAB0020794,,,,,,,,,,
LAB0020795,,,,,,,,,,
LAB0020796,,,,,,,,,,
LAB0020797,,,,,,,,,,
LAB0020798,,,,,,,,,,
LAB0020799,,,,,,,,,,
LAB0020800,,,,,,,,,,
LAB0020801,,,,,,,,,,
LAB0020802,,,,,,,,,,
LAB0020803,,,,,,,,,,
LAB0020804,,,,,,,,,,
LAB0020805,,,,,,,,,,
LAB0020806,,,,,,,,,,
LAB0020807,,,,,,,,,,
LAB0020808,,,,,,,,,,
LAB0020809,,,,,,,,,,
LAB0020810,,,,,,,,,,
LAB0020811,,,,,,,,,,
LAB0020812,,,,,,,,,,
LAB0020813,,,,,,,,,,
LAB0020814,,,,,,,,,,
LAB0020815,,,,,,,,,,
LAB0020816,,,,,,,,,,
LAB0020817,,,,,,,,,,
LAB0020818,,,,,,,,,,
LAB0020819,,,,,,,,,,
LAB0020820,,,,,,,,,,
LAB0020821,,,,,,,,,,
LAB0020822,,,,,,,,,,
LAB0020823,,,,,,,,,,
LAB0020824,,,,,,,,,,
LAB0020825,,,,,,,,,,
LAB0020826,,,,,,,,,,
LAB0020827,,,,,,,,,,
LAB0020828,,,,,,,,,,
LAB0020829,,,,,,,,,,
LAB0020830,,,,,,,,,,
LAB0020831,,,,,,,,,,
LAB0020832,,,,,,,,,,
LAB0020833,,,,,,,,,,
LAB0020834,,,,,,,,,,
LAB0020835,,,,,,,,,,
LAB0020836,,,,,,,,,,
LAB0020837,,,,,,,,,,
LAB0020838,,,,,,,,,,
LAB0020839,,,,,,,,,,
LAB0020840,,,,,,,,,,
LAB0020841,,,,,,,,,,
LAB0020842,,,,,,,,,,
LAB0020843,,,,,,,,,,
LAB0020844,,,,,,,,,,
LAB0020845,,,,,,,,,,
LAB0020846,,,,,,,,,,
LAB0020847,,,,,,,,,,
LAB0020848,,,,,,,,,,
LAB0020849,,,,,,,,,,
LAB0020850,,,,,,,,,,
LAB0020851,,,,,,,,,,
LAB0020852,,,,,,,,,,
LAB0020853,,,,,,,,,,
LAB0020854,,,,,,,,,,
LAB0020855,,,,,,,,,,
LAB0020856,,,,,,,,,,
LAB0020857,,,,,,,,,,
LAB0020858,,,,,,,,,,
LAB0020859,,,,,,,,,,
LAB0020860,,,,,,,,,,
LAB0020861,,,,,,,,,,
LAB0020862,,,,,,,,,,
LAB0020863,,,,,,,,,,
LAB0020864,,,,,,,,,,
LAB0020865,,,,,,,,,,
LAB0020866,,,,,,,,,,
LAB0020867,,,,,,,,,,
LAB0020868,,,,,,,,,,
LAB0020869,,,,,,,,,,
LAB0020870,,,,,,,,,,
LAB0020871,,,,,,,,,,
LAB0020872,,,,,,,,,,
LAB0020873,,,,,,,,,,
LAB0020874,,,,,,,,,,
LAB0020875,,,,,,,,,,
LAB0020876,,,,,,,,,,
LAB0020877,,,,,,,,,,
LAB0020878,,,,,,,,,,
LAB0020879,,,,,,,,,,
LAB0020880,,,,,,,,,,
LAB0020881,,,,,,,,,,
LAB0020882,,,,,,,,,,
LAB0020883,,,,,,,,,,
LAB0020884,,,,,,,,,,
LAB0020885,,,,,,,,,,
LAB0020886,,,,,,,,,,
LAB0020887,,,,,,,,,,
LAB0020888,,,,,,,,,,
LAB0020889,,,,,,,,,,
LAB0020890,,,,,,,,,,
LAB0020891,,,,,,,,,,
LAB0020892,,,,,,,,,,
LAB0020893,,,,,,,,,,
LAB0020894,,,,,,,,,,
LAB0020895,,,,,,,,,,
LAB0020896,,,,,,,,,,
LAB0020897,,,,,,,,,,
LAB0020898,,,,,,,,,,
LAB0020899,,,,,,,,,,
LAB0020900,,,,,,,,,,
LAB0020901,,,,,,,,,,
LAB0020902,,,,,,,,,,
LAB0020903,,,,,,,,,,
LAB0020904,,,,,,,,,,
LAB0020905,,,,,,,,,,
LAB0020906,,,,,,,,,,
LAB0020907,,,,,,,,,,
LAB0020908,,,,,,,,,,
LAB0020909,,,,,,,,,,
LAB0020910,,,,,,,,,,
LAB0020911,,,,,,,,,,
LAB0020912,,,,,,,,,,
LAB0020913,,,,,,,,,,
LAB0020914,,,,,,,,,,
LAB0020915,,,,,,,,,,
LAB0020916,,,,,,,,,,
LAB0020917,,,,,,,,,,
LAB0020918,,,,,,,,,,
LAB0020919,,,,,,,,,,
LAB0020920,,,,,,,,,,
LAB0020921,,,,,,,,,,
LAB0020922,,,,,,,,,,
LAB0020923,,,,,,,,,,
LAB0020924,,,,,,,,,,
LAB0020925,,,,,,,,,,
LAB0020926,,,,,,,,,,
LAB0020927,,,,,,,,,,
LAB0020928,,,,,,,,,,
LAB0020929,,,,,,,,,,
LAB0020930,,,,,,,,,,
LAB0020931,,,,,,,,,,
LAB0020932,,,,,,,,,,
LAB0020933,,,,,,,,,,
LAB0020934,,,,,,,,,,
LAB0020935,,,,,,,,,,
LAB0020936,,,,,,,,,,
LAB0020937,,,,,,,,,,
LAB0020938,,,,,,,,,,
LAB0020939,,,,,,,,,,
LAB0020940,,,,,,,,,,
LAB0020941,,,,,,,,,,
LAB0020942,,,,,,,,,,
LAB0020943,,,,,,,,,,
LAB0020944,,,,,,,,,,
LAB0020945,,,,,,,,,,
LAB0020946,,,,,,,,,,
LAB0020947,,,,,,,,,,
LAB0020948,,,,,,,,,,
LAB0020949,,,,,,,,,,
LAB0020950,,,,,,,,,,
LAB0020951,,,,,,,,,,
LAB0020952,,,,,,,,,,
LAB0020953,,,,,,,,,,
LAB0020954,,,,,,,,,,
LAB0020955,,,,,,,,,,
LAB0020956,,,,,,,,,,
LAB0020957,,,,,,,,,,
LAB0020958,,,,,,,,,,
LAB0020959,,,,,,,,,,
LAB0020960,,,,,,,,,,
LAB0020961,,,,,,,,,,
LAB0020962,,,,,,,,,,
LAB0020963,,,,,,,,,,
LAB0020964,,,,,,,,,,
LAB0020965,,,,,,,,,,
LAB0020966,,,,,,,,,,
LAB0020967,,,,,,,,,,
LAB0020968,,,,,,,,,,
LAB0020969,,,,,,,,,,
LAB0020970,,,,,,,,,,
LAB0020971,,,,,,,,,,
LAB0020972,,,,,,,,,,
LAB0020973,,,,,,,,,,
LAB0020974,,,,,,,,,,
LAB0020975,,,,,,,,,,
LAB0020976,,,,,,,,,,
LAB0020977,,,,,,,,,,
LAB0020978,,,,,,,,,,
LAB0020979,,,,,,,,,,
LAB0020980,,,,,,,,,,
LAB0020981,,,,,,,,,,
LAB0020982,,,,,,,,,,
LAB0020983,,,,,,,,,,
LAB0020984,,,,,,,,,,
LAB0020985,,,,,,,,,,
LAB0020986,,,,,,,,,,
LAB0020987,,,,,,,,,,
LAB0020988,,,,,,,,,,
LAB0020989,,,,,,,,,,
LAB0020990,,,,,,,,,,
LAB0020991,,,,,,,,,,
LAB0020992,,,,,,,,,,
LAB0020993,,,,,,,,,,
LAB0020994,,,,,,,,,,
LAB0020995,,,,,,,,,,
LAB0020996,,,,,,,,,,
LAB0020997,,,,,,,,,,
LAB0020998,,,,,,,,,,
LAB0020999,,,,,,,,,,
LAB0021000,,,,,,,,,,
LAB0021001,,,,,,,,,,
LAB0021002,,,,,,,,,,
LAB0021003,,,,,,,,,,
LAB0021004,,,,,,,,,,
LAB0021005,,,,,,,,,,
LAB0021006,,,,,,,,,,
LAB0021007,,,,,,,,,,
LAB0021008,,,,,,,,,,
LAB0021009,,,,,,,,,,
LAB0021010,,,,,,,,,,
LAB0021011,,,,,,,,,,
LAB0021012,,,,,,,,,,
LAB0021013,,,,,,,,,,
LAB0021014,,,,,,,,,,
LAB0021015,,,,,,,,,,
LAB0021016,,,,,,,,,,
LAB0021017,,,,,,,,,,
LAB0021018,,,,,,,,,,
LAB0021019,,,,,,,,,,
LAB0021020,,,,,,,,,,
LAB0021021,,,,,,,,,,
LAB0021022,,,,,,,,,,
LAB0021023,,,,,,,,,,
LAB0021024,,,,,,,,,,
LAB0021025,,,,,,,,,,
LAB0021026,,,,,,,,,,
LAB0021027,,,,,,,,,,
LAB0021028,,,,,,,,,,
LAB0021029,,,,,,,,,,
LAB0021030,,,,,,,,,,
LAB0021031,,,,,,,,,,
LAB0021032,,,,,,,,,,
LAB0021033,,,,,,,,,,
LAB0021034,,,,,,,,,,
LAB0021035,,,,,,,,,,
LAB0021036,,,,,,,,,,
LAB0021037,,,,,,,,,,
LAB0021038,,,,,,,,,,
LAB0021039,,,,,,,,,,
LAB0021040,,,,,,,,,,
LAB0021041,,,,,,,,,,
LAB0021042,,,,,,,,,,
LAB0021043,,,,,,,,,,
LAB0021044,,,,,,,,,,
LAB0021045,,,,,,,,,,
LAB0021046,,,,,,,,,,
LAB0021047,,,,,,,,,,
LAB0021048,,,,,,,,,,
LAB0021049,,,,,,,,,,
LAB0021050,,,,,,,,,,
LAB0021051,,,,,,,,,,
LAB0021052,,,,,,,,,,
LAB0021053,,,,,,,,,,
LAB0021054,,,,,,,,,,
LAB0021055,,,,,,,,,,
LAB0021056,,,,,,,,,,
LAB0021057,,,,,,,,,,
LAB0021058,,,,,,,,,,
LAB0021059,,,,,,,,,,
LAB0021060,,,,,,,,,,
LAB0021061,,,,,,,,,,
LAB0021062,,,,,,,,,,
LAB0021063,,,,,,,,,,
LAB0021064,,,,,,,,,,
LAB0021065,,,,,,,,,,
LAB0021066,,,,,,,,,,
LAB0021067,,,,,,,,,,
LAB0021068,,,,,,,,,,
LAB0021069,,,,,,,,,,
LAB0021070,,,,,,,,,,
LAB0021071,,,,,,,,,,
LAB0021072,,,,,,,,,,
LAB0021073,,,,,,,,,,
LAB0021074,,,,,,,,,,
LAB0021075,,,,,,,,,,
LAB0021076,,,,,,,,,,
LAB0021077,,,,,,,,,,
LAB0021078,,,,,,,,,,
LAB0021079,,,,,,,,,,
LAB0021080,,,,,,,,,,
LAB0021081,,,,,,,,,,
LAB0021082,,,,,,,,,,
LAB0021083,,,,,,,,,,
LAB0021084,,,,,,,,,,
LAB0021085,,,,,,,,,,
LAB0021086,,,,,,,,,,
LAB0021087,,,,,,,,,,
LAB0021088,,,,,,,,,,
LAB0021089,,,,,,,,,,
LAB0021090,,,,,,,,,,
LAB0021091,,,,,,,,,,
LAB0021092,,,,,,,,,,
LAB0021093,,,,,,,,,,
LAB0021094,,,,,,,,,,
LAB0021095,,,,,,,,,,
LAB0021096,,,,,,,,,,
LAB0021097,,,,,,,,,,
LAB0021098,,,,,,,,,,
LAB0021099,,,,,,,,,,
LAB0021100,,,,,,,,,,
LAB0021101,,,,,,,,,,
LAB0021102,,,,,,,,,,
LAB0021103,,,,,,,,,,
LAB0021104,,,,,,,,,,
LAB0021105,,,,,,,,,,
LAB0021106,,,,,,,,,,
LAB0021107,,,,,,,,,,
LAB0021108,,,,,,,,,,
LAB0021109,,,,,,,,,,
LAB0021110,,,,,,,,,,
LAB0021111,,,,,,,,,,
LAB0021112,,,,,,,,,,
LAB0021113,,,,,,,,,,
LAB0021114,,,,,,,,,,
LAB0021115,,,,,,,,,,
LAB0021116,,,,,,,,,,
LAB0021117,,,,,,,,,,
LAB0021118,,,,,,,,,,
LAB0021119,,,,,,,,,,
LAB0021120,,,,,,,,,,
LAB0021121,,,,,,,,,,
LAB0021122,,,,,,,,,,
LAB0021123,,,,,,,,,,
LAB0021124,,,,,,,,,,
LAB0021125,,,,,,,,,,
LAB0021126,,,,,,,,,,
LAB0021127,,,,,,,,,,
LAB0021128,,,,,,,,,,
LAB0021129,,,,,,,,,,
LAB0021130,,,,,,,,,,
LAB0021131,,,,,,,,,,
LAB0021132,,,,,,,,,,
LAB0021133,,,,,,,,,,
LAB0021134,,,,,,,,,,
LAB0021135,,,,,,,,,,
LAB0021136,,,,,,,,,,
LAB0021137,,,,,,,,,,
LAB0021138,,,,,,,,,,
LAB0021139,,,,,,,,,,
LAB0021140,,,,,,,,,,
LAB0021141,,,,,,,,,,
LAB0021142,,,,,,,,,,
LAB0021143,,,,,,,,,,
LAB0021144,,,,,,,,,,
LAB0021145,,,,,,,,,,
LAB0021146,,,,,,,,,,
LAB0021147,,,,,,,,,,
LAB0021148,,,,,,,,,,
LAB0021149,,,,,,,,,,
LAB0021150,,,,,,,,,,
LAB0021151,,,,,,,,,,
LAB0021152,,,,,,,,,,
LAB0021153,,,,,,,,,,
LAB0021154,,,,,,,,,,
LAB0021155,,,,,,,,,,
LAB0021156,,,,,,,,,,
LAB0021157,,,,,,,,,,
LAB0021158,,,,,,,,,,
LAB0021159,,,,,,,,,,
LAB0021160,,,,,,,,,,
LAB0021161,,,,,,,,,,
LAB0021162,,,,,,,,,,
LAB0021163,,,,,,,,,,
LAB0021164,,,,,,,,,,
LAB0021165,,,,,,,,,,
LAB0021166,,,,,,,,,,
LAB0021167,,,,,,,,,,
LAB0021168,,,,,,,,,,
LAB0021169,,,,,,,,,,
LAB0021170,,,,,,,,,,
LAB0021171,,,,,,,,,,
LAB0021172,,,,,,,,,,
LAB0021173,,,,,,,,,,
LAB0021174,,,,,,,,,,
LAB0021175,,,,,,,,,,
LAB0021176,,,,,,,,,,
LAB0021177,,,,,,,,,,
LAB0021178,,,,,,,,,,
LAB0021179,,,,,,,,,,
LAB0021180,,,,,,,,,,
LAB0021181,,,,,,,,,,
LAB0021182,,,,,,,,,,
LAB0021183,,,,,,,,,,
LAB0021184,,,,,,,,,,
LAB0021185,,,,,,,,,,
LAB0021186,,,,,,,,,,
LAB0021187,,,,,,,,,,
LAB0021188,,,,,,,,,,
LAB0021189,,,,,,,,,,
LAB0021190,,,,,,,,,,
LAB0021191,,,,,,,,,,
LAB0021192,,,,,,,,,,
LAB0021193,,,,,,,,,,
LAB0021194,,,,,,,,,,
LAB0021195,,,,,,,,,,
LAB0021196,,,,,,,,,,
LAB0021197,,,,,,,,,,
LAB0021198,,,,,,,,,,
LAB0021199,,,,,,,,,,
LAB0021200,,,,,,,,,,
LAB0021201,,,,,,,,,,
LAB0021202,,,,,,,,,,
LAB0021203,,,,,,,,,,
LAB0021204,,,,,,,,,,
LAB0021205,,,,,,,,,,
LAB0021206,,,,,,,,,,
LAB0021207,,,,,,,,,,
LAB0021208,,,,,,,,,,
LAB0021209,,,,,,,,,,
LAB0021210,,,,,,,,,,
LAB0021211,,,,,,,,,,
LAB0021212,,,,,,,,,,
LAB0021213,,,,,,,,,,
LAB0021214,,,,,,,,,,
LAB0021215,,,,,,,,,,
LAB0021216,,,,,,,,,,
LAB0021217,,,,,,,,,,
LAB0021218,,,,,,,,,,
LAB0021219,,,,,,,,,,
LAB0021220,,,,,,,,,,
LAB0021221,,,,,,,,,,
LAB0021222,,,,,,,,,,
LAB0021223,,,,,,,,,,
LAB0021224,,,,,,,,,,
LAB0021225,,,,,,,,,,
LAB0021226,,,,,,,,,,
LAB0021227,,,,,,,,,,
LAB0021228,,,,,,,,,,
LAB0021229,,,,,,,,,,
LAB0021230,,,,,,,,,,
LAB0021231,,,,,,,,,,
LAB0021232,,,,,,,,,,
LAB0021233,,,,,,,,,,
LAB0021234,,,,,,,,,,
LAB0021235,,,,,,,,,,
LAB0021236,,,,,,,,,,
LAB0021237,,,,,,,,,,
LAB0021238,,,,,,,,,,
LAB0021239,,,,,,,,,,
LAB0021240,,,,,,,,,,
LAB0021241,,,,,,,,,,
LAB0021242,,,,,,,,,,
LAB0021243,,,,,,,,,,
LAB0021244,,,,,,,,,,
LAB0021245,,,,,,,,,,
LAB0021246,,,,,,,,,,
LAB0021247,,,,,,,,,,
LAB0021248,,,,,,,,,,
LAB0021249,,,,,,,,,,
LAB0021250,,,,,,,,,,
LAB0021251,,,,,,,,,,
LAB0021252,,,,,,,,,,
LAB0021253,,,,,,,,,,
LAB0021254,,,,,,,,,,
LAB0021255,,,,,,,,,,
LAB0021256,,,,,,,,,,
LAB0021257,,,,,,,,,,
LAB0021258,,,,,,,,,,
LAB0021259,,,,,,,,,,
LAB0021260,,,,,,,,,,
LAB0021261,,,,,,,,,,
LAB0021262,,,,,,,,,,
LAB0021263,,,,,,,,,,
LAB0021264,,,,,,,,,,
LAB0021265,,,,,,,,,,
LAB0021266,,,,,,,,,,
LAB0021267,,,,,,,,,,
LAB0021268,,,,,,,,,,
LAB0021269,,,,,,,,,,
LAB0021270,,,,,,,,,,
LAB0021271,,,,,,,,,,
LAB0021272,,,,,,,,,,
LAB0021273,,,,,,,,,,
LAB0021274,,,,,,,,,,
LAB0021275,,,,,,,,,,
LAB0021276,,,,,,,,,,
LAB0021277,,,,,,,,,,
LAB0021278,,,,,,,,,,
LAB0021279,,,,,,,,,,
LAB0021280,,,,,,,,,,
LAB0021281,,,,,,,,,,
LAB0021282,,,,,,,,,,
LAB0021283,,,,,,,,,,
LAB0021284,,,,,,,,,,
LAB0021285,,,,,,,,,,
LAB0021286,,,,,,,,,,
LAB0021287,,,,,,,,,,
LAB0021288,,,,,,,,,,
LAB0021289,,,,,,,,,,
LAB0021290,,,,,,,,,,
LAB0021291,,,,,,,,,,
LAB0021292,,,,,,,,,,
LAB0021293,,,,,,,,,,
LAB0021294,,,,,,,,,,
LAB0021295,,,,,,,,,,
LAB0021296,,,,,,,,,,
LAB0021297,,,,,,,,,,
LAB0021298,,,,,,,,,,
LAB0021299,,,,,,,,,,
LAB0021300,,,,,,,,,,
LAB0021301,,,,,,,,,,
LAB0021302,,,,,,,,,,
LAB0021303,,,,,,,,,,
LAB0021304,,,,,,,,,,
LAB0021305,,,,,,,,,,
LAB0021306,,,,,,,,,,
LAB0021307,,,,,,,,,,
LAB0021308,,,,,,,,,,
LAB0021309,,,,,,,,,,
LAB0021310,,,,,,,,,,
LAB0021311,,,,,,,,,,
LAB0021312,,,,,,,,,,
LAB0021313,,,,,,,,,,
LAB0021314,,,,,,,,,,
LAB0021315,,,,,,,,,,
LAB0021316,,,,,,,,,,
LAB0021317,,,,,,,,,,
LAB0021318,,,,,,,,,,
LAB0021319,,,,,,,,,,
LAB0021320,,,,,,,,,,
LAB0021321,,,,,,,,,,
LAB0021322,,,,,,,,,,
LAB0021323,,,,,,,,,,
LAB0021324,,,,,,,,,,
LAB0021325,,,,,,,,,,
LAB0021326,,,,,,,,,,
LAB0021327,,,,,,,,,,
LAB0021328,,,,,,,,,,
LAB0021329,,,,,,,,,,
LAB0021330,,,,,,,,,,
LAB0021331,,,,,,,,,,
LAB0021332,,,,,,,,,,
LAB0021333,,,,,,,,,,
LAB0021334,,,,,,,,,,
LAB0021335,,,,,,,,,,
LAB0021336,,,,,,,,,,
LAB0021337,,,,,,,,,,
LAB0021338,,,,,,,,,,
LAB0021339,,,,,,,,,,
LAB0021340,,,,,,,,,,
LAB0021341,,,,,,,,,,
LAB0021342,,,,,,,,,,
LAB0021343,,,,,,,,,,
LAB0021344,,,,,,,,,,
LAB0021345,,,,,,,,,,
LAB0021346,,,,,,,,,,
LAB0021347,,,,,,,,,,
LAB0021348,,,,,,,,,,
LAB0021349,,,,,,,,,,
LAB0021350,,,,,,,,,,
LAB0021351,,,,,,,,,,
LAB0021352,,,,,,,,,,
LAB0021353,,,,,,,,,,
LAB0021354,,,,,,,,,,
LAB0021355,,,,,,,,,,
LAB0021356,,,,,,,,,,
LAB0021357,,,,,,,,,,
LAB0021358,,,,,,,,,,
LAB0021359,,,,,,,,,,
LAB0021360,,,,,,,,,,
LAB0021361,,,,,,,,,,
LAB0021362,,,,,,,,,,
LAB0021363,,,,,,,,,,
LAB0021364,,,,,,,,,,
LAB0021365,,,,,,,,,,
LAB0021366,,,,,,,,,,
LAB0021367,,,,,,,,,,
LAB0021368,,,,,,,,,,
LAB0021369,,,,,,,,,,
LAB0021370,,,,,,,,,,
LAB0021371,,,,,,,,,,
LAB0021372,,,,,,,,,,
LAB0021373,,,,,,,,,,
LAB0021374,,,,,,,,,,
LAB0021375,,,,,,,,,,
LAB0021376,,,,,,,,,,
LAB0021377,,,,,,,,,,
LAB0021378,,,,,,,,,,
LAB0021379,,,,,,,,,,
LAB0021380,,,,,,,,,,
LAB0021381,,,,,,,,,,
LAB0021382,,,,,,,,,,
LAB0021383,,,,,,,,,,
LAB0021384,,,,,,,,,,
LAB0021385,,,,,,,,,,
LAB0021386,,,,,,,,,,
LAB0021387,,,,,,,,,,
LAB0021388,,,,,,,,,,
LAB0021389,,,,,,,,,,
LAB0021390,,,,,,,,,,
LAB0021391,,,,,,,,,,
LAB0021392,,,,,,,,,,
LAB0021393,,,,,,,,,,
LAB0021394,,,,,,,,,,
LAB0021395,,,,,,,,,,
LAB0021396,,,,,,,,,,
LAB0021397,,,,,,,,,,
LAB0021398,,,,,,,,,,
LAB0021399,,,,,,,,,,
LAB0021400,,,,,,,,,,
LAB0021401,,,,,,,,,,
LAB0021402,,,,,,,,,,
LAB0021403,,,,,,,,,,
LAB0021404,,,,,,,,,,
LAB0021405,,,,,,,,,,
LAB0021406,,,,,,,,,,
LAB0021407,,,,,,,,,,
LAB0021408,,,,,,,,,,
LAB0021409,,,,,,,,,,
LAB0021410,,,,,,,,,,
LAB0021411,,,,,,,,,,
LAB0021412,,,,,,,,,,
LAB0021413,,,,,,,,,,
LAB0021414,,,,,,,,,,
LAB0021415,,,,,,,,,,
LAB0021416,,,,,,,,,,
LAB0021417,,,,,,,,,,
LAB0021418,,,,,,,,,,
LAB0021419,,,,,,,,,,
LAB0021420,,,,,,,,,,
LAB0021421,,,,,,,,,,
LAB0021422,,,,,,,,,,
LAB0021423,,,,,,,,,,
LAB0021424,,,,,,,,,,
LAB0021425,,,,,,,,,,
LAB0021426,,,,,,,,,,
LAB0021427,,,,,,,,,,
LAB0021428,,,,,,,,,,
LAB0021429,,,,,,,,,,
LAB0021430,,,,,,,,,,
LAB0021431,,,,,,,,,,
LAB0021432,,,,,,,,,,
LAB0021433,,,,,,,,,,
LAB0021434,,,,,,,,,,
LAB0021435,,,,,,,,,,
LAB0021436,,,,,,,,,,
LAB0021437,,,,,,,,,,
LAB0021438,,,,,,,,,,
LAB0021439,,,,,,,,,,
LAB0021440,,,,,,,,,,
LAB0021441,,,,,,,,,,
LAB0021442,,,,,,,,,,
LAB0021443,,,,,,,,,,
LAB0021444,,,,,,,,,,
LAB0021445,,,,,,,,,,
LAB0021446,,,,,,,,,,
LAB0021447,,,,,,,,,,
LAB0021448,,,,,,,,,,
LAB0021449,,,,,,,,,,
LAB0021450,,,,,,,,,,
LAB0021451,,,,,,,,,,
LAB0021452,,,,,,,,,,
LAB0021453,,,,,,,,,,
LAB0021454,,,,,,,,,,
LAB0021455,,,,,,,,,,
LAB0021456,,,,,,,,,,
LAB0021457,,,,,,,,,,
LAB0021458,,,,,,,,,,
LAB0021459,,,,,,,,,,
LAB0021460,,,,,,,,,,
LAB0021461,,,,,,,,,,
LAB0021462,,,,,,,,,,
LAB0021463,,,,,,,,,,
LAB0021464,,,,,,,,,,
LAB0021465,,,,,,,,,,
LAB0021466,,,,,,,,,,
LAB0021467,,,,,,,,,,
LAB0021468,,,,,,,,,,
LAB0021469,,,,,,,,,,
LAB0021470,,,,,,,,,,
LAB0021471,,,,,,,,,,
LAB0021472,,,,,,,,,,
LAB0021473,,,,,,,,,,
LAB0021474,,,,,,,,,,
LAB0021475,,,,,,,,,,
LAB0021476,,,,,,,,,,
LAB0021477,,,,,,,,,,
LAB0021478,,,,,,,,,,
LAB0021479,,,,,,,,,,
LAB0021480,,,,,,,,,,
LAB0021481,,,,,,,,,,
LAB0021482,,,,,,,,,,
LAB0021483,,,,,,,,,,
LAB0021484,,,,,,,,,,
LAB0021485,,,,,,,,,,
LAB0021486,,,,,,,,,,
LAB0021487,,,,,,,,,,
LAB0021488,,,,,,,,,,
LAB0021489,,,,,,,,,,
LAB0021490,,,,,,,,,,
LAB0021491,,,,,,,,,,
LAB0021492,,,,,,,,,,
LAB0021493,,,,,,,,,,
LAB0021494,,,,,,,,,,
LAB0021495,,,,,,,,,,
LAB0021496,,,,,,,,,,
LAB0021497,,,,,,,,,,
LAB0021498,,,,,,,,,,
LAB0021499,,,,,,,,,,
LAB0021500,,,,,,,,,,
LAB0021501,,,,,,,,,,
LAB0021502,,,,,,,,,,
LAB0021503,,,,,,,,,,
LAB0021504,,,,,,,,,,
LAB0021505,,,,,,,,,,
LAB0021506,,,,,,,,,,
LAB0021507,,,,,,,,,,
LAB0021508,,,,,,,,,,
LAB0021509,,,,,,,,,,
LAB0021510,,,,,,,,,,
LAB0021511,,,,,,,,,,
LAB0021512,,,,,,,,,,
LAB0021513,,,,,,,,,,
LAB0021514,,,,,,,,,,
LAB0021515,,,,,,,,,,
LAB0021516,,,,,,,,,,
LAB0021517,,,,,,,,,,
LAB0021518,,,,,,,,,,
LAB0021519,,,,,,,,,,
LAB0021520,,,,,,,,,,
LAB0021521,,,,,,,,,,
LAB0021522,,,,,,,,,,
LAB0021523,,,,,,,,,,
LAB0021524,,,,,,,,,,
LAB0021525,,,,,,,,,,
LAB0021526,,,,,,,,,,
LAB0021527,,,,,,,,,,
LAB0021528,,,,,,,,,,
LAB0021529,,,,,,,,,,
LAB0021530,,,,,,,,,,
LAB0021531,,,,,,,,,,
LAB0021532,,,,,,,,,,
LAB0021533,,,,,,,,,,
LAB0021534,,,,,,,,,,
LAB0021535,,,,,,,,,,
LAB0021536,,,,,,,,,,
LAB0021537,,,,,,,,,,
LAB0021538,,,,,,,,,,
LAB0021539,,,,,,,,,,
LAB0021540,,,,,,,,,,
LAB0021541,,,,,,,,,,
LAB0021542,,,,,,,,,,
LAB0021543,,,,,,,,,,
LAB0021544,,,,,,,,,,
LAB0021545,,,,,,,,,,
LAB0021546,,,,,,,,,,
LAB0021547,,,,,,,,,,
LAB0021548,,,,,,,,,,
LAB0021549,,,,,,,,,,
LAB0021550,,,,,,,,,,
LAB0021551,,,,,,,,,,
LAB0021552,,,,,,,,,,
LAB0021553,,,,,,,,,,
LAB0021554,,,,,,,,,,
LAB0021555,,,,,,,,,,
LAB0021556,,,,,,,,,,
LAB0021557,,,,,,,,,,
LAB0021558,,,,,,,,,,
LAB0021559,,,,,,,,,,
LAB0021560,,,,,,,,,,
LAB0021561,,,,,,,,,,
LAB0021562,,,,,,,,,,
LAB0021563,,,,,,,,,,
LAB0021564,,,,,,,,,,
LAB0021565,,,,,,,,,,
LAB0021566,,,,,,,,,,
LAB0021567,,,,,,,,,,
LAB0021568,,,,,,,,,,
LAB0021569,,,,,,,,,,
LAB0021570,,,,,,,,,,
LAB0021571,,,,,,,,,,
LAB0021572,,,,,,,,,,
LAB0021573,,,,,,,,,,
LAB0021574,,,,,,,,,,
LAB0021575,,,,,,,,,,
LAB0021576,,,,,,,,,,
LAB0021577,,,,,,,,,,
LAB0021578,,,,,,,,,,
LAB0021579,,,,,,,,,,
LAB0021580,,,,,,,,,,
LAB0021581,,,,,,,,,,
LAB0021582,,,,,,,,,,
LAB0021583,,,,,,,,,,
LAB0021584,,,,,,,,,,
LAB0021585,,,,,,,,,,
LAB0021586,,,,,,,,,,
LAB0021587,,,,,,,,,,
LAB0021588,,,,,,,,,,
LAB0021589,,,,,,,,,,
LAB0021590,,,,,,,,,,
LAB0021591,,,,,,,,,,
LAB0021592,,,,,,,,,,
LAB0021593,,,,,,,,,,
LAB0021594,,,,,,,,,,
LAB0021595,,,,,,,,,,
LAB0021596,,,,,,,,,,
LAB0021597,,,,,,,,,,
LAB0021598,,,,,,,,,,
LAB0021599,,,,,,,,,,
LAB0021600,,,,,,,,,,
LAB0021601,,,,,,,,,,
LAB0021602,,,,,,,,,,
LAB0021603,,,,,,,,,,
LAB0021604,,,,,,,,,,
LAB0021605,,,,,,,,,,
LAB0021606,,,,,,,,,,
LAB0021607,,,,,,,,,,
LAB0021608,,,,,,,,,,
LAB0021609,,,,,,,,,,
LAB0021610,,,,,,,,,,
LAB0021611,,,,,,,,,,
LAB0021612,,,,,,,,,,
LAB0021613,,,,,,,,,,
LAB0021614,,,,,,,,,,
LAB0021615,,,,,,,,,,
LAB0021616,,,,,,,,,,
LAB0021617,,,,,,,,,,
LAB0021618,,,,,,,,,,
LAB0021619,,,,,,,,,,
LAB0021620,,,,,,,,,,
LAB0021621,,,,,,,,,,
LAB0021622,,,,,,,,,,
LAB0021623,,,,,,,,,,
LAB0021624,,,,,,,,,,
LAB0021625,,,,,,,,,,
LAB0021626,,,,,,,,,,
LAB0021627,,,,,,,,,,
LAB0021628,,,,,,,,,,
LAB0021629,,,,,,,,,,
LAB0021630,,,,,,,,,,
LAB0021631,,,,,,,,,,
LAB0021632,,,,,,,,,,
LAB0021633,,,,,,,,,,
LAB0021634,,,,,,,,,,
LAB0021635,,,,,,,,,,
LAB0021636,,,,,,,,,,
LAB0021637,,,,,,,,,,
LAB0021638,,,,,,,,,,
LAB0021639,,,,,,,,,,
LAB0021640,,,,,,,,,,
LAB0021641,,,,,,,,,,
LAB0021642,,,,,,,,,,
LAB0021643,,,,,,,,,,
LAB0021644,,,,,,,,,,
LAB0021645,,,,,,,,,,
LAB0021646,,,,,,,,,,
LAB0021647,,,,,,,,,,
LAB0021648,,,,,,,,,,
LAB0021649,,,,,,,,,,
LAB0021650,,,,,,,,,,
LAB0021651,,,,,,,,,,
LAB0021652,,,,,,,,,,
LAB0021653,,,,,,,,,,
LAB0021654,,,,,,,,,,
LAB0021655,,,,,,,,,,
LAB0021656,,,,,,,,,,
LAB0021657,,,,,,,,,,
LAB0021658,,,,,,,,,,
LAB0021659,,,,,,,,,,
LAB0021660,,,,,,,,,,
LAB0021661,,,,,,,,,,
LAB0021662,,,,,,,,,,
LAB0021663,,,,,,,,,,
LAB0021664,,,,,,,,,,
LAB0021665,,,,,,,,,,
LAB0021666,,,,,,,,,,
LAB0021667,,,,,,,,,,
LAB0021668,,,,,,,,,,
LAB0021669,,,,,,,,,,
LAB0021670,,,,,,,,,,
LAB0021671,,,,,,,,,,
LAB0021672,,,,,,,,,,
LAB0021673,,,,,,,,,,
LAB0021674,,,,,,,,,,
LAB0021675,,,,,,,,,,
LAB0021676,,,,,,,,,,
LAB0021677,,,,,,,,,,
LAB0021678,,,,,,,,,,
LAB0021679,,,,,,,,,,
LAB0021680,,,,,,,,,,
LAB0021681,,,,,,,,,,
LAB0021682,,,,,,,,,,
LAB0021683,,,,,,,,,,
LAB0021684,,,,,,,,,,
LAB0021685,,,,,,,,,,
LAB0021686,,,,,,,,,,
LAB0021687,,,,,,,,,,
LAB0021688,,,,,,,,,,
LAB0021689,,,,,,,,,,
LAB0021690,,,,,,,,,,
LAB0021691,,,,,,,,,,
LAB0021692,,,,,,,,,,
LAB0021693,,,,,,,,,,
LAB0021694,,,,,,,,,,
LAB0021695,,,,,,,,,,
LAB0021696,,,,,,,,,,
LAB0021697,,,,,,,,,,
LAB0021698,,,,,,,,,,
LAB0021699,,,,,,,,,,
LAB0021700,,,,,,,,,,
LAB0021701,,,,,,,,,,
LAB0021702,,,,,,,,,,
LAB0021703,,,,,,,,,,
LAB0021704,,,,,,,,,,
LAB0021705,,,,,,,,,,
LAB0021706,,,,,,,,,,
LAB0021707,,,,,,,,,,
LAB0021708,,,,,,,,,,
LAB0021709,,,,,,,,,,
LAB0021710,,,,,,,,,,
LAB0021711,,,,,,,,,,
LAB0021712,,,,,,,,,,
LAB0021713,,,,,,,,,,
LAB0021714,,,,,,,,,,
LAB0021715,,,,,,,,,,
LAB0021716,,,,,,,,,,
LAB0021717,,,,,,,,,,
LAB0021718,,,,,,,,,,
LAB0021719,,,,,,,,,,
LAB0021720,,,,,,,,,,
LAB0021721,,,,,,,,,,
LAB0021722,,,,,,,,,,
LAB0021723,,,,,,,,,,
LAB0021724,,,,,,,,,,
LAB0021725,,,,,,,,,,
LAB0021726,,,,,,,,,,
LAB0021727,,,,,,,,,,
LAB0021728,,,,,,,,,,
LAB0021729,,,,,,,,,,
LAB0021730,,,,,,,,,,
LAB0021731,,,,,,,,,,
LAB0021732,,,,,,,,,,
LAB0021733,,,,,,,,,,
LAB0021734,,,,,,,,,,
LAB0021735,,,,,,,,,,
LAB0021736,,,,,,,,,,
LAB0021737,,,,,,,,,,
LAB0021738,,,,,,,,,,
LAB0021739,,,,,,,,,,
LAB0021740,,,,,,,,,,
LAB0021741,,,,,,,,,,
LAB0021742,,,,,,,,,,
LAB0021743,,,,,,,,,,
LAB0021744,,,,,,,,,,
LAB0021745,,,,,,,,,,
LAB0021746,,,,,,,,,,
LAB0021747,,,,,,,,,,
LAB0021748,,,,,,,,,,
LAB0021749,,,,,,,,,,
LAB0021750,,,,,,,,,,
LAB0021751,,,,,,,,,,
LAB0021752,,,,,,,,,,
LAB0021753,,,,,,,,,,
LAB0021754,,,,,,,,,,
LAB0021755,,,,,,,,,,
LAB0021756,,,,,,,,,,
LAB0021757,,,,,,,,,,
LAB0021758,,,,,,,,,,
LAB0021759,,,,,,,,,,
LAB0021760,,,,,,,,,,
LAB0021761,,,,,,,,,,
LAB0021762,,,,,,,,,,
LAB0021763,,,,,,,,,,
LAB0021764,,,,,,,,,,
LAB0021765,,,,,,,,,,
LAB0021766,,,,,,,,,,
LAB0021767,,,,,,,,,,
LAB0021768,,,,,,,,,,
LAB0021769,,,,,,,,,,
LAB0021770,,,,,,,,,,
LAB0021771,,,,,,,,,,
LAB0021772,,,,,,,,,,
LAB0021773,,,,,,,,,,
LAB0021774,,,,,,,,,,
LAB0021775,,,,,,,,,,
LAB0021776,,,,,,,,,,
LAB0021777,,,,,,,,,,
LAB0021778,,,,,,,,,,
LAB0021779,,,,,,,,,,
LAB0021780,,,,,,,,,,
LAB0021781,,,,,,,,,,
LAB0021782,,,,,,,,,,
LAB0021783,,,,,,,,,,
LAB0021784,,,,,,,,,,
LAB0021785,,,,,,,,,,
LAB0021786,,,,,,,,,,
LAB0021787,,,,,,,,,,
LAB0021788,,,,,,,,,,
LAB0021789,,,,,,,,,,
LAB0021790,,,,,,,,,,
LAB0021791,,,,,,,,,,
LAB0021792,,,,,,,,,,
LAB0021793,,,,,,,,,,
LAB0021794,,,,,,,,,,
LAB0021795,,,,,,,,,,
LAB0021796,,,,,,,,,,
LAB0021797,,,,,,,,,,
LAB0021798,,,,,,,,,,
LAB0021799,,,,,,,,,,
LAB0021800,,,,,,,,,,
LAB0021801,,,,,,,,,,
LAB0021802,,,,,,,,,,
LAB0021803,,,,,,,,,,
LAB0021804,,,,,,,,,,
LAB0021805,,,,,,,,,,
LAB0021806,,,,,,,,,,
LAB0021807,,,,,,,,,,
LAB0021808,,,,,,,,,,
LAB0021809,,,,,,,,,,
LAB0021810,,,,,,,,,,
LAB0021811,,,,,,,,,,
LAB0021812,,,,,,,,,,
LAB0021813,,,,,,,,,,
LAB0021814,,,,,,,,,,
LAB0021815,,,,,,,,,,
LAB0021816,,,,,,,,,,
LAB0021817,,,,,,,,,,
LAB0021818,,,,,,,,,,
LAB0021819,,,,,,,,,,
LAB0021820,,,,,,,,,,
LAB0021821,,,,,,,,,,
LAB0021822,,,,,,,,,,
LAB0021823,,,,,,,,,,
LAB0021824,,,,,,,,,,
LAB0021825,,,,,,,,,,
LAB0021826,,,,,,,,,,
LAB0021827,,,,,,,,,,
LAB0021828,,,,,,,,,,
LAB0021829,,,,,,,,,,
LAB0021830,,,,,,,,,,
LAB0021831,,,,,,,,,,
LAB0021832,,,,,,,,,,
LAB0021833,,,,,,,,,,
LAB0021834,,,,,,,,,,
LAB0021835,,,,,,,,,,
LAB0021836,,,,,,,,,,
LAB0021837,,,,,,,,,,
LAB0021838,,,,,,,,,,
LAB0021839,,,,,,,,,,
LAB0021840,,,,,,,,,,
LAB0021841,,,,,,,,,,
LAB0021842,,,,,,,,,,
LAB0021843,,,,,,,,,,
LAB0021844,,,,,,,,,,
LAB0021845,,,,,,,,,,
LAB0021846,,,,,,,,,,
LAB0021847,,,,,,,,,,
LAB0021848,,,,,,,,,,
LAB0021849,,,,,,,,,,
LAB0021850,,,,,,,,,,
LAB0021851,,,,,,,,,,
LAB0021852,,,,,,,,,,
LAB0021853,,,,,,,,,,
LAB0021854,,,,,,,,,,
LAB0021855,,,,,,,,,,
LAB0021856,,,,,,,,,,
LAB0021857,,,,,,,,,,
LAB0021858,,,,,,,,,,
LAB0021859,,,,,,,,,,
LAB0021860,,,,,,,,,,
LAB0021861,,,,,,,,,,
LAB0021862,,,,,,,,,,
LAB0021863,,,,,,,,,,
LAB0021864,,,,,,,,,,
LAB0021865,,,,,,,,,,
LAB0021866,,,,,,,,,,
LAB0021867,,,,,,,,,,
LAB0021868,,,,,,,,,,
LAB0021869,,,,,,,,,,
LAB0021870,,,,,,,,,,
LAB0021871,,,,,,,,,,
LAB0021872,,,,,,,,,,
LAB0021873,,,,,,,,,,
LAB0021874,,,,,,,,,,
LAB0021875,,,,,,,,,,
LAB0021876,,,,,,,,,,
LAB0021877,,,,,,,,,,
LAB0021878,,,,,,,,,,
LAB0021879,,,,,,,,,,
LAB0021880,,,,,,,,,,
LAB0021881,,,,,,,,,,
LAB0021882,,,,,,,,,,
LAB0021883,,,,,,,,,,
LAB0021884,,,,,,,,,,
LAB0021885,,,,,,,,,,
LAB0021886,,,,,,,,,,
LAB0021887,,,,,,,,,,
LAB0021888,,,,,,,,,,
LAB0021889,,,,,,,,,,
LAB0021890,,,,,,,,,,
LAB0021891,,,,,,,,,,
LAB0021892,,,,,,,,,,
LAB0021893,,,,,,,,,,
LAB0021894,,,,,,,,,,
LAB0021895,,,,,,,,,,
LAB0021896,,,,,,,,,,
LAB0021897,,,,,,,,,,
LAB0021898,,,,,,,,,,
LAB0021899,,,,,,,,,,
LAB0021900,,,,,,,,,,
LAB0021901,,,,,,,,,,
LAB0021902,,,,,,,,,,
LAB0021903,,,,,,,,,,
LAB0021904,,,,,,,,,,
LAB0021905,,,,,,,,,,
LAB0021906,,,,,,,,,,
LAB0021907,,,,,,,,,,
LAB0021908,,,,,,,,,,
LAB0021909,,,,,,,,,,
LAB0021910,,,,,,,,,,
LAB0021911,,,,,,,,,,
LAB0021912,,,,,,,,,,
LAB0021913,,,,,,,,,,
LAB0021914,,,,,,,,,,
LAB0021915,,,,,,,,,,
LAB0021916,,,,,,,,,,
LAB0021917,,,,,,,,,,
LAB0021918,,,,,,,,,,
LAB0021919,,,,,,,,,,
LAB0021920,,,,,,,,,,
LAB0021921,,,,,,,,,,
LAB0021922,,,,,,,,,,
LAB0021923,,,,,,,,,,
LAB0021924,,,,,,,,,,
LAB0021925,,,,,,,,,,
LAB0021926,,,,,,,,,,
LAB0021927,,,,,,,,,,
LAB0021928,,,,,,,,,,
LAB0021929,,,,,,,,,,
LAB0021930,,,,,,,,,,
LAB0021931,,,,,,,,,,
LAB0021932,,,,,,,,,,
LAB0021933,,,,,,,,,,
LAB0021934,,,,,,,,,,
LAB0021935,,,,,,,,,,
LAB0021936,,,,,,,,,,
LAB0021937,,,,,,,,,,
LAB0021938,,,,,,,,,,
LAB0021939,,,,,,,,,,
LAB0021940,,,,,,,,,,
LAB0021941,,,,,,,,,,
LAB0021942,,,,,,,,,,
LAB0021943,,,,,,,,,,
LAB0021944,,,,,,,,,,
LAB0021945,,,,,,,,,,
LAB0021946,,,,,,,,,,
LAB0021947,,,,,,,,,,
LAB0021948,,,,,,,,,,
LAB0021949,,,,,,,,,,
LAB0021950,,,,,,,,,,
LAB0021951,,,,,,,,,,
LAB0021952,,,,,,,,,,
LAB0021953,,,,,,,,,,
LAB0021954,,,,,,,,,,
LAB0021955,,,,,,,,,,
LAB0021956,,,,,,,,,,
LAB0021957,,,,,,,,,,
LAB0021958,,,,,,,,,,
LAB0021959,,,,,,,,,,
LAB0021960,,,,,,,,,,
LAB0021961,,,,,,,,,,
LAB0021962,,,,,,,,,,
LAB0021963,,,,,,,,,,
LAB0021964,,,,,,,,,,
LAB0021965,,,,,,,,,,
LAB0021966,,,,,,,,,,
LAB0021967,,,,,,,,,,
LAB0021968,,,,,,,,,,
LAB0021969,,,,,,,,,,
LAB0021970,,,,,,,,,,
LAB0021971,,,,,,,,,,
LAB0021972,,,,,,,,,,
LAB0021973,,,,,,,,,,
LAB0021974,,,,,,,,,,
LAB0021975,,,,,,,,,,
LAB0021976,,,,,,,,,,
LAB0021977,,,,,,,,,,
LAB0021978,,,,,,,,,,
LAB0021979,,,,,,,,,,
LAB0021980,,,,,,,,,,
LAB0021981,,,,,,,,,,
LAB0021982,,,,,,,,,,
LAB0021983,,,,,,,,,,
LAB0021984,,,,,,,,,,
LAB0021985,,,,,,,,,,
LAB0021986,,,,,,,,,,
LAB0021987,,,,,,,,,,
LAB0021988,,,,,,,,,,
LAB0021989,,,,,,,,,,
LAB0021990,,,,,,,,,,
LAB0021991,,,,,,,,,,
LAB0021992,,,,,,,,,,
LAB0021993,,,,,,,,,,
LAB0021994,,,,,,,,,,
LAB0021995,,,,,,,,,,
LAB0021996,,,,,,,,,,
LAB0021997,,,,,,,,,,
LAB0021998,,,,,,,,,,
LAB0021999,,,,,,,,,,
LAB0022000,,,,,,,,,,
LAB0022001,,,,,,,,,,
LAB0022002,,,,,,,,,,
LAB0022003,,,,,,,,,,
LAB0022004,,,,,,,,,,
LAB0022005,,,,,,,,,,
LAB0022006,,,,,,,,,,
LAB0022007,,,,,,,,,,
LAB0022008,,,,,,,,,,
LAB0022009,,,,,,,,,,
LAB0022010,,,,,,,,,,
LAB0022011,,,,,,,,,,
LAB0022012,,,,,,,,,,
LAB0022013,,,,,,,,,,
LAB0022014,,,,,,,,,,
LAB0022015,,,,,,,,,,
LAB0022016,,,,,,,,,,
LAB0022017,,,,,,,,,,
LAB0022018,,,,,,,,,,
LAB0022019,,,,,,,,,,
LAB0022020,,,,,,,,,,
LAB0022021,,,,,,,,,,
LAB0022022,,,,,,,,,,
LAB0022023,,,,,,,,,,
LAB0022024,,,,,,,,,,
LAB0022025,,,,,,,,,,
LAB0022026,,,,,,,,,,
LAB0022027,,,,,,,,,,
LAB0022028,,,,,,,,,,
LAB0022029,,,,,,,,,,
LAB0022030,,,,,,,,,,
LAB0022031,,,,,,,,,,
LAB0022032,,,,,,,,,,
LAB0022033,,,,,,,,,,
LAB0022034,,,,,,,,,,
LAB0022035,,,,,,,,,,
LAB0022036,,,,,,,,,,
LAB0022037,,,,,,,,,,
LAB0022038,,,,,,,,,,
LAB0022039,,,,,,,,,,
LAB0022040,,,,,,,,,,
LAB0022041,,,,,,,,,,
LAB0022042,,,,,,,,,,
LAB0022043,,,,,,,,,,
LAB0022044,,,,,,,,,,
LAB0022045,,,,,,,,,,
LAB0022046,,,,,,,,,,
LAB0022047,,,,,,,,,,
LAB0022048,,,,,,,,,,
LAB0022049,,,,,,,,,,
LAB0022050,,,,,,,,,,
LAB0022051,,,,,,,,,,
LAB0022052,,,,,,,,,,
LAB0022053,,,,,,,,,,
LAB0022054,,,,,,,,,,
LAB0022055,,,,,,,,,,
LAB0022056,,,,,,,,,,
LAB0022057,,,,,,,,,,
LAB0022058,,,,,,,,,,
LAB0022059,,,,,,,,,,
LAB0022060,,,,,,,,,,
LAB0022061,,,,,,,,,,
LAB0022062,,,,,,,,,,
LAB0022063,,,,,,,,,,
LAB0022064,,,,,,,,,,
LAB0022065,,,,,,,,,,
LAB0022066,,,,,,,,,,
LAB0022067,,,,,,,,,,
LAB0022068,,,,,,,,,,
LAB0022069,,,,,,,,,,
LAB0022070,,,,,,,,,,
LAB0022071,,,,,,,,,,
LAB0022072,,,,,,,,,,
LAB0022073,,,,,,,,,,
LAB0022074,,,,,,,,,,
LAB0022075,,,,,,,,,,
LAB0022076,,,,,,,,,,
LAB0022077,,,,,,,,,,
LAB0022078,,,,,,,,,,
LAB0022079,,,,,,,,,,
LAB0022080,,,,,,,,,,
LAB0022081,,,,,,,,,,
LAB0022082,,,,,,,,,,
LAB0022083,,,,,,,,,,
LAB0022084,,,,,,,,,,
LAB0022085,,,,,,,,,,
LAB0022086,,,,,,,,,,
LAB0022087,,,,,,,,,,
LAB0022088,,,,,,,,,,
LAB0022089,,,,,,,,,,
LAB0022090,,,,,,,,,,
LAB0022091,,,,,,,,,,
LAB0022092,,,,,,,,,,
LAB0022093,,,,,,,,,,
LAB0022094,,,,,,,,,,
LAB0022095,,,,,,,,,,
LAB0022096,,,,,,,,,,
LAB0022097,,,,,,,,,,
LAB0022098,,,,,,,,,,
LAB0022099,,,,,,,,,,
LAB0022100,,,,,,,,,,
LAB0022101,,,,,,,,,,
LAB0022102,,,,,,,,,,
LAB0022103,,,,,,,,,,
LAB0022104,,,,,,,,,,
LAB0022105,,,,,,,,,,
LAB0022106,,,,,,,,,,
LAB0022107,,,,,,,,,,
LAB0022108,,,,,,,,,,
LAB0022109,,,,,,,,,,
LAB0022110,,,,,,,,,,
LAB0022111,,,,,,,,,,
LAB0022112,,,,,,,,,,
LAB0022113,,,,,,,,,,
LAB0022114,,,,,,,,,,
LAB0022115,,,,,,,,,,
LAB0022116,,,,,,,,,,
LAB0022117,,,,,,,,,,
LAB0022118,,,,,,,,,,
LAB0022119,,,,,,,,,,
LAB0022120,,,,,,,,,,
LAB0022121,,,,,,,,,,
LAB0022122,,,,,,,,,,
LAB0022123,,,,,,,,,,
LAB0022124,,,,,,,,,,
LAB0022125,,,,,,,,,,
LAB0022126,,,,,,,,,,
LAB0022127,,,,,,,,,,
LAB0022128,,,,,,,,,,
LAB0022129,,,,,,,,,,
LAB0022130,,,,,,,,,,
LAB0022131,,,,,,,,,,
LAB0022132,,,,,,,,,,
LAB0022133,,,,,,,,,,
LAB0022134,,,,,,,,,,
LAB0022135,,,,,,,,,,
LAB0022136,,,,,,,,,,
LAB0022137,,,,,,,,,,
LAB0022138,,,,,,,,,,
LAB0022139,,,,,,,,,,
LAB0022140,,,,,,,,,,
LAB0022141,,,,,,,,,,
LAB0022142,,,,,,,,,,
LAB0022143,,,,,,,,,,
LAB0022144,,,,,,,,,,
LAB0022145,,,,,,,,,,
LAB0022146,,,,,,,,,,
LAB0022147,,,,,,,,,,
LAB0022148,,,,,,,,,,
LAB0022149,,,,,,,,,,
LAB0022150,,,,,,,,,,
LAB0022151,,,,,,,,,,
LAB0022152,,,,,,,,,,
LAB0022153,,,,,,,,,,
LAB0022154,,,,,,,,,,
LAB0022155,,,,,,,,,,
LAB0022156,,,,,,,,,,
LAB0022157,,,,,,,,,,
LAB0022158,,,,,,,,,,
LAB0022159,,,,,,,,,,
LAB0022160,,,,,,,,,,
LAB0022161,,,,,,,,,,
LAB0022162,,,,,,,,,,
LAB0022163,,,,,,,,,,
LAB0022164,,,,,,,,,,
LAB0022165,,,,,,,,,,
LAB0022166,,,,,,,,,,
LAB0022167,,,,,,,,,,
LAB0022168,,,,,,,,,,
LAB0022169,,,,,,,,,,
LAB0022170,,,,,,,,,,
LAB0022171,,,,,,,,,,
LAB0022172,,,,,,,,,,
LAB0022173,,,,,,,,,,
LAB0022174,,,,,,,,,,
LAB0022175,,,,,,,,,,
LAB0022176,,,,,,,,,,
LAB0022177,,,,,,,,,,
LAB0022178,,,,,,,,,,
LAB0022179,,,,,,,,,,
LAB0022180,,,,,,,,,,
LAB0022181,,,,,,,,,,
LAB0022182,,,,,,,,,,
LAB0022183,,,,,,,,,,
LAB0022184,,,,,,,,,,
LAB0022185,,,,,,,,,,
LAB0022186,,,,,,,,,,
LAB0022187,,,,,,,,,,
LAB0022188,,,,,,,,,,
LAB0022189,,,,,,,,,,
LAB0022190,,,,,,,,,,
LAB0022191,,,,,,,,,,
LAB0022192,,,,,,,,,,
LAB0022193,,,,,,,,,,
LAB0022194,,,,,,,,,,
LAB0022195,,,,,,,,,,
LAB0022196,,,,,,,,,,
LAB0022197,,,,,,,,,,
LAB0022198,,,,,,,,,,
LAB0022199,,,,,,,,,,
LAB0022200,,,,,,,,,,
LAB0022201,,,,,,,,,,
LAB0022202,,,,,,,,,,
LAB0022203,,,,,,,,,,
LAB0022204,,,,,,,,,,
LAB0022205,,,,,,,,,,
LAB0022206,,,,,,,,,,
LAB0022207,,,,,,,,,,
LAB0022208,,,,,,,,,,
LAB0022209,,,,,,,,,,
LAB0022210,,,,,,,,,,
LAB0022211,,,,,,,,,,
LAB0022212,,,,,,,,,,
LAB0022213,,,,,,,,,,
LAB0022214,,,,,,,,,,
LAB0022215,,,,,,,,,,
LAB0022216,,,,,,,,,,
LAB0022217,,,,,,,,,,
LAB0022218,,,,,,,,,,
LAB0022219,,,,,,,,,,
LAB0022220,,,,,,,,,,
LAB0022221,,,,,,,,,,
LAB0022222,,,,,,,,,,
LAB0022223,,,,,,,,,,
LAB0022224,,,,,,,,,,
LAB0022225,,,,,,,,,,
LAB0022226,,,,,,,,,,
LAB0022227,,,,,,,,,,
LAB0022228,,,,,,,,,,
LAB0022229,,,,,,,,,,
LAB0022230,,,,,,,,,,
LAB0022231,,,,,,,,,,
LAB0022232,,,,,,,,,,
LAB0022233,,,,,,,,,,
LAB0022234,,,,,,,,,,
LAB0022235,,,,,,,,,,
LAB0022236,,,,,,,,,,
LAB0022237,,,,,,,,,,
LAB0022238,,,,,,,,,,
LAB0022239,,,,,,,,,,
LAB0022240,,,,,,,,,,
LAB0022241,,,,,,,,,,
LAB0022242,,,,,,,,,,
LAB0022243,,,,,,,,,,
LAB0022244,,,,,,,,,,
LAB0022245,,,,,,,,,,
LAB0022246,,,,,,,,,,
LAB0022247,,,,,,,,,,
LAB0022248,,,,,,,,,,
LAB0022249,,,,,,,,,,
LAB0022250,,,,,,,,,,
LAB0022251,,,,,,,,,,
LAB0022252,,,,,,,,,,
LAB0022253,,,,,,,,,,
LAB0022254,,,,,,,,,,
LAB0022255,,,,,,,,,,
LAB0022256,,,,,,,,,,
LAB0022257,,,,,,,,,,
LAB0022258,,,,,,,,,,
LAB0022259,,,,,,,,,,
LAB0022260,,,,,,,,,,
LAB0022261,,,,,,,,,,
LAB0022262,,,,,,,,,,
LAB0022263,,,,,,,,,,
LAB0022264,,,,,,,,,,
LAB0022265,,,,,,,,,,
LAB0022266,,,,,,,,,,
LAB0022267,,,,,,,,,,
LAB0022268,,,,,,,,,,
LAB0022269,,,,,,,,,,
LAB0022270,,,,,,,,,,
LAB0022271,,,,,,,,,,
LAB0022272,,,,,,,,,,
LAB0022273,,,,,,,,,,
LAB0022274,,,,,,,,,,
LAB0022275,,,,,,,,,,
LAB0022276,,,,,,,,,,
LAB0022277,,,,,,,,,,
LAB0022278,,,,,,,,,,
LAB0022279,,,,,,,,,,
LAB0022280,,,,,,,,,,
LAB0022281,,,,,,,,,,
LAB0022282,,,,,,,,,,
LAB0022283,,,,,,,,,,
LAB0022284,,,,,,,,,,
LAB0022285,,,,,,,,,,
LAB0022286,,,,,,,,,,
LAB0022287,,,,,,,,,,
LAB0022288,,,,,,,,,,
LAB0022289,,,,,,,,,,
LAB0022290,,,,,,,,,,
LAB0022291,,,,,,,,,,
LAB0022292,,,,,,,,,,
LAB0022293,,,,,,,,,,
LAB0022294,,,,,,,,,,
LAB0022295,,,,,,,,,,
LAB0022296,,,,,,,,,,
LAB0022297,,,,,,,,,,
LAB0022298,,,,,,,,,,
LAB0022299,,,,,,,,,,
LAB0022300,,,,,,,,,,
LAB0022301,,,,,,,,,,
LAB0022302,,,,,,,,,,
LAB0022303,,,,,,,,,,
LAB0022304,,,,,,,,,,
LAB0022305,,,,,,,,,,
LAB0022306,,,,,,,,,,
LAB0022307,,,,,,,,,,
LAB0022308,,,,,,,,,,
LAB0022309,,,,,,,,,,
LAB0022310,,,,,,,,,,
LAB0022311,,,,,,,,,,
LAB0022312,,,,,,,,,,
LAB0022313,,,,,,,,,,
LAB0022314,,,,,,,,,,
LAB0022315,,,,,,,,,,
LAB0022316,,,,,,,,,,
LAB0022317,,,,,,,,,,
LAB0022318,,,,,,,,,,
LAB0022319,,,,,,,,,,
LAB0022320,,,,,,,,,,
LAB0022321,,,,,,,,,,
LAB0022322,,,,,,,,,,
LAB0022323,,,,,,,,,,
LAB0022324,,,,,,,,,,
LAB0022325,,,,,,,,,,
LAB0022326,,,,,,,,,,
LAB0022327,,,,,,,,,,
LAB0022328,,,,,,,,,,
LAB0022329,,,,,,,,,,
LAB0022330,,,,,,,,,,
LAB0022331,,,,,,,,,,
LAB0022332,,,,,,,,,,
LAB0022333,,,,,,,,,,
LAB0022334,,,,,,,,,,
LAB0022335,,,,,,,,,,
LAB0022336,,,,,,,,,,
LAB0022337,,,,,,,,,,
LAB0022338,,,,,,,,,,
LAB0022339,,,,,,,,,,
LAB0022340,,,,,,,,,,
LAB0022341,,,,,,,,,,
LAB0022342,,,,,,,,,,
LAB0022343,,,,,,,,,,
LAB0022344,,,,,,,,,,
LAB0022345,,,,,,,,,,
LAB0022346,,,,,,,,,,
LAB0022347,,,,,,,,,,
LAB0022348,,,,,,,,,,
LAB0022349,,,,,,,,,,
LAB0022350,,,,,,,,,,
LAB0022351,,,,,,,,,,
LAB0022352,,,,,,,,,,
LAB0022353,,,,,,,,,,
LAB0022354,,,,,,,,,,
LAB0022355,,,,,,,,,,
LAB0022356,,,,,,,,,,
LAB0022357,,,,,,,,,,
LAB0022358,,,,,,,,,,
LAB0022359,,,,,,,,,,
LAB0022360,,,,,,,,,,
LAB0022361,,,,,,,,,,
LAB0022362,,,,,,,,,,
LAB0022363,,,,,,,,,,
LAB0022364,,,,,,,,,,
LAB0022365,,,,,,,,,,
LAB0022366,,,,,,,,,,
LAB0022367,,,,,,,,,,
LAB0022368,,,,,,,,,,
LAB0022369,,,,,,,,,,
LAB0022370,,,,,,,,,,
LAB0022371,,,,,,,,,,
LAB0022372,,,,,,,,,,
LAB0022373,,,,,,,,,,
LAB0022374,,,,,,,,,,
LAB0022375,,,,,,,,,,
LAB0022376,,,,,,,,,,
LAB0022377,,,,,,,,,,
LAB0022378,,,,,,,,,,
LAB0022379,,,,,,,,,,
LAB0022380,,,,,,,,,,
LAB0022381,,,,,,,,,,
LAB0022382,,,,,,,,,,
LAB0022383,,,,,,,,,,
LAB0022384,,,,,,,,,,
LAB0022385,,,,,,,,,,
LAB0022386,,,,,,,,,,
LAB0022387,,,,,,,,,,
LAB0022388,,,,,,,,,,
LAB0022389,,,,,,,,,,
LAB0022390,,,,,,,,,,
LAB0022391,,,,,,,,,,
LAB0022392,,,,,,,,,,
LAB0022393,,,,,,,,,,
LAB0022394,,,,,,,,,,
LAB0022395,,,,,,,,,,
LAB0022396,,,,,,,,,,
LAB0022397,,,,,,,,,,
LAB0022398,,,,,,,,,,
LAB0022399,,,,,,,,,,
LAB0022400,,,,,,,,,,
LAB0022401,,,,,,,,,,
LAB0022402,,,,,,,,,,
LAB0022403,,,,,,,,,,
LAB0022404,,,,,,,,,,
LAB0022405,,,,,,,,,,
LAB0022406,,,,,,,,,,
LAB0022407,,,,,,,,,,
LAB0022408,,,,,,,,,,
LAB0022409,,,,,,,,,,
LAB0022410,,,,,,,,,,
LAB0022411,,,,,,,,,,
LAB0022412,,,,,,,,,,
LAB0022413,,,,,,,,,,
LAB0022414,,,,,,,,,,
LAB0022415,,,,,,,,,,
LAB0022416,,,,,,,,,,
LAB0022417,,,,,,,,,,
LAB0022418,,,,,,,,,,
LAB0022419,,,,,,,,,,
LAB0022420,,,,,,,,,,
LAB0022421,,,,,,,,,,
LAB0022422,,,,,,,,,,
LAB0022423,,,,,,,,,,
LAB0022424,,,,,,,,,,
LAB0022425,,,,,,,,,,
LAB0022426,,,,,,,,,,
LAB0022427,,,,,,,,,,
LAB0022428,,,,,,,,,,
LAB0022429,,,,,,,,,,
LAB0022430,,,,,,,,,,
LAB0022431,,,,,,,,,,
LAB0022432,,,,,,,,,,
LAB0022433,,,,,,,,,,
LAB0022434,,,,,,,,,,
LAB0022435,,,,,,,,,,
LAB0022436,,,,,,,,,,
LAB0022437,,,,,,,,,,
LAB0022438,,,,,,,,,,
LAB0022439,,,,,,,,,,
LAB0022440,,,,,,,,,,
LAB0022441,,,,,,,,,,
LAB0022442,,,,,,,,,,
LAB0022443,,,,,,,,,,
LAB0022444,,,,,,,,,,
LAB0022445,,,,,,,,,,
LAB0022446,,,,,,,,,,
LAB0022447,,,,,,,,,,
LAB0022448,,,,,,,,,,
LAB0022449,,,,,,,,,,
LAB0022450,,,,,,,,,,
LAB0022451,,,,,,,,,,
LAB0022452,,,,,,,,,,
LAB0022453,,,,,,,,,,
LAB0022454,,,,,,,,,,
LAB0022455,,,,,,,,,,
LAB0022456,,,,,,,,,,
LAB0022457,,,,,,,,,,
LAB0022458,,,,,,,,,,
LAB0022459,,,,,,,,,,
LAB0022460,,,,,,,,,,
LAB0022461,,,,,,,,,,
LAB0022462,,,,,,,,,,
LAB0022463,,,,,,,,,,
LAB0022464,,,,,,,,,,
LAB0022465,,,,,,,,,,
LAB0022466,,,,,,,,,,
LAB0022467,,,,,,,,,,
LAB0022468,,,,,,,,,,
LAB0022469,,,,,,,,,,
LAB0022470,,,,,,,,,,
LAB0022471,,,,,,,,,,
LAB0022472,,,,,,,,,,
LAB0022473,,,,,,,,,,
LAB0022474,,,,,,,,,,
LAB0022475,,,,,,,,,,
LAB0022476,,,,,,,,,,
LAB0022477,,,,,,,,,,
LAB0022478,,,,,,,,,,
LAB0022479,,,,,,,,,,
LAB0022480,,,,,,,,,,
LAB0022481,,,,,,,,,,
LAB0022482,,,,,,,,,,
LAB0022483,,,,,,,,,,
LAB0022484,,,,,,,,,,
LAB0022485,,,,,,,,,,
LAB0022486,,,,,,,,,,
LAB0022487,,,,,,,,,,
LAB0022488,,,,,,,,,,
LAB0022489,,,,,,,,,,
LAB0022490,,,,,,,,,,
LAB0022491,,,,,,,,,,
LAB0022492,,,,,,,,,,
LAB0022493,,,,,,,,,,
LAB0022494,,,,,,,,,,
LAB0022495,,,,,,,,,,
LAB0022496,,,,,,,,,,
LAB0022497,,,,,,,,,,
LAB0022498,,,,,,,,,,
LAB0022499,,,,,,,,,,
LAB0022500,,,,,,,,,,
LAB0022501,,,,,,,,,,
LAB0022502,,,,,,,,,,
LAB0022503,,,,,,,,,,
LAB0022504,,,,,,,,,,
LAB0022505,,,,,,,,,,
LAB0022506,,,,,,,,,,
LAB0022507,,,,,,,,,,
LAB0022508,,,,,,,,,,
LAB0022509,,,,,,,,,,
LAB0022510,,,,,,,,,,
LAB0022511,,,,,,,,,,
LAB0022512,,,,,,,,,,
LAB0022513,,,,,,,,,,
LAB0022514,,,,,,,,,,
LAB0022515,,,,,,,,,,
LAB0022516,,,,,,,,,,
LAB0022517,,,,,,,,,,
LAB0022518,,,,,,,,,,
LAB0022519,,,,,,,,,,
LAB0022520,,,,,,,,,,
LAB0022521,,,,,,,,,,
LAB0022522,,,,,,,,,,
LAB0022523,,,,,,,,,,
LAB0022524,,,,,,,,,,
LAB0022525,,,,,,,,,,
LAB0022526,,,,,,,,,,
LAB0022527,,,,,,,,,,
LAB0022528,,,,,,,,,,
LAB0022529,,,,,,,,,,
LAB0022530,,,,,,,,,,
LAB0022531,,,,,,,,,,
LAB0022532,,,,,,,,,,
LAB0022533,,,,,,,,,,
LAB0022534,,,,,,,,,,
LAB0022535,,,,,,,,,,
LAB0022536,,,,,,,,,,
LAB0022537,,,,,,,,,,
LAB0022538,,,,,,,,,,
LAB0022539,,,,,,,,,,
LAB0022540,,,,,,,,,,
LAB0022541,,,,,,,,,,
LAB0022542,,,,,,,,,,
LAB0022543,,,,,,,,,,
LAB0022544,,,,,,,,,,
LAB0022545,,,,,,,,,,
LAB0022546,,,,,,,,,,
LAB0022547,,,,,,,,,,
LAB0022548,,,,,,,,,,
LAB0022549,,,,,,,,,,
LAB0022550,,,,,,,,,,
LAB0022551,,,,,,,,,,
LAB0022552,,,,,,,,,,
LAB0022553,,,,,,,,,,
LAB0022554,,,,,,,,,,
LAB0022555,,,,,,,,,,
LAB0022556,,,,,,,,,,
LAB0022557,,,,,,,,,,
LAB0022558,,,,,,,,,,
LAB0022559,,,,,,,,,,
LAB0022560,,,,,,,,,,
LAB0022561,,,,,,,,,,
LAB0022562,,,,,,,,,,
LAB0022563,,,,,,,,,,
LAB0022564,,,,,,,,,,
LAB0022565,,,,,,,,,,
LAB0022566,,,,,,,,,,
LAB0022567,,,,,,,,,,
LAB0022568,,,,,,,,,,
LAB0022569,,,,,,,,,,
LAB0022570,,,,,,,,,,
LAB0022571,,,,,,,,,,
LAB0022572,,,,,,,,,,
LAB0022573,,,,,,,,,,
LAB0022574,,,,,,,,,,
LAB0022575,,,,,,,,,,
LAB0022576,,,,,,,,,,
LAB0022577,,,,,,,,,,
LAB0022578,,,,,,,,,,
LAB0022579,,,,,,,,,,
LAB0022580,,,,,,,,,,
LAB0022581,,,,,,,,,,
LAB0022582,,,,,,,,,,
LAB0022583,,,,,,,,,,
LAB0022584,,,,,,,,,,
LAB0022585,,,,,,,,,,
LAB0022586,,,,,,,,,,
LAB0022587,,,,,,,,,,
LAB0022588,,,,,,,,,,
LAB0022589,,,,,,,,,,
LAB0022590,,,,,,,,,,
LAB0022591,,,,,,,,,,
LAB0022592,,,,,,,,,,
LAB0022593,,,,,,,,,,
LAB0022594,,,,,,,,,,
LAB0022595,,,,,,,,,,
LAB0022596,,,,,,,,,,
LAB0022597,,,,,,,,,,
LAB0022598,,,,,,,,,,
LAB0022599,,,,,,,,,,
LAB0022600,,,,,,,,,,
LAB0022601,,,,,,,,,,
LAB0022602,,,,,,,,,,
LAB0022603,,,,,,,,,,
LAB0022604,,,,,,,,,,
LAB0022605,,,,,,,,,,
LAB0022606,,,,,,,,,,
LAB0022607,,,,,,,,,,
LAB0022608,,,,,,,,,,
LAB0022609,,,,,,,,,,
LAB0022610,,,,,,,,,,
LAB0022611,,,,,,,,,,
LAB0022612,,,,,,,,,,
LAB0022613,,,,,,,,,,
LAB0022614,,,,,,,,,,
LAB0022615,,,,,,,,,,
LAB0022616,,,,,,,,,,
LAB0022617,,,,,,,,,,
LAB0022618,,,,,,,,,,
LAB0022619,,,,,,,,,,
LAB0022620,,,,,,,,,,
LAB0022621,,,,,,,,,,
LAB0022622,,,,,,,,,,
LAB0022623,,,,,,,,,,
LAB0022624,,,,,,,,,,
LAB0022625,,,,,,,,,,
LAB0022626,,,,,,,,,,
LAB0022627,,,,,,,,,,
LAB0022628,,,,,,,,,,
LAB0022629,,,,,,,,,,
LAB0022630,,,,,,,,,,
LAB0022631,,,,,,,,,,
LAB0022632,,,,,,,,,,
LAB0022633,,,,,,,,,,
LAB0022634,,,,,,,,,,
LAB0022635,,,,,,,,,,
LAB0022636,,,,,,,,,,
LAB0022637,,,,,,,,,,
LAB0022638,,,,,,,,,,
LAB0022639,,,,,,,,,,
LAB0022640,,,,,,,,,,
LAB0022641,,,,,,,,,,
LAB0022642,,,,,,,,,,
LAB0022643,,,,,,,,,,
LAB0022644,,,,,,,,,,
LAB0022645,,,,,,,,,,
LAB0022646,,,,,,,,,,
LAB0022647,,,,,,,,,,
LAB0022648,,,,,,,,,,
LAB0022649,,,,,,,,,,
LAB0022650,,,,,,,,,,
LAB0022651,,,,,,,,,,
LAB0022652,,,,,,,,,,
LAB0022653,,,,,,,,,,
LAB0022654,,,,,,,,,,
LAB0022655,,,,,,,,,,
LAB0022656,,,,,,,,,,
LAB0022657,,,,,,,,,,
LAB0022658,,,,,,,,,,
LAB0022659,,,,,,,,,,
LAB0022660,,,,,,,,,,
LAB0022661,,,,,,,,,,
LAB0022662,,,,,,,,,,
LAB0022663,,,,,,,,,,
LAB0022664,,,,,,,,,,
LAB0022665,,,,,,,,,,
LAB0022666,,,,,,,,,,
LAB0022667,,,,,,,,,,
LAB0022668,,,,,,,,,,
LAB0022669,,,,,,,,,,
LAB0022670,,,,,,,,,,
LAB0022671,,,,,,,,,,
LAB0022672,,,,,,,,,,
LAB0022673,,,,,,,,,,
LAB0022674,,,,,,,,,,
LAB0022675,,,,,,,,,,
LAB0022676,,,,,,,,,,
LAB0022677,,,,,,,,,,
LAB0022678,,,,,,,,,,
LAB0022679,,,,,,,,,,
LAB0022680,,,,,,,,,,
LAB0022681,,,,,,,,,,
LAB0022682,,,,,,,,,,
LAB0022683,,,,,,,,,,
LAB0022684,,,,,,,,,,
LAB0022685,,,,,,,,,,
LAB0022686,,,,,,,,,,
LAB0022687,,,,,,,,,,
LAB0022688,,,,,,,,,,
LAB0022689,,,,,,,,,,
LAB0022690,,,,,,,,,,
LAB0022691,,,,,,,,,,
LAB0022692,,,,,,,,,,
LAB0022693,,,,,,,,,,
LAB0022694,,,,,,,,,,
LAB0022695,,,,,,,,,,
LAB0022696,,,,,,,,,,
LAB0022697,,,,,,,,,,
LAB0022698,,,,,,,,,,
LAB0022699,,,,,,,,,,
LAB0022700,,,,,,,,,,
LAB0022701,,,,,,,,,,
LAB0022702,,,,,,,,,,
LAB0022703,,,,,,,,,,
LAB0022704,,,,,,,,,,
LAB0022705,,,,,,,,,,
LAB0022706,,,,,,,,,,
LAB0022707,,,,,,,,,,
LAB0022708,,,,,,,,,,
LAB0022709,,,,,,,,,,
LAB0022710,,,,,,,,,,
LAB0022711,,,,,,,,,,
LAB0022712,,,,,,,,,,
LAB0022713,,,,,,,,,,
LAB0022714,,,,,,,,,,
LAB0022715,,,,,,,,,,
LAB0022716,,,,,,,,,,
LAB0022717,,,,,,,,,,
LAB0022718,,,,,,,,,,
LAB0022719,,,,,,,,,,
LAB0022720,,,,,,,,,,
LAB0022721,,,,,,,,,,
LAB0022722,,,,,,,,,,
LAB0022723,,,,,,,,,,
LAB0022724,,,,,,,,,,
LAB0022725,,,,,,,,,,
LAB0022726,,,,,,,,,,
LAB0022727,,,,,,,,,,
LAB0022728,,,,,,,,,,
LAB0022729,,,,,,,,,,
LAB0022730,,,,,,,,,,
LAB0022731,,,,,,,,,,
LAB0022732,,,,,,,,,,
LAB0022733,,,,,,,,,,
LAB0022734,,,,,,,,,,
LAB0022735,,,,,,,,,,
LAB0022736,,,,,,,,,,
LAB0022737,,,,,,,,,,
LAB0022738,,,,,,,,,,
LAB0022739,,,,,,,,,,
LAB0022740,,,,,,,,,,
LAB0022741,,,,,,,,,,
LAB0022742,,,,,,,,,,
LAB0022743,,,,,,,,,,
LAB0022744,,,,,,,,,,
LAB0022745,,,,,,,,,,
LAB0022746,,,,,,,,,,
LAB0022747,,,,,,,,,,
LAB0022748,,,,,,,,,,
LAB0022749,,,,,,,,,,
LAB0022750,,,,,,,,,,
LAB0022751,,,,,,,,,,
LAB0022752,,,,,,,,,,
LAB0022753,,,,,,,,,,
LAB0022754,,,,,,,,,,
LAB0022755,,,,,,,,,,
LAB0022756,,,,,,,,,,
LAB0022757,,,,,,,,,,
LAB0022758,,,,,,,,,,
LAB0022759,,,,,,,,,,
LAB0022760,,,,,,,,,,
LAB0022761,,,,,,,,,,
LAB0022762,,,,,,,,,,
LAB0022763,,,,,,,,,,
LAB0022764,,,,,,,,,,
LAB0022765,,,,,,,,,,
LAB0022766,,,,,,,,,,
LAB0022767,,,,,,,,,,
LAB0022768,,,,,,,,,,
LAB0022769,,,,,,,,,,
LAB0022770,,,,,,,,,,
LAB0022771,,,,,,,,,,
LAB0022772,,,,,,,,,,
LAB0022773,,,,,,,,,,
LAB0022774,,,,,,,,,,
LAB0022775,,,,,,,,,,
LAB0022776,,,,,,,,,,
LAB0022777,,,,,,,,,,
LAB0022778,,,,,,,,,,
LAB0022779,,,,,,,,,,
LAB0022780,,,,,,,,,,
LAB0022781,,,,,,,,,,
LAB0022782,,,,,,,,,,
LAB0022783,,,,,,,,,,
LAB0022784,,,,,,,,,,
LAB0022785,,,,,,,,,,
LAB0022786,,,,,,,,,,
LAB0022787,,,,,,,,,,
LAB0022788,,,,,,,,,,
LAB0022789,,,,,,,,,,
LAB0022790,,,,,,,,,,
LAB0022791,,,,,,,,,,
LAB0022792,,,,,,,,,,
LAB0022793,,,,,,,,,,
LAB0022794,,,,,,,,,,
LAB0022795,,,,,,,,,,
LAB0022796,,,,,,,,,,
LAB0022797,,,,,,,,,,
LAB0022798,,,,,,,,,,
LAB0022799,,,,,,,,,,
LAB0022800,,,,,,,,,,
LAB0022801,,,,,,,,,,
LAB0022802,,,,,,,,,,
LAB0022803,,,,,,,,,,
LAB0022804,,,,,,,,,,
LAB0022805,,,,,,,,,,
LAB0022806,,,,,,,,,,
LAB0022807,,,,,,,,,,
LAB0022808,,,,,,,,,,
LAB0022809,,,,,,,,,,
LAB0022810,,,,,,,,,,
LAB0022811,,,,,,,,,,
LAB0022812,,,,,,,,,,
LAB0022813,,,,,,,,,,
LAB0022814,,,,,,,,,,
LAB0022815,,,,,,,,,,
LAB0022816,,,,,,,,,,
LAB0022817,,,,,,,,,,
LAB0022818,,,,,,,,,,
LAB0022819,,,,,,,,,,
LAB0022820,,,,,,,,,,
LAB0022821,,,,,,,,,,
LAB0022822,,,,,,,,,,
LAB0022823,,,,,,,,,,
LAB0022824,,,,,,,,,,
LAB0022825,,,,,,,,,,
LAB0022826,,,,,,,,,,
LAB0022827,,,,,,,,,,
LAB0022828,,,,,,,,,,
LAB0022829,,,,,,,,,,
LAB0022830,,,,,,,,,,
LAB0022831,,,,,,,,,,
LAB0022832,,,,,,,,,,
LAB0022833,,,,,,,,,,
LAB0022834,,,,,,,,,,
LAB0022835,,,,,,,,,,
LAB0022836,,,,,,,,,,
LAB0022837,,,,,,,,,,
LAB0022838,,,,,,,,,,
LAB0022839,,,,,,,,,,
LAB0022840,,,,,,,,,,
LAB0022841,,,,,,,,,,
LAB0022842,,,,,,,,,,
LAB0022843,,,,,,,,,,
LAB0022844,,,,,,,,,,
LAB0022845,,,,,,,,,,
LAB0022846,,,,,,,,,,
LAB0022847,,,,,,,,,,
LAB0022848,,,,,,,,,,
LAB0022849,,,,,,,,,,
LAB0022850,,,,,,,,,,
LAB0022851,,,,,,,,,,
LAB0022852,,,,,,,,,,
LAB0022853,,,,,,,,,,
LAB0022854,,,,,,,,,,
LAB0022855,,,,,,,,,,
LAB0022856,,,,,,,,,,
LAB0022857,,,,,,,,,,
LAB0022858,,,,,,,,,,
LAB0022859,,,,,,,,,,
LAB0022860,,,,,,,,,,
LAB0022861,,,,,,,,,,
LAB0022862,,,,,,,,,,
LAB0022863,,,,,,,,,,
LAB0022864,,,,,,,,,,
LAB0022865,,,,,,,,,,
LAB0022866,,,,,,,,,,
LAB0022867,,,,,,,,,,
LAB0022868,,,,,,,,,,
LAB0022869,,,,,,,,,,
LAB0022870,,,,,,,,,,
LAB0022871,,,,,,,,,,
LAB0022872,,,,,,,,,,
LAB0022873,,,,,,,,,,
LAB0022874,,,,,,,,,,
LAB0022875,,,,,,,,,,
LAB0022876,,,,,,,,,,
LAB0022877,,,,,,,,,,
LAB0022878,,,,,,,,,,
LAB0022879,,,,,,,,,,
LAB0022880,,,,,,,,,,
LAB0022881,,,,,,,,,,
LAB0022882,,,,,,,,,,
LAB0022883,,,,,,,,,,
LAB0022884,,,,,,,,,,
LAB0022885,,,,,,,,,,
LAB0022886,,,,,,,,,,
LAB0022887,,,,,,,,,,
LAB0022888,,,,,,,,,,
LAB0022889,,,,,,,,,,
LAB0022890,,,,,,,,,,
LAB0022891,,,,,,,,,,
LAB0022892,,,,,,,,,,
LAB0022893,,,,,,,,,,
LAB0022894,,,,,,,,,,
LAB0022895,,,,,,,,,,
LAB0022896,,,,,,,,,,
LAB0022897,,,,,,,,,,
LAB0022898,,,,,,,,,,
LAB0022899,,,,,,,,,,
LAB0022900,,,,,,,,,,
LAB0022901,,,,,,,,,,
LAB0022902,,,,,,,,,,
LAB0022903,,,,,,,,,,
LAB0022904,,,,,,,,,,
LAB0022905,,,,,,,,,,
LAB0022906,,,,,,,,,,
LAB0022907,,,,,,,,,,
LAB0022908,,,,,,,,,,
LAB0022909,,,,,,,,,,
LAB0022910,,,,,,,,,,
LAB0022911,,,,,,,,,,
LAB0022912,,,,,,,,,,
LAB0022913,,,,,,,,,,
LAB0022914,,,,,,,,,,
LAB0022915,,,,,,,,,,
LAB0022916,,,,,,,,,,
LAB0022917,,,,,,,,,,
LAB0022918,,,,,,,,,,
LAB0022919,,,,,,,,,,
LAB0022920,,,,,,,,,,
LAB0022921,,,,,,,,,,
LAB0022922,,,,,,,,,,
LAB0022923,,,,,,,,,,
LAB0022924,,,,,,,,,,
LAB0022925,,,,,,,,,,
LAB0022926,,,,,,,,,,
LAB0022927,,,,,,,,,,
LAB0022928,,,,,,,,,,
LAB0022929,,,,,,,,,,
LAB0022930,,,,,,,,,,
LAB0022931,,,,,,,,,,
LAB0022932,,,,,,,,,,
LAB0022933,,,,,,,,,,
LAB0022934,,,,,,,,,,
LAB0022935,,,,,,,,,,
LAB0022936,,,,,,,,,,
LAB0022937,,,,,,,,,,
LAB0022938,,,,,,,,,,
LAB0022939,,,,,,,,,,
LAB0022940,,,,,,,,,,
LAB0022941,,,,,,,,,,
LAB0022942,,,,,,,,,,
LAB0022943,,,,,,,,,,
LAB0022944,,,,,,,,,,
LAB0022945,,,,,,,,,,
LAB0022946,,,,,,,,,,
LAB0022947,,,,,,,,,,
LAB0022948,,,,,,,,,,
LAB0022949,,,,,,,,,,
LAB0022950,,,,,,,,,,
LAB0022951,,,,,,,,,,
LAB0022952,,,,,,,,,,
LAB0022953,,,,,,,,,,
LAB0022954,,,,,,,,,,
LAB0022955,,,,,,,,,,
LAB0022956,,,,,,,,,,
LAB0022957,,,,,,,,,,
LAB0022958,,,,,,,,,,
LAB0022959,,,,,,,,,,
LAB0022960,,,,,,,,,,
LAB0022961,,,,,,,,,,
LAB0022962,,,,,,,,,,
LAB0022963,,,,,,,,,,
LAB0022964,,,,,,,,,,
LAB0022965,,,,,,,,,,
LAB0022966,,,,,,,,,,
LAB0022967,,,,,,,,,,
LAB0022968,,,,,,,,,,
LAB0022969,,,,,,,,,,
LAB0022970,,,,,,,,,,
LAB0022971,,,,,,,,,,
LAB0022972,,,,,,,,,,
LAB0022973,,,,,,,,,,
LAB0022974,,,,,,,,,,
LAB0022975,,,,,,,,,,
LAB0022976,,,,,,,,,,
LAB0022977,,,,,,,,,,
LAB0022978,,,,,,,,,,
LAB0022979,,,,,,,,,,
LAB0022980,,,,,,,,,,
LAB0022981,,,,,,,,,,
LAB0022982,,,,,,,,,,
LAB0022983,,,,,,,,,,
LAB0022984,,,,,,,,,,
LAB0022985,,,,,,,,,,
LAB0022986,,,,,,,,,,
LAB0022987,,,,,,,,,,
LAB0022988,,,,,,,,,,
LAB0022989,,,,,,,,,,
LAB0022990,,,,,,,,,,
LAB0022991,,,,,,,,,,
LAB0022992,,,,,,,,,,
LAB0022993,,,,,,,,,,
LAB0022994,,,,,,,,,,
LAB0022995,,,,,,,,,,
LAB0022996,,,,,,,,,,
LAB0022997,,,,,,,,,,
LAB0022998,,,,,,,,,,
LAB0022999,,,,,,,,,,
LAB0023000,,,,,,,,,,
LAB0023001,,,,,,,,,,
LAB0023002,,,,,,,,,,
LAB0023003,,,,,,,,,,
LAB0023004,,,,,,,,,,
LAB0023005,,,,,,,,,,
LAB0023006,,,,,,,,,,
LAB0023007,,,,,,,,,,
LAB0023008,,,,,,,,,,
LAB0023009,,,,,,,,,,
LAB0023010,,,,,,,,,,
LAB0023011,,,,,,,,,,
LAB0023012,,,,,,,,,,
LAB0023013,,,,,,,,,,
LAB0023014,,,,,,,,,,
LAB0023015,,,,,,,,,,
LAB0023016,,,,,,,,,,
LAB0023017,,,,,,,,,,
LAB0023018,,,,,,,,,,
LAB0023019,,,,,,,,,,
LAB0023020,,,,,,,,,,
LAB0023021,,,,,,,,,,
LAB0023022,,,,,,,,,,
LAB0023023,,,,,,,,,,
LAB0023024,,,,,,,,,,
LAB0023025,,,,,,,,,,
LAB0023026,,,,,,,,,,
LAB0023027,,,,,,,,,,
LAB0023028,,,,,,,,,,
LAB0023029,,,,,,,,,,
LAB0023030,,,,,,,,,,
LAB0023031,,,,,,,,,,
LAB0023032,,,,,,,,,,
LAB0023033,,,,,,,,,,
LAB0023034,,,,,,,,,,
LAB0023035,,,,,,,,,,
LAB0023036,,,,,,,,,,
LAB0023037,,,,,,,,,,
LAB0023038,,,,,,,,,,
LAB0023039,,,,,,,,,,
LAB0023040,,,,,,,,,,
LAB0023041,,,,,,,,,,
LAB0023042,,,,,,,,,,
LAB0023043,,,,,,,,,,
LAB0023044,,,,,,,,,,
LAB0023045,,,,,,,,,,
LAB0023046,,,,,,,,,,
LAB0023047,,,,,,,,,,
LAB0023048,,,,,,,,,,
LAB0023049,,,,,,,,,,
LAB0023050,,,,,,,,,,
LAB0023051,,,,,,,,,,
LAB0023052,,,,,,,,,,
LAB0023053,,,,,,,,,,
LAB0023054,,,,,,,,,,
LAB0023055,,,,,,,,,,
LAB0023056,,,,,,,,,,
LAB0023057,,,,,,,,,,
LAB0023058,,,,,,,,,,
LAB0023059,,,,,,,,,,
LAB0023060,,,,,,,,,,
LAB0023061,,,,,,,,,,
LAB0023062,,,,,,,,,,
LAB0023063,,,,,,,,,,
LAB0023064,,,,,,,,,,
LAB0023065,,,,,,,,,,
LAB0023066,,,,,,,,,,
LAB0023067,,,,,,,,,,
LAB0023068,,,,,,,,,,
LAB0023069,,,,,,,,,,
LAB0023070,,,,,,,,,,
LAB0023071,,,,,,,,,,
LAB0023072,,,,,,,,,,
LAB0023073,,,,,,,,,,
LAB0023074,,,,,,,,,,
LAB0023075,,,,,,,,,,
LAB0023076,,,,,,,,,,
LAB0023077,,,,,,,,,,
LAB0023078,,,,,,,,,,
LAB0023079,,,,,,,,,,
LAB0023080,,,,,,,,,,
LAB0023081,,,,,,,,,,
LAB0023082,,,,,,,,,,
LAB0023083,,,,,,,,,,
LAB0023084,,,,,,,,,,
LAB0023085,,,,,,,,,,
LAB0023086,,,,,,,,,,
LAB0023087,,,,,,,,,,
LAB0023088,,,,,,,,,,
LAB0023089,,,,,,,,,,
LAB0023090,,,,,,,,,,
LAB0023091,,,,,,,,,,
LAB0023092,,,,,,,,,,
LAB0023093,,,,,,,,,,
LAB0023094,,,,,,,,,,
LAB0023095,,,,,,,,,,
LAB0023096,,,,,,,,,,
LAB0023097,,,,,,,,,,
LAB0023098,,,,,,,,,,
LAB0023099,,,,,,,,,,
LAB0023100,,,,,,,,,,
LAB0023101,,,,,,,,,,
LAB0023102,,,,,,,,,,
LAB0023103,,,,,,,,,,
LAB0023104,,,,,,,,,,
LAB0023105,,,,,,,,,,
LAB0023106,,,,,,,,,,
LAB0023107,,,,,,,,,,
LAB0023108,,,,,,,,,,
LAB0023109,,,,,,,,,,
LAB0023110,,,,,,,,,,
LAB0023111,,,,,,,,,,
LAB0023112,,,,,,,,,,
LAB0023113,,,,,,,,,,
LAB0023114,,,,,,,,,,
LAB0023115,,,,,,,,,,
LAB0023116,,,,,,,,,,
LAB0023117,,,,,,,,,,
LAB0023118,,,,,,,,,,
LAB0023119,,,,,,,,,,
LAB0023120,,,,,,,,,,
LAB0023121,,,,,,,,,,
LAB0023122,,,,,,,,,,
LAB0023123,,,,,,,,,,
LAB0023124,,,,,,,,,,
LAB0023125,,,,,,,,,,
LAB0023126,,,,,,,,,,
LAB0023127,,,,,,,,,,
LAB0023128,,,,,,,,,,
LAB0023129,,,,,,,,,,
LAB0023130,,,,,,,,,,
LAB0023131,,,,,,,,,,
LAB0023132,,,,,,,,,,
LAB0023133,,,,,,,,,,
LAB0023134,,,,,,,,,,
LAB0023135,,,,,,,,,,
LAB0023136,,,,,,,,,,
LAB0023137,,,,,,,,,,
LAB0023138,,,,,,,,,,
LAB0023139,,,,,,,,,,
LAB0023140,,,,,,,,,,
LAB0023141,,,,,,,,,,
LAB0023142,,,,,,,,,,
LAB0023143,,,,,,,,,,
LAB0023144,,,,,,,,,,
LAB0023145,,,,,,,,,,
LAB0023146,,,,,,,,,,
LAB0023147,,,,,,,,,,
LAB0023148,,,,,,,,,,
LAB0023149,,,,,,,,,,
LAB0023150,,,,,,,,,,
LAB0023151,,,,,,,,,,
LAB0023152,,,,,,,,,,
LAB0023153,,,,,,,,,,
LAB0023154,,,,,,,,,,
LAB0023155,,,,,,,,,,
LAB0023156,,,,,,,,,,
LAB0023157,,,,,,,,,,
LAB0023158,,,,,,,,,,
LAB0023159,,,,,,,,,,
LAB0023160,,,,,,,,,,
LAB0023161,,,,,,,,,,
LAB0023162,,,,,,,,,,
LAB0023163,,,,,,,,,,
LAB0023164,,,,,,,,,,
LAB0023165,,,,,,,,,,
LAB0023166,,,,,,,,,,
LAB0023167,,,,,,,,,,
LAB0023168,,,,,,,,,,
LAB0023169,,,,,,,,,,
LAB0023170,,,,,,,,,,
LAB0023171,,,,,,,,,,
LAB0023172,,,,,,,,,,
LAB0023173,,,,,,,,,,
LAB0023174,,,,,,,,,,
LAB0023175,,,,,,,,,,
LAB0023176,,,,,,,,,,
LAB0023177,,,,,,,,,,
LAB0023178,,,,,,,,,,
LAB0023179,,,,,,,,,,
LAB0023180,,,,,,,,,,
LAB0023181,,,,,,,,,,
LAB0023182,,,,,,,,,,
LAB0023183,,,,,,,,,,
LAB0023184,,,,,,,,,,
LAB0023185,,,,,,,,,,
LAB0023186,,,,,,,,,,
LAB0023187,,,,,,,,,,
LAB0023188,,,,,,,,,,
LAB0023189,,,,,,,,,,
LAB0023190,,,,,,,,,,
LAB0023191,,,,,,,,,,
LAB0023192,,,,,,,,,,
LAB0023193,,,,,,,,,,
LAB0023194,,,,,,,,,,
LAB0023195,,,,,,,,,,
LAB0023196,,,,,,,,,,
LAB0023197,,,,,,,,,,
LAB0023198,,,,,,,,,,
LAB0023199,,,,,,,,,,
LAB0023200,,,,,,,,,,
LAB0023201,,,,,,,,,,
LAB0023202,,,,,,,,,,
LAB0023203,,,,,,,,,,
LAB0023204,,,,,,,,,,
LAB0023205,,,,,,,,,,
LAB0023206,,,,,,,,,,
LAB0023207,,,,,,,,,,
LAB0023208,,,,,,,,,,
LAB0023209,,,,,,,,,,
LAB0023210,,,,,,,,,,
LAB0023211,,,,,,,,,,
LAB0023212,,,,,,,,,,
LAB0023213,,,,,,,,,,
LAB0023214,,,,,,,,,,
LAB0023215,,,,,,,,,,
LAB0023216,,,,,,,,,,
LAB0023217,,,,,,,,,,
LAB0023218,,,,,,,,,,
LAB0023219,,,,,,,,,,
LAB0023220,,,,,,,,,,
LAB0023221,,,,,,,,,,
LAB0023222,,,,,,,,,,
LAB0023223,,,,,,,,,,
LAB0023224,,,,,,,,,,
LAB0023225,,,,,,,,,,
LAB0023226,,,,,,,,,,
LAB0023227,,,,,,,,,,
LAB0023228,,,,,,,,,,
LAB0023229,,,,,,,,,,
LAB0023230,,,,,,,,,,
LAB0023231,,,,,,,,,,
LAB0023232,,,,,,,,,,
LAB0023233,,,,,,,,,,
LAB0023234,,,,,,,,,,
LAB0023235,,,,,,,,,,
LAB0023236,,,,,,,,,,
LAB0023237,,,,,,,,,,
LAB0023238,,,,,,,,,,
LAB0023239,,,,,,,,,,
LAB0023240,,,,,,,,,,
LAB0023241,,,,,,,,,,
LAB0023242,,,,,,,,,,
LAB0023243,,,,,,,,,,
LAB0023244,,,,,,,,,,
LAB0023245,,,,,,,,,,
LAB0023246,,,,,,,,,,
LAB0023247,,,,,,,,,,
LAB0023248,,,,,,,,,,
LAB0023249,,,,,,,,,,
LAB0023250,,,,,,,,,,
LAB0023251,,,,,,,,,,
LAB0023252,,,,,,,,,,
LAB0023253,,,,,,,,,,
LAB0023254,,,,,,,,,,
LAB0023255,,,,,,,,,,
LAB0023256,,,,,,,,,,
LAB0023257,,,,,,,,,,
LAB0023258,,,,,,,,,,
LAB0023259,,,,,,,,,,
LAB0023260,,,,,,,,,,
LAB0023261,,,,,,,,,,
LAB0023262,,,,,,,,,,
LAB0023263,,,,,,,,,,
LAB0023264,,,,,,,,,,
LAB0023265,,,,,,,,,,
LAB0023266,,,,,,,,,,
LAB0023267,,,,,,,,,,
LAB0023268,,,,,,,,,,
LAB0023269,,,,,,,,,,
LAB0023270,,,,,,,,,,
LAB0023271,,,,,,,,,,
LAB0023272,,,,,,,,,,
LAB0023273,,,,,,,,,,
LAB0023274,,,,,,,,,,
LAB0023275,,,,,,,,,,
LAB0023276,,,,,,,,,,
LAB0023277,,,,,,,,,,
LAB0023278,,,,,,,,,,
LAB0023279,,,,,,,,,,
LAB0023280,,,,,,,,,,
LAB0023281,,,,,,,,,,
LAB0023282,,,,,,,,,,
LAB0023283,,,,,,,,,,
LAB0023284,,,,,,,,,,
LAB0023285,,,,,,,,,,
LAB0023286,,,,,,,,,,
LAB0023287,,,,,,,,,,
LAB0023288,,,,,,,,,,
LAB0023289,,,,,,,,,,
LAB0023290,,,,,,,,,,
LAB0023291,,,,,,,,,,
LAB0023292,,,,,,,,,,
LAB0023293,,,,,,,,,,
LAB0023294,,,,,,,,,,
LAB0023295,,,,,,,,,,
LAB0023296,,,,,,,,,,
LAB0023297,,,,,,,,,,
LAB0023298,,,,,,,,,,
LAB0023299,,,,,,,,,,
LAB0023300,,,,,,,,,,
LAB0023301,,,,,,,,,,
LAB0023302,,,,,,,,,,
LAB0023303,,,,,,,,,,
LAB0023304,,,,,,,,,,
LAB0023305,,,,,,,,,,
LAB0023306,,,,,,,,,,
LAB0023307,,,,,,,,,,
LAB0023308,,,,,,,,,,
LAB0023309,,,,,,,,,,
LAB0023310,,,,,,,,,,
LAB0023311,,,,,,,,,,
LAB0023312,,,,,,,,,,
LAB0023313,,,,,,,,,,
LAB0023314,,,,,,,,,,
LAB0023315,,,,,,,,,,
LAB0023316,,,,,,,,,,
LAB0023317,,,,,,,,,,
LAB0023318,,,,,,,,,,
LAB0023319,,,,,,,,,,
LAB0023320,,,,,,,,,,
LAB0023321,,,,,,,,,,
LAB0023322,,,,,,,,,,
LAB0023323,,,,,,,,,,
LAB0023324,,,,,,,,,,
LAB0023325,,,,,,,,,,
LAB0023326,,,,,,,,,,
LAB0023327,,,,,,,,,,
LAB0023328,,,,,,,,,,
LAB0023329,,,,,,,,,,
LAB0023330,,,,,,,,,,
LAB0023331,,,,,,,,,,
LAB0023332,,,,,,,,,,
LAB0023333,,,,,,,,,,
LAB0023334,,,,,,,,,,
LAB0023335,,,,,,,,,,
LAB0023336,,,,,,,,,,
LAB0023337,,,,,,,,,,
LAB0023338,,,,,,,,,,
LAB0023339,,,,,,,,,,
LAB0023340,,,,,,,,,,
LAB0023341,,,,,,,,,,
LAB0023342,,,,,,,,,,
LAB0023343,,,,,,,,,,
LAB0023344,,,,,,,,,,
LAB0023345,,,,,,,,,,
LAB0023346,,,,,,,,,,
LAB0023347,,,,,,,,,,
LAB0023348,,,,,,,,,,
LAB0023349,,,,,,,,,,
LAB0023350,,,,,,,,,,
LAB0023351,,,,,,,,,,
LAB0023352,,,,,,,,,,
LAB0023353,,,,,,,,,,
LAB0023354,,,,,,,,,,
LAB0023355,,,,,,,,,,
LAB0023356,,,,,,,,,,
LAB0023357,,,,,,,,,,
LAB0023358,,,,,,,,,,
LAB0023359,,,,,,,,,,
LAB0023360,,,,,,,,,,
LAB0023361,,,,,,,,,,
LAB0023362,,,,,,,,,,
LAB0023363,,,,,,,,,,
LAB0023364,,,,,,,,,,
LAB0023365,,,,,,,,,,
LAB0023366,,,,,,,,,,
LAB0023367,,,,,,,,,,
LAB0023368,,,,,,,,,,
LAB0023369,,,,,,,,,,
LAB0023370,,,,,,,,,,
LAB0023371,,,,,,,,,,
LAB0023372,,,,,,,,,,
LAB0023373,,,,,,,,,,
LAB0023374,,,,,,,,,,
LAB0023375,,,,,,,,,,
LAB0023376,,,,,,,,,,
LAB0023377,,,,,,,,,,
LAB0023378,,,,,,,,,,
LAB0023379,,,,,,,,,,
LAB0023380,,,,,,,,,,
LAB0023381,,,,,,,,,,
LAB0023382,,,,,,,,,,
LAB0023383,,,,,,,,,,
LAB0023384,,,,,,,,,,
LAB0023385,,,,,,,,,,
LAB0023386,,,,,,,,,,
LAB0023387,,,,,,,,,,
LAB0023388,,,,,,,,,,
LAB0023389,,,,,,,,,,
LAB0023390,,,,,,,,,,
LAB0023391,,,,,,,,,,
LAB0023392,,,,,,,,,,
LAB0023393,,,,,,,,,,
LAB0023394,,,,,,,,,,
LAB0023395,,,,,,,,,,
LAB0023396,,,,,,,,,,
LAB0023397,,,,,,,,,,
LAB0023398,,,,,,,,,,
LAB0023399,,,,,,,,,,
LAB0023400,,,,,,,,,,
LAB0023401,,,,,,,,,,
LAB0023402,,,,,,,,,,
LAB0023403,,,,,,,,,,
LAB0023404,,,,,,,,,,
LAB0023405,,,,,,,,,,
LAB0023406,,,,,,,,,,
LAB0023407,,,,,,,,,,
LAB0023408,,,,,,,,,,
LAB0023409,,,,,,,,,,
LAB0023410,,,,,,,,,,
LAB0023411,,,,,,,,,,
LAB0023412,,,,,,,,,,
LAB0023413,,,,,,,,,,
LAB0023414,,,,,,,,,,
LAB0023415,,,,,,,,,,
LAB0023416,,,,,,,,,,
LAB0023417,,,,,,,,,,
LAB0023418,,,,,,,,,,
LAB0023419,,,,,,,,,,
LAB0023420,,,,,,,,,,
LAB0023421,,,,,,,,,,
LAB0023422,,,,,,,,,,
LAB0023423,,,,,,,,,,
LAB0023424,,,,,,,,,,
LAB0023425,,,,,,,,,,
LAB0023426,,,,,,,,,,
LAB0023427,,,,,,,,,,
LAB0023428,,,,,,,,,,
LAB0023429,,,,,,,,,,
LAB0023430,,,,,,,,,,
LAB0023431,,,,,,,,,,
LAB0023432,,,,,,,,,,
LAB0023433,,,,,,,,,,
LAB0023434,,,,,,,,,,
LAB0023435,,,,,,,,,,
LAB0023436,,,,,,,,,,
LAB0023437,,,,,,,,,,
LAB0023438,,,,,,,,,,
LAB0023439,,,,,,,,,,
LAB0023440,,,,,,,,,,
LAB0023441,,,,,,,,,,
LAB0023442,,,,,,,,,,
LAB0023443,,,,,,,,,,
LAB0023444,,,,,,,,,,
LAB0023445,,,,,,,,,,
LAB0023446,,,,,,,,,,
LAB0023447,,,,,,,,,,
LAB0023448,,,,,,,,,,
LAB0023449,,,,,,,,,,
LAB0023450,,,,,,,,,,
LAB0023451,,,,,,,,,,
LAB0023452,,,,,,,,,,
LAB0023453,,,,,,,,,,
LAB0023454,,,,,,,,,,
LAB0023455,,,,,,,,,,
LAB0023456,,,,,,,,,,
LAB0023457,,,,,,,,,,
LAB0023458,,,,,,,,,,
LAB0023459,,,,,,,,,,
LAB0023460,,,,,,,,,,
LAB0023461,,,,,,,,,,
LAB0023462,,,,,,,,,,
LAB0023463,,,,,,,,,,
LAB0023464,,,,,,,,,,
LAB0023465,,,,,,,,,,
LAB0023466,,,,,,,,,,
LAB0023467,,,,,,,,,,
LAB0023468,,,,,,,,,,
LAB0023469,,,,,,,,,,
LAB0023470,,,,,,,,,,
LAB0023471,,,,,,,,,,
LAB0023472,,,,,,,,,,
LAB0023473,,,,,,,,,,
LAB0023474,,,,,,,,,,
LAB0023475,,,,,,,,,,
LAB0023476,,,,,,,,,,
LAB0023477,,,,,,,,,,
LAB0023478,,,,,,,,,,
LAB0023479,,,,,,,,,,
LAB0023480,,,,,,,,,,
LAB0023481,,,,,,,,,,
LAB0023482,,,,,,,,,,
LAB0023483,,,,,,,,,,
LAB0023484,,,,,,,,,,
LAB0023485,,,,,,,,,,
LAB0023486,,,,,,,,,,
LAB0023487,,,,,,,,,,
LAB0023488,,,,,,,,,,
LAB0023489,,,,,,,,,,
LAB0023490,,,,,,,,,,
LAB0023491,,,,,,,,,,
LAB0023492,,,,,,,,,,
LAB0023493,,,,,,,,,,
LAB0023494,,,,,,,,,,
LAB0023495,,,,,,,,,,
LAB0023496,,,,,,,,,,
LAB0023497,,,,,,,,,,
LAB0023498,,,,,,,,,,
LAB0023499,,,,,,,,,,
LAB0023500,,,,,,,,,,
LAB0023501,,,,,,,,,,
LAB0023502,,,,,,,,,,
LAB0023503,,,,,,,,,,
LAB0023504,,,,,,,,,,
LAB0023505,,,,,,,,,,
LAB0023506,,,,,,,,,,
LAB0023507,,,,,,,,,,
LAB0023508,,,,,,,,,,
LAB0023509,,,,,,,,,,
LAB0023510,,,,,,,,,,
LAB0023511,,,,,,,,,,
LAB0023512,,,,,,,,,,
LAB0023513,,,,,,,,,,
LAB0023514,,,,,,,,,,
LAB0023515,,,,,,,,,,
LAB0023516,,,,,,,,,,
LAB0023517,,,,,,,,,,
LAB0023518,,,,,,,,,,
LAB0023519,,,,,,,,,,
LAB0023520,,,,,,,,,,
LAB0023521,,,,,,,,,,
LAB0023522,,,,,,,,,,
LAB0023523,,,,,,,,,,
LAB0023524,,,,,,,,,,
LAB0023525,,,,,,,,,,
LAB0023526,,,,,,,,,,
LAB0023527,,,,,,,,,,
LAB0023528,,,,,,,,,,
LAB0023529,,,,,,,,,,
LAB0023530,,,,,,,,,,
LAB0023531,,,,,,,,,,
LAB0023532,,,,,,,,,,
LAB0023533,,,,,,,,,,
LAB0023534,,,,,,,,,,
LAB0023535,,,,,,,,,,
LAB0023536,,,,,,,,,,
LAB0023537,,,,,,,,,,
LAB0023538,,,,,,,,,,
LAB0023539,,,,,,,,,,
LAB0023540,,,,,,,,,,
LAB0023541,,,,,,,,,,
LAB0023542,,,,,,,,,,
LAB0023543,,,,,,,,,,
LAB0023544,,,,,,,,,,
LAB0023545,,,,,,,,,,
LAB0023546,,,,,,,,,,
LAB0023547,,,,,,,,,,
LAB0023548,,,,,,,,,,
LAB0023549,,,,,,,,,,
LAB0023550,,,,,,,,,,
LAB0023551,,,,,,,,,,
LAB0023552,,,,,,,,,,
LAB0023553,,,,,,,,,,
LAB0023554,,,,,,,,,,
LAB0023555,,,,,,,,,,
LAB0023556,,,,,,,,,,
LAB0023557,,,,,,,,,,
LAB0023558,,,,,,,,,,
LAB0023559,,,,,,,,,,
LAB0023560,,,,,,,,,,
LAB0023561,,,,,,,,,,
LAB0023562,,,,,,,,,,
LAB0023563,,,,,,,,,,
LAB0023564,,,,,,,,,,
LAB0023565,,,,,,,,,,
LAB0023566,,,,,,,,,,
LAB0023567,,,,,,,,,,
LAB0023568,,,,,,,,,,
LAB0023569,,,,,,,,,,
LAB0023570,,,,,,,,,,
LAB0023571,,,,,,,,,,
LAB0023572,,,,,,,,,,
LAB0023573,,,,,,,,,,
LAB0023574,,,,,,,,,,
LAB0023575,,,,,,,,,,
LAB0023576,,,,,,,,,,
LAB0023577,,,,,,,,,,
LAB0023578,,,,,,,,,,
LAB0023579,,,,,,,,,,
LAB0023580,,,,,,,,,,
LAB0023581,,,,,,,,,,
LAB0023582,,,,,,,,,,
LAB0023583,,,,,,,,,,
LAB0023584,,,,,,,,,,
LAB0023585,,,,,,,,,,
LAB0023586,,,,,,,,,,
LAB0023587,,,,,,,,,,
LAB0023588,,,,,,,,,,
LAB0023589,,,,,,,,,,
LAB0023590,,,,,,,,,,
LAB0023591,,,,,,,,,,
LAB0023592,,,,,,,,,,
LAB0023593,,,,,,,,,,
LAB0023594,,,,,,,,,,
LAB0023595,,,,,,,,,,
LAB0023596,,,,,,,,,,
LAB0023597,,,,,,,,,,
LAB0023598,,,,,,,,,,
LAB0023599,,,,,,,,,,
LAB0023600,,,,,,,,,,
LAB0023601,,,,,,,,,,
LAB0023602,,,,,,,,,,
LAB0023603,,,,,,,,,,
LAB0023604,,,,,,,,,,
LAB0023605,,,,,,,,,,
LAB0023606,,,,,,,,,,
LAB0023607,,,,,,,,,,
LAB0023608,,,,,,,,,,
LAB0023609,,,,,,,,,,
LAB0023610,,,,,,,,,,
LAB0023611,,,,,,,,,,
LAB0023612,,,,,,,,,,
LAB0023613,,,,,,,,,,
LAB0023614,,,,,,,,,,
LAB0023615,,,,,,,,,,
LAB0023616,,,,,,,,,,
LAB0023617,,,,,,,,,,
LAB0023618,,,,,,,,,,
LAB0023619,,,,,,,,,,
LAB0023620,,,,,,,,,,
LAB0023621,,,,,,,,,,
LAB0023622,,,,,,,,,,
LAB0023623,,,,,,,,,,
LAB0023624,,,,,,,,,,
LAB0023625,,,,,,,,,,
LAB0023626,,,,,,,,,,
LAB0023627,,,,,,,,,,
LAB0023628,,,,,,,,,,
LAB0023629,,,,,,,,,,
LAB0023630,,,,,,,,,,
LAB0023631,,,,,,,,,,
LAB0023632,,,,,,,,,,
LAB0023633,,,,,,,,,,
LAB0023634,,,,,,,,,,
LAB0023635,,,,,,,,,,
LAB0023636,,,,,,,,,,
LAB0023637,,,,,,,,,,
LAB0023638,,,,,,,,,,
LAB0023639,,,,,,,,,,
LAB0023640,,,,,,,,,,
LAB0023641,,,,,,,,,,
LAB0023642,,,,,,,,,,
LAB0023643,,,,,,,,,,
LAB0023644,,,,,,,,,,
LAB0023645,,,,,,,,,,
LAB0023646,,,,,,,,,,
LAB0023647,,,,,,,,,,
LAB0023648,,,,,,,,,,
LAB0023649,,,,,,,,,,
LAB0023650,,,,,,,,,,
LAB0023651,,,,,,,,,,
LAB0023652,,,,,,,,,,
LAB0023653,,,,,,,,,,
LAB0023654,,,,,,,,,,
LAB0023655,,,,,,,,,,
LAB0023656,,,,,,,,,,
LAB0023657,,,,,,,,,,
LAB0023658,,,,,,,,,,
LAB0023659,,,,,,,,,,
LAB0023660,,,,,,,,,,
LAB0023661,,,,,,,,,,
LAB0023662,,,,,,,,,,
LAB0023663,,,,,,,,,,
LAB0023664,,,,,,,,,,
LAB0023665,,,,,,,,,,
LAB0023666,,,,,,,,,,
LAB0023667,,,,,,,,,,
LAB0023668,,,,,,,,,,
LAB0023669,,,,,,,,,,
LAB0023670,,,,,,,,,,
LAB0023671,,,,,,,,,,
LAB0023672,,,,,,,,,,
LAB0023673,,,,,,,,,,
LAB0023674,,,,,,,,,,
LAB0023675,,,,,,,,,,
LAB0023676,,,,,,,,,,
LAB0023677,,,,,,,,,,
LAB0023678,,,,,,,,,,
LAB0023679,,,,,,,,,,
LAB0023680,,,,,,,,,,
LAB0023681,,,,,,,,,,
LAB0023682,,,,,,,,,,
LAB0023683,,,,,,,,,,
LAB0023684,,,,,,,,,,
LAB0023685,,,,,,,,,,
LAB0023686,,,,,,,,,,
LAB0023687,,,,,,,,,,
LAB0023688,,,,,,,,,,
LAB0023689,,,,,,,,,,
LAB0023690,,,,,,,,,,
LAB0023691,,,,,,,,,,
LAB0023692,,,,,,,,,,
LAB0023693,,,,,,,,,,
LAB0023694,,,,,,,,,,
LAB0023695,,,,,,,,,,
LAB0023696,,,,,,,,,,
LAB0023697,,,,,,,,,,
LAB0023698,,,,,,,,,,
LAB0023699,,,,,,,,,,
LAB0023700,,,,,,,,,,
LAB0023701,,,,,,,,,,
LAB0023702,,,,,,,,,,
LAB0023703,,,,,,,,,,
LAB0023704,,,,,,,,,,
LAB0023705,,,,,,,,,,
LAB0023706,,,,,,,,,,
LAB0023707,,,,,,,,,,
LAB0023708,,,,,,,,,,
LAB0023709,,,,,,,,,,
LAB0023710,,,,,,,,,,
LAB0023711,,,,,,,,,,
LAB0023712,,,,,,,,,,
LAB0023713,,,,,,,,,,
LAB0023714,,,,,,,,,,
LAB0023715,,,,,,,,,,
LAB0023716,,,,,,,,,,
LAB0023717,,,,,,,,,,
LAB0023718,,,,,,,,,,
LAB0023719,,,,,,,,,,
LAB0023720,,,,,,,,,,
LAB0023721,,,,,,,,,,
LAB0023722,,,,,,,,,,
LAB0023723,,,,,,,,,,
LAB0023724,,,,,,,,,,
LAB0023725,,,,,,,,,,
LAB0023726,,,,,,,,,,
LAB0023727,,,,,,,,,,
LAB0023728,,,,,,,,,,
LAB0023729,,,,,,,,,,
LAB0023730,,,,,,,,,,
LAB0023731,,,,,,,,,,
LAB0023732,,,,,,,,,,
LAB0023733,,,,,,,,,,
LAB0023734,,,,,,,,,,
LAB0023735,,,,,,,,,,
LAB0023736,,,,,,,,,,
LAB0023737,,,,,,,,,,
LAB0023738,,,,,,,,,,
LAB0023739,,,,,,,,,,
LAB0023740,,,,,,,,,,
LAB0023741,,,,,,,,,,
LAB0023742,,,,,,,,,,
LAB0023743,,,,,,,,,,
LAB0023744,,,,,,,,,,
LAB0023745,,,,,,,,,,
LAB0023746,,,,,,,,,,
LAB0023747,,,,,,,,,,
LAB0023748,,,,,,,,,,
LAB0023749,,,,,,,,,,
LAB0023750,,,,,,,,,,
LAB0023751,,,,,,,,,,
LAB0023752,,,,,,,,,,
LAB0023753,,,,,,,,,,
LAB0023754,,,,,,,,,,
LAB0023755,,,,,,,,,,
LAB0023756,,,,,,,,,,
LAB0023757,,,,,,,,,,
LAB0023758,,,,,,,,,,
LAB0023759,,,,,,,,,,
LAB0023760,,,,,,,,,,
LAB0023761,,,,,,,,,,
LAB0023762,,,,,,,,,,
LAB0023763,,,,,,,,,,
LAB0023764,,,,,,,,,,
LAB0023765,,,,,,,,,,
LAB0023766,,,,,,,,,,
LAB0023767,,,,,,,,,,
LAB0023768,,,,,,,,,,
LAB0023769,,,,,,,,,,
LAB0023770,,,,,,,,,,
LAB0023771,,,,,,,,,,
LAB0023772,,,,,,,,,,
LAB0023773,,,,,,,,,,
LAB0023774,,,,,,,,,,
LAB0023775,,,,,,,,,,
LAB0023776,,,,,,,,,,
LAB0023777,,,,,,,,,,
LAB0023778,,,,,,,,,,
LAB0023779,,,,,,,,,,
LAB0023780,,,,,,,,,,
LAB0023781,,,,,,,,,,
LAB0023782,,,,,,,,,,
LAB0023783,,,,,,,,,,
LAB0023784,,,,,,,,,,
LAB0023785,,,,,,,,,,
LAB0023786,,,,,,,,,,
LAB0023787,,,,,,,,,,
LAB0023788,,,,,,,,,,
LAB0023789,,,,,,,,,,
LAB0023790,,,,,,,,,,
LAB0023791,,,,,,,,,,
LAB0023792,,,,,,,,,,
LAB0023793,,,,,,,,,,
LAB0023794,,,,,,,,,,
LAB0023795,,,,,,,,,,
LAB0023796,,,,,,,,,,
LAB0023797,,,,,,,,,,
LAB0023798,,,,,,,,,,
LAB0023799,,,,,,,,,,
LAB0023800,,,,,,,,,,
LAB0023801,,,,,,,,,,
LAB0023802,,,,,,,,,,
LAB0023803,,,,,,,,,,
LAB0023804,,,,,,,,,,
LAB0023805,,,,,,,,,,
LAB0023806,,,,,,,,,,
LAB0023807,,,,,,,,,,
LAB0023808,,,,,,,,,,
LAB0023809,,,,,,,,,,
LAB0023810,,,,,,,,,,
LAB0023811,,,,,,,,,,
LAB0023812,,,,,,,,,,
LAB0023813,,,,,,,,,,
LAB0023814,,,,,,,,,,
LAB0023815,,,,,,,,,,
LAB0023816,,,,,,,,,,
LAB0023817,,,,,,,,,,
LAB0023818,,,,,,,,,,
LAB0023819,,,,,,,,,,
LAB0023820,,,,,,,,,,
LAB0023821,,,,,,,,,,
LAB0023822,,,,,,,,,,
LAB0023823,,,,,,,,,,
LAB0023824,,,,,,,,,,
LAB0023825,,,,,,,,,,
LAB0023826,,,,,,,,,,
LAB0023827,,,,,,,,,,
LAB0023828,,,,,,,,,,
LAB0023829,,,,,,,,,,
LAB0023830,,,,,,,,,,
LAB0023831,,,,,,,,,,
LAB0023832,,,,,,,,,,
LAB0023833,,,,,,,,,,
LAB0023834,,,,,,,,,,
LAB0023835,,,,,,,,,,
LAB0023836,,,,,,,,,,
LAB0023837,,,,,,,,,,
LAB0023838,,,,,,,,,,
LAB0023839,,,,,,,,,,
LAB0023840,,,,,,,,,,
LAB0023841,,,,,,,,,,
LAB0023842,,,,,,,,,,
LAB0023843,,,,,,,,,,
LAB0023844,,,,,,,,,,
LAB0023845,,,,,,,,,,
LAB0023846,,,,,,,,,,
LAB0023847,,,,,,,,,,
LAB0023848,,,,,,,,,,
LAB0023849,,,,,,,,,,
LAB0023850,,,,,,,,,,
LAB0023851,,,,,,,,,,
LAB0023852,,,,,,,,,,
LAB0023853,,,,,,,,,,
LAB0023854,,,,,,,,,,
LAB0023855,,,,,,,,,,
LAB0023856,,,,,,,,,,
LAB0023857,,,,,,,,,,
LAB0023858,,,,,,,,,,
LAB0023859,,,,,,,,,,
LAB0023860,,,,,,,,,,
LAB0023861,,,,,,,,,,
LAB0023862,,,,,,,,,,
LAB0023863,,,,,,,,,,
LAB0023864,,,,,,,,,,
LAB0023865,,,,,,,,,,
LAB0023866,,,,,,,,,,
LAB0023867,,,,,,,,,,
LAB0023868,,,,,,,,,,
LAB0023869,,,,,,,,,,
LAB0023870,,,,,,,,,,
LAB0023871,,,,,,,,,,
LAB0023872,,,,,,,,,,
LAB0023873,,,,,,,,,,
LAB0023874,,,,,,,,,,
LAB0023875,,,,,,,,,,
LAB0023876,,,,,,,,,,
LAB0023877,,,,,,,,,,
LAB0023878,,,,,,,,,,
LAB0023879,,,,,,,,,,
LAB0023880,,,,,,,,,,
LAB0023881,,,,,,,,,,
LAB0023882,,,,,,,,,,
LAB0023883,,,,,,,,,,
LAB0023884,,,,,,,,,,
LAB0023885,,,,,,,,,,
LAB0023886,,,,,,,,,,
LAB0023887,,,,,,,,,,
LAB0023888,,,,,,,,,,
LAB0023889,,,,,,,,,,
LAB0023890,,,,,,,,,,
LAB0023891,,,,,,,,,,
LAB0023892,,,,,,,,,,
LAB0023893,,,,,,,,,,
LAB0023894,,,,,,,,,,
LAB0023895,,,,,,,,,,
LAB0023896,,,,,,,,,,
LAB0023897,,,,,,,,,,
LAB0023898,,,,,,,,,,
LAB0023899,,,,,,,,,,
LAB0023900,,,,,,,,,,
LAB0023901,,,,,,,,,,
LAB0023902,,,,,,,,,,
LAB0023903,,,,,,,,,,
LAB0023904,,,,,,,,,,
LAB0023905,,,,,,,,,,
LAB0023906,,,,,,,,,,
LAB0023907,,,,,,,,,,
LAB0023908,,,,,,,,,,
LAB0023909,,,,,,,,,,
LAB0023910,,,,,,,,,,
LAB0023911,,,,,,,,,,
LAB0023912,,,,,,,,,,
LAB0023913,,,,,,,,,,
LAB0023914,,,,,,,,,,
LAB0023915,,,,,,,,,,
LAB0023916,,,,,,,,,,
LAB0023917,,,,,,,,,,
LAB0023918,,,,,,,,,,
LAB0023919,,,,,,,,,,
LAB0023920,,,,,,,,,,
LAB0023921,,,,,,,,,,
LAB0023922,,,,,,,,,,
LAB0023923,,,,,,,,,,
LAB0023924,,,,,,,,,,
LAB0023925,,,,,,,,,,
LAB0023926,,,,,,,,,,
LAB0023927,,,,,,,,,,
LAB0023928,,,,,,,,,,
LAB0023929,,,,,,,,,,
LAB0023930,,,,,,,,,,
LAB0023931,,,,,,,,,,
LAB0023932,,,,,,,,,,
LAB0023933,,,,,,,,,,
LAB0023934,,,,,,,,,,
LAB0023935,,,,,,,,,,
LAB0023936,,,,,,,,,,
LAB0023937,,,,,,,,,,
LAB0023938,,,,,,,,,,
LAB0023939,,,,,,,,,,
LAB0023940,,,,,,,,,,
LAB0023941,,,,,,,,,,
LAB0023942,,,,,,,,,,
LAB0023943,,,,,,,,,,
LAB0023944,,,,,,,,,,
LAB0023945,,,,,,,,,,
LAB0023946,,,,,,,,,,
LAB0023947,,,,,,,,,,
LAB0023948,,,,,,,,,,
LAB0023949,,,,,,,,,,
LAB0023950,,,,,,,,,,
LAB0023951,,,,,,,,,,
LAB0023952,,,,,,,,,,
LAB0023953,,,,,,,,,,
LAB0023954,,,,,,,,,,
LAB0023955,,,,,,,,,,
LAB0023956,,,,,,,,,,
LAB0023957,,,,,,,,,,
LAB0023958,,,,,,,,,,
LAB0023959,,,,,,,,,,
LAB0023960,,,,,,,,,,
LAB0023961,,,,,,,,,,
LAB0023962,,,,,,,,,,
LAB0023963,,,,,,,,,,
LAB0023964,,,,,,,,,,
LAB0023965,,,,,,,,,,
LAB0023966,,,,,,,,,,
LAB0023967,,,,,,,,,,
LAB0023968,,,,,,,,,,
LAB0023969,,,,,,,,,,
LAB0023970,,,,,,,,,,
LAB0023971,,,,,,,,,,
LAB0023972,,,,,,,,,,
LAB0023973,,,,,,,,,,
LAB0023974,,,,,,,,,,
LAB0023975,,,,,,,,,,
LAB0023976,,,,,,,,,,
LAB0023977,,,,,,,,,,
LAB0023978,,,,,,,,,,
LAB0023979,,,,,,,,,,
LAB0023980,,,,,,,,,,
LAB0023981,,,,,,,,,,
LAB0023982,,,,,,,,,,
LAB0023983,,,,,,,,,,
LAB0023984,,,,,,,,,,
LAB0023985,,,,,,,,,,
LAB0023986,,,,,,,,,,
LAB0023987,,,,,,,,,,
LAB0023988,,,,,,,,,,
LAB0023989,,,,,,,,,,
LAB0023990,,,,,,,,,,
LAB0023991,,,,,,,,,,
LAB0023992,,,,,,,,,,
LAB0023993,,,,,,,,,,
LAB0023994,,,,,,,,,,
LAB0023995,,,,,,,,,,
LAB0023996,,,,,,,,,,
LAB0023997,,,,,,,,,,
LAB0023998,,,,,,,,,,
LAB0023999,,,,,,,,,,
LAB0024000,,,,,,,,,,
LAB0024001,,,,,,,,,,
LAB0024002,,,,,,,,,,
LAB0024003,,,,,,,,,,
LAB0024004,,,,,,,,,,
LAB0024005,,,,,,,,,,
LAB0024006,,,,,,,,,,
LAB0024007,,,,,,,,,,
LAB0024008,,,,,,,,,,
LAB0024009,,,,,,,,,,
LAB0024010,,,,,,,,,,
LAB0024011,,,,,,,,,,
LAB0024012,,,,,,,,,,
LAB0024013,,,,,,,,,,
LAB0024014,,,,,,,,,,
LAB0024015,,,,,,,,,,
LAB0024016,,,,,,,,,,
LAB0024017,,,,,,,,,,
LAB0024018,,,,,,,,,,
LAB0024019,,,,,,,,,,
LAB0024020,,,,,,,,,,
LAB0024021,,,,,,,,,,
LAB0024022,,,,,,,,,,
LAB0024023,,,,,,,,,,
LAB0024024,,,,,,,,,,
LAB0024025,,,,,,,,,,
LAB0024026,,,,,,,,,,
LAB0024027,,,,,,,,,,
LAB0024028,,,,,,,,,,
LAB0024029,,,,,,,,,,
LAB0024030,,,,,,,,,,
LAB0024031,,,,,,,,,,
LAB0024032,,,,,,,,,,
LAB0024033,,,,,,,,,,
LAB0024034,,,,,,,,,,
LAB0024035,,,,,,,,,,
LAB0024036,,,,,,,,,,
LAB0024037,,,,,,,,,,
LAB0024038,,,,,,,,,,
LAB0024039,,,,,,,,,,
LAB0024040,,,,,,,,,,
LAB0024041,,,,,,,,,,
LAB0024042,,,,,,,,,,
LAB0024043,,,,,,,,,,
LAB0024044,,,,,,,,,,
LAB0024045,,,,,,,,,,
LAB0024046,,,,,,,,,,
LAB0024047,,,,,,,,,,
LAB0024048,,,,,,,,,,
LAB0024049,,,,,,,,,,
LAB0024050,,,,,,,,,,
LAB0024051,,,,,,,,,,
LAB0024052,,,,,,,,,,
LAB0024053,,,,,,,,,,
LAB0024054,,,,,,,,,,
LAB0024055,,,,,,,,,,
LAB0024056,,,,,,,,,,
LAB0024057,,,,,,,,,,
LAB0024058,,,,,,,,,,
LAB0024059,,,,,,,,,,
LAB0024060,,,,,,,,,,
LAB0024061,,,,,,,,,,
LAB0024062,,,,,,,,,,
LAB0024063,,,,,,,,,,
LAB0024064,,,,,,,,,,
LAB0024065,,,,,,,,,,
LAB0024066,,,,,,,,,,
LAB0024067,,,,,,,,,,
LAB0024068,,,,,,,,,,
LAB0024069,,,,,,,,,,
LAB0024070,,,,,,,,,,
LAB0024071,,,,,,,,,,
LAB0024072,,,,,,,,,,
LAB0024073,,,,,,,,,,
LAB0024074,,,,,,,,,,
LAB0024075,,,,,,,,,,
LAB0024076,,,,,,,,,,
LAB0024077,,,,,,,,,,
LAB0024078,,,,,,,,,,
LAB0024079,,,,,,,,,,
LAB0024080,,,,,,,,,,
LAB0024081,,,,,,,,,,
LAB0024082,,,,,,,,,,
LAB0024083,,,,,,,,,,
LAB0024084,,,,,,,,,,
LAB0024085,,,,,,,,,,
LAB0024086,,,,,,,,,,
LAB0024087,,,,,,,,,,
LAB0024088,,,,,,,,,,
LAB0024089,,,,,,,,,,
LAB0024090,,,,,,,,,,
LAB0024091,,,,,,,,,,
LAB0024092,,,,,,,,,,
LAB0024093,,,,,,,,,,
LAB0024094,,,,,,,,,,
LAB0024095,,,,,,,,,,
LAB0024096,,,,,,,,,,
LAB0024097,,,,,,,,,,
LAB0024098,,,,,,,,,,
LAB0024099,,,,,,,,,,
LAB0024100,,,,,,,,,,
LAB0024101,,,,,,,,,,
LAB0024102,,,,,,,,,,
LAB0024103,,,,,,,,,,
LAB0024104,,,,,,,,,,
LAB0024105,,,,,,,,,,
LAB0024106,,,,,,,,,,
LAB0024107,,,,,,,,,,
LAB0024108,,,,,,,,,,
LAB0024109,,,,,,,,,,
LAB0024110,,,,,,,,,,
LAB0024111,,,,,,,,,,
LAB0024112,,,,,,,,,,
LAB0024113,,,,,,,,,,
LAB0024114,,,,,,,,,,
LAB0024115,,,,,,,,,,
LAB0024116,,,,,,,,,,
LAB0024117,,,,,,,,,,
LAB0024118,,,,,,,,,,
LAB0024119,,,,,,,,,,
LAB0024120,,,,,,,,,,
LAB0024121,,,,,,,,,,
LAB0024122,,,,,,,,,,
LAB0024123,,,,,,,,,,
LAB0024124,,,,,,,,,,
LAB0024125,,,,,,,,,,
LAB0024126,,,,,,,,,,
LAB0024127,,,,,,,,,,
LAB0024128,,,,,,,,,,
LAB0024129,,,,,,,,,,
LAB0024130,,,,,,,,,,
LAB0024131,,,,,,,,,,
LAB0024132,,,,,,,,,,
LAB0024133,,,,,,,,,,
LAB0024134,,,,,,,,,,
LAB0024135,,,,,,,,,,
LAB0024136,,,,,,,,,,
LAB0024137,,,,,,,,,,
LAB0024138,,,,,,,,,,
LAB0024139,,,,,,,,,,
LAB0024140,,,,,,,,,,
LAB0024141,,,,,,,,,,
LAB0024142,,,,,,,,,,
LAB0024143,,,,,,,,,,
LAB0024144,,,,,,,,,,
LAB0024145,,,,,,,,,,
LAB0024146,,,,,,,,,,
LAB0024147,,,,,,,,,,
LAB0024148,,,,,,,,,,
LAB0024149,,,,,,,,,,
LAB0024150,,,,,,,,,,
LAB0024151,,,,,,,,,,
LAB0024152,,,,,,,,,,
LAB0024153,,,,,,,,,,
LAB0024154,,,,,,,,,,
LAB0024155,,,,,,,,,,
LAB0024156,,,,,,,,,,
LAB0024157,,,,,,,,,,
LAB0024158,,,,,,,,,,
LAB0024159,,,,,,,,,,
LAB0024160,,,,,,,,,,
LAB0024161,,,,,,,,,,
LAB0024162,,,,,,,,,,
LAB0024163,,,,,,,,,,
LAB0024164,,,,,,,,,,
LAB0024165,,,,,,,,,,
LAB0024166,,,,,,,,,,
LAB0024167,,,,,,,,,,
LAB0024168,,,,,,,,,,
LAB0024169,,,,,,,,,,
LAB0024170,,,,,,,,,,
LAB0024171,,,,,,,,,,
LAB0024172,,,,,,,,,,
LAB0024173,,,,,,,,,,
LAB0024174,,,,,,,,,,
LAB0024175,,,,,,,,,,
LAB0024176,,,,,,,,,,
LAB0024177,,,,,,,,,,
LAB0024178,,,,,,,,,,
LAB0024179,,,,,,,,,,
LAB0024180,,,,,,,,,,
LAB0024181,,,,,,,,,,
LAB0024182,,,,,,,,,,
LAB0024183,,,,,,,,,,
LAB0024184,,,,,,,,,,
LAB0024185,,,,,,,,,,
LAB0024186,,,,,,,,,,
LAB0024187,,,,,,,,,,
LAB0024188,,,,,,,,,,
LAB0024189,,,,,,,,,,
LAB0024190,,,,,,,,,,
LAB0024191,,,,,,,,,,
LAB0024192,,,,,,,,,,
LAB0024193,,,,,,,,,,
LAB0024194,,,,,,,,,,
LAB0024195,,,,,,,,,,
LAB0024196,,,,,,,,,,
LAB0024197,,,,,,,,,,
LAB0024198,,,,,,,,,,
LAB0024199,,,,,,,,,,
LAB0024200,,,,,,,,,,
LAB0024201,,,,,,,,,,
LAB0024202,,,,,,,,,,
LAB0024203,,,,,,,,,,
LAB0024204,,,,,,,,,,
LAB0024205,,,,,,,,,,
LAB0024206,,,,,,,,,,
LAB0024207,,,,,,,,,,
LAB0024208,,,,,,,,,,
LAB0024209,,,,,,,,,,
LAB0024210,,,,,,,,,,
LAB0024211,,,,,,,,,,
LAB0024212,,,,,,,,,,
LAB0024213,,,,,,,,,,
LAB0024214,,,,,,,,,,
LAB0024215,,,,,,,,,,
LAB0024216,,,,,,,,,,
LAB0024217,,,,,,,,,,
LAB0024218,,,,,,,,,,
LAB0024219,,,,,,,,,,
LAB0024220,,,,,,,,,,
LAB0024221,,,,,,,,,,
LAB0024222,,,,,,,,,,
LAB0024223,,,,,,,,,,
LAB0024224,,,,,,,,,,
LAB0024225,,,,,,,,,,
LAB0024226,,,,,,,,,,
LAB0024227,,,,,,,,,,
LAB0024228,,,,,,,,,,
LAB0024229,,,,,,,,,,
LAB0024230,,,,,,,,,,
LAB0024231,,,,,,,,,,
LAB0024232,,,,,,,,,,
LAB0024233,,,,,,,,,,
LAB0024234,,,,,,,,,,
LAB0024235,,,,,,,,,,
LAB0024236,,,,,,,,,,
LAB0024237,,,,,,,,,,
LAB0024238,,,,,,,,,,
LAB0024239,,,,,,,,,,
LAB0024240,,,,,,,,,,
LAB0024241,,,,,,,,,,
LAB0024242,,,,,,,,,,
LAB0024243,,,,,,,,,,
LAB0024244,,,,,,,,,,
LAB0024245,,,,,,,,,,
LAB0024246,,,,,,,,,,
LAB0024247,,,,,,,,,,
LAB0024248,,,,,,,,,,
LAB0024249,,,,,,,,,,
LAB0024250,,,,,,,,,,
LAB0024251,,,,,,,,,,
LAB0024252,,,,,,,,,,
LAB0024253,,,,,,,,,,
LAB0024254,,,,,,,,,,
LAB0024255,,,,,,,,,,
LAB0024256,,,,,,,,,,
LAB0024257,,,,,,,,,,
LAB0024258,,,,,,,,,,
LAB0024259,,,,,,,,,,
LAB0024260,,,,,,,,,,
LAB0024261,,,,,,,,,,
LAB0024262,,,,,,,,,,
LAB0024263,,,,,,,,,,
LAB0024264,,,,,,,,,,
LAB0024265,,,,,,,,,,
LAB0024266,,,,,,,,,,
LAB0024267,,,,,,,,,,
LAB0024268,,,,,,,,,,
LAB0024269,,,,,,,,,,
LAB0024270,,,,,,,,,,
LAB0024271,,,,,,,,,,
LAB0024272,,,,,,,,,,
LAB0024273,,,,,,,,,,
LAB0024274,,,,,,,,,,
LAB0024275,,,,,,,,,,
LAB0024276,,,,,,,,,,
LAB0024277,,,,,,,,,,
LAB0024278,,,,,,,,,,
LAB0024279,,,,,,,,,,
LAB0024280,,,,,,,,,,
LAB0024281,,,,,,,,,,
LAB0024282,,,,,,,,,,
LAB0024283,,,,,,,,,,
LAB0024284,,,,,,,,,,
LAB0024285,,,,,,,,,,
LAB0024286,,,,,,,,,,
LAB0024287,,,,,,,,,,
LAB0024288,,,,,,,,,,
LAB0024289,,,,,,,,,,
LAB0024290,,,,,,,,,,
LAB0024291,,,,,,,,,,
LAB0024292,,,,,,,,,,
LAB0024293,,,,,,,,,,
LAB0024294,,,,,,,,,,
LAB0024295,,,,,,,,,,
LAB0024296,,,,,,,,,,
LAB0024297,,,,,,,,,,
LAB0024298,,,,,,,,,,
LAB0024299,,,,,,,,,,
LAB0024300,,,,,,,,,,
LAB0024301,,,,,,,,,,
LAB0024302,,,,,,,,,,
LAB0024303,,,,,,,,,,
LAB0024304,,,,,,,,,,
LAB0024305,,,,,,,,,,
LAB0024306,,,,,,,,,,
LAB0024307,,,,,,,,,,
LAB0024308,,,,,,,,,,
LAB0024309,,,,,,,,,,
LAB0024310,,,,,,,,,,
LAB0024311,,,,,,,,,,
LAB0024312,,,,,,,,,,
LAB0024313,,,,,,,,,,
LAB0024314,,,,,,,,,,
LAB0024315,,,,,,,,,,
LAB0024316,,,,,,,,,,
LAB0024317,,,,,,,,,,
LAB0024318,,,,,,,,,,
LAB0024319,,,,,,,,,,
LAB0024320,,,,,,,,,,
LAB0024321,,,,,,,,,,
LAB0024322,,,,,,,,,,
LAB0024323,,,,,,,,,,
LAB0024324,,,,,,,,,,
LAB0024325,,,,,,,,,,
LAB0024326,,,,,,,,,,
LAB0024327,,,,,,,,,,
LAB0024328,,,,,,,,,,
LAB0024329,,,,,,,,,,
LAB0024330,,,,,,,,,,
LAB0024331,,,,,,,,,,
LAB0024332,,,,,,,,,,
LAB0024333,,,,,,,,,,
LAB0024334,,,,,,,,,,
LAB0024335,,,,,,,,,,
LAB0024336,,,,,,,,,,
LAB0024337,,,,,,,,,,
LAB0024338,,,,,,,,,,
LAB0024339,,,,,,,,,,
LAB0024340,,,,,,,,,,
LAB0024341,,,,,,,,,,
LAB0024342,,,,,,,,,,
LAB0024343,,,,,,,,,,
LAB0024344,,,,,,,,,,
LAB0024345,,,,,,,,,,
LAB0024346,,,,,,,,,,
LAB0024347,,,,,,,,,,
LAB0024348,,,,,,,,,,
LAB0024349,,,,,,,,,,
LAB0024350,,,,,,,,,,
LAB0024351,,,,,,,,,,
LAB0024352,,,,,,,,,,
LAB0024353,,,,,,,,,,
LAB0024354,,,,,,,,,,
LAB0024355,,,,,,,,,,
LAB0024356,,,,,,,,,,
LAB0024357,,,,,,,,,,
LAB0024358,,,,,,,,,,
LAB0024359,,,,,,,,,,
LAB0024360,,,,,,,,,,
LAB0024361,,,,,,,,,,
LAB0024362,,,,,,,,,,
LAB0024363,,,,,,,,,,
LAB0024364,,,,,,,,,,
LAB0024365,,,,,,,,,,
LAB0024366,,,,,,,,,,
LAB0024367,,,,,,,,,,
LAB0024368,,,,,,,,,,
LAB0024369,,,,,,,,,,
LAB0024370,,,,,,,,,,
LAB0024371,,,,,,,,,,
LAB0024372,,,,,,,,,,
LAB0024373,,,,,,,,,,
LAB0024374,,,,,,,,,,
LAB0024375,,,,,,,,,,
LAB0024376,,,,,,,,,,
LAB0024377,,,,,,,,,,
LAB0024378,,,,,,,,,,
LAB0024379,,,,,,,,,,
LAB0024380,,,,,,,,,,
LAB0024381,,,,,,,,,,
LAB0024382,,,,,,,,,,
LAB0024383,,,,,,,,,,
LAB0024384,,,,,,,,,,
LAB0024385,,,,,,,,,,
LAB0024386,,,,,,,,,,
LAB0024387,,,,,,,,,,
LAB0024388,,,,,,,,,,
LAB0024389,,,,,,,,,,
LAB0024390,,,,,,,,,,
LAB0024391,,,,,,,,,,
LAB0024392,,,,,,,,,,
LAB0024393,,,,,,,,,,
LAB0024394,,,,,,,,,,
LAB0024395,,,,,,,,,,
LAB0024396,,,,,,,,,,
LAB0024397,,,,,,,,,,
LAB0024398,,,,,,,,,,
LAB0024399,,,,,,,,,,
LAB0024400,,,,,,,,,,
LAB0024401,,,,,,,,,,
LAB0024402,,,,,,,,,,
LAB0024403,,,,,,,,,,
LAB0024404,,,,,,,,,,
LAB0024405,,,,,,,,,,
LAB0024406,,,,,,,,,,
LAB0024407,,,,,,,,,,
LAB0024408,,,,,,,,,,
LAB0024409,,,,,,,,,,
LAB0024410,,,,,,,,,,
LAB0024411,,,,,,,,,,
LAB0024412,,,,,,,,,,
LAB0024413,,,,,,,,,,
LAB0024414,,,,,,,,,,
LAB0024415,,,,,,,,,,
LAB0024416,,,,,,,,,,
LAB0024417,,,,,,,,,,
LAB0024418,,,,,,,,,,
LAB0024419,,,,,,,,,,
LAB0024420,,,,,,,,,,
LAB0024421,,,,,,,,,,
LAB0024422,,,,,,,,,,
LAB0024423,,,,,,,,,,
LAB0024424,,,,,,,,,,
LAB0024425,,,,,,,,,,
LAB0024426,,,,,,,,,,
LAB0024427,,,,,,,,,,
LAB0024428,,,,,,,,,,
LAB0024429,,,,,,,,,,
LAB0024430,,,,,,,,,,
LAB0024431,,,,,,,,,,
LAB0024432,,,,,,,,,,
LAB0024433,,,,,,,,,,
LAB0024434,,,,,,,,,,
LAB0024435,,,,,,,,,,
LAB0024436,,,,,,,,,,
LAB0024437,,,,,,,,,,
LAB0024438,,,,,,,,,,
LAB0024439,,,,,,,,,,
LAB0024440,,,,,,,,,,
LAB0024441,,,,,,,,,,
LAB0024442,,,,,,,,,,
LAB0024443,,,,,,,,,,
LAB0024444,,,,,,,,,,
LAB0024445,,,,,,,,,,
LAB0024446,,,,,,,,,,
LAB0024447,,,,,,,,,,
LAB0024448,,,,,,,,,,
LAB0024449,,,,,,,,,,
LAB0024450,,,,,,,,,,
LAB0024451,,,,,,,,,,
LAB0024452,,,,,,,,,,
LAB0024453,,,,,,,,,,
LAB0024454,,,,,,,,,,
LAB0024455,,,,,,,,,,
LAB0024456,,,,,,,,,,
LAB0024457,,,,,,,,,,
LAB0024458,,,,,,,,,,
LAB0024459,,,,,,,,,,
LAB0024460,,,,,,,,,,
LAB0024461,,,,,,,,,,
LAB0024462,,,,,,,,,,
LAB0024463,,,,,,,,,,
LAB0024464,,,,,,,,,,
LAB0024465,,,,,,,,,,
LAB0024466,,,,,,,,,,
LAB0024467,,,,,,,,,,
LAB0024468,,,,,,,,,,
LAB0024469,,,,,,,,,,
LAB0024470,,,,,,,,,,
LAB0024471,,,,,,,,,,
LAB0024472,,,,,,,,,,
LAB0024473,,,,,,,,,,
LAB0024474,,,,,,,,,,
LAB0024475,,,,,,,,,,
LAB0024476,,,,,,,,,,
LAB0024477,,,,,,,,,,
LAB0024478,,,,,,,,,,
LAB0024479,,,,,,,,,,
LAB0024480,,,,,,,,,,
LAB0024481,,,,,,,,,,
LAB0024482,,,,,,,,,,
LAB0024483,,,,,,,,,,
LAB0024484,,,,,,,,,,
LAB0024485,,,,,,,,,,
LAB0024486,,,,,,,,,,
LAB0024487,,,,,,,,,,
LAB0024488,,,,,,,,,,
LAB0024489,,,,,,,,,,
LAB0024490,,,,,,,,,,
LAB0024491,,,,,,,,,,
LAB0024492,,,,,,,,,,
LAB0024493,,,,,,,,,,
LAB0024494,,,,,,,,,,
LAB0024495,,,,,,,,,,
LAB0024496,,,,,,,,,,
LAB0024497,,,,,,,,,,
LAB0024498,,,,,,,,,,
LAB0024499,,,,,,,,,,
LAB0024500,,,,,,,,,,
LAB0024501,,,,,,,,,,
LAB0024502,,,,,,,,,,
LAB0024503,,,,,,,,,,
LAB0024504,,,,,,,,,,
LAB0024505,,,,,,,,,,
LAB0024506,,,,,,,,,,
LAB0024507,,,,,,,,,,
LAB0024508,,,,,,,,,,
LAB0024509,,,,,,,,,,
LAB0024510,,,,,,,,,,
LAB0024511,,,,,,,,,,
LAB0024512,,,,,,,,,,
LAB0024513,,,,,,,,,,
LAB0024514,,,,,,,,,,
LAB0024515,,,,,,,,,,
LAB0024516,,,,,,,,,,
LAB0024517,,,,,,,,,,
LAB0024518,,,,,,,,,,
LAB0024519,,,,,,,,,,
LAB0024520,,,,,,,,,,
LAB0024521,,,,,,,,,,
LAB0024522,,,,,,,,,,
LAB0024523,,,,,,,,,,
LAB0024524,,,,,,,,,,
LAB0024525,,,,,,,,,,
LAB0024526,,,,,,,,,,
LAB0024527,,,,,,,,,,
LAB0024528,,,,,,,,,,
LAB0024529,,,,,,,,,,
LAB0024530,,,,,,,,,,
LAB0024531,,,,,,,,,,
LAB0024532,,,,,,,,,,
LAB0024533,,,,,,,,,,
LAB0024534,,,,,,,,,,
LAB0024535,,,,,,,,,,
LAB0024536,,,,,,,,,,
LAB0024537,,,,,,,,,,
LAB0024538,,,,,,,,,,
LAB0024539,,,,,,,,,,
LAB0024540,,,,,,,,,,
LAB0024541,,,,,,,,,,
LAB0024542,,,,,,,,,,
LAB0024543,,,,,,,,,,
LAB0024544,,,,,,,,,,
LAB0024545,,,,,,,,,,
LAB0024546,,,,,,,,,,
LAB0024547,,,,,,,,,,
LAB0024548,,,,,,,,,,
LAB0024549,,,,,,,,,,
LAB0024550,,,,,,,,,,
LAB0024551,,,,,,,,,,
LAB0024552,,,,,,,,,,
LAB0024553,,,,,,,,,,
LAB0024554,,,,,,,,,,
LAB0024555,,,,,,,,,,
LAB0024556,,,,,,,,,,
LAB0024557,,,,,,,,,,
LAB0024558,,,,,,,,,,
LAB0024559,,,,,,,,,,
LAB0024560,,,,,,,,,,
LAB0024561,,,,,,,,,,
LAB0024562,,,,,,,,,,
LAB0024563,,,,,,,,,,
LAB0024564,,,,,,,,,,
LAB0024565,,,,,,,,,,
LAB0024566,,,,,,,,,,
LAB0024567,,,,,,,,,,
LAB0024568,,,,,,,,,,
LAB0024569,,,,,,,,,,
LAB0024570,,,,,,,,,,
LAB0024571,,,,,,,,,,
LAB0024572,,,,,,,,,,
LAB0024573,,,,,,,,,,
LAB0024574,,,,,,,,,,
LAB0024575,,,,,,,,,,
LAB0024576,,,,,,,,,,
LAB0024577,,,,,,,,,,
LAB0024578,,,,,,,,,,
LAB0024579,,,,,,,,,,
LAB0024580,,,,,,,,,,
LAB0024581,,,,,,,,,,
LAB0024582,,,,,,,,,,
LAB0024583,,,,,,,,,,
LAB0024584,,,,,,,,,,
LAB0024585,,,,,,,,,,
LAB0024586,,,,,,,,,,
LAB0024587,,,,,,,,,,
LAB0024588,,,,,,,,,,
LAB0024589,,,,,,,,,,
LAB0024590,,,,,,,,,,
LAB0024591,,,,,,,,,,
LAB0024592,,,,,,,,,,
LAB0024593,,,,,,,,,,
LAB0024594,,,,,,,,,,
LAB0024595,,,,,,,,,,
LAB0024596,,,,,,,,,,
LAB0024597,,,,,,,,,,
LAB0024598,,,,,,,,,,
LAB0024599,,,,,,,,,,
LAB0024600,,,,,,,,,,
LAB0024601,,,,,,,,,,
LAB0024602,,,,,,,,,,
LAB0024603,,,,,,,,,,
LAB0024604,,,,,,,,,,
LAB0024605,,,,,,,,,,
LAB0024606,,,,,,,,,,
LAB0024607,,,,,,,,,,
LAB0024608,,,,,,,,,,
LAB0024609,,,,,,,,,,
LAB0024610,,,,,,,,,,
LAB0024611,,,,,,,,,,
LAB0024612,,,,,,,,,,
LAB0024613,,,,,,,,,,
LAB0024614,,,,,,,,,,
LAB0024615,,,,,,,,,,
LAB0024616,,,,,,,,,,
LAB0024617,,,,,,,,,,
LAB0024618,,,,,,,,,,
LAB0024619,,,,,,,,,,
LAB0024620,,,,,,,,,,
LAB0024621,,,,,,,,,,
LAB0024622,,,,,,,,,,
LAB0024623,,,,,,,,,,
LAB0024624,,,,,,,,,,
LAB0024625,,,,,,,,,,
LAB0024626,,,,,,,,,,
LAB0024627,,,,,,,,,,
LAB0024628,,,,,,,,,,
LAB0024629,,,,,,,,,,
LAB0024630,,,,,,,,,,
LAB0024631,,,,,,,,,,
LAB0024632,,,,,,,,,,
LAB0024633,,,,,,,,,,
LAB0024634,,,,,,,,,,
LAB0024635,,,,,,,,,,
LAB0024636,,,,,,,,,,
LAB0024637,,,,,,,,,,
LAB0024638,,,,,,,,,,
LAB0024639,,,,,,,,,,
LAB0024640,,,,,,,,,,
LAB0024641,,,,,,,,,,
LAB0024642,,,,,,,,,,
LAB0024643,,,,,,,,,,
LAB0024644,,,,,,,,,,
LAB0024645,,,,,,,,,,
LAB0024646,,,,,,,,,,
LAB0024647,,,,,,,,,,
LAB0024648,,,,,,,,,,
LAB0024649,,,,,,,,,,
LAB0024650,,,,,,,,,,
LAB0024651,,,,,,,,,,
LAB0024652,,,,,,,,,,
LAB0024653,,,,,,,,,,
LAB0024654,,,,,,,,,,
LAB0024655,,,,,,,,,,
LAB0024656,,,,,,,,,,
LAB0024657,,,,,,,,,,
LAB0024658,,,,,,,,,,
LAB0024659,,,,,,,,,,
LAB0024660,,,,,,,,,,
LAB0024661,,,,,,,,,,
LAB0024662,,,,,,,,,,
LAB0024663,,,,,,,,,,
LAB0024664,,,,,,,,,,
LAB0024665,,,,,,,,,,
LAB0024666,,,,,,,,,,
LAB0024667,,,,,,,,,,
LAB0024668,,,,,,,,,,
LAB0024669,,,,,,,,,,
LAB0024670,,,,,,,,,,
LAB0024671,,,,,,,,,,
LAB0024672,,,,,,,,,,
LAB0024673,,,,,,,,,,
LAB0024674,,,,,,,,,,
LAB0024675,,,,,,,,,,
LAB0024676,,,,,,,,,,
LAB0024677,,,,,,,,,,
LAB0024678,,,,,,,,,,
LAB0024679,,,,,,,,,,
LAB0024680,,,,,,,,,,
LAB0024681,,,,,,,,,,
LAB0024682,,,,,,,,,,
LAB0024683,,,,,,,,,,
LAB0024684,,,,,,,,,,
LAB0024685,,,,,,,,,,
LAB0024686,,,,,,,,,,
LAB0024687,,,,,,,,,,
LAB0024688,,,,,,,,,,
LAB0024689,,,,,,,,,,
LAB0024690,,,,,,,,,,
LAB0024691,,,,,,,,,,
LAB0024692,,,,,,,,,,
LAB0024693,,,,,,,,,,
LAB0024694,,,,,,,,,,
LAB0024695,,,,,,,,,,
LAB0024696,,,,,,,,,,
LAB0024697,,,,,,,,,,
LAB0024698,,,,,,,,,,
LAB0024699,,,,,,,,,,
LAB0024700,,,,,,,,,,
LAB0024701,,,,,,,,,,
LAB0024702,,,,,,,,,,
LAB0024703,,,,,,,,,,
LAB0024704,,,,,,,,,,
LAB0024705,,,,,,,,,,
LAB0024706,,,,,,,,,,
LAB0024707,,,,,,,,,,
LAB0024708,,,,,,,,,,
LAB0024709,,,,,,,,,,
LAB0024710,,,,,,,,,,
LAB0024711,,,,,,,,,,
LAB0024712,,,,,,,,,,
LAB0024713,,,,,,,,,,
LAB0024714,,,,,,,,,,
LAB0024715,,,,,,,,,,
LAB0024716,,,,,,,,,,
LAB0024717,,,,,,,,,,
LAB0024718,,,,,,,,,,
LAB0024719,,,,,,,,,,
LAB0024720,,,,,,,,,,
LAB0024721,,,,,,,,,,
LAB0024722,,,,,,,,,,
LAB0024723,,,,,,,,,,
LAB0024724,,,,,,,,,,
LAB0024725,,,,,,,,,,
LAB0024726,,,,,,,,,,
LAB0024727,,,,,,,,,,
LAB0024728,,,,,,,,,,
LAB0024729,,,,,,,,,,
LAB0024730,,,,,,,,,,
LAB0024731,,,,,,,,,,
LAB0024732,,,,,,,,,,
LAB0024733,,,,,,,,,,
LAB0024734,,,,,,,,,,
LAB0024735,,,,,,,,,,
LAB0024736,,,,,,,,,,
LAB0024737,,,,,,,,,,
LAB0024738,,,,,,,,,,
LAB0024739,,,,,,,,,,
LAB0024740,,,,,,,,,,
LAB0024741,,,,,,,,,,
LAB0024742,,,,,,,,,,
LAB0024743,,,,,,,,,,
LAB0024744,,,,,,,,,,
LAB0024745,,,,,,,,,,
LAB0024746,,,,,,,,,,
LAB0024747,,,,,,,,,,
LAB0024748,,,,,,,,,,
LAB0024749,,,,,,,,,,
LAB0024750,,,,,,,,,,
LAB0024751,,,,,,,,,,
LAB0024752,,,,,,,,,,
LAB0024753,,,,,,,,,,
LAB0024754,,,,,,,,,,
LAB0024755,,,,,,,,,,
LAB0024756,,,,,,,,,,
LAB0024757,,,,,,,,,,
LAB0024758,,,,,,,,,,
LAB0024759,,,,,,,,,,
LAB0024760,,,,,,,,,,
LAB0024761,,,,,,,,,,
LAB0024762,,,,,,,,,,
LAB0024763,,,,,,,,,,
LAB0024764,,,,,,,,,,
LAB0024765,,,,,,,,,,
LAB0024766,,,,,,,,,,
LAB0024767,,,,,,,,,,
LAB0024768,,,,,,,,,,
LAB0024769,,,,,,,,,,
LAB0024770,,,,,,,,,,
LAB0024771,,,,,,,,,,
LAB0024772,,,,,,,,,,
LAB0024773,,,,,,,,,,
LAB0024774,,,,,,,,,,
LAB0024775,,,,,,,,,,
LAB0024776,,,,,,,,,,
LAB0024777,,,,,,,,,,
LAB0024778,,,,,,,,,,
LAB0024779,,,,,,,,,,
LAB0024780,,,,,,,,,,
LAB0024781,,,,,,,,,,
LAB0024782,,,,,,,,,,
LAB0024783,,,,,,,,,,
LAB0024784,,,,,,,,,,
LAB0024785,,,,,,,,,,
LAB0024786,,,,,,,,,,
LAB0024787,,,,,,,,,,
LAB0024788,,,,,,,,,,
LAB0024789,,,,,,,,,,
LAB0024790,,,,,,,,,,
LAB0024791,,,,,,,,,,
LAB0024792,,,,,,,,,,
LAB0024793,,,,,,,,,,
LAB0024794,,,,,,,,,,
LAB0024795,,,,,,,,,,
LAB0024796,,,,,,,,,,
LAB0024797,,,,,,,,,,
LAB0024798,,,,,,,,,,
LAB0024799,,,,,,,,,,
LAB0024800,,,,,,,,,,
LAB0024801,,,,,,,,,,
LAB0024802,,,,,,,,,,
LAB0024803,,,,,,,,,,
LAB0024804,,,,,,,,,,
LAB0024805,,,,,,,,,,
LAB0024806,,,,,,,,,,
LAB0024807,,,,,,,,,,
LAB0024808,,,,,,,,,,
LAB0024809,,,,,,,,,,
LAB0024810,,,,,,,,,,
LAB0024811,,,,,,,,,,
LAB0024812,,,,,,,,,,
LAB0024813,,,,,,,,,,
LAB0024814,,,,,,,,,,
LAB0024815,,,,,,,,,,
LAB0024816,,,,,,,,,,
LAB0024817,,,,,,,,,,
LAB0024818,,,,,,,,,,
LAB0024819,,,,,,,,,,
LAB0024820,,,,,,,,,,
LAB0024821,,,,,,,,,,
LAB0024822,,,,,,,,,,
LAB0024823,,,,,,,,,,
LAB0024824,,,,,,,,,,
LAB0024825,,,,,,,,,,
LAB0024826,,,,,,,,,,
LAB0024827,,,,,,,,,,
LAB0024828,,,,,,,,,,
LAB0024829,,,,,,,,,,
LAB0024830,,,,,,,,,,
LAB0024831,,,,,,,,,,
LAB0024832,,,,,,,,,,
LAB0024833,,,,,,,,,,
LAB0024834,,,,,,,,,,
LAB0024835,,,,,,,,,,
LAB0024836,,,,,,,,,,
LAB0024837,,,,,,,,,,
LAB0024838,,,,,,,,,,
LAB0024839,,,,,,,,,,
LAB0024840,,,,,,,,,,
LAB0024841,,,,,,,,,,
LAB0024842,,,,,,,,,,
LAB0024843,,,,,,,,,,
LAB0024844,,,,,,,,,,
LAB0024845,,,,,,,,,,
LAB0024846,,,,,,,,,,
LAB0024847,,,,,,,,,,
LAB0024848,,,,,,,,,,
LAB0024849,,,,,,,,,,
LAB0024850,,,,,,,,,,
LAB0024851,,,,,,,,,,
LAB0024852,,,,,,,,,,
LAB0024853,,,,,,,,,,
LAB0024854,,,,,,,,,,
LAB0024855,,,,,,,,,,
LAB0024856,,,,,,,,,,
LAB0024857,,,,,,,,,,
LAB0024858,,,,,,,,,,
LAB0024859,,,,,,,,,,
LAB0024860,,,,,,,,,,
LAB0024861,,,,,,,,,,
LAB0024862,,,,,,,,,,
LAB0024863,,,,,,,,,,
LAB0024864,,,,,,,,,,
LAB0024865,,,,,,,,,,
LAB0024866,,,,,,,,,,
LAB0024867,,,,,,,,,,
LAB0024868,,,,,,,,,,
LAB0024869,,,,,,,,,,
LAB0024870,,,,,,,,,,
LAB0024871,,,,,,,,,,
LAB0024872,,,,,,,,,,
LAB0024873,,,,,,,,,,
LAB0024874,,,,,,,,,,
LAB0024875,,,,,,,,,,
LAB0024876,,,,,,,,,,
LAB0024877,,,,,,,,,,
LAB0024878,,,,,,,,,,
LAB0024879,,,,,,,,,,
LAB0024880,,,,,,,,,,
LAB0024881,,,,,,,,,,
LAB0024882,,,,,,,,,,
LAB0024883,,,,,,,,,,
LAB0024884,,,,,,,,,,
LAB0024885,,,,,,,,,,
LAB0024886,,,,,,,,,,
LAB0024887,,,,,,,,,,
LAB0024888,,,,,,,,,,
LAB0024889,,,,,,,,,,
LAB0024890,,,,,,,,,,
LAB0024891,,,,,,,,,,
LAB0024892,,,,,,,,,,
LAB0024893,,,,,,,,,,
LAB0024894,,,,,,,,,,
LAB0024895,,,,,,,,,,
LAB0024896,,,,,,,,,,
LAB0024897,,,,,,,,,,
LAB0024898,,,,,,,,,,
LAB0024899,,,,,,,,,,
LAB0024900,,,,,,,,,,
LAB0024901,,,,,,,,,,
LAB0024902,,,,,,,,,,
LAB0024903,,,,,,,,,,
LAB0024904,,,,,,,,,,
LAB0024905,,,,,,,,,,
LAB0024906,,,,,,,,,,
LAB0024907,,,,,,,,,,
LAB0024908,,,,,,,,,,
LAB0024909,,,,,,,,,,
LAB0024910,,,,,,,,,,
LAB0024911,,,,,,,,,,
LAB0024912,,,,,,,,,,
LAB0024913,,,,,,,,,,
LAB0024914,,,,,,,,,,
LAB0024915,,,,,,,,,,
LAB0024916,,,,,,,,,,
LAB0024917,,,,,,,,,,
LAB0024918,,,,,,,,,,
LAB0024919,,,,,,,,,,
LAB0024920,,,,,,,,,,
LAB0024921,,,,,,,,,,
LAB0024922,,,,,,,,,,
LAB0024923,,,,,,,,,,
LAB0024924,,,,,,,,,,
LAB0024925,,,,,,,,,,
LAB0024926,,,,,,,,,,
LAB0024927,,,,,,,,,,
LAB0024928,,,,,,,,,,
LAB0024929,,,,,,,,,,
LAB0024930,,,,,,,,,,
LAB0024931,,,,,,,,,,
LAB0024932,,,,,,,,,,
LAB0024933,,,,,,,,,,
LAB0024934,,,,,,,,,,
LAB0024935,,,,,,,,,,
LAB0024936,,,,,,,,,,
LAB0024937,,,,,,,,,,
LAB0024938,,,,,,,,,,
LAB0024939,,,,,,,,,,
LAB0024940,,,,,,,,,,
LAB0024941,,,,,,,,,,
LAB0024942,,,,,,,,,,
LAB0024943,,,,,,,,,,
LAB0024944,,,,,,,,,,
LAB0024945,,,,,,,,,,
LAB0024946,,,,,,,,,,
LAB0024947,,,,,,,,,,
LAB0024948,,,,,,,,,,
LAB0024949,,,,,,,,,,
LAB0024950,,,,,,,,,,
LAB0024951,,,,,,,,,,
LAB0024952,,,,,,,,,,
LAB0024953,,,,,,,,,,
LAB0024954,,,,,,,,,,
LAB0024955,,,,,,,,,,
LAB0024956,,,,,,,,,,
LAB0024957,,,,,,,,,,
LAB0024958,,,,,,,,,,
LAB0024959,,,,,,,,,,
LAB0024960,,,,,,,,,,
LAB0024961,,,,,,,,,,
LAB0024962,,,,,,,,,,
LAB0024963,,,,,,,,,,
LAB0024964,,,,,,,,,,
LAB0024965,,,,,,,,,,
LAB0024966,,,,,,,,,,
LAB0024967,,,,,,,,,,
LAB0024968,,,,,,,,,,
LAB0024969,,,,,,,,,,
LAB0024970,,,,,,,,,,
LAB0024971,,,,,,,,,,
LAB0024972,,,,,,,,,,
LAB0024973,,,,,,,,,,
LAB0024974,,,,,,,,,,
LAB0024975,,,,,,,,,,
LAB0024976,,,,,,,,,,
LAB0024977,,,,,,,,,,
LAB0024978,,,,,,,,,,
LAB0024979,,,,,,,,,,
LAB0024980,,,,,,,,,,
LAB0024981,,,,,,,,,,
LAB0024982,,,,,,,,,,
LAB0024983,,,,,,,,,,
LAB0024984,,,,,,,,,,
LAB0024985,,,,,,,,,,
LAB0024986,,,,,,,,,,
LAB0024987,,,,,,,,,,
LAB0024988,,,,,,,,,,
LAB0024989,,,,,,,,,,
LAB0024990,,,,,,,,,,
LAB0024991,,,,,,,,,,
LAB0024992,,,,,,,,,,
LAB0024993,,,,,,,,,,
LAB0024994,,,,,,,,,,
LAB0024995,,,,,,,,,,
LAB0024996,,,,,,,,,,
LAB0024997,,,,,,,,,,
LAB0024998,,,,,,,,,,
LAB0024999,,,,,,,,,,
LAB0025000,,,,,,,,,,
LAB0025001,,,,,,,,,,
LAB0025002,,,,,,,,,,
LAB0025003,,,,,,,,,,
LAB0025004,,,,,,,,,,
LAB0025005,,,,,,,,,,
LAB0025006,,,,,,,,,,
LAB0025007,,,,,,,,,,
LAB0025008,,,,,,,,,,
LAB0025009,,,,,,,,,,
LAB0025010,,,,,,,,,,
LAB0025011,,,,,,,,,,
LAB0025012,,,,,,,,,,
LAB0025013,,,,,,,,,,
LAB0025014,,,,,,,,,,
LAB0025015,,,,,,,,,,
LAB0025016,,,,,,,,,,
LAB0025017,,,,,,,,,,
LAB0025018,,,,,,,,,,
LAB0025019,,,,,,,,,,
LAB0025020,,,,,,,,,,
LAB0025021,,,,,,,,,,
LAB0025022,,,,,,,,,,
LAB0025023,,,,,,,,,,
LAB0025024,,,,,,,,,,
LAB0025025,,,,,,,,,,
LAB0025026,,,,,,,,,,
LAB0025027,,,,,,,,,,
LAB0025028,,,,,,,,,,
LAB0025029,,,,,,,,,,
LAB0025030,,,,,,,,,,
LAB0025031,,,,,,,,,,
LAB0025032,,,,,,,,,,
LAB0025033,,,,,,,,,,
LAB0025034,,,,,,,,,,
LAB0025035,,,,,,,,,,
LAB0025036,,,,,,,,,,
LAB0025037,,,,,,,,,,
LAB0025038,,,,,,,,,,
LAB0025039,,,,,,,,,,
LAB0025040,,,,,,,,,,
LAB0025041,,,,,,,,,,
LAB0025042,,,,,,,,,,
LAB0025043,,,,,,,,,,
LAB0025044,,,,,,,,,,
LAB0025045,,,,,,,,,,
LAB0025046,,,,,,,,,,
LAB0025047,,,,,,,,,,
LAB0025048,,,,,,,,,,
LAB0025049,,,,,,,,,,
LAB0025050,,,,,,,,,,
LAB0025051,,,,,,,,,,
LAB0025052,,,,,,,,,,
LAB0025053,,,,,,,,,,
LAB0025054,,,,,,,,,,
LAB0025055,,,,,,,,,,
LAB0025056,,,,,,,,,,
LAB0025057,,,,,,,,,,
LAB0025058,,,,,,,,,,
LAB0025059,,,,,,,,,,
LAB0025060,,,,,,,,,,
LAB0025061,,,,,,,,,,
LAB0025062,,,,,,,,,,
LAB0025063,,,,,,,,,,
LAB0025064,,,,,,,,,,
LAB0025065,,,,,,,,,,
LAB0025066,,,,,,,,,,
LAB0025067,,,,,,,,,,
LAB0025068,,,,,,,,,,
LAB0025069,,,,,,,,,,
LAB0025070,,,,,,,,,,
LAB0025071,,,,,,,,,,
LAB0025072,,,,,,,,,,
LAB0025073,,,,,,,,,,
LAB0025074,,,,,,,,,,
LAB0025075,,,,,,,,,,
LAB0025076,,,,,,,,,,
LAB0025077,,,,,,,,,,
LAB0025078,,,,,,,,,,
LAB0025079,,,,,,,,,,
LAB0025080,,,,,,,,,,
LAB0025081,,,,,,,,,,
LAB0025082,,,,,,,,,,
LAB0025083,,,,,,,,,,
LAB0025084,,,,,,,,,,
LAB0025085,,,,,,,,,,
LAB0025086,,,,,,,,,,
LAB0025087,,,,,,,,,,
LAB0025088,,,,,,,,,,
LAB0025089,,,,,,,,,,
LAB0025090,,,,,,,,,,
LAB0025091,,,,,,,,,,
LAB0025092,,,,,,,,,,
LAB0025093,,,,,,,,,,
LAB0025094,,,,,,,,,,
LAB0025095,,,,,,,,,,
LAB0025096,,,,,,,,,,
LAB0025097,,,,,,,,,,
LAB0025098,,,,,,,,,,
LAB0025099,,,,,,,,,,
LAB0025100,,,,,,,,,,
LAB0025101,,,,,,,,,,
LAB0025102,,,,,,,,,,
LAB0025103,,,,,,,,,,
LAB0025104,,,,,,,,,,
LAB0025105,,,,,,,,,,
LAB0025106,,,,,,,,,,
LAB0025107,,,,,,,,,,
LAB0025108,,,,,,,,,,
LAB0025109,,,,,,,,,,
LAB0025110,,,,,,,,,,
LAB0025111,,,,,,,,,,
LAB0025112,,,,,,,,,,
LAB0025113,,,,,,,,,,
LAB0025114,,,,,,,,,,
LAB0025115,,,,,,,,,,
LAB0025116,,,,,,,,,,
LAB0025117,,,,,,,,,,
LAB0025118,,,,,,,,,,
LAB0025119,,,,,,,,,,
LAB0025120,,,,,,,,,,
LAB0025121,,,,,,,,,,
LAB0025122,,,,,,,,,,
LAB0025123,,,,,,,,,,
LAB0025124,,,,,,,,,,
LAB0025125,,,,,,,,,,
LAB0025126,,,,,,,,,,
LAB0025127,,,,,,,,,,
LAB0025128,,,,,,,,,,
LAB0025129,,,,,,,,,,
LAB0025130,,,,,,,,,,
LAB0025131,,,,,,,,,,
LAB0025132,,,,,,,,,,
LAB0025133,,,,,,,,,,
LAB0025134,,,,,,,,,,
LAB0025135,,,,,,,,,,
LAB0025136,,,,,,,,,,
LAB0025137,,,,,,,,,,
LAB0025138,,,,,,,,,,
LAB0025139,,,,,,,,,,
LAB0025140,,,,,,,,,,
LAB0025141,,,,,,,,,,
LAB0025142,,,,,,,,,,
LAB0025143,,,,,,,,,,
LAB0025144,,,,,,,,,,
LAB0025145,,,,,,,,,,
LAB0025146,,,,,,,,,,
LAB0025147,,,,,,,,,,
LAB0025148,,,,,,,,,,
LAB0025149,,,,,,,,,,
LAB0025150,,,,,,,,,,
LAB0025151,,,,,,,,,,
LAB0025152,,,,,,,,,,
LAB0025153,,,,,,,,,,
LAB0025154,,,,,,,,,,
LAB0025155,,,,,,,,,,
LAB0025156,,,,,,,,,,
LAB0025157,,,,,,,,,,
LAB0025158,,,,,,,,,,
LAB0025159,,,,,,,,,,
LAB0025160,,,,,,,,,,
LAB0025161,,,,,,,,,,
LAB0025162,,,,,,,,,,
LAB0025163,,,,,,,,,,
LAB0025164,,,,,,,,,,
LAB0025165,,,,,,,,,,
LAB0025166,,,,,,,,,,
LAB0025167,,,,,,,,,,
LAB0025168,,,,,,,,,,
LAB0025169,,,,,,,,,,
LAB0025170,,,,,,,,,,
LAB0025171,,,,,,,,,,
LAB0025172,,,,,,,,,,
LAB0025173,,,,,,,,,,
LAB0025174,,,,,,,,,,
LAB0025175,,,,,,,,,,
LAB0025176,,,,,,,,,,
LAB0025177,,,,,,,,,,
LAB0025178,,,,,,,,,,
LAB0025179,,,,,,,,,,
LAB0025180,,,,,,,,,,
LAB0025181,,,,,,,,,,
LAB0025182,,,,,,,,,,
LAB0025183,,,,,,,,,,
LAB0025184,,,,,,,,,,
LAB0025185,,,,,,,,,,
LAB0025186,,,,,,,,,,
LAB0025187,,,,,,,,,,
LAB0025188,,,,,,,,,,
LAB0025189,,,,,,,,,,
LAB0025190,,,,,,,,,,
LAB0025191,,,,,,,,,,
LAB0025192,,,,,,,,,,
LAB0025193,,,,,,,,,,
LAB0025194,,,,,,,,,,
LAB0025195,,,,,,,,,,
LAB0025196,,,,,,,,,,
LAB0025197,,,,,,,,,,
LAB0025198,,,,,,,,,,
LAB0025199,,,,,,,,,,
LAB0025200,,,,,,,,,,
LAB0025201,,,,,,,,,,
LAB0025202,,,,,,,,,,
LAB0025203,,,,,,,,,,
LAB0025204,,,,,,,,,,
LAB0025205,,,,,,,,,,
LAB0025206,,,,,,,,,,
LAB0025207,,,,,,,,,,
LAB0025208,,,,,,,,,,
LAB0025209,,,,,,,,,,
LAB0025210,,,,,,,,,,
LAB0025211,,,,,,,,,,
LAB0025212,,,,,,,,,,
LAB0025213,,,,,,,,,,
LAB0025214,,,,,,,,,,
LAB0025215,,,,,,,,,,
LAB0025216,,,,,,,,,,
LAB0025217,,,,,,,,,,
LAB0025218,,,,,,,,,,
LAB0025219,,,,,,,,,,
LAB0025220,,,,,,,,,,
LAB0025221,,,,,,,,,,
LAB0025222,,,,,,,,,,
LAB0025223,,,,,,,,,,
LAB0025224,,,,,,,,,,
LAB0025225,,,,,,,,,,
LAB0025226,,,,,,,,,,
LAB0025227,,,,,,,,,,
LAB0025228,,,,,,,,,,
LAB0025229,,,,,,,,,,
LAB0025230,,,,,,,,,,
LAB0025231,,,,,,,,,,
LAB0025232,,,,,,,,,,
LAB0025233,,,,,,,,,,
LAB0025234,,,,,,,,,,
LAB0025235,,,,,,,,,,
LAB0025236,,,,,,,,,,
LAB0025237,,,,,,,,,,
LAB0025238,,,,,,,,,,
LAB0025239,,,,,,,,,,
LAB0025240,,,,,,,,,,
LAB0025241,,,,,,,,,,
LAB0025242,,,,,,,,,,
LAB0025243,,,,,,,,,,
LAB0025244,,,,,,,,,,
LAB0025245,,,,,,,,,,
LAB0025246,,,,,,,,,,
LAB0025247,,,,,,,,,,
LAB0025248,,,,,,,,,,
LAB0025249,,,,,,,,,,
LAB0025250,,,,,,,,,,
LAB0025251,,,,,,,,,,
LAB0025252,,,,,,,,,,
LAB0025253,,,,,,,,,,
LAB0025254,,,,,,,,,,
LAB0025255,,,,,,,,,,
LAB0025256,,,,,,,,,,
LAB0025257,,,,,,,,,,
LAB0025258,,,,,,,,,,
LAB0025259,,,,,,,,,,
LAB0025260,,,,,,,,,,
LAB0025261,,,,,,,,,,
LAB0025262,,,,,,,,,,
LAB0025263,,,,,,,,,,
LAB0025264,,,,,,,,,,
LAB0025265,,,,,,,,,,
LAB0025266,,,,,,,,,,
LAB0025267,,,,,,,,,,
LAB0025268,,,,,,,,,,
LAB0025269,,,,,,,,,,
LAB0025270,,,,,,,,,,
LAB0025271,,,,,,,,,,
LAB0025272,,,,,,,,,,
LAB0025273,,,,,,,,,,
LAB0025274,,,,,,,,,,
LAB0025275,,,,,,,,,,
LAB0025276,,,,,,,,,,
LAB0025277,,,,,,,,,,
LAB0025278,,,,,,,,,,
LAB0025279,,,,,,,,,,
LAB0025280,,,,,,,,,,
LAB0025281,,,,,,,,,,
LAB0025282,,,,,,,,,,
LAB0025283,,,,,,,,,,
LAB0025284,,,,,,,,,,
LAB0025285,,,,,,,,,,
LAB0025286,,,,,,,,,,
LAB0025287,,,,,,,,,,
LAB0025288,,,,,,,,,,
LAB0025289,,,,,,,,,,
LAB0025290,,,,,,,,,,
LAB0025291,,,,,,,,,,
LAB0025292,,,,,,,,,,
LAB0025293,,,,,,,,,,
LAB0025294,,,,,,,,,,
LAB0025295,,,,,,,,,,
LAB0025296,,,,,,,,,,
LAB0025297,,,,,,,,,,
LAB0025298,,,,,,,,,,
LAB0025299,,,,,,,,,,
LAB0025300,,,,,,,,,,
LAB0025301,,,,,,,,,,
LAB0025302,,,,,,,,,,
LAB0025303,,,,,,,,,,
LAB0025304,,,,,,,,,,
LAB0025305,,,,,,,,,,
LAB0025306,,,,,,,,,,
LAB0025307,,,,,,,,,,
LAB0025308,,,,,,,,,,
LAB0025309,,,,,,,,,,
LAB0025310,,,,,,,,,,
LAB0025311,,,,,,,,,,
LAB0025312,,,,,,,,,,
LAB0025313,,,,,,,,,,
LAB0025314,,,,,,,,,,
LAB0025315,,,,,,,,,,
LAB0025316,,,,,,,,,,
LAB0025317,,,,,,,,,,
LAB0025318,,,,,,,,,,
LAB0025319,,,,,,,,,,
LAB0025320,,,,,,,,,,
LAB0025321,,,,,,,,,,
LAB0025322,,,,,,,,,,
LAB0025323,,,,,,,,,,
LAB0025324,,,,,,,,,,
LAB0025325,,,,,,,,,,
LAB0025326,,,,,,,,,,
LAB0025327,,,,,,,,,,
LAB0025328,,,,,,,,,,
LAB0025329,,,,,,,,,,
LAB0025330,,,,,,,,,,
LAB0025331,,,,,,,,,,
LAB0025332,,,,,,,,,,
LAB0025333,,,,,,,,,,
LAB0025334,,,,,,,,,,
LAB0025335,,,,,,,,,,
LAB0025336,,,,,,,,,,
LAB0025337,,,,,,,,,,
LAB0025338,,,,,,,,,,
LAB0025339,,,,,,,,,,
LAB0025340,,,,,,,,,,
LAB0025341,,,,,,,,,,
LAB0025342,,,,,,,,,,
LAB0025343,,,,,,,,,,
LAB0025344,,,,,,,,,,
LAB0025345,,,,,,,,,,
LAB0025346,,,,,,,,,,
LAB0025347,,,,,,,,,,
LAB0025348,,,,,,,,,,
LAB0025349,,,,,,,,,,
LAB0025350,,,,,,,,,,
LAB0025351,,,,,,,,,,
LAB0025352,,,,,,,,,,
LAB0025353,,,,,,,,,,
LAB0025354,,,,,,,,,,
LAB0025355,,,,,,,,,,
LAB0025356,,,,,,,,,,
LAB0025357,,,,,,,,,,
LAB0025358,,,,,,,,,,
LAB0025359,,,,,,,,,,
LAB0025360,,,,,,,,,,
LAB0025361,,,,,,,,,,
LAB0025362,,,,,,,,,,
LAB0025363,,,,,,,,,,
LAB0025364,,,,,,,,,,
LAB0025365,,,,,,,,,,
LAB0025366,,,,,,,,,,
LAB0025367,,,,,,,,,,
LAB0025368,,,,,,,,,,
LAB0025369,,,,,,,,,,
LAB0025370,,,,,,,,,,
LAB0025371,,,,,,,,,,
LAB0025372,,,,,,,,,,
LAB0025373,,,,,,,,,,
LAB0025374,,,,,,,,,,
LAB0025375,,,,,,,,,,
LAB0025376,,,,,,,,,,
LAB0025377,,,,,,,,,,
LAB0025378,,,,,,,,,,
LAB0025379,,,,,,,,,,
LAB0025380,,,,,,,,,,
LAB0025381,,,,,,,,,,
LAB0025382,,,,,,,,,,
LAB0025383,,,,,,,,,,
LAB0025384,,,,,,,,,,
LAB0025385,,,,,,,,,,
LAB0025386,,,,,,,,,,
LAB0025387,,,,,,,,,,
LAB0025388,,,,,,,,,,
LAB0025389,,,,,,,,,,
LAB0025390,,,,,,,,,,
LAB0025391,,,,,,,,,,
LAB0025392,,,,,,,,,,
LAB0025393,,,,,,,,,,
LAB0025394,,,,,,,,,,
LAB0025395,,,,,,,,,,
LAB0025396,,,,,,,,,,
LAB0025397,,,,,,,,,,
LAB0025398,,,,,,,,,,
LAB0025399,,,,,,,,,,
LAB0025400,,,,,,,,,,
LAB0025401,,,,,,,,,,
LAB0025402,,,,,,,,,,
LAB0025403,,,,,,,,,,
LAB0025404,,,,,,,,,,
LAB0025405,,,,,,,,,,
LAB0025406,,,,,,,,,,
LAB0025407,,,,,,,,,,
LAB0025408,,,,,,,,,,
LAB0025409,,,,,,,,,,
LAB0025410,,,,,,,,,,
LAB0025411,,,,,,,,,,
LAB0025412,,,,,,,,,,
LAB0025413,,,,,,,,,,
LAB0025414,,,,,,,,,,
LAB0025415,,,,,,,,,,
LAB0025416,,,,,,,,,,
LAB0025417,,,,,,,,,,
LAB0025418,,,,,,,,,,
LAB0025419,,,,,,,,,,
LAB0025420,,,,,,,,,,
LAB0025421,,,,,,,,,,
LAB0025422,,,,,,,,,,
LAB0025423,,,,,,,,,,
LAB0025424,,,,,,,,,,
LAB0025425,,,,,,,,,,
LAB0025426,,,,,,,,,,
LAB0025427,,,,,,,,,,
LAB0025428,,,,,,,,,,
LAB0025429,,,,,,,,,,
LAB0025430,,,,,,,,,,
LAB0025431,,,,,,,,,,
LAB0025432,,,,,,,,,,
LAB0025433,,,,,,,,,,
LAB0025434,,,,,,,,,,
LAB0025435,,,,,,,,,,
LAB0025436,,,,,,,,,,
LAB0025437,,,,,,,,,,
LAB0025438,,,,,,,,,,
LAB0025439,,,,,,,,,,
LAB0025440,,,,,,,,,,
LAB0025441,,,,,,,,,,
LAB0025442,,,,,,,,,,
LAB0025443,,,,,,,,,,
LAB0025444,,,,,,,,,,
LAB0025445,,,,,,,,,,
LAB0025446,,,,,,,,,,
LAB0025447,,,,,,,,,,
LAB0025448,,,,,,,,,,
LAB0025449,,,,,,,,,,
LAB0025450,,,,,,,,,,
LAB0025451,,,,,,,,,,
LAB0025452,,,,,,,,,,
LAB0025453,,,,,,,,,,
LAB0025454,,,,,,,,,,
LAB0025455,,,,,,,,,,
LAB0025456,,,,,,,,,,
LAB0025457,,,,,,,,,,
LAB0025458,,,,,,,,,,
LAB0025459,,,,,,,,,,
LAB0025460,,,,,,,,,,
LAB0025461,,,,,,,,,,
LAB0025462,,,,,,,,,,
LAB0025463,,,,,,,,,,
LAB0025464,,,,,,,,,,
LAB0025465,,,,,,,,,,
LAB0025466,,,,,,,,,,
LAB0025467,,,,,,,,,,
LAB0025468,,,,,,,,,,
LAB0025469,,,,,,,,,,
LAB0025470,,,,,,,,,,
LAB0025471,,,,,,,,,,
LAB0025472,,,,,,,,,,
LAB0025473,,,,,,,,,,
LAB0025474,,,,,,,,,,
LAB0025475,,,,,,,,,,
LAB0025476,,,,,,,,,,
LAB0025477,,,,,,,,,,
LAB0025478,,,,,,,,,,
LAB0025479,,,,,,,,,,
LAB0025480,,,,,,,,,,
LAB0025481,,,,,,,,,,
LAB0025482,,,,,,,,,,
LAB0025483,,,,,,,,,,
LAB0025484,,,,,,,,,,
LAB0025485,,,,,,,,,,
LAB0025486,,,,,,,,,,
LAB0025487,,,,,,,,,,
LAB0025488,,,,,,,,,,
LAB0025489,,,,,,,,,,
LAB0025490,,,,,,,,,,
LAB0025491,,,,,,,,,,
LAB0025492,,,,,,,,,,
LAB0025493,,,,,,,,,,
LAB0025494,,,,,,,,,,
LAB0025495,,,,,,,,,,
LAB0025496,,,,,,,,,,
LAB0025497,,,,,,,,,,
LAB0025498,,,,,,,,,,
LAB0025499,,,,,,,,,,
LAB0025500,,,,,,,,,,
LAB0025501,,,,,,,,,,
LAB0025502,,,,,,,,,,
LAB0025503,,,,,,,,,,
LAB0025504,,,,,,,,,,
LAB0025505,,,,,,,,,,
LAB0025506,,,,,,,,,,
LAB0025507,,,,,,,,,,
LAB0025508,,,,,,,,,,
LAB0025509,,,,,,,,,,
LAB0025510,,,,,,,,,,
LAB0025511,,,,,,,,,,
LAB0025512,,,,,,,,,,
LAB0025513,,,,,,,,,,
LAB0025514,,,,,,,,,,
LAB0025515,,,,,,,,,,
LAB0025516,,,,,,,,,,
LAB0025517,,,,,,,,,,
LAB0025518,,,,,,,,,,
LAB0025519,,,,,,,,,,
LAB0025520,,,,,,,,,,
LAB0025521,,,,,,,,,,
LAB0025522,,,,,,,,,,
LAB0025523,,,,,,,,,,
LAB0025524,,,,,,,,,,
LAB0025525,,,,,,,,,,
LAB0025526,,,,,,,,,,
LAB0025527,,,,,,,,,,
LAB0025528,,,,,,,,,,
LAB0025529,,,,,,,,,,
LAB0025530,,,,,,,,,,
LAB0025531,,,,,,,,,,
LAB0025532,,,,,,,,,,
LAB0025533,,,,,,,,,,
LAB0025534,,,,,,,,,,
LAB0025535,,,,,,,,,,
LAB0025536,,,,,,,,,,
LAB0025537,,,,,,,,,,
LAB0025538,,,,,,,,,,
LAB0025539,,,,,,,,,,
LAB0025540,,,,,,,,,,
LAB0025541,,,,,,,,,,
LAB0025542,,,,,,,,,,
LAB0025543,,,,,,,,,,
LAB0025544,,,,,,,,,,
LAB0025545,,,,,,,,,,
LAB0025546,,,,,,,,,,
LAB0025547,,,,,,,,,,
LAB0025548,,,,,,,,,,
LAB0025549,,,,,,,,,,
LAB0025550,,,,,,,,,,
LAB0025551,,,,,,,,,,
LAB0025552,,,,,,,,,,
LAB0025553,,,,,,,,,,
LAB0025554,,,,,,,,,,
LAB0025555,,,,,,,,,,
LAB0025556,,,,,,,,,,
LAB0025557,,,,,,,,,,
LAB0025558,,,,,,,,,,
LAB0025559,,,,,,,,,,
LAB0025560,,,,,,,,,,
LAB0025561,,,,,,,,,,
LAB0025562,,,,,,,,,,
LAB0025563,,,,,,,,,,
LAB0025564,,,,,,,,,,
LAB0025565,,,,,,,,,,
LAB0025566,,,,,,,,,,
LAB0025567,,,,,,,,,,
LAB0025568,,,,,,,,,,
LAB0025569,,,,,,,,,,
LAB0025570,,,,,,,,,,
LAB0025571,,,,,,,,,,
LAB0025572,,,,,,,,,,
LAB0025573,,,,,,,,,,
LAB0025574,,,,,,,,,,
LAB0025575,,,,,,,,,,
LAB0025576,,,,,,,,,,
LAB0025577,,,,,,,,,,
LAB0025578,,,,,,,,,,
LAB0025579,,,,,,,,,,
LAB0025580,,,,,,,,,,
LAB0025581,,,,,,,,,,
LAB0025582,,,,,,,,,,
LAB0025583,,,,,,,,,,
LAB0025584,,,,,,,,,,
LAB0025585,,,,,,,,,,
LAB0025586,,,,,,,,,,
LAB0025587,,,,,,,,,,
LAB0025588,,,,,,,,,,
LAB0025589,,,,,,,,,,
LAB0025590,,,,,,,,,,
LAB0025591,,,,,,,,,,
LAB0025592,,,,,,,,,,
LAB0025593,,,,,,,,,,
LAB0025594,,,,,,,,,,
LAB0025595,,,,,,,,,,
LAB0025596,,,,,,,,,,
LAB0025597,,,,,,,,,,
LAB0025598,,,,,,,,,,
LAB0025599,,,,,,,,,,
LAB0025600,,,,,,,,,,
LAB0025601,,,,,,,,,,
LAB0025602,,,,,,,,,,
LAB0025603,,,,,,,,,,
LAB0025604,,,,,,,,,,
LAB0025605,,,,,,,,,,
LAB0025606,,,,,,,,,,
LAB0025607,,,,,,,,,,
LAB0025608,,,,,,,,,,
LAB0025609,,,,,,,,,,
LAB0025610,,,,,,,,,,
LAB0025611,,,,,,,,,,
LAB0025612,,,,,,,,,,
LAB0025613,,,,,,,,,,
LAB0025614,,,,,,,,,,
LAB0025615,,,,,,,,,,
LAB0025616,,,,,,,,,,
LAB0025617,,,,,,,,,,
LAB0025618,,,,,,,,,,
LAB0025619,,,,,,,,,,
LAB0025620,,,,,,,,,,
LAB0025621,,,,,,,,,,
LAB0025622,,,,,,,,,,
LAB0025623,,,,,,,,,,
LAB0025624,,,,,,,,,,
LAB0025625,,,,,,,,,,
LAB0025626,,,,,,,,,,
LAB0025627,,,,,,,,,,
LAB0025628,,,,,,,,,,
LAB0025629,,,,,,,,,,
LAB0025630,,,,,,,,,,
LAB0025631,,,,,,,,,,
LAB0025632,,,,,,,,,,
LAB0025633,,,,,,,,,,
LAB0025634,,,,,,,,,,
LAB0025635,,,,,,,,,,
LAB0025636,,,,,,,,,,
LAB0025637,,,,,,,,,,
LAB0025638,,,,,,,,,,
LAB0025639,,,,,,,,,,
LAB0025640,,,,,,,,,,
LAB0025641,,,,,,,,,,
LAB0025642,,,,,,,,,,
LAB0025643,,,,,,,,,,
LAB0025644,,,,,,,,,,
LAB0025645,,,,,,,,,,
LAB0025646,,,,,,,,,,
LAB0025647,,,,,,,,,,
LAB0025648,,,,,,,,,,
LAB0025649,,,,,,,,,,
LAB0025650,,,,,,,,,,
LAB0025651,,,,,,,,,,
LAB0025652,,,,,,,,,,
LAB0025653,,,,,,,,,,
LAB0025654,,,,,,,,,,
LAB0025655,,,,,,,,,,
LAB0025656,,,,,,,,,,
LAB0025657,,,,,,,,,,
LAB0025658,,,,,,,,,,
LAB0025659,,,,,,,,,,
LAB0025660,,,,,,,,,,
LAB0025661,,,,,,,,,,
LAB0025662,,,,,,,,,,
LAB0025663,,,,,,,,,,
LAB0025664,,,,,,,,,,
LAB0025665,,,,,,,,,,
LAB0025666,,,,,,,,,,
LAB0025667,,,,,,,,,,
LAB0025668,,,,,,,,,,
LAB0025669,,,,,,,,,,
LAB0025670,,,,,,,,,,
LAB0025671,,,,,,,,,,
LAB0025672,,,,,,,,,,
LAB0025673,,,,,,,,,,
LAB0025674,,,,,,,,,,
LAB0025675,,,,,,,,,,
LAB0025676,,,,,,,,,,
LAB0025677,,,,,,,,,,
LAB0025678,,,,,,,,,,
LAB0025679,,,,,,,,,,
LAB0025680,,,,,,,,,,
LAB0025681,,,,,,,,,,
LAB0025682,,,,,,,,,,
LAB0025683,,,,,,,,,,
LAB0025684,,,,,,,,,,
LAB0025685,,,,,,,,,,
LAB0025686,,,,,,,,,,
LAB0025687,,,,,,,,,,
LAB0025688,,,,,,,,,,
LAB0025689,,,,,,,,,,
LAB0025690,,,,,,,,,,
LAB0025691,,,,,,,,,,
LAB0025692,,,,,,,,,,
LAB0025693,,,,,,,,,,
LAB0025694,,,,,,,,,,
LAB0025695,,,,,,,,,,
LAB0025696,,,,,,,,,,
LAB0025697,,,,,,,,,,
LAB0025698,,,,,,,,,,
LAB0025699,,,,,,,,,,
LAB0025700,,,,,,,,,,
LAB0025701,,,,,,,,,,
LAB0025702,,,,,,,,,,
LAB0025703,,,,,,,,,,
LAB0025704,,,,,,,,,,
LAB0025705,,,,,,,,,,
LAB0025706,,,,,,,,,,
LAB0025707,,,,,,,,,,
LAB0025708,,,,,,,,,,
LAB0025709,,,,,,,,,,
LAB0025710,,,,,,,,,,
LAB0025711,,,,,,,,,,
LAB0025712,,,,,,,,,,
LAB0025713,,,,,,,,,,
LAB0025714,,,,,,,,,,
LAB0025715,,,,,,,,,,
LAB0025716,,,,,,,,,,
LAB0025717,,,,,,,,,,
LAB0025718,,,,,,,,,,
LAB0025719,,,,,,,,,,
LAB0025720,,,,,,,,,,
LAB0025721,,,,,,,,,,
LAB0025722,,,,,,,,,,
LAB0025723,,,,,,,,,,
LAB0025724,,,,,,,,,,
LAB0025725,,,,,,,,,,
LAB0025726,,,,,,,,,,
LAB0025727,,,,,,,,,,
LAB0025728,,,,,,,,,,
LAB0025729,,,,,,,,,,
LAB0025730,,,,,,,,,,
LAB0025731,,,,,,,,,,
LAB0025732,,,,,,,,,,
LAB0025733,,,,,,,,,,
LAB0025734,,,,,,,,,,
LAB0025735,,,,,,,,,,
LAB0025736,,,,,,,,,,
LAB0025737,,,,,,,,,,
LAB0025738,,,,,,,,,,
LAB0025739,,,,,,,,,,
LAB0025740,,,,,,,,,,
LAB0025741,,,,,,,,,,
LAB0025742,,,,,,,,,,
LAB0025743,,,,,,,,,,
LAB0025744,,,,,,,,,,
LAB0025745,,,,,,,,,,
LAB0025746,,,,,,,,,,
LAB0025747,,,,,,,,,,
LAB0025748,,,,,,,,,,
LAB0025749,,,,,,,,,,
LAB0025750,,,,,,,,,,
LAB0025751,,,,,,,,,,
LAB0025752,,,,,,,,,,
LAB0025753,,,,,,,,,,
LAB0025754,,,,,,,,,,
LAB0025755,,,,,,,,,,
LAB0025756,,,,,,,,,,
LAB0025757,,,,,,,,,,
LAB0025758,,,,,,,,,,
LAB0025759,,,,,,,,,,
LAB0025760,,,,,,,,,,
LAB0025761,,,,,,,,,,
LAB0025762,,,,,,,,,,
LAB0025763,,,,,,,,,,
LAB0025764,,,,,,,,,,
LAB0025765,,,,,,,,,,
LAB0025766,,,,,,,,,,
LAB0025767,,,,,,,,,,
LAB0025768,,,,,,,,,,
LAB0025769,,,,,,,,,,
LAB0025770,,,,,,,,,,
LAB0025771,,,,,,,,,,
LAB0025772,,,,,,,,,,
LAB0025773,,,,,,,,,,
LAB0025774,,,,,,,,,,
LAB0025775,,,,,,,,,,
LAB0025776,,,,,,,,,,
LAB0025777,,,,,,,,,,
LAB0025778,,,,,,,,,,
LAB0025779,,,,,,,,,,
LAB0025780,,,,,,,,,,
LAB0025781,,,,,,,,,,
LAB0025782,,,,,,,,,,
LAB0025783,,,,,,,,,,
LAB0025784,,,,,,,,,,
LAB0025785,,,,,,,,,,
LAB0025786,,,,,,,,,,
LAB0025787,,,,,,,,,,
LAB0025788,,,,,,,,,,
LAB0025789,,,,,,,,,,
LAB0025790,,,,,,,,,,
LAB0025791,,,,,,,,,,
LAB0025792,,,,,,,,,,
LAB0025793,,,,,,,,,,
LAB0025794,,,,,,,,,,
LAB0025795,,,,,,,,,,
LAB0025796,,,,,,,,,,
LAB0025797,,,,,,,,,,
LAB0025798,,,,,,,,,,
LAB0025799,,,,,,,,,,
LAB0025800,,,,,,,,,,
LAB0025801,,,,,,,,,,
LAB0025802,,,,,,,,,,
LAB0025803,,,,,,,,,,
LAB0025804,,,,,,,,,,
LAB0025805,,,,,,,,,,
LAB0025806,,,,,,,,,,
LAB0025807,,,,,,,,,,
LAB0025808,,,,,,,,,,
LAB0025809,,,,,,,,,,
LAB0025810,,,,,,,,,,
LAB0025811,,,,,,,,,,
LAB0025812,,,,,,,,,,
LAB0025813,,,,,,,,,,
LAB0025814,,,,,,,,,,
LAB0025815,,,,,,,,,,
LAB0025816,,,,,,,,,,
LAB0025817,,,,,,,,,,
LAB0025818,,,,,,,,,,
LAB0025819,,,,,,,,,,
LAB0025820,,,,,,,,,,
LAB0025821,,,,,,,,,,
LAB0025822,,,,,,,,,,
LAB0025823,,,,,,,,,,
LAB0025824,,,,,,,,,,
LAB0025825,,,,,,,,,,
LAB0025826,,,,,,,,,,
LAB0025827,,,,,,,,,,
LAB0025828,,,,,,,,,,
LAB0025829,,,,,,,,,,
LAB0025830,,,,,,,,,,
LAB0025831,,,,,,,,,,
LAB0025832,,,,,,,,,,
LAB0025833,,,,,,,,,,
LAB0025834,,,,,,,,,,
LAB0025835,,,,,,,,,,
LAB0025836,,,,,,,,,,
LAB0025837,,,,,,,,,,
LAB0025838,,,,,,,,,,
LAB0025839,,,,,,,,,,
LAB0025840,,,,,,,,,,
LAB0025841,,,,,,,,,,
LAB0025842,,,,,,,,,,
LAB0025843,,,,,,,,,,
LAB0025844,,,,,,,,,,
LAB0025845,,,,,,,,,,
LAB0025846,,,,,,,,,,
LAB0025847,,,,,,,,,,
LAB0025848,,,,,,,,,,
LAB0025849,,,,,,,,,,
LAB0025850,,,,,,,,,,
LAB0025851,,,,,,,,,,
LAB0025852,,,,,,,,,,
LAB0025853,,,,,,,,,,
LAB0025854,,,,,,,,,,
LAB0025855,,,,,,,,,,
LAB0025856,,,,,,,,,,
LAB0025857,,,,,,,,,,
LAB0025858,,,,,,,,,,
LAB0025859,,,,,,,,,,
LAB0025860,,,,,,,,,,
LAB0025861,,,,,,,,,,
LAB0025862,,,,,,,,,,
LAB0025863,,,,,,,,,,
LAB0025864,,,,,,,,,,
LAB0025865,,,,,,,,,,
LAB0025866,,,,,,,,,,
LAB0025867,,,,,,,,,,
LAB0025868,,,,,,,,,,
LAB0025869,,,,,,,,,,
LAB0025870,,,,,,,,,,
LAB0025871,,,,,,,,,,
LAB0025872,,,,,,,,,,
LAB0025873,,,,,,,,,,
LAB0025874,,,,,,,,,,
LAB0025875,,,,,,,,,,
LAB0025876,,,,,,,,,,
LAB0025877,,,,,,,,,,
LAB0025878,,,,,,,,,,
LAB0025879,,,,,,,,,,
LAB0025880,,,,,,,,,,
LAB0025881,,,,,,,,,,
LAB0025882,,,,,,,,,,
LAB0025883,,,,,,,,,,
LAB0025884,,,,,,,,,,
LAB0025885,,,,,,,,,,
LAB0025886,,,,,,,,,,
LAB0025887,,,,,,,,,,
LAB0025888,,,,,,,,,,
LAB0025889,,,,,,,,,,
LAB0025890,,,,,,,,,,
LAB0025891,,,,,,,,,,
LAB0025892,,,,,,,,,,
LAB0025893,,,,,,,,,,
LAB0025894,,,,,,,,,,
LAB0025895,,,,,,,,,,
LAB0025896,,,,,,,,,,
LAB0025897,,,,,,,,,,
LAB0025898,,,,,,,,,,
LAB0025899,,,,,,,,,,
LAB0025900,,,,,,,,,,
LAB0025901,,,,,,,,,,
LAB0025902,,,,,,,,,,
LAB0025903,,,,,,,,,,
LAB0025904,,,,,,,,,,
LAB0025905,,,,,,,,,,
LAB0025906,,,,,,,,,,
LAB0025907,,,,,,,,,,
LAB0025908,,,,,,,,,,
LAB0025909,,,,,,,,,,
LAB0025910,,,,,,,,,,
LAB0025911,,,,,,,,,,
LAB0025912,,,,,,,,,,
LAB0025913,,,,,,,,,,
LAB0025914,,,,,,,,,,
LAB0025915,,,,,,,,,,
LAB0025916,,,,,,,,,,
LAB0025917,,,,,,,,,,
LAB0025918,,,,,,,,,,
LAB0025919,,,,,,,,,,
LAB0025920,,,,,,,,,,
LAB0025921,,,,,,,,,,
LAB0025922,,,,,,,,,,
LAB0025923,,,,,,,,,,
LAB0025924,,,,,,,,,,
LAB0025925,,,,,,,,,,
LAB0025926,,,,,,,,,,
LAB0025927,,,,,,,,,,
LAB0025928,,,,,,,,,,
LAB0025929,,,,,,,,,,
LAB0025930,,,,,,,,,,
LAB0025931,,,,,,,,,,
LAB0025932,,,,,,,,,,
LAB0025933,,,,,,,,,,
LAB0025934,,,,,,,,,,
LAB0025935,,,,,,,,,,
LAB0025936,,,,,,,,,,
LAB0025937,,,,,,,,,,
LAB0025938,,,,,,,,,,
LAB0025939,,,,,,,,,,
LAB0025940,,,,,,,,,,
LAB0025941,,,,,,,,,,
LAB0025942,,,,,,,,,,
LAB0025943,,,,,,,,,,
LAB0025944,,,,,,,,,,
LAB0025945,,,,,,,,,,
LAB0025946,,,,,,,,,,
LAB0025947,,,,,,,,,,
LAB0025948,,,,,,,,,,
LAB0025949,,,,,,,,,,
LAB0025950,,,,,,,,,,
LAB0025951,,,,,,,,,,
LAB0025952,,,,,,,,,,
LAB0025953,,,,,,,,,,
LAB0025954,,,,,,,,,,
LAB0025955,,,,,,,,,,
LAB0025956,,,,,,,,,,
LAB0025957,,,,,,,,,,
LAB0025958,,,,,,,,,,
LAB0025959,,,,,,,,,,
LAB0025960,,,,,,,,,,
LAB0025961,,,,,,,,,,
LAB0025962,,,,,,,,,,
LAB0025963,,,,,,,,,,
LAB0025964,,,,,,,,,,
LAB0025965,,,,,,,,,,
LAB0025966,,,,,,,,,,
LAB0025967,,,,,,,,,,
LAB0025968,,,,,,,,,,
LAB0025969,,,,,,,,,,
LAB0025970,,,,,,,,,,
LAB0025971,,,,,,,,,,
LAB0025972,,,,,,,,,,
LAB0025973,,,,,,,,,,
LAB0025974,,,,,,,,,,
LAB0025975,,,,,,,,,,
LAB0025976,,,,,,,,,,
LAB0025977,,,,,,,,,,
LAB0025978,,,,,,,,,,
LAB0025979,,,,,,,,,,
LAB0025980,,,,,,,,,,
LAB0025981,,,,,,,,,,
LAB0025982,,,,,,,,,,
LAB0025983,,,,,,,,,,
LAB0025984,,,,,,,,,,
LAB0025985,,,,,,,,,,
LAB0025986,,,,,,,,,,
LAB0025987,,,,,,,,,,
LAB0025988,,,,,,,,,,
LAB0025989,,,,,,,,,,
LAB0025990,,,,,,,,,,
LAB0025991,,,,,,,,,,
LAB0025992,,,,,,,,,,
LAB0025993,,,,,,,,,,
LAB0025994,,,,,,,,,,
LAB0025995,,,,,,,,,,
LAB0025996,,,,,,,,,,
LAB0025997,,,,,,,,,,
LAB0025998,,,,,,,,,,
LAB0025999,,,,,,,,,,
LAB0026000,,,,,,,,,,
LAB0026001,,,,,,,,,,
LAB0026002,,,,,,,,,,
LAB0026003,,,,,,,,,,
LAB0026004,,,,,,,,,,
LAB0026005,,,,,,,,,,
LAB0026006,,,,,,,,,,
LAB0026007,,,,,,,,,,
LAB0026008,,,,,,,,,,
LAB0026009,,,,,,,,,,
LAB0026010,,,,,,,,,,
LAB0026011,,,,,,,,,,
LAB0026012,,,,,,,,,,
LAB0026013,,,,,,,,,,
LAB0026014,,,,,,,,,,
LAB0026015,,,,,,,,,,
LAB0026016,,,,,,,,,,
LAB0026017,,,,,,,,,,
LAB0026018,,,,,,,,,,
LAB0026019,,,,,,,,,,
LAB0026020,,,,,,,,,,
LAB0026021,,,,,,,,,,
LAB0026022,,,,,,,,,,
LAB0026023,,,,,,,,,,
LAB0026024,,,,,,,,,,
LAB0026025,,,,,,,,,,
LAB0026026,,,,,,,,,,
LAB0026027,,,,,,,,,,
LAB0026028,,,,,,,,,,
LAB0026029,,,,,,,,,,
LAB0026030,,,,,,,,,,
LAB0026031,,,,,,,,,,
LAB0026032,,,,,,,,,,
LAB0026033,,,,,,,,,,
LAB0026034,,,,,,,,,,
LAB0026035,,,,,,,,,,
LAB0026036,,,,,,,,,,
LAB0026037,,,,,,,,,,
LAB0026038,,,,,,,,,,
LAB0026039,,,,,,,,,,
LAB0026040,,,,,,,,,,
LAB0026041,,,,,,,,,,
LAB0026042,,,,,,,,,,
LAB0026043,,,,,,,,,,
LAB0026044,,,,,,,,,,
LAB0026045,,,,,,,,,,
LAB0026046,,,,,,,,,,
LAB0026047,,,,,,,,,,
LAB0026048,,,,,,,,,,
LAB0026049,,,,,,,,,,
LAB0026050,,,,,,,,,,
LAB0026051,,,,,,,,,,
LAB0026052,,,,,,,,,,
LAB0026053,,,,,,,,,,
LAB0026054,,,,,,,,,,
LAB0026055,,,,,,,,,,
LAB0026056,,,,,,,,,,
LAB0026057,,,,,,,,,,
LAB0026058,,,,,,,,,,
LAB0026059,,,,,,,,,,
LAB0026060,,,,,,,,,,
LAB0026061,,,,,,,,,,
LAB0026062,,,,,,,,,,
LAB0026063,,,,,,,,,,
LAB0026064,,,,,,,,,,
LAB0026065,,,,,,,,,,
LAB0026066,,,,,,,,,,
LAB0026067,,,,,,,,,,
LAB0026068,,,,,,,,,,
LAB0026069,,,,,,,,,,
LAB0026070,,,,,,,,,,
LAB0026071,,,,,,,,,,
LAB0026072,,,,,,,,,,
LAB0026073,,,,,,,,,,
LAB0026074,,,,,,,,,,
LAB0026075,,,,,,,,,,
LAB0026076,,,,,,,,,,
LAB0026077,,,,,,,,,,
LAB0026078,,,,,,,,,,
LAB0026079,,,,,,,,,,
LAB0026080,,,,,,,,,,
LAB0026081,,,,,,,,,,
LAB0026082,,,,,,,,,,
LAB0026083,,,,,,,,,,
LAB0026084,,,,,,,,,,
LAB0026085,,,,,,,,,,
LAB0026086,,,,,,,,,,
LAB0026087,,,,,,,,,,
LAB0026088,,,,,,,,,,
LAB0026089,,,,,,,,,,
LAB0026090,,,,,,,,,,
LAB0026091,,,,,,,,,,
LAB0026092,,,,,,,,,,
LAB0026093,,,,,,,,,,
LAB0026094,,,,,,,,,,
LAB0026095,,,,,,,,,,
LAB0026096,,,,,,,,,,
LAB0026097,,,,,,,,,,
LAB0026098,,,,,,,,,,
LAB0026099,,,,,,,,,,
LAB0026100,,,,,,,,,,
LAB0026101,,,,,,,,,,
LAB0026102,,,,,,,,,,
LAB0026103,,,,,,,,,,
LAB0026104,,,,,,,,,,
LAB0026105,,,,,,,,,,
LAB0026106,,,,,,,,,,
LAB0026107,,,,,,,,,,
LAB0026108,,,,,,,,,,
LAB0026109,,,,,,,,,,
LAB0026110,,,,,,,,,,
LAB0026111,,,,,,,,,,
LAB0026112,,,,,,,,,,
LAB0026113,,,,,,,,,,
LAB0026114,,,,,,,,,,
LAB0026115,,,,,,,,,,
LAB0026116,,,,,,,,,,
LAB0026117,,,,,,,,,,
LAB0026118,,,,,,,,,,
LAB0026119,,,,,,,,,,
LAB0026120,,,,,,,,,,
LAB0026121,,,,,,,,,,
LAB0026122,,,,,,,,,,
LAB0026123,,,,,,,,,,
LAB0026124,,,,,,,,,,
LAB0026125,,,,,,,,,,
LAB0026126,,,,,,,,,,
LAB0026127,,,,,,,,,,
LAB0026128,,,,,,,,,,
LAB0026129,,,,,,,,,,
LAB0026130,,,,,,,,,,
LAB0026131,,,,,,,,,,
LAB0026132,,,,,,,,,,
LAB0026133,,,,,,,,,,
LAB0026134,,,,,,,,,,
LAB0026135,,,,,,,,,,
LAB0026136,,,,,,,,,,
LAB0026137,,,,,,,,,,
LAB0026138,,,,,,,,,,
LAB0026139,,,,,,,,,,
LAB0026140,,,,,,,,,,
LAB0026141,,,,,,,,,,
LAB0026142,,,,,,,,,,
LAB0026143,,,,,,,,,,
LAB0026144,,,,,,,,,,
LAB0026145,,,,,,,,,,
LAB0026146,,,,,,,,,,
LAB0026147,,,,,,,,,,
LAB0026148,,,,,,,,,,
LAB0026149,,,,,,,,,,
LAB0026150,,,,,,,,,,
LAB0026151,,,,,,,,,,
LAB0026152,,,,,,,,,,
LAB0026153,,,,,,,,,,
LAB0026154,,,,,,,,,,
LAB0026155,,,,,,,,,,
LAB0026156,,,,,,,,,,
LAB0026157,,,,,,,,,,
LAB0026158,,,,,,,,,,
LAB0026159,,,,,,,,,,
LAB0026160,,,,,,,,,,
LAB0026161,,,,,,,,,,
LAB0026162,,,,,,,,,,
LAB0026163,,,,,,,,,,
LAB0026164,,,,,,,,,,
LAB0026165,,,,,,,,,,
LAB0026166,,,,,,,,,,
LAB0026167,,,,,,,,,,
LAB0026168,,,,,,,,,,
LAB0026169,,,,,,,,,,
LAB0026170,,,,,,,,,,
LAB0026171,,,,,,,,,,
LAB0026172,,,,,,,,,,
LAB0026173,,,,,,,,,,
LAB0026174,,,,,,,,,,
LAB0026175,,,,,,,,,,
LAB0026176,,,,,,,,,,
LAB0026177,,,,,,,,,,
LAB0026178,,,,,,,,,,
LAB0026179,,,,,,,,,,
LAB0026180,,,,,,,,,,
LAB0026181,,,,,,,,,,
LAB0026182,,,,,,,,,,
LAB0026183,,,,,,,,,,
LAB0026184,,,,,,,,,,
LAB0026185,,,,,,,,,,
LAB0026186,,,,,,,,,,
LAB0026187,,,,,,,,,,
LAB0026188,,,,,,,,,,
LAB0026189,,,,,,,,,,
LAB0026190,,,,,,,,,,
LAB0026191,,,,,,,,,,
LAB0026192,,,,,,,,,,
LAB0026193,,,,,,,,,,
LAB0026194,,,,,,,,,,
LAB0026195,,,,,,,,,,
LAB0026196,,,,,,,,,,
LAB0026197,,,,,,,,,,
LAB0026198,,,,,,,,,,
LAB0026199,,,,,,,,,,
LAB0026200,,,,,,,,,,
LAB0026201,,,,,,,,,,
LAB0026202,,,,,,,,,,
LAB0026203,,,,,,,,,,
LAB0026204,,,,,,,,,,
LAB0026205,,,,,,,,,,
LAB0026206,,,,,,,,,,
LAB0026207,,,,,,,,,,
LAB0026208,,,,,,,,,,
LAB0026209,,,,,,,,,,
LAB0026210,,,,,,,,,,
LAB0026211,,,,,,,,,,
LAB0026212,,,,,,,,,,
LAB0026213,,,,,,,,,,
LAB0026214,,,,,,,,,,
LAB0026215,,,,,,,,,,
LAB0026216,,,,,,,,,,
LAB0026217,,,,,,,,,,
LAB0026218,,,,,,,,,,
LAB0026219,,,,,,,,,,
LAB0026220,,,,,,,,,,
LAB0026221,,,,,,,,,,
LAB0026222,,,,,,,,,,
LAB0026223,,,,,,,,,,
LAB0026224,,,,,,,,,,
LAB0026225,,,,,,,,,,
LAB0026226,,,,,,,,,,
LAB0026227,,,,,,,,,,
LAB0026228,,,,,,,,,,
LAB0026229,,,,,,,,,,
LAB0026230,,,,,,,,,,
LAB0026231,,,,,,,,,,
LAB0026232,,,,,,,,,,
LAB0026233,,,,,,,,,,
LAB0026234,,,,,,,,,,
LAB0026235,,,,,,,,,,
LAB0026236,,,,,,,,,,
LAB0026237,,,,,,,,,,
LAB0026238,,,,,,,,,,
LAB0026239,,,,,,,,,,
LAB0026240,,,,,,,,,,
LAB0026241,,,,,,,,,,
LAB0026242,,,,,,,,,,
LAB0026243,,,,,,,,,,
LAB0026244,,,,,,,,,,
LAB0026245,,,,,,,,,,
LAB0026246,,,,,,,,,,
LAB0026247,,,,,,,,,,
LAB0026248,,,,,,,,,,
LAB0026249,,,,,,,,,,
LAB0026250,,,,,,,,,,
LAB0026251,,,,,,,,,,
LAB0026252,,,,,,,,,,
LAB0026253,,,,,,,,,,
LAB0026254,,,,,,,,,,
LAB0026255,,,,,,,,,,
LAB0026256,,,,,,,,,,
LAB0026257,,,,,,,,,,
LAB0026258,,,,,,,,,,
LAB0026259,,,,,,,,,,
LAB0026260,,,,,,,,,,
LAB0026261,,,,,,,,,,
LAB0026262,,,,,,,,,,
LAB0026263,,,,,,,,,,
LAB0026264,,,,,,,,,,
LAB0026265,,,,,,,,,,
LAB0026266,,,,,,,,,,
LAB0026267,,,,,,,,,,
LAB0026268,,,,,,,,,,
LAB0026269,,,,,,,,,,
LAB0026270,,,,,,,,,,
LAB0026271,,,,,,,,,,
LAB0026272,,,,,,,,,,
LAB0026273,,,,,,,,,,
LAB0026274,,,,,,,,,,
LAB0026275,,,,,,,,,,
LAB0026276,,,,,,,,,,
LAB0026277,,,,,,,,,,
LAB0026278,,,,,,,,,,
LAB0026279,,,,,,,,,,
LAB0026280,,,,,,,,,,
LAB0026281,,,,,,,,,,
LAB0026282,,,,,,,,,,
LAB0026283,,,,,,,,,,
LAB0026284,,,,,,,,,,
LAB0026285,,,,,,,,,,
LAB0026286,,,,,,,,,,
LAB0026287,,,,,,,,,,
LAB0026288,,,,,,,,,,
LAB0026289,,,,,,,,,,
LAB0026290,,,,,,,,,,
LAB0026291,,,,,,,,,,
LAB0026292,,,,,,,,,,
LAB0026293,,,,,,,,,,
LAB0026294,,,,,,,,,,
LAB0026295,,,,,,,,,,
LAB0026296,,,,,,,,,,
LAB0026297,,,,,,,,,,
LAB0026298,,,,,,,,,,
LAB0026299,,,,,,,,,,
LAB0026300,,,,,,,,,,
LAB0026301,,,,,,,,,,
LAB0026302,,,,,,,,,,
LAB0026303,,,,,,,,,,
LAB0026304,,,,,,,,,,
LAB0026305,,,,,,,,,,
LAB0026306,,,,,,,,,,
LAB0026307,,,,,,,,,,
LAB0026308,,,,,,,,,,
LAB0026309,,,,,,,,,,
LAB0026310,,,,,,,,,,
LAB0026311,,,,,,,,,,
LAB0026312,,,,,,,,,,
LAB0026313,,,,,,,,,,
LAB0026314,,,,,,,,,,
LAB0026315,,,,,,,,,,
LAB0026316,,,,,,,,,,
LAB0026317,,,,,,,,,,
LAB0026318,,,,,,,,,,
LAB0026319,,,,,,,,,,
LAB0026320,,,,,,,,,,
LAB0026321,,,,,,,,,,
LAB0026322,,,,,,,,,,
LAB0026323,,,,,,,,,,
LAB0026324,,,,,,,,,,
LAB0026325,,,,,,,,,,
LAB0026326,,,,,,,,,,
LAB0026327,,,,,,,,,,
LAB0026328,,,,,,,,,,
LAB0026329,,,,,,,,,,
LAB0026330,,,,,,,,,,
LAB0026331,,,,,,,,,,
LAB0026332,,,,,,,,,,
LAB0026333,,,,,,,,,,
LAB0026334,,,,,,,,,,
LAB0026335,,,,,,,,,,
LAB0026336,,,,,,,,,,
LAB0026337,,,,,,,,,,
LAB0026338,,,,,,,,,,
LAB0026339,,,,,,,,,,
LAB0026340,,,,,,,,,,
LAB0026341,,,,,,,,,,
LAB0026342,,,,,,,,,,
LAB0026343,,,,,,,,,,
LAB0026344,,,,,,,,,,
LAB0026345,,,,,,,,,,
LAB0026346,,,,,,,,,,
LAB0026347,,,,,,,,,,
LAB0026348,,,,,,,,,,
LAB0026349,,,,,,,,,,
LAB0026350,,,,,,,,,,
LAB0026351,,,,,,,,,,
LAB0026352,,,,,,,,,,
LAB0026353,,,,,,,,,,
LAB0026354,,,,,,,,,,
LAB0026355,,,,,,,,,,
LAB0026356,,,,,,,,,,
LAB0026357,,,,,,,,,,
LAB0026358,,,,,,,,,,
LAB0026359,,,,,,,,,,
LAB0026360,,,,,,,,,,
LAB0026361,,,,,,,,,,
LAB0026362,,,,,,,,,,
LAB0026363,,,,,,,,,,
LAB0026364,,,,,,,,,,
LAB0026365,,,,,,,,,,
LAB0026366,,,,,,,,,,
LAB0026367,,,,,,,,,,
LAB0026368,,,,,,,,,,
LAB0026369,,,,,,,,,,
LAB0026370,,,,,,,,,,
LAB0026371,,,,,,,,,,
LAB0026372,,,,,,,,,,
LAB0026373,,,,,,,,,,
LAB0026374,,,,,,,,,,
LAB0026375,,,,,,,,,,
LAB0026376,,,,,,,,,,
LAB0026377,,,,,,,,,,
LAB0026378,,,,,,,,,,
LAB0026379,,,,,,,,,,
LAB0026380,,,,,,,,,,
LAB0026381,,,,,,,,,,
LAB0026382,,,,,,,,,,
LAB0026383,,,,,,,,,,
LAB0026384,,,,,,,,,,
LAB0026385,,,,,,,,,,
LAB0026386,,,,,,,,,,
LAB0026387,,,,,,,,,,
LAB0026388,,,,,,,,,,
LAB0026389,,,,,,,,,,
LAB0026390,,,,,,,,,,
LAB0026391,,,,,,,,,,
LAB0026392,,,,,,,,,,
LAB0026393,,,,,,,,,,
LAB0026394,,,,,,,,,,
LAB0026395,,,,,,,,,,
LAB0026396,,,,,,,,,,
LAB0026397,,,,,,,,,,
LAB0026398,,,,,,,,,,
LAB0026399,,,,,,,,,,
LAB0026400,,,,,,,,,,
LAB0026401,,,,,,,,,,
LAB0026402,,,,,,,,,,
LAB0026403,,,,,,,,,,
LAB0026404,,,,,,,,,,
LAB0026405,,,,,,,,,,
LAB0026406,,,,,,,,,,
LAB0026407,,,,,,,,,,
LAB0026408,,,,,,,,,,
LAB0026409,,,,,,,,,,
LAB0026410,,,,,,,,,,
LAB0026411,,,,,,,,,,
LAB0026412,,,,,,,,,,
LAB0026413,,,,,,,,,,
LAB0026414,,,,,,,,,,
LAB0026415,,,,,,,,,,
LAB0026416,,,,,,,,,,
LAB0026417,,,,,,,,,,
LAB0026418,,,,,,,,,,
LAB0026419,,,,,,,,,,
LAB0026420,,,,,,,,,,
LAB0026421,,,,,,,,,,
LAB0026422,,,,,,,,,,
LAB0026423,,,,,,,,,,
LAB0026424,,,,,,,,,,
LAB0026425,,,,,,,,,,
LAB0026426,,,,,,,,,,
LAB0026427,,,,,,,,,,
LAB0026428,,,,,,,,,,
LAB0026429,,,,,,,,,,
LAB0026430,,,,,,,,,,
LAB0026431,,,,,,,,,,
LAB0026432,,,,,,,,,,
LAB0026433,,,,,,,,,,
LAB0026434,,,,,,,,,,
LAB0026435,,,,,,,,,,
LAB0026436,,,,,,,,,,
LAB0026437,,,,,,,,,,
LAB0026438,,,,,,,,,,
LAB0026439,,,,,,,,,,
LAB0026440,,,,,,,,,,
LAB0026441,,,,,,,,,,
LAB0026442,,,,,,,,,,
LAB0026443,,,,,,,,,,
LAB0026444,,,,,,,,,,
LAB0026445,,,,,,,,,,
LAB0026446,,,,,,,,,,
LAB0026447,,,,,,,,,,
LAB0026448,,,,,,,,,,
LAB0026449,,,,,,,,,,
LAB0026450,,,,,,,,,,
LAB0026451,,,,,,,,,,
LAB0026452,,,,,,,,,,
LAB0026453,,,,,,,,,,
LAB0026454,,,,,,,,,,
LAB0026455,,,,,,,,,,
LAB0026456,,,,,,,,,,
LAB0026457,,,,,,,,,,
LAB0026458,,,,,,,,,,
LAB0026459,,,,,,,,,,
LAB0026460,,,,,,,,,,
LAB0026461,,,,,,,,,,
LAB0026462,,,,,,,,,,
LAB0026463,,,,,,,,,,
LAB0026464,,,,,,,,,,
LAB0026465,,,,,,,,,,
LAB0026466,,,,,,,,,,
LAB0026467,,,,,,,,,,
LAB0026468,,,,,,,,,,
LAB0026469,,,,,,,,,,
LAB0026470,,,,,,,,,,
LAB0026471,,,,,,,,,,
LAB0026472,,,,,,,,,,
LAB0026473,,,,,,,,,,
LAB0026474,,,,,,,,,,
LAB0026475,,,,,,,,,,
LAB0026476,,,,,,,,,,
LAB0026477,,,,,,,,,,
LAB0026478,,,,,,,,,,
LAB0026479,,,,,,,,,,
LAB0026480,,,,,,,,,,
LAB0026481,,,,,,,,,,
LAB0026482,,,,,,,,,,
LAB0026483,,,,,,,,,,
LAB0026484,,,,,,,,,,
LAB0026485,,,,,,,,,,
LAB0026486,,,,,,,,,,
LAB0026487,,,,,,,,,,
LAB0026488,,,,,,,,,,
LAB0026489,,,,,,,,,,
LAB0026490,,,,,,,,,,
LAB0026491,,,,,,,,,,
LAB0026492,,,,,,,,,,
LAB0026493,,,,,,,,,,
LAB0026494,,,,,,,,,,
LAB0026495,,,,,,,,,,
LAB0026496,,,,,,,,,,
LAB0026497,,,,,,,,,,
LAB0026498,,,,,,,,,,
LAB0026499,,,,,,,,,,
LAB0026500,,,,,,,,,,
LAB0026501,,,,,,,,,,
LAB0026502,,,,,,,,,,
LAB0026503,,,,,,,,,,
LAB0026504,,,,,,,,,,
LAB0026505,,,,,,,,,,
LAB0026506,,,,,,,,,,
LAB0026507,,,,,,,,,,
LAB0026508,,,,,,,,,,
LAB0026509,,,,,,,,,,
LAB0026510,,,,,,,,,,
LAB0026511,,,,,,,,,,
LAB0026512,,,,,,,,,,
LAB0026513,,,,,,,,,,
LAB0026514,,,,,,,,,,
LAB0026515,,,,,,,,,,
LAB0026516,,,,,,,,,,
LAB0026517,,,,,,,,,,
LAB0026518,,,,,,,,,,
LAB0026519,,,,,,,,,,
LAB0026520,,,,,,,,,,
LAB0026521,,,,,,,,,,
LAB0026522,,,,,,,,,,
LAB0026523,,,,,,,,,,
LAB0026524,,,,,,,,,,
LAB0026525,,,,,,,,,,
LAB0026526,,,,,,,,,,
LAB0026527,,,,,,,,,,
LAB0026528,,,,,,,,,,
LAB0026529,,,,,,,,,,
LAB0026530,,,,,,,,,,
LAB0026531,,,,,,,,,,
LAB0026532,,,,,,,,,,
LAB0026533,,,,,,,,,,
LAB0026534,,,,,,,,,,
LAB0026535,,,,,,,,,,
LAB0026536,,,,,,,,,,
LAB0026537,,,,,,,,,,
LAB0026538,,,,,,,,,,
LAB0026539,,,,,,,,,,
LAB0026540,,,,,,,,,,
LAB0026541,,,,,,,,,,
LAB0026542,,,,,,,,,,
LAB0026543,,,,,,,,,,
LAB0026544,,,,,,,,,,
LAB0026545,,,,,,,,,,
LAB0026546,,,,,,,,,,
LAB0026547,,,,,,,,,,
LAB0026548,,,,,,,,,,
LAB0026549,,,,,,,,,,
LAB0026550,,,,,,,,,,
LAB0026551,,,,,,,,,,
LAB0026552,,,,,,,,,,
LAB0026553,,,,,,,,,,
LAB0026554,,,,,,,,,,
LAB0026555,,,,,,,,,,
LAB0026556,,,,,,,,,,
LAB0026557,,,,,,,,,,
LAB0026558,,,,,,,,,,
LAB0026559,,,,,,,,,,
LAB0026560,,,,,,,,,,
LAB0026561,,,,,,,,,,
LAB0026562,,,,,,,,,,
LAB0026563,,,,,,,,,,
LAB0026564,,,,,,,,,,
LAB0026565,,,,,,,,,,
LAB0026566,,,,,,,,,,
LAB0026567,,,,,,,,,,
LAB0026568,,,,,,,,,,
LAB0026569,,,,,,,,,,
LAB0026570,,,,,,,,,,
LAB0026571,,,,,,,,,,
LAB0026572,,,,,,,,,,
LAB0026573,,,,,,,,,,
LAB0026574,,,,,,,,,,
LAB0026575,,,,,,,,,,
LAB0026576,,,,,,,,,,
LAB0026577,,,,,,,,,,
LAB0026578,,,,,,,,,,
LAB0026579,,,,,,,,,,
LAB0026580,,,,,,,,,,
LAB0026581,,,,,,,,,,
LAB0026582,,,,,,,,,,
LAB0026583,,,,,,,,,,
LAB0026584,,,,,,,,,,
LAB0026585,,,,,,,,,,
LAB0026586,,,,,,,,,,
LAB0026587,,,,,,,,,,
LAB0026588,,,,,,,,,,
LAB0026589,,,,,,,,,,
LAB0026590,,,,,,,,,,
LAB0026591,,,,,,,,,,
LAB0026592,,,,,,,,,,
LAB0026593,,,,,,,,,,
LAB0026594,,,,,,,,,,
LAB0026595,,,,,,,,,,
LAB0026596,,,,,,,,,,
LAB0026597,,,,,,,,,,
LAB0026598,,,,,,,,,,
LAB0026599,,,,,,,,,,
LAB0026600,,,,,,,,,,
LAB0026601,,,,,,,,,,
LAB0026602,,,,,,,,,,
LAB0026603,,,,,,,,,,
LAB0026604,,,,,,,,,,
LAB0026605,,,,,,,,,,
LAB0026606,,,,,,,,,,
LAB0026607,,,,,,,,,,
LAB0026608,,,,,,,,,,
LAB0026609,,,,,,,,,,
LAB0026610,,,,,,,,,,
LAB0026611,,,,,,,,,,
LAB0026612,,,,,,,,,,
LAB0026613,,,,,,,,,,
LAB0026614,,,,,,,,,,
LAB0026615,,,,,,,,,,
LAB0026616,,,,,,,,,,
LAB0026617,,,,,,,,,,
LAB0026618,,,,,,,,,,
LAB0026619,,,,,,,,,,
LAB0026620,,,,,,,,,,
LAB0026621,,,,,,,,,,
LAB0026622,,,,,,,,,,
LAB0026623,,,,,,,,,,
LAB0026624,,,,,,,,,,
LAB0026625,,,,,,,,,,
LAB0026626,,,,,,,,,,
LAB0026627,,,,,,,,,,
LAB0026628,,,,,,,,,,
LAB0026629,,,,,,,,,,
LAB0026630,,,,,,,,,,
LAB0026631,,,,,,,,,,
LAB0026632,,,,,,,,,,
LAB0026633,,,,,,,,,,
LAB0026634,,,,,,,,,,
LAB0026635,,,,,,,,,,
LAB0026636,,,,,,,,,,
LAB0026637,,,,,,,,,,
LAB0026638,,,,,,,,,,
LAB0026639,,,,,,,,,,
LAB0026640,,,,,,,,,,
LAB0026641,,,,,,,,,,
LAB0026642,,,,,,,,,,
LAB0026643,,,,,,,,,,
LAB0026644,,,,,,,,,,
LAB0026645,,,,,,,,,,
LAB0026646,,,,,,,,,,
LAB0026647,,,,,,,,,,
LAB0026648,,,,,,,,,,
LAB0026649,,,,,,,,,,
LAB0026650,,,,,,,,,,
LAB0026651,,,,,,,,,,
LAB0026652,,,,,,,,,,
LAB0026653,,,,,,,,,,
LAB0026654,,,,,,,,,,
LAB0026655,,,,,,,,,,
LAB0026656,,,,,,,,,,
LAB0026657,,,,,,,,,,
LAB0026658,,,,,,,,,,
LAB0026659,,,,,,,,,,
LAB0026660,,,,,,,,,,
LAB0026661,,,,,,,,,,
LAB0026662,,,,,,,,,,
LAB0026663,,,,,,,,,,
LAB0026664,,,,,,,,,,
LAB0026665,,,,,,,,,,
LAB0026666,,,,,,,,,,
LAB0026667,,,,,,,,,,
LAB0026668,,,,,,,,,,
LAB0026669,,,,,,,,,,
LAB0026670,,,,,,,,,,
LAB0026671,,,,,,,,,,
LAB0026672,,,,,,,,,,
LAB0026673,,,,,,,,,,
LAB0026674,,,,,,,,,,
LAB0026675,,,,,,,,,,
LAB0026676,,,,,,,,,,
LAB0026677,,,,,,,,,,
LAB0026678,,,,,,,,,,
LAB0026679,,,,,,,,,,
LAB0026680,,,,,,,,,,
LAB0026681,,,,,,,,,,
LAB0026682,,,,,,,,,,
LAB0026683,,,,,,,,,,
LAB0026684,,,,,,,,,,
LAB0026685,,,,,,,,,,
LAB0026686,,,,,,,,,,
LAB0026687,,,,,,,,,,
LAB0026688,,,,,,,,,,
LAB0026689,,,,,,,,,,
LAB0026690,,,,,,,,,,
LAB0026691,,,,,,,,,,
LAB0026692,,,,,,,,,,
LAB0026693,,,,,,,,,,
LAB0026694,,,,,,,,,,
LAB0026695,,,,,,,,,,
LAB0026696,,,,,,,,,,
LAB0026697,,,,,,,,,,
LAB0026698,,,,,,,,,,
LAB0026699,,,,,,,,,,
LAB0026700,,,,,,,,,,
LAB0026701,,,,,,,,,,
LAB0026702,,,,,,,,,,
LAB0026703,,,,,,,,,,
LAB0026704,,,,,,,,,,
LAB0026705,,,,,,,,,,
LAB0026706,,,,,,,,,,
LAB0026707,,,,,,,,,,
LAB0026708,,,,,,,,,,
LAB0026709,,,,,,,,,,
LAB0026710,,,,,,,,,,
LAB0026711,,,,,,,,,,
LAB0026712,,,,,,,,,,
LAB0026713,,,,,,,,,,
LAB0026714,,,,,,,,,,
LAB0026715,,,,,,,,,,
LAB0026716,,,,,,,,,,
LAB0026717,,,,,,,,,,
LAB0026718,,,,,,,,,,
LAB0026719,,,,,,,,,,
LAB0026720,,,,,,,,,,
LAB0026721,,,,,,,,,,
LAB0026722,,,,,,,,,,
LAB0026723,,,,,,,,,,
LAB0026724,,,,,,,,,,
LAB0026725,,,,,,,,,,
LAB0026726,,,,,,,,,,
LAB0026727,,,,,,,,,,
LAB0026728,,,,,,,,,,
LAB0026729,,,,,,,,,,
LAB0026730,,,,,,,,,,
LAB0026731,,,,,,,,,,
LAB0026732,,,,,,,,,,
LAB0026733,,,,,,,,,,
LAB0026734,,,,,,,,,,
LAB0026735,,,,,,,,,,
LAB0026736,,,,,,,,,,
LAB0026737,,,,,,,,,,
LAB0026738,,,,,,,,,,
LAB0026739,,,,,,,,,,
LAB0026740,,,,,,,,,,
LAB0026741,,,,,,,,,,
LAB0026742,,,,,,,,,,
LAB0026743,,,,,,,,,,
LAB0026744,,,,,,,,,,
LAB0026745,,,,,,,,,,
LAB0026746,,,,,,,,,,
LAB0026747,,,,,,,,,,
LAB0026748,,,,,,,,,,
LAB0026749,,,,,,,,,,
LAB0026750,,,,,,,,,,
LAB0026751,,,,,,,,,,
LAB0026752,,,,,,,,,,
LAB0026753,,,,,,,,,,
LAB0026754,,,,,,,,,,
LAB0026755,,,,,,,,,,
LAB0026756,,,,,,,,,,
LAB0026757,,,,,,,,,,
LAB0026758,,,,,,,,,,
LAB0026759,,,,,,,,,,
LAB0026760,,,,,,,,,,
LAB0026761,,,,,,,,,,
LAB0026762,,,,,,,,,,
LAB0026763,,,,,,,,,,
LAB0026764,,,,,,,,,,
LAB0026765,,,,,,,,,,
LAB0026766,,,,,,,,,,
LAB0026767,,,,,,,,,,
LAB0026768,,,,,,,,,,
LAB0026769,,,,,,,,,,
LAB0026770,,,,,,,,,,
LAB0026771,,,,,,,,,,
LAB0026772,,,,,,,,,,
LAB0026773,,,,,,,,,,
LAB0026774,,,,,,,,,,
LAB0026775,,,,,,,,,,
LAB0026776,,,,,,,,,,
LAB0026777,,,,,,,,,,
LAB0026778,,,,,,,,,,
LAB0026779,,,,,,,,,,
LAB0026780,,,,,,,,,,
LAB0026781,,,,,,,,,,
LAB0026782,,,,,,,,,,
LAB0026783,,,,,,,,,,
LAB0026784,,,,,,,,,,
LAB0026785,,,,,,,,,,
LAB0026786,,,,,,,,,,
LAB0026787,,,,,,,,,,
LAB0026788,,,,,,,,,,
LAB0026789,,,,,,,,,,
LAB0026790,,,,,,,,,,
LAB0026791,,,,,,,,,,
LAB0026792,,,,,,,,,,
LAB0026793,,,,,,,,,,
LAB0026794,,,,,,,,,,
LAB0026795,,,,,,,,,,
LAB0026796,,,,,,,,,,
LAB0026797,,,,,,,,,,
LAB0026798,,,,,,,,,,
LAB0026799,,,,,,,,,,
LAB0026800,,,,,,,,,,
LAB0026801,,,,,,,,,,
LAB0026802,,,,,,,,,,
LAB0026803,,,,,,,,,,
LAB0026804,,,,,,,,,,
LAB0026805,,,,,,,,,,
LAB0026806,,,,,,,,,,
LAB0026807,,,,,,,,,,
LAB0026808,,,,,,,,,,
LAB0026809,,,,,,,,,,
LAB0026810,,,,,,,,,,
LAB0026811,,,,,,,,,,
LAB0026812,,,,,,,,,,
LAB0026813,,,,,,,,,,
LAB0026814,,,,,,,,,,
LAB0026815,,,,,,,,,,
LAB0026816,,,,,,,,,,
LAB0026817,,,,,,,,,,
LAB0026818,,,,,,,,,,
LAB0026819,,,,,,,,,,
LAB0026820,,,,,,,,,,
LAB0026821,,,,,,,,,,
LAB0026822,,,,,,,,,,
LAB0026823,,,,,,,,,,
LAB0026824,,,,,,,,,,
LAB0026825,,,,,,,,,,
LAB0026826,,,,,,,,,,
LAB0026827,,,,,,,,,,
LAB0026828,,,,,,,,,,
LAB0026829,,,,,,,,,,
LAB0026830,,,,,,,,,,
LAB0026831,,,,,,,,,,
LAB0026832,,,,,,,,,,
LAB0026833,,,,,,,,,,
LAB0026834,,,,,,,,,,
LAB0026835,,,,,,,,,,
LAB0026836,,,,,,,,,,
LAB0026837,,,,,,,,,,
LAB0026838,,,,,,,,,,
LAB0026839,,,,,,,,,,
LAB0026840,,,,,,,,,,
LAB0026841,,,,,,,,,,
LAB0026842,,,,,,,,,,
LAB0026843,,,,,,,,,,
LAB0026844,,,,,,,,,,
LAB0026845,,,,,,,,,,
LAB0026846,,,,,,,,,,
LAB0026847,,,,,,,,,,
LAB0026848,,,,,,,,,,
LAB0026849,,,,,,,,,,
LAB0026850,,,,,,,,,,
LAB0026851,,,,,,,,,,
LAB0026852,,,,,,,,,,
LAB0026853,,,,,,,,,,
LAB0026854,,,,,,,,,,
LAB0026855,,,,,,,,,,
LAB0026856,,,,,,,,,,
LAB0026857,,,,,,,,,,
LAB0026858,,,,,,,,,,
LAB0026859,,,,,,,,,,
LAB0026860,,,,,,,,,,
LAB0026861,,,,,,,,,,
LAB0026862,,,,,,,,,,
LAB0026863,,,,,,,,,,
LAB0026864,,,,,,,,,,
LAB0026865,,,,,,,,,,
LAB0026866,,,,,,,,,,
LAB0026867,,,,,,,,,,
LAB0026868,,,,,,,,,,
LAB0026869,,,,,,,,,,
LAB0026870,,,,,,,,,,
LAB0026871,,,,,,,,,,
LAB0026872,,,,,,,,,,
LAB0026873,,,,,,,,,,
LAB0026874,,,,,,,,,,
LAB0026875,,,,,,,,,,
LAB0026876,,,,,,,,,,
LAB0026877,,,,,,,,,,
LAB0026878,,,,,,,,,,
LAB0026879,,,,,,,,,,
LAB0026880,,,,,,,,,,
LAB0026881,,,,,,,,,,
LAB0026882,,,,,,,,,,
LAB0026883,,,,,,,,,,
LAB0026884,,,,,,,,,,
LAB0026885,,,,,,,,,,
LAB0026886,,,,,,,,,,
LAB0026887,,,,,,,,,,
LAB0026888,,,,,,,,,,
LAB0026889,,,,,,,,,,
LAB0026890,,,,,,,,,,
LAB0026891,,,,,,,,,,
LAB0026892,,,,,,,,,,
LAB0026893,,,,,,,,,,
LAB0026894,,,,,,,,,,
LAB0026895,,,,,,,,,,
LAB0026896,,,,,,,,,,
LAB0026897,,,,,,,,,,
LAB0026898,,,,,,,,,,
LAB0026899,,,,,,,,,,
LAB0026900,,,,,,,,,,
LAB0026901,,,,,,,,,,
LAB0026902,,,,,,,,,,
LAB0026903,,,,,,,,,,
LAB0026904,,,,,,,,,,
LAB0026905,,,,,,,,,,
LAB0026906,,,,,,,,,,
LAB0026907,,,,,,,,,,
LAB0026908,,,,,,,,,,
LAB0026909,,,,,,,,,,
LAB0026910,,,,,,,,,,
LAB0026911,,,,,,,,,,
LAB0026912,,,,,,,,,,
LAB0026913,,,,,,,,,,
LAB0026914,,,,,,,,,,
LAB0026915,,,,,,,,,,
LAB0026916,,,,,,,,,,
LAB0026917,,,,,,,,,,
LAB0026918,,,,,,,,,,
LAB0026919,,,,,,,,,,
LAB0026920,,,,,,,,,,
LAB0026921,,,,,,,,,,
LAB0026922,,,,,,,,,,
LAB0026923,,,,,,,,,,
LAB0026924,,,,,,,,,,
LAB0026925,,,,,,,,,,
LAB0026926,,,,,,,,,,
LAB0026927,,,,,,,,,,
LAB0026928,,,,,,,,,,
LAB0026929,,,,,,,,,,
LAB0026930,,,,,,,,,,
LAB0026931,,,,,,,,,,
LAB0026932,,,,,,,,,,
LAB0026933,,,,,,,,,,
LAB0026934,,,,,,,,,,
LAB0026935,,,,,,,,,,
LAB0026936,,,,,,,,,,
LAB0026937,,,,,,,,,,
LAB0026938,,,,,,,,,,
LAB0026939,,,,,,,,,,
LAB0026940,,,,,,,,,,
LAB0026941,,,,,,,,,,
LAB0026942,,,,,,,,,,
LAB0026943,,,,,,,,,,
LAB0026944,,,,,,,,,,
LAB0026945,,,,,,,,,,
LAB0026946,,,,,,,,,,
LAB0026947,,,,,,,,,,
LAB0026948,,,,,,,,,,
LAB0026949,,,,,,,,,,
LAB0026950,,,,,,,,,,
LAB0026951,,,,,,,,,,
LAB0026952,,,,,,,,,,
LAB0026953,,,,,,,,,,
LAB0026954,,,,,,,,,,
LAB0026955,,,,,,,,,,
LAB0026956,,,,,,,,,,
LAB0026957,,,,,,,,,,
LAB0026958,,,,,,,,,,
LAB0026959,,,,,,,,,,
LAB0026960,,,,,,,,,,
LAB0026961,,,,,,,,,,
LAB0026962,,,,,,,,,,
LAB0026963,,,,,,,,,,
LAB0026964,,,,,,,,,,
LAB0026965,,,,,,,,,,
LAB0026966,,,,,,,,,,
LAB0026967,,,,,,,,,,
LAB0026968,,,,,,,,,,
LAB0026969,,,,,,,,,,
LAB0026970,,,,,,,,,,
LAB0026971,,,,,,,,,,
LAB0026972,,,,,,,,,,
LAB0026973,,,,,,,,,,
LAB0026974,,,,,,,,,,
LAB0026975,,,,,,,,,,
LAB0026976,,,,,,,,,,
LAB0026977,,,,,,,,,,
LAB0026978,,,,,,,,,,
LAB0026979,,,,,,,,,,
LAB0026980,,,,,,,,,,
LAB0026981,,,,,,,,,,
LAB0026982,,,,,,,,,,
LAB0026983,,,,,,,,,,
LAB0026984,,,,,,,,,,
LAB0026985,,,,,,,,,,
LAB0026986,,,,,,,,,,
LAB0026987,,,,,,,,,,
LAB0026988,,,,,,,,,,
LAB0026989,,,,,,,,,,
LAB0026990,,,,,,,,,,
LAB0026991,,,,,,,,,,
LAB0026992,,,,,,,,,,
LAB0026993,,,,,,,,,,
LAB0026994,,,,,,,,,,
LAB0026995,,,,,,,,,,
LAB0026996,,,,,,,,,,
LAB0026997,,,,,,,,,,
LAB0026998,,,,,,,,,,
LAB0026999,,,,,,,,,,
LAB0027000,,,,,,,,,,
LAB0027001,,,,,,,,,,
LAB0027002,,,,,,,,,,
LAB0027003,,,,,,,,,,
LAB0027004,,,,,,,,,,
LAB0027005,,,,,,,,,,
LAB0027006,,,,,,,,,,
LAB0027007,,,,,,,,,,
LAB0027008,,,,,,,,,,
LAB0027009,,,,,,,,,,
LAB0027010,,,,,,,,,,
LAB0027011,,,,,,,,,,
LAB0027012,,,,,,,,,,
LAB0027013,,,,,,,,,,
LAB0027014,,,,,,,,,,
LAB0027015,,,,,,,,,,
LAB0027016,,,,,,,,,,
LAB0027017,,,,,,,,,,
LAB0027018,,,,,,,,,,
LAB0027019,,,,,,,,,,
LAB0027020,,,,,,,,,,
LAB0027021,,,,,,,,,,
LAB0027022,,,,,,,,,,
LAB0027023,,,,,,,,,,
LAB0027024,,,,,,,,,,
LAB0027025,,,,,,,,,,
LAB0027026,,,,,,,,,,
LAB0027027,,,,,,,,,,
LAB0027028,,,,,,,,,,
LAB0027029,,,,,,,,,,
LAB0027030,,,,,,,,,,
LAB0027031,,,,,,,,,,
LAB0027032,,,,,,,,,,
LAB0027033,,,,,,,,,,
LAB0027034,,,,,,,,,,
LAB0027035,,,,,,,,,,
LAB0027036,,,,,,,,,,
LAB0027037,,,,,,,,,,
LAB0027038,,,,,,,,,,
LAB0027039,,,,,,,,,,
LAB0027040,,,,,,,,,,
LAB0027041,,,,,,,,,,
LAB0027042,,,,,,,,,,
LAB0027043,,,,,,,,,,
LAB0027044,,,,,,,,,,
LAB0027045,,,,,,,,,,
LAB0027046,,,,,,,,,,
LAB0027047,,,,,,,,,,
LAB0027048,,,,,,,,,,
LAB0027049,,,,,,,,,,
LAB0027050,,,,,,,,,,
LAB0027051,,,,,,,,,,
LAB0027052,,,,,,,,,,
LAB0027053,,,,,,,,,,
LAB0027054,,,,,,,,,,
LAB0027055,,,,,,,,,,
LAB0027056,,,,,,,,,,
LAB0027057,,,,,,,,,,
LAB0027058,,,,,,,,,,
LAB0027059,,,,,,,,,,
LAB0027060,,,,,,,,,,
LAB0027061,,,,,,,,,,
LAB0027062,,,,,,,,,,
LAB0027063,,,,,,,,,,
LAB0027064,,,,,,,,,,
LAB0027065,,,,,,,,,,
LAB0027066,,,,,,,,,,
LAB0027067,,,,,,,,,,
LAB0027068,,,,,,,,,,
LAB0027069,,,,,,,,,,
LAB0027070,,,,,,,,,,
LAB0027071,,,,,,,,,,
LAB0027072,,,,,,,,,,
LAB0027073,,,,,,,,,,
LAB0027074,,,,,,,,,,
LAB0027075,,,,,,,,,,
LAB0027076,,,,,,,,,,
LAB0027077,,,,,,,,,,
LAB0027078,,,,,,,,,,
LAB0027079,,,,,,,,,,
LAB0027080,,,,,,,,,,
LAB0027081,,,,,,,,,,
LAB0027082,,,,,,,,,,
LAB0027083,,,,,,,,,,
LAB0027084,,,,,,,,,,
LAB0027085,,,,,,,,,,
LAB0027086,,,,,,,,,,
LAB0027087,,,,,,,,,,
LAB0027088,,,,,,,,,,
LAB0027089,,,,,,,,,,
LAB0027090,,,,,,,,,,
LAB0027091,,,,,,,,,,
LAB0027092,,,,,,,,,,
LAB0027093,,,,,,,,,,
LAB0027094,,,,,,,,,,
LAB0027095,,,,,,,,,,
LAB0027096,,,,,,,,,,
LAB0027097,,,,,,,,,,
LAB0027098,,,,,,,,,,
LAB0027099,,,,,,,,,,
LAB0027100,,,,,,,,,,
LAB0027101,,,,,,,,,,
LAB0027102,,,,,,,,,,
LAB0027103,,,,,,,,,,
LAB0027104,,,,,,,,,,
LAB0027105,,,,,,,,,,
LAB0027106,,,,,,,,,,
LAB0027107,,,,,,,,,,
LAB0027108,,,,,,,,,,
LAB0027109,,,,,,,,,,
LAB0027110,,,,,,,,,,
LAB0027111,,,,,,,,,,
LAB0027112,,,,,,,,,,
LAB0027113,,,,,,,,,,
LAB0027114,,,,,,,,,,
LAB0027115,,,,,,,,,,
LAB0027116,,,,,,,,,,
LAB0027117,,,,,,,,,,
LAB0027118,,,,,,,,,,
LAB0027119,,,,,,,,,,
LAB0027120,,,,,,,,,,
LAB0027121,,,,,,,,,,
LAB0027122,,,,,,,,,,
LAB0027123,,,,,,,,,,
LAB0027124,,,,,,,,,,
LAB0027125,,,,,,,,,,
LAB0027126,,,,,,,,,,
LAB0027127,,,,,,,,,,
LAB0027128,,,,,,,,,,
LAB0027129,,,,,,,,,,
LAB0027130,,,,,,,,,,
LAB0027131,,,,,,,,,,
LAB0027132,,,,,,,,,,
LAB0027133,,,,,,,,,,
LAB0027134,,,,,,,,,,
LAB0027135,,,,,,,,,,
LAB0027136,,,,,,,,,,
LAB0027137,,,,,,,,,,
LAB0027138,,,,,,,,,,
LAB0027139,,,,,,,,,,
LAB0027140,,,,,,,,,,
LAB0027141,,,,,,,,,,
LAB0027142,,,,,,,,,,
LAB0027143,,,,,,,,,,
LAB0027144,,,,,,,,,,
LAB0027145,,,,,,,,,,
LAB0027146,,,,,,,,,,
LAB0027147,,,,,,,,,,
LAB0027148,,,,,,,,,,
LAB0027149,,,,,,,,,,
LAB0027150,,,,,,,,,,
LAB0027151,,,,,,,,,,
LAB0027152,,,,,,,,,,
LAB0027153,,,,,,,,,,
LAB0027154,,,,,,,,,,
LAB0027155,,,,,,,,,,
LAB0027156,,,,,,,,,,
LAB0027157,,,,,,,,,,
LAB0027158,,,,,,,,,,
LAB0027159,,,,,,,,,,
LAB0027160,,,,,,,,,,
LAB0027161,,,,,,,,,,
LAB0027162,,,,,,,,,,
LAB0027163,,,,,,,,,,
LAB0027164,,,,,,,,,,
LAB0027165,,,,,,,,,,
LAB0027166,,,,,,,,,,
LAB0027167,,,,,,,,,,
LAB0027168,,,,,,,,,,
LAB0027169,,,,,,,,,,
LAB0027170,,,,,,,,,,
LAB0027171,,,,,,,,,,
LAB0027172,,,,,,,,,,
LAB0027173,,,,,,,,,,
LAB0027174,,,,,,,,,,
LAB0027175,,,,,,,,,,
LAB0027176,,,,,,,,,,
LAB0027177,,,,,,,,,,
LAB0027178,,,,,,,,,,
LAB0027179,,,,,,,,,,
LAB0027180,,,,,,,,,,
LAB0027181,,,,,,,,,,
LAB0027182,,,,,,,,,,
LAB0027183,,,,,,,,,,
LAB0027184,,,,,,,,,,
LAB0027185,,,,,,,,,,
LAB0027186,,,,,,,,,,
LAB0027187,,,,,,,,,,
LAB0027188,,,,,,,,,,
LAB0027189,,,,,,,,,,
LAB0027190,,,,,,,,,,
LAB0027191,,,,,,,,,,
LAB0027192,,,,,,,,,,
LAB0027193,,,,,,,,,,
LAB0027194,,,,,,,,,,
LAB0027195,,,,,,,,,,
LAB0027196,,,,,,,,,,
LAB0027197,,,,,,,,,,
LAB0027198,,,,,,,,,,
LAB0027199,,,,,,,,,,
LAB0027200,,,,,,,,,,
LAB0027201,,,,,,,,,,
LAB0027202,,,,,,,,,,
LAB0027203,,,,,,,,,,
LAB0027204,,,,,,,,,,
LAB0027205,,,,,,,,,,
LAB0027206,,,,,,,,,,
LAB0027207,,,,,,,,,,
LAB0027208,,,,,,,,,,
LAB0027209,,,,,,,,,,
LAB0027210,,,,,,,,,,
LAB0027211,,,,,,,,,,
LAB0027212,,,,,,,,,,
LAB0027213,,,,,,,,,,
LAB0027214,,,,,,,,,,
LAB0027215,,,,,,,,,,
LAB0027216,,,,,,,,,,
LAB0027217,,,,,,,,,,
LAB0027218,,,,,,,,,,
LAB0027219,,,,,,,,,,
LAB0027220,,,,,,,,,,
LAB0027221,,,,,,,,,,
LAB0027222,,,,,,,,,,
LAB0027223,,,,,,,,,,
LAB0027224,,,,,,,,,,
LAB0027225,,,,,,,,,,
LAB0027226,,,,,,,,,,
LAB0027227,,,,,,,,,,
LAB0027228,,,,,,,,,,
LAB0027229,,,,,,,,,,
LAB0027230,,,,,,,,,,
LAB0027231,,,,,,,,,,
LAB0027232,,,,,,,,,,
LAB0027233,,,,,,,,,,
LAB0027234,,,,,,,,,,
LAB0027235,,,,,,,,,,
LAB0027236,,,,,,,,,,
LAB0027237,,,,,,,,,,
LAB0027238,,,,,,,,,,
LAB0027239,,,,,,,,,,
LAB0027240,,,,,,,,,,
LAB0027241,,,,,,,,,,
LAB0027242,,,,,,,,,,
LAB0027243,,,,,,,,,,
LAB0027244,,,,,,,,,,
LAB0027245,,,,,,,,,,
LAB0027246,,,,,,,,,,
LAB0027247,,,,,,,,,,
LAB0027248,,,,,,,,,,
LAB0027249,,,,,,,,,,
LAB0027250,,,,,,,,,,
LAB0027251,,,,,,,,,,
LAB0027252,,,,,,,,,,
LAB0027253,,,,,,,,,,
LAB0027254,,,,,,,,,,
LAB0027255,,,,,,,,,,
LAB0027256,,,,,,,,,,
LAB0027257,,,,,,,,,,
LAB0027258,,,,,,,,,,
LAB0027259,,,,,,,,,,
LAB0027260,,,,,,,,,,
LAB0027261,,,,,,,,,,
LAB0027262,,,,,,,,,,
LAB0027263,,,,,,,,,,
LAB0027264,,,,,,,,,,
LAB0027265,,,,,,,,,,
LAB0027266,,,,,,,,,,
LAB0027267,,,,,,,,,,
LAB0027268,,,,,,,,,,
LAB0027269,,,,,,,,,,
LAB0027270,,,,,,,,,,
LAB0027271,,,,,,,,,,
LAB0027272,,,,,,,,,,
LAB0027273,,,,,,,,,,
LAB0027274,,,,,,,,,,
LAB0027275,,,,,,,,,,
LAB0027276,,,,,,,,,,
LAB0027277,,,,,,,,,,
LAB0027278,,,,,,,,,,
LAB0027279,,,,,,,,,,
LAB0027280,,,,,,,,,,
LAB0027281,,,,,,,,,,
LAB0027282,,,,,,,,,,
LAB0027283,,,,,,,,,,
LAB0027284,,,,,,,,,,
LAB0027285,,,,,,,,,,
LAB0027286,,,,,,,,,,
LAB0027287,,,,,,,,,,
LAB0027288,,,,,,,,,,
LAB0027289,,,,,,,,,,
LAB0027290,,,,,,,,,,
LAB0027291,,,,,,,,,,
LAB0027292,,,,,,,,,,
LAB0027293,,,,,,,,,,
LAB0027294,,,,,,,,,,
LAB0027295,,,,,,,,,,
LAB0027296,,,,,,,,,,
LAB0027297,,,,,,,,,,
LAB0027298,,,,,,,,,,
LAB0027299,,,,,,,,,,
LAB0027300,,,,,,,,,,
LAB0027301,,,,,,,,,,
LAB0027302,,,,,,,,,,
LAB0027303,,,,,,,,,,
LAB0027304,,,,,,,,,,
LAB0027305,,,,,,,,,,
LAB0027306,,,,,,,,,,
LAB0027307,,,,,,,,,,
LAB0027308,,,,,,,,,,
LAB0027309,,,,,,,,,,
LAB0027310,,,,,,,,,,
LAB0027311,,,,,,,,,,
LAB0027312,,,,,,,,,,
LAB0027313,,,,,,,,,,
LAB0027314,,,,,,,,,,
LAB0027315,,,,,,,,,,
LAB0027316,,,,,,,,,,
LAB0027317,,,,,,,,,,
LAB0027318,,,,,,,,,,
LAB0027319,,,,,,,,,,
LAB0027320,,,,,,,,,,
LAB0027321,,,,,,,,,,
LAB0027322,,,,,,,,,,
LAB0027323,,,,,,,,,,
LAB0027324,,,,,,,,,,
LAB0027325,,,,,,,,,,
LAB0027326,,,,,,,,,,
LAB0027327,,,,,,,,,,
LAB0027328,,,,,,,,,,
LAB0027329,,,,,,,,,,
LAB0027330,,,,,,,,,,
LAB0027331,,,,,,,,,,
LAB0027332,,,,,,,,,,
LAB0027333,,,,,,,,,,
LAB0027334,,,,,,,,,,
LAB0027335,,,,,,,,,,
LAB0027336,,,,,,,,,,
LAB0027337,,,,,,,,,,
LAB0027338,,,,,,,,,,
LAB0027339,,,,,,,,,,
LAB0027340,,,,,,,,,,
LAB0027341,,,,,,,,,,
LAB0027342,,,,,,,,,,
LAB0027343,,,,,,,,,,
LAB0027344,,,,,,,,,,
LAB0027345,,,,,,,,,,
LAB0027346,,,,,,,,,,
LAB0027347,,,,,,,,,,
LAB0027348,,,,,,,,,,
LAB0027349,,,,,,,,,,
LAB0027350,,,,,,,,,,
LAB0027351,,,,,,,,,,
LAB0027352,,,,,,,,,,
LAB0027353,,,,,,,,,,
LAB0027354,,,,,,,,,,
LAB0027355,,,,,,,,,,
LAB0027356,,,,,,,,,,
LAB0027357,,,,,,,,,,
LAB0027358,,,,,,,,,,
LAB0027359,,,,,,,,,,
LAB0027360,,,,,,,,,,
LAB0027361,,,,,,,,,,
LAB0027362,,,,,,,,,,
LAB0027363,,,,,,,,,,
LAB0027364,,,,,,,,,,
LAB0027365,,,,,,,,,,
LAB0027366,,,,,,,,,,
LAB0027367,,,,,,,,,,
LAB0027368,,,,,,,,,,
LAB0027369,,,,,,,,,,
LAB0027370,,,,,,,,,,
LAB0027371,,,,,,,,,,
LAB0027372,,,,,,,,,,
LAB0027373,,,,,,,,,,
LAB0027374,,,,,,,,,,
LAB0027375,,,,,,,,,,
LAB0027376,,,,,,,,,,
LAB0027377,,,,,,,,,,
LAB0027378,,,,,,,,,,
LAB0027379,,,,,,,,,,
LAB0027380,,,,,,,,,,
LAB0027381,,,,,,,,,,
LAB0027382,,,,,,,,,,
LAB0027383,,,,,,,,,,
LAB0027384,,,,,,,,,,
LAB0027385,,,,,,,,,,
LAB0027386,,,,,,,,,,
LAB0027387,,,,,,,,,,
LAB0027388,,,,,,,,,,
LAB0027389,,,,,,,,,,
LAB0027390,,,,,,,,,,
LAB0027391,,,,,,,,,,
LAB0027392,,,,,,,,,,
LAB0027393,,,,,,,,,,
LAB0027394,,,,,,,,,,
LAB0027395,,,,,,,,,,
LAB0027396,,,,,,,,,,
LAB0027397,,,,,,,,,,
LAB0027398,,,,,,,,,,
LAB0027399,,,,,,,,,,
LAB0027400,,,,,,,,,,
LAB0027401,,,,,,,,,,
LAB0027402,,,,,,,,,,
LAB0027403,,,,,,,,,,
LAB0027404,,,,,,,,,,
LAB0027405,,,,,,,,,,
LAB0027406,,,,,,,,,,
LAB0027407,,,,,,,,,,
LAB0027408,,,,,,,,,,
LAB0027409,,,,,,,,,,
LAB0027410,,,,,,,,,,
LAB0027411,,,,,,,,,,
LAB0027412,,,,,,,,,,
LAB0027413,,,,,,,,,,
LAB0027414,,,,,,,,,,
LAB0027415,,,,,,,,,,
LAB0027416,,,,,,,,,,
LAB0027417,,,,,,,,,,
LAB0027418,,,,,,,,,,
LAB0027419,,,,,,,,,,
LAB0027420,,,,,,,,,,
LAB0027421,,,,,,,,,,
LAB0027422,,,,,,,,,,
LAB0027423,,,,,,,,,,
LAB0027424,,,,,,,,,,
LAB0027425,,,,,,,,,,
LAB0027426,,,,,,,,,,
LAB0027427,,,,,,,,,,
LAB0027428,,,,,,,,,,
LAB0027429,,,,,,,,,,
LAB0027430,,,,,,,,,,
LAB0027431,,,,,,,,,,
LAB0027432,,,,,,,,,,
LAB0027433,,,,,,,,,,
LAB0027434,,,,,,,,,,
LAB0027435,,,,,,,,,,
LAB0027436,,,,,,,,,,
LAB0027437,,,,,,,,,,
LAB0027438,,,,,,,,,,
LAB0027439,,,,,,,,,,
LAB0027440,,,,,,,,,,
LAB0027441,,,,,,,,,,
LAB0027442,,,,,,,,,,
LAB0027443,,,,,,,,,,
LAB0027444,,,,,,,,,,
LAB0027445,,,,,,,,,,
LAB0027446,,,,,,,,,,
LAB0027447,,,,,,,,,,
LAB0027448,,,,,,,,,,
LAB0027449,,,,,,,,,,
LAB0027450,,,,,,,,,,
LAB0027451,,,,,,,,,,
LAB0027452,,,,,,,,,,
LAB0027453,,,,,,,,,,
LAB0027454,,,,,,,,,,
LAB0027455,,,,,,,,,,
LAB0027456,,,,,,,,,,
LAB0027457,,,,,,,,,,
LAB0027458,,,,,,,,,,
LAB0027459,,,,,,,,,,
LAB0027460,,,,,,,,,,
LAB0027461,,,,,,,,,,
LAB0027462,,,,,,,,,,
LAB0027463,,,,,,,,,,
LAB0027464,,,,,,,,,,
LAB0027465,,,,,,,,,,
LAB0027466,,,,,,,,,,
LAB0027467,,,,,,,,,,
LAB0027468,,,,,,,,,,
LAB0027469,,,,,,,,,,
LAB0027470,,,,,,,,,,
LAB0027471,,,,,,,,,,
LAB0027472,,,,,,,,,,
LAB0027473,,,,,,,,,,
LAB0027474,,,,,,,,,,
LAB0027475,,,,,,,,,,
LAB0027476,,,,,,,,,,
LAB0027477,,,,,,,,,,
LAB0027478,,,,,,,,,,
LAB0027479,,,,,,,,,,
LAB0027480,,,,,,,,,,
LAB0027481,,,,,,,,,,
LAB0027482,,,,,,,,,,
LAB0027483,,,,,,,,,,
LAB0027484,,,,,,,,,,
LAB0027485,,,,,,,,,,
LAB0027486,,,,,,,,,,
LAB0027487,,,,,,,,,,
LAB0027488,,,,,,,,,,
LAB0027489,,,,,,,,,,
LAB0027490,,,,,,,,,,
LAB0027491,,,,,,,,,,
LAB0027492,,,,,,,,,,
LAB0027493,,,,,,,,,,
LAB0027494,,,,,,,,,,
LAB0027495,,,,,,,,,,
LAB0027496,,,,,,,,,,
LAB0027497,,,,,,,,,,
LAB0027498,,,,,,,,,,
LAB0027499,,,,,,,,,,
LAB0027500,,,,,,,,,,
LAB0027501,,,,,,,,,,
LAB0027502,,,,,,,,,,
LAB0027503,,,,,,,,,,
LAB0027504,,,,,,,,,,
LAB0027505,,,,,,,,,,
LAB0027506,,,,,,,,,,
LAB0027507,,,,,,,,,,
LAB0027508,,,,,,,,,,
LAB0027509,,,,,,,,,,
LAB0027510,,,,,,,,,,
LAB0027511,,,,,,,,,,
LAB0027512,,,,,,,,,,
LAB0027513,,,,,,,,,,
LAB0027514,,,,,,,,,,
LAB0027515,,,,,,,,,,
LAB0027516,,,,,,,,,,
LAB0027517,,,,,,,,,,
LAB0027518,,,,,,,,,,
LAB0027519,,,,,,,,,,
LAB0027520,,,,,,,,,,
LAB0027521,,,,,,,,,,
LAB0027522,,,,,,,,,,
LAB0027523,,,,,,,,,,
LAB0027524,,,,,,,,,,
LAB0027525,,,,,,,,,,
LAB0027526,,,,,,,,,,
LAB0027527,,,,,,,,,,
LAB0027528,,,,,,,,,,
LAB0027529,,,,,,,,,,
LAB0027530,,,,,,,,,,
LAB0027531,,,,,,,,,,
LAB0027532,,,,,,,,,,
LAB0027533,,,,,,,,,,
LAB0027534,,,,,,,,,,
LAB0027535,,,,,,,,,,
LAB0027536,,,,,,,,,,
LAB0027537,,,,,,,,,,
LAB0027538,,,,,,,,,,
LAB0027539,,,,,,,,,,
LAB0027540,,,,,,,,,,
LAB0027541,,,,,,,,,,
LAB0027542,,,,,,,,,,
LAB0027543,,,,,,,,,,
LAB0027544,,,,,,,,,,
LAB0027545,,,,,,,,,,
LAB0027546,,,,,,,,,,
LAB0027547,,,,,,,,,,
LAB0027548,,,,,,,,,,
LAB0027549,,,,,,,,,,
LAB0027550,,,,,,,,,,
LAB0027551,,,,,,,,,,
LAB0027552,,,,,,,,,,
LAB0027553,,,,,,,,,,
LAB0027554,,,,,,,,,,
LAB0027555,,,,,,,,,,
LAB0027556,,,,,,,,,,
LAB0027557,,,,,,,,,,
LAB0027558,,,,,,,,,,
LAB0027559,,,,,,,,,,
LAB0027560,,,,,,,,,,
LAB0027561,,,,,,,,,,
LAB0027562,,,,,,,,,,
LAB0027563,,,,,,,,,,
LAB0027564,,,,,,,,,,
LAB0027565,,,,,,,,,,
LAB0027566,,,,,,,,,,
LAB0027567,,,,,,,,,,
LAB0027568,,,,,,,,,,
LAB0027569,,,,,,,,,,
LAB0027570,,,,,,,,,,
LAB0027571,,,,,,,,,,
LAB0027572,,,,,,,,,,
LAB0027573,,,,,,,,,,
LAB0027574,,,,,,,,,,
LAB0027575,,,,,,,,,,
LAB0027576,,,,,,,,,,
LAB0027577,,,,,,,,,,
LAB0027578,,,,,,,,,,
LAB0027579,,,,,,,,,,
LAB0027580,,,,,,,,,,
LAB0027581,,,,,,,,,,
LAB0027582,,,,,,,,,,
LAB0027583,,,,,,,,,,
LAB0027584,,,,,,,,,,
LAB0027585,,,,,,,,,,
LAB0027586,,,,,,,,,,
LAB0027587,,,,,,,,,,
LAB0027588,,,,,,,,,,
LAB0027589,,,,,,,,,,
LAB0027590,,,,,,,,,,
LAB0027591,,,,,,,,,,
LAB0027592,,,,,,,,,,
LAB0027593,,,,,,,,,,
LAB0027594,,,,,,,,,,
LAB0027595,,,,,,,,,,
LAB0027596,,,,,,,,,,
LAB0027597,,,,,,,,,,
LAB0027598,,,,,,,,,,
LAB0027599,,,,,,,,,,
LAB0027600,,,,,,,,,,
LAB0027601,,,,,,,,,,
LAB0027602,,,,,,,,,,
LAB0027603,,,,,,,,,,
LAB0027604,,,,,,,,,,
LAB0027605,,,,,,,,,,
LAB0027606,,,,,,,,,,
LAB0027607,,,,,,,,,,
LAB0027608,,,,,,,,,,
LAB0027609,,,,,,,,,,
LAB0027610,,,,,,,,,,
LAB0027611,,,,,,,,,,
LAB0027612,,,,,,,,,,
LAB0027613,,,,,,,,,,
LAB0027614,,,,,,,,,,
LAB0027615,,,,,,,,,,
LAB0027616,,,,,,,,,,
LAB0027617,,,,,,,,,,
LAB0027618,,,,,,,,,,
LAB0027619,,,,,,,,,,
LAB0027620,,,,,,,,,,
LAB0027621,,,,,,,,,,
LAB0027622,,,,,,,,,,
LAB0027623,,,,,,,,,,
LAB0027624,,,,,,,,,,
LAB0027625,,,,,,,,,,
LAB0027626,,,,,,,,,,
LAB0027627,,,,,,,,,,
LAB0027628,,,,,,,,,,
LAB0027629,,,,,,,,,,
LAB0027630,,,,,,,,,,
LAB0027631,,,,,,,,,,
LAB0027632,,,,,,,,,,
LAB0027633,,,,,,,,,,
LAB0027634,,,,,,,,,,
LAB0027635,,,,,,,,,,
LAB0027636,,,,,,,,,,
LAB0027637,,,,,,,,,,
LAB0027638,,,,,,,,,,
LAB0027639,,,,,,,,,,
LAB0027640,,,,,,,,,,
LAB0027641,,,,,,,,,,
LAB0027642,,,,,,,,,,
LAB0027643,,,,,,,,,,
LAB0027644,,,,,,,,,,
LAB0027645,,,,,,,,,,
LAB0027646,,,,,,,,,,
LAB0027647,,,,,,,,,,
LAB0027648,,,,,,,,,,
LAB0027649,,,,,,,,,,
LAB0027650,,,,,,,,,,
LAB0027651,,,,,,,,,,
LAB0027652,,,,,,,,,,
LAB0027653,,,,,,,,,,
LAB0027654,,,,,,,,,,
LAB0027655,,,,,,,,,,
LAB0027656,,,,,,,,,,
LAB0027657,,,,,,,,,,
LAB0027658,,,,,,,,,,
LAB0027659,,,,,,,,,,
LAB0027660,,,,,,,,,,
LAB0027661,,,,,,,,,,
LAB0027662,,,,,,,,,,
LAB0027663,,,,,,,,,,
LAB0027664,,,,,,,,,,
LAB0027665,,,,,,,,,,
LAB0027666,,,,,,,,,,
LAB0027667,,,,,,,,,,
LAB0027668,,,,,,,,,,
LAB0027669,,,,,,,,,,
LAB0027670,,,,,,,,,,
LAB0027671,,,,,,,,,,
LAB0027672,,,,,,,,,,
LAB0027673,,,,,,,,,,
LAB0027674,,,,,,,,,,
LAB0027675,,,,,,,,,,
LAB0027676,,,,,,,,,,
LAB0027677,,,,,,,,,,
LAB0027678,,,,,,,,,,
LAB0027679,,,,,,,,,,
LAB0027680,,,,,,,,,,
LAB0027681,,,,,,,,,,
LAB0027682,,,,,,,,,,
LAB0027683,,,,,,,,,,
LAB0027684,,,,,,,,,,
LAB0027685,,,,,,,,,,
LAB0027686,,,,,,,,,,
LAB0027687,,,,,,,,,,
LAB0027688,,,,,,,,,,
LAB0027689,,,,,,,,,,
LAB0027690,,,,,,,,,,
LAB0027691,,,,,,,,,,
LAB0027692,,,,,,,,,,
LAB0027693,,,,,,,,,,
LAB0027694,,,,,,,,,,
LAB0027695,,,,,,,,,,
LAB0027696,,,,,,,,,,
LAB0027697,,,,,,,,,,
LAB0027698,,,,,,,,,,
LAB0027699,,,,,,,,,,
LAB0027700,,,,,,,,,,
LAB0027701,,,,,,,,,,
LAB0027702,,,,,,,,,,
LAB0027703,,,,,,,,,,
LAB0027704,,,,,,,,,,
LAB0027705,,,,,,,,,,
LAB0027706,,,,,,,,,,
LAB0027707,,,,,,,,,,
LAB0027708,,,,,,,,,,
LAB0027709,,,,,,,,,,
LAB0027710,,,,,,,,,,
LAB0027711,,,,,,,,,,
LAB0027712,,,,,,,,,,
LAB0027713,,,,,,,,,,
LAB0027714,,,,,,,,,,
LAB0027715,,,,,,,,,,
LAB0027716,,,,,,,,,,
LAB0027717,,,,,,,,,,
LAB0027718,,,,,,,,,,
LAB0027719,,,,,,,,,,
LAB0027720,,,,,,,,,,
LAB0027721,,,,,,,,,,
LAB0027722,,,,,,,,,,
LAB0027723,,,,,,,,,,
LAB0027724,,,,,,,,,,
LAB0027725,,,,,,,,,,
LAB0027726,,,,,,,,,,
LAB0027727,,,,,,,,,,
LAB0027728,,,,,,,,,,
LAB0027729,,,,,,,,,,
LAB0027730,,,,,,,,,,
LAB0027731,,,,,,,,,,
LAB0027732,,,,,,,,,,
LAB0027733,,,,,,,,,,
LAB0027734,,,,,,,,,,
LAB0027735,,,,,,,,,,
LAB0027736,,,,,,,,,,
LAB0027737,,,,,,,,,,
LAB0027738,,,,,,,,,,
LAB0027739,,,,,,,,,,
LAB0027740,,,,,,,,,,
LAB0027741,,,,,,,,,,
LAB0027742,,,,,,,,,,
LAB0027743,,,,,,,,,,
LAB0027744,,,,,,,,,,
LAB0027745,,,,,,,,,,
LAB0027746,,,,,,,,,,
LAB0027747,,,,,,,,,,
LAB0027748,,,,,,,,,,
LAB0027749,,,,,,,,,,
LAB0027750,,,,,,,,,,
LAB0027751,,,,,,,,,,
LAB0027752,,,,,,,,,,
LAB0027753,,,,,,,,,,
LAB0027754,,,,,,,,,,
LAB0027755,,,,,,,,,,
LAB0027756,,,,,,,,,,
LAB0027757,,,,,,,,,,
LAB0027758,,,,,,,,,,
LAB0027759,,,,,,,,,,
LAB0027760,,,,,,,,,,
LAB0027761,,,,,,,,,,
LAB0027762,,,,,,,,,,
LAB0027763,,,,,,,,,,
LAB0027764,,,,,,,,,,
LAB0027765,,,,,,,,,,
LAB0027766,,,,,,,,,,
LAB0027767,,,,,,,,,,
LAB0027768,,,,,,,,,,
LAB0027769,,,,,,,,,,
LAB0027770,,,,,,,,,,
LAB0027771,,,,,,,,,,
LAB0027772,,,,,,,,,,
LAB0027773,,,,,,,,,,
LAB0027774,,,,,,,,,,
LAB0027775,,,,,,,,,,
LAB0027776,,,,,,,,,,
LAB0027777,,,,,,,,,,
LAB0027778,,,,,,,,,,
LAB0027779,,,,,,,,,,
LAB0027780,,,,,,,,,,
LAB0027781,,,,,,,,,,
LAB0027782,,,,,,,,,,
LAB0027783,,,,,,,,,,
LAB0027784,,,,,,,,,,
LAB0027785,,,,,,,,,,
LAB0027786,,,,,,,,,,
LAB0027787,,,,,,,,,,
LAB0027788,,,,,,,,,,
LAB0027789,,,,,,,,,,
LAB0027790,,,,,,,,,,
LAB0027791,,,,,,,,,,
LAB0027792,,,,,,,,,,
LAB0027793,,,,,,,,,,
LAB0027794,,,,,,,,,,
LAB0027795,,,,,,,,,,
LAB0027796,,,,,,,,,,
LAB0027797,,,,,,,,,,
LAB0027798,,,,,,,,,,
LAB0027799,,,,,,,,,,
LAB0027800,,,,,,,,,,
LAB0027801,,,,,,,,,,
LAB0027802,,,,,,,,,,
LAB0027803,,,,,,,,,,
LAB0027804,,,,,,,,,,
LAB0027805,,,,,,,,,,
LAB0027806,,,,,,,,,,
LAB0027807,,,,,,,,,,
LAB0027808,,,,,,,,,,
LAB0027809,,,,,,,,,,
LAB0027810,,,,,,,,,,
LAB0027811,,,,,,,,,,
LAB0027812,,,,,,,,,,
LAB0027813,,,,,,,,,,
LAB0027814,,,,,,,,,,
LAB0027815,,,,,,,,,,
LAB0027816,,,,,,,,,,
LAB0027817,,,,,,,,,,
LAB0027818,,,,,,,,,,
LAB0027819,,,,,,,,,,
LAB0027820,,,,,,,,,,
LAB0027821,,,,,,,,,,
LAB0027822,,,,,,,,,,
LAB0027823,,,,,,,,,,
LAB0027824,,,,,,,,,,
LAB0027825,,,,,,,,,,
LAB0027826,,,,,,,,,,
LAB0027827,,,,,,,,,,
LAB0027828,,,,,,,,,,
LAB0027829,,,,,,,,,,
LAB0027830,,,,,,,,,,
LAB0027831,,,,,,,,,,
LAB0027832,,,,,,,,,,
LAB0027833,,,,,,,,,,
LAB0027834,,,,,,,,,,
LAB0027835,,,,,,,,,,
LAB0027836,,,,,,,,,,
LAB0027837,,,,,,,,,,
LAB0027838,,,,,,,,,,
LAB0027839,,,,,,,,,,
LAB0027840,,,,,,,,,,
LAB0027841,,,,,,,,,,
LAB0027842,,,,,,,,,,
LAB0027843,,,,,,,,,,
LAB0027844,,,,,,,,,,
LAB0027845,,,,,,,,,,
LAB0027846,,,,,,,,,,
LAB0027847,,,,,,,,,,
LAB0027848,,,,,,,,,,
LAB0027849,,,,,,,,,,
LAB0027850,,,,,,,,,,
LAB0027851,,,,,,,,,,
LAB0027852,,,,,,,,,,
LAB0027853,,,,,,,,,,
LAB0027854,,,,,,,,,,
LAB0027855,,,,,,,,,,
LAB0027856,,,,,,,,,,
LAB0027857,,,,,,,,,,
LAB0027858,,,,,,,,,,
LAB0027859,,,,,,,,,,
LAB0027860,,,,,,,,,,
LAB0027861,,,,,,,,,,
LAB0027862,,,,,,,,,,
LAB0027863,,,,,,,,,,
LAB0027864,,,,,,,,,,
LAB0027865,,,,,,,,,,
LAB0027866,,,,,,,,,,
LAB0027867,,,,,,,,,,
LAB0027868,,,,,,,,,,
LAB0027869,,,,,,,,,,
LAB0027870,,,,,,,,,,
LAB0027871,,,,,,,,,,
LAB0027872,,,,,,,,,,
LAB0027873,,,,,,,,,,
LAB0027874,,,,,,,,,,
LAB0027875,,,,,,,,,,
LAB0027876,,,,,,,,,,
LAB0027877,,,,,,,,,,
LAB0027878,,,,,,,,,,
LAB0027879,,,,,,,,,,
LAB0027880,,,,,,,,,,
LAB0027881,,,,,,,,,,
LAB0027882,,,,,,,,,,
LAB0027883,,,,,,,,,,
LAB0027884,,,,,,,,,,
LAB0027885,,,,,,,,,,
LAB0027886,,,,,,,,,,
LAB0027887,,,,,,,,,,
LAB0027888,,,,,,,,,,
LAB0027889,,,,,,,,,,
LAB0027890,,,,,,,,,,
LAB0027891,,,,,,,,,,
LAB0027892,,,,,,,,,,
LAB0027893,,,,,,,,,,
LAB0027894,,,,,,,,,,
LAB0027895,,,,,,,,,,
LAB0027896,,,,,,,,,,
LAB0027897,,,,,,,,,,
LAB0027898,,,,,,,,,,
LAB0027899,,,,,,,,,,
LAB0027900,,,,,,,,,,
LAB0027901,,,,,,,,,,
LAB0027902,,,,,,,,,,
LAB0027903,,,,,,,,,,
LAB0027904,,,,,,,,,,
LAB0027905,,,,,,,,,,
LAB0027906,,,,,,,,,,
LAB0027907,,,,,,,,,,
LAB0027908,,,,,,,,,,
LAB0027909,,,,,,,,,,
LAB0027910,,,,,,,,,,
LAB0027911,,,,,,,,,,
LAB0027912,,,,,,,,,,
LAB0027913,,,,,,,,,,
LAB0027914,,,,,,,,,,
LAB0027915,,,,,,,,,,
LAB0027916,,,,,,,,,,
LAB0027917,,,,,,,,,,
LAB0027918,,,,,,,,,,
LAB0027919,,,,,,,,,,
LAB0027920,,,,,,,,,,
LAB0027921,,,,,,,,,,
LAB0027922,,,,,,,,,,
LAB0027923,,,,,,,,,,
LAB0027924,,,,,,,,,,
LAB0027925,,,,,,,,,,
LAB0027926,,,,,,,,,,
LAB0027927,,,,,,,,,,
LAB0027928,,,,,,,,,,
LAB0027929,,,,,,,,,,
LAB0027930,,,,,,,,,,
LAB0027931,,,,,,,,,,
LAB0027932,,,,,,,,,,
LAB0027933,,,,,,,,,,
LAB0027934,,,,,,,,,,
LAB0027935,,,,,,,,,,
LAB0027936,,,,,,,,,,
LAB0027937,,,,,,,,,,
LAB0027938,,,,,,,,,,
LAB0027939,,,,,,,,,,
LAB0027940,,,,,,,,,,
LAB0027941,,,,,,,,,,
LAB0027942,,,,,,,,,,
LAB0027943,,,,,,,,,,
LAB0027944,,,,,,,,,,
LAB0027945,,,,,,,,,,
LAB0027946,,,,,,,,,,
LAB0027947,,,,,,,,,,
LAB0027948,,,,,,,,,,
LAB0027949,,,,,,,,,,
LAB0027950,,,,,,,,,,
LAB0027951,,,,,,,,,,
LAB0027952,,,,,,,,,,
LAB0027953,,,,,,,,,,
LAB0027954,,,,,,,,,,
LAB0027955,,,,,,,,,,
LAB0027956,,,,,,,,,,
LAB0027957,,,,,,,,,,
LAB0027958,,,,,,,,,,
LAB0027959,,,,,,,,,,
LAB0027960,,,,,,,,,,
LAB0027961,,,,,,,,,,
LAB0027962,,,,,,,,,,
LAB0027963,,,,,,,,,,
LAB0027964,,,,,,,,,,
LAB0027965,,,,,,,,,,
LAB0027966,,,,,,,,,,
LAB0027967,,,,,,,,,,
LAB0027968,,,,,,,,,,
LAB0027969,,,,,,,,,,
LAB0027970,,,,,,,,,,
LAB0027971,,,,,,,,,,
LAB0027972,,,,,,,,,,
LAB0027973,,,,,,,,,,
LAB0027974,,,,,,,,,,
LAB0027975,,,,,,,,,,
LAB0027976,,,,,,,,,,
LAB0027977,,,,,,,,,,
LAB0027978,,,,,,,,,,
LAB0027979,,,,,,,,,,
LAB0027980,,,,,,,,,,
LAB0027981,,,,,,,,,,
LAB0027982,,,,,,,,,,
LAB0027983,,,,,,,,,,
LAB0027984,,,,,,,,,,
LAB0027985,,,,,,,,,,
LAB0027986,,,,,,,,,,
LAB0027987,,,,,,,,,,
LAB0027988,,,,,,,,,,
LAB0027989,,,,,,,,,,
LAB0027990,,,,,,,,,,
LAB0027991,,,,,,,,,,
LAB0027992,,,,,,,,,,
LAB0027993,,,,,,,,,,
LAB0027994,,,,,,,,,,
LAB0027995,,,,,,,,,,
LAB0027996,,,,,,,,,,
LAB0027997,,,,,,,,,,
LAB0027998,,,,,,,,,,
LAB0027999,,,,,,,,,,
LAB0028000,,,,,,,,,,
LAB0028001,,,,,,,,,,
LAB0028002,,,,,,,,,,
LAB0028003,,,,,,,,,,
LAB0028004,,,,,,,,,,
LAB0028005,,,,,,,,,,
LAB0028006,,,,,,,,,,
LAB0028007,,,,,,,,,,
LAB0028008,,,,,,,,,,
LAB0028009,,,,,,,,,,
LAB0028010,,,,,,,,,,
LAB0028011,,,,,,,,,,
LAB0028012,,,,,,,,,,
LAB0028013,,,,,,,,,,
LAB0028014,,,,,,,,,,
LAB0028015,,,,,,,,,,
LAB0028016,,,,,,,,,,
LAB0028017,,,,,,,,,,
LAB0028018,,,,,,,,,,
LAB0028019,,,,,,,,,,
LAB0028020,,,,,,,,,,
LAB0028021,,,,,,,,,,
LAB0028022,,,,,,,,,,
LAB0028023,,,,,,,,,,
LAB0028024,,,,,,,,,,
LAB0028025,,,,,,,,,,
LAB0028026,,,,,,,,,,
LAB0028027,,,,,,,,,,
LAB0028028,,,,,,,,,,
LAB0028029,,,,,,,,,,
LAB0028030,,,,,,,,,,
LAB0028031,,,,,,,,,,
LAB0028032,,,,,,,,,,
LAB0028033,,,,,,,,,,
LAB0028034,,,,,,,,,,
LAB0028035,,,,,,,,,,
LAB0028036,,,,,,,,,,
LAB0028037,,,,,,,,,,
LAB0028038,,,,,,,,,,
LAB0028039,,,,,,,,,,
LAB0028040,,,,,,,,,,
LAB0028041,,,,,,,,,,
LAB0028042,,,,,,,,,,
LAB0028043,,,,,,,,,,
LAB0028044,,,,,,,,,,
LAB0028045,,,,,,,,,,
LAB0028046,,,,,,,,,,
LAB0028047,,,,,,,,,,
LAB0028048,,,,,,,,,,
LAB0028049,,,,,,,,,,
LAB0028050,,,,,,,,,,
LAB0028051,,,,,,,,,,
LAB0028052,,,,,,,,,,
LAB0028053,,,,,,,,,,
LAB0028054,,,,,,,,,,
LAB0028055,,,,,,,,,,
LAB0028056,,,,,,,,,,
LAB0028057,,,,,,,,,,
LAB0028058,,,,,,,,,,
LAB0028059,,,,,,,,,,
LAB0028060,,,,,,,,,,
LAB0028061,,,,,,,,,,
LAB0028062,,,,,,,,,,
LAB0028063,,,,,,,,,,
LAB0028064,,,,,,,,,,
LAB0028065,,,,,,,,,,
LAB0028066,,,,,,,,,,
LAB0028067,,,,,,,,,,
LAB0028068,,,,,,,,,,
LAB0028069,,,,,,,,,,
LAB0028070,,,,,,,,,,
LAB0028071,,,,,,,,,,
LAB0028072,,,,,,,,,,
LAB0028073,,,,,,,,,,
LAB0028074,,,,,,,,,,
LAB0028075,,,,,,,,,,
LAB0028076,,,,,,,,,,
LAB0028077,,,,,,,,,,
LAB0028078,,,,,,,,,,
LAB0028079,,,,,,,,,,
LAB0028080,,,,,,,,,,
LAB0028081,,,,,,,,,,
LAB0028082,,,,,,,,,,
LAB0028083,,,,,,,,,,
LAB0028084,,,,,,,,,,
LAB0028085,,,,,,,,,,
LAB0028086,,,,,,,,,,
LAB0028087,,,,,,,,,,
LAB0028088,,,,,,,,,,
LAB0028089,,,,,,,,,,
LAB0028090,,,,,,,,,,
LAB0028091,,,,,,,,,,
LAB0028092,,,,,,,,,,
LAB0028093,,,,,,,,,,
LAB0028094,,,,,,,,,,
LAB0028095,,,,,,,,,,
LAB0028096,,,,,,,,,,
LAB0028097,,,,,,,,,,
LAB0028098,,,,,,,,,,
LAB0028099,,,,,,,,,,
LAB0028100,,,,,,,,,,
LAB0028101,,,,,,,,,,
LAB0028102,,,,,,,,,,
LAB0028103,,,,,,,,,,
LAB0028104,,,,,,,,,,
LAB0028105,,,,,,,,,,
LAB0028106,,,,,,,,,,
LAB0028107,,,,,,,,,,
LAB0028108,,,,,,,,,,
LAB0028109,,,,,,,,,,
LAB0028110,,,,,,,,,,
LAB0028111,,,,,,,,,,
LAB0028112,,,,,,,,,,
LAB0028113,,,,,,,,,,
LAB0028114,,,,,,,,,,
LAB0028115,,,,,,,,,,
LAB0028116,,,,,,,,,,
LAB0028117,,,,,,,,,,
LAB0028118,,,,,,,,,,
LAB0028119,,,,,,,,,,
LAB0028120,,,,,,,,,,
LAB0028121,,,,,,,,,,
LAB0028122,,,,,,,,,,
LAB0028123,,,,,,,,,,
LAB0028124,,,,,,,,,,
LAB0028125,,,,,,,,,,
LAB0028126,,,,,,,,,,
LAB0028127,,,,,,,,,,
LAB0028128,,,,,,,,,,
LAB0028129,,,,,,,,,,
LAB0028130,,,,,,,,,,
LAB0028131,,,,,,,,,,
LAB0028132,,,,,,,,,,
LAB0028133,,,,,,,,,,
LAB0028134,,,,,,,,,,
LAB0028135,,,,,,,,,,
LAB0028136,,,,,,,,,,
LAB0028137,,,,,,,,,,
LAB0028138,,,,,,,,,,
LAB0028139,,,,,,,,,,
LAB0028140,,,,,,,,,,
LAB0028141,,,,,,,,,,
LAB0028142,,,,,,,,,,
LAB0028143,,,,,,,,,,
LAB0028144,,,,,,,,,,
LAB0028145,,,,,,,,,,
LAB0028146,,,,,,,,,,
LAB0028147,,,,,,,,,,
LAB0028148,,,,,,,,,,
LAB0028149,,,,,,,,,,
LAB0028150,,,,,,,,,,
LAB0028151,,,,,,,,,,
LAB0028152,,,,,,,,,,
LAB0028153,,,,,,,,,,
LAB0028154,,,,,,,,,,
LAB0028155,,,,,,,,,,
LAB0028156,,,,,,,,,,
LAB0028157,,,,,,,,,,
LAB0028158,,,,,,,,,,
LAB0028159,,,,,,,,,,
LAB0028160,,,,,,,,,,
LAB0028161,,,,,,,,,,
LAB0028162,,,,,,,,,,
LAB0028163,,,,,,,,,,
LAB0028164,,,,,,,,,,
LAB0028165,,,,,,,,,,
LAB0028166,,,,,,,,,,
LAB0028167,,,,,,,,,,
LAB0028168,,,,,,,,,,
LAB0028169,,,,,,,,,,
LAB0028170,,,,,,,,,,
LAB0028171,,,,,,,,,,
LAB0028172,,,,,,,,,,
LAB0028173,,,,,,,,,,
LAB0028174,,,,,,,,,,
LAB0028175,,,,,,,,,,
LAB0028176,,,,,,,,,,
LAB0028177,,,,,,,,,,
LAB0028178,,,,,,,,,,
LAB0028179,,,,,,,,,,
LAB0028180,,,,,,,,,,
LAB0028181,,,,,,,,,,
LAB0028182,,,,,,,,,,
LAB0028183,,,,,,,,,,
LAB0028184,,,,,,,,,,
LAB0028185,,,,,,,,,,
LAB0028186,,,,,,,,,,
LAB0028187,,,,,,,,,,
LAB0028188,,,,,,,,,,
LAB0028189,,,,,,,,,,
LAB0028190,,,,,,,,,,
LAB0028191,,,,,,,,,,
LAB0028192,,,,,,,,,,
LAB0028193,,,,,,,,,,
LAB0028194,,,,,,,,,,
LAB0028195,,,,,,,,,,
LAB0028196,,,,,,,,,,
LAB0028197,,,,,,,,,,
LAB0028198,,,,,,,,,,
LAB0028199,,,,,,,,,,
LAB0028200,,,,,,,,,,
LAB0028201,,,,,,,,,,
LAB0028202,,,,,,,,,,
LAB0028203,,,,,,,,,,
LAB0028204,,,,,,,,,,
LAB0028205,,,,,,,,,,
LAB0028206,,,,,,,,,,
LAB0028207,,,,,,,,,,
LAB0028208,,,,,,,,,,
LAB0028209,,,,,,,,,,
LAB0028210,,,,,,,,,,
LAB0028211,,,,,,,,,,
LAB0028212,,,,,,,,,,
LAB0028213,,,,,,,,,,
LAB0028214,,,,,,,,,,
LAB0028215,,,,,,,,,,
LAB0028216,,,,,,,,,,
LAB0028217,,,,,,,,,,
LAB0028218,,,,,,,,,,
LAB0028219,,,,,,,,,,
LAB0028220,,,,,,,,,,
LAB0028221,,,,,,,,,,
LAB0028222,,,,,,,,,,
LAB0028223,,,,,,,,,,
LAB0028224,,,,,,,,,,
LAB0028225,,,,,,,,,,
LAB0028226,,,,,,,,,,
LAB0028227,,,,,,,,,,
LAB0028228,,,,,,,,,,
LAB0028229,,,,,,,,,,
LAB0028230,,,,,,,,,,
LAB0028231,,,,,,,,,,
LAB0028232,,,,,,,,,,
LAB0028233,,,,,,,,,,
LAB0028234,,,,,,,,,,
LAB0028235,,,,,,,,,,
LAB0028236,,,,,,,,,,
LAB0028237,,,,,,,,,,
LAB0028238,,,,,,,,,,
LAB0028239,,,,,,,,,,
LAB0028240,,,,,,,,,,
LAB0028241,,,,,,,,,,
LAB0028242,,,,,,,,,,
LAB0028243,,,,,,,,,,
LAB0028244,,,,,,,,,,
LAB0028245,,,,,,,,,,
LAB0028246,,,,,,,,,,
LAB0028247,,,,,,,,,,
LAB0028248,,,,,,,,,,
LAB0028249,,,,,,,,,,
LAB0028250,,,,,,,,,,
LAB0028251,,,,,,,,,,
LAB0028252,,,,,,,,,,
LAB0028253,,,,,,,,,,
LAB0028254,,,,,,,,,,
LAB0028255,,,,,,,,,,
LAB0028256,,,,,,,,,,
LAB0028257,,,,,,,,,,
LAB0028258,,,,,,,,,,
LAB0028259,,,,,,,,,,
LAB0028260,,,,,,,,,,
LAB0028261,,,,,,,,,,
LAB0028262,,,,,,,,,,
LAB0028263,,,,,,,,,,
LAB0028264,,,,,,,,,,
LAB0028265,,,,,,,,,,
LAB0028266,,,,,,,,,,
LAB0028267,,,,,,,,,,
LAB0028268,,,,,,,,,,
LAB0028269,,,,,,,,,,
LAB0028270,,,,,,,,,,
LAB0028271,,,,,,,,,,
LAB0028272,,,,,,,,,,
LAB0028273,,,,,,,,,,
LAB0028274,,,,,,,,,,
LAB0028275,,,,,,,,,,
LAB0028276,,,,,,,,,,
LAB0028277,,,,,,,,,,
LAB0028278,,,,,,,,,,
LAB0028279,,,,,,,,,,
LAB0028280,,,,,,,,,,
LAB0028281,,,,,,,,,,
LAB0028282,,,,,,,,,,
LAB0028283,,,,,,,,,,
LAB0028284,,,,,,,,,,
LAB0028285,,,,,,,,,,
LAB0028286,,,,,,,,,,
LAB0028287,,,,,,,,,,
LAB0028288,,,,,,,,,,
LAB0028289,,,,,,,,,,
LAB0028290,,,,,,,,,,
LAB0028291,,,,,,,,,,
LAB0028292,,,,,,,,,,
LAB0028293,,,,,,,,,,
LAB0028294,,,,,,,,,,
LAB0028295,,,,,,,,,,
LAB0028296,,,,,,,,,,
LAB0028297,,,,,,,,,,
LAB0028298,,,,,,,,,,
LAB0028299,,,,,,,,,,
LAB0028300,,,,,,,,,,
LAB0028301,,,,,,,,,,
LAB0028302,,,,,,,,,,
LAB0028303,,,,,,,,,,
LAB0028304,,,,,,,,,,
LAB0028305,,,,,,,,,,
LAB0028306,,,,,,,,,,
LAB0028307,,,,,,,,,,
LAB0028308,,,,,,,,,,
LAB0028309,,,,,,,,,,
LAB0028310,,,,,,,,,,
LAB0028311,,,,,,,,,,
LAB0028312,,,,,,,,,,
LAB0028313,,,,,,,,,,
LAB0028314,,,,,,,,,,
LAB0028315,,,,,,,,,,
LAB0028316,,,,,,,,,,
LAB0028317,,,,,,,,,,
LAB0028318,,,,,,,,,,
LAB0028319,,,,,,,,,,
LAB0028320,,,,,,,,,,
LAB0028321,,,,,,,,,,
LAB0028322,,,,,,,,,,
LAB0028323,,,,,,,,,,
LAB0028324,,,,,,,,,,
LAB0028325,,,,,,,,,,
LAB0028326,,,,,,,,,,
LAB0028327,,,,,,,,,,
LAB0028328,,,,,,,,,,
LAB0028329,,,,,,,,,,
LAB0028330,,,,,,,,,,
LAB0028331,,,,,,,,,,
LAB0028332,,,,,,,,,,
LAB0028333,,,,,,,,,,
LAB0028334,,,,,,,,,,
LAB0028335,,,,,,,,,,
LAB0028336,,,,,,,,,,
LAB0028337,,,,,,,,,,
LAB0028338,,,,,,,,,,
LAB0028339,,,,,,,,,,
LAB0028340,,,,,,,,,,
LAB0028341,,,,,,,,,,
LAB0028342,,,,,,,,,,
LAB0028343,,,,,,,,,,
LAB0028344,,,,,,,,,,
LAB0028345,,,,,,,,,,
LAB0028346,,,,,,,,,,
LAB0028347,,,,,,,,,,
LAB0028348,,,,,,,,,,
LAB0028349,,,,,,,,,,
LAB0028350,,,,,,,,,,
LAB0028351,,,,,,,,,,
LAB0028352,,,,,,,,,,
LAB0028353,,,,,,,,,,
LAB0028354,,,,,,,,,,
LAB0028355,,,,,,,,,,
LAB0028356,,,,,,,,,,
LAB0028357,,,,,,,,,,
LAB0028358,,,,,,,,,,
LAB0028359,,,,,,,,,,
LAB0028360,,,,,,,,,,
LAB0028361,,,,,,,,,,
LAB0028362,,,,,,,,,,
LAB0028363,,,,,,,,,,
LAB0028364,,,,,,,,,,
LAB0028365,,,,,,,,,,
LAB0028366,,,,,,,,,,
LAB0028367,,,,,,,,,,
LAB0028368,,,,,,,,,,
LAB0028369,,,,,,,,,,
LAB0028370,,,,,,,,,,
LAB0028371,,,,,,,,,,
LAB0028372,,,,,,,,,,
LAB0028373,,,,,,,,,,
LAB0028374,,,,,,,,,,
LAB0028375,,,,,,,,,,
LAB0028376,,,,,,,,,,
LAB0028377,,,,,,,,,,
LAB0028378,,,,,,,,,,
LAB0028379,,,,,,,,,,
LAB0028380,,,,,,,,,,
LAB0028381,,,,,,,,,,
LAB0028382,,,,,,,,,,
LAB0028383,,,,,,,,,,
LAB0028384,,,,,,,,,,
LAB0028385,,,,,,,,,,
LAB0028386,,,,,,,,,,
LAB0028387,,,,,,,,,,
LAB0028388,,,,,,,,,,
LAB0028389,,,,,,,,,,
LAB0028390,,,,,,,,,,
LAB0028391,,,,,,,,,,
LAB0028392,,,,,,,,,,
LAB0028393,,,,,,,,,,
LAB0028394,,,,,,,,,,
LAB0028395,,,,,,,,,,
LAB0028396,,,,,,,,,,
LAB0028397,,,,,,,,,,
LAB0028398,,,,,,,,,,
LAB0028399,,,,,,,,,,
LAB0028400,,,,,,,,,,
LAB0028401,,,,,,,,,,
LAB0028402,,,,,,,,,,
LAB0028403,,,,,,,,,,
LAB0028404,,,,,,,,,,
LAB0028405,,,,,,,,,,
LAB0028406,,,,,,,,,,
LAB0028407,,,,,,,,,,
LAB0028408,,,,,,,,,,
LAB0028409,,,,,,,,,,
LAB0028410,,,,,,,,,,
LAB0028411,,,,,,,,,,
LAB0028412,,,,,,,,,,
LAB0028413,,,,,,,,,,
LAB0028414,,,,,,,,,,
LAB0028415,,,,,,,,,,
LAB0028416,,,,,,,,,,
LAB0028417,,,,,,,,,,
LAB0028418,,,,,,,,,,
LAB0028419,,,,,,,,,,
LAB0028420,,,,,,,,,,
LAB0028421,,,,,,,,,,
LAB0028422,,,,,,,,,,
LAB0028423,,,,,,,,,,
LAB0028424,,,,,,,,,,
LAB0028425,,,,,,,,,,
LAB0028426,,,,,,,,,,
LAB0028427,,,,,,,,,,
LAB0028428,,,,,,,,,,
LAB0028429,,,,,,,,,,
LAB0028430,,,,,,,,,,
LAB0028431,,,,,,,,,,
LAB0028432,,,,,,,,,,
LAB0028433,,,,,,,,,,
LAB0028434,,,,,,,,,,
LAB0028435,,,,,,,,,,
LAB0028436,,,,,,,,,,
LAB0028437,,,,,,,,,,
LAB0028438,,,,,,,,,,
LAB0028439,,,,,,,,,,
LAB0028440,,,,,,,,,,
LAB0028441,,,,,,,,,,
LAB0028442,,,,,,,,,,
LAB0028443,,,,,,,,,,
LAB0028444,,,,,,,,,,
LAB0028445,,,,,,,,,,
LAB0028446,,,,,,,,,,
LAB0028447,,,,,,,,,,
LAB0028448,,,,,,,,,,
LAB0028449,,,,,,,,,,
LAB0028450,,,,,,,,,,
LAB0028451,,,,,,,,,,
LAB0028452,,,,,,,,,,
LAB0028453,,,,,,,,,,
LAB0028454,,,,,,,,,,
LAB0028455,,,,,,,,,,
LAB0028456,,,,,,,,,,
LAB0028457,,,,,,,,,,
LAB0028458,,,,,,,,,,
LAB0028459,,,,,,,,,,
LAB0028460,,,,,,,,,,
LAB0028461,,,,,,,,,,
LAB0028462,,,,,,,,,,
LAB0028463,,,,,,,,,,
LAB0028464,,,,,,,,,,
LAB0028465,,,,,,,,,,
LAB0028466,,,,,,,,,,
LAB0028467,,,,,,,,,,
LAB0028468,,,,,,,,,,
LAB0028469,,,,,,,,,,
LAB0028470,,,,,,,,,,
LAB0028471,,,,,,,,,,
LAB0028472,,,,,,,,,,
LAB0028473,,,,,,,,,,
LAB0028474,,,,,,,,,,
LAB0028475,,,,,,,,,,
LAB0028476,,,,,,,,,,
LAB0028477,,,,,,,,,,
LAB0028478,,,,,,,,,,
LAB0028479,,,,,,,,,,
LAB0028480,,,,,,,,,,
LAB0028481,,,,,,,,,,
LAB0028482,,,,,,,,,,
LAB0028483,,,,,,,,,,
LAB0028484,,,,,,,,,,
LAB0028485,,,,,,,,,,
LAB0028486,,,,,,,,,,
LAB0028487,,,,,,,,,,
LAB0028488,,,,,,,,,,
LAB0028489,,,,,,,,,,
LAB0028490,,,,,,,,,,
LAB0028491,,,,,,,,,,
LAB0028492,,,,,,,,,,
LAB0028493,,,,,,,,,,
LAB0028494,,,,,,,,,,
LAB0028495,,,,,,,,,,
LAB0028496,,,,,,,,,,
LAB0028497,,,,,,,,,,
LAB0028498,,,,,,,,,,
LAB0028499,,,,,,,,,,
LAB0028500,,,,,,,,,,
LAB0028501,,,,,,,,,,
LAB0028502,,,,,,,,,,
LAB0028503,,,,,,,,,,
LAB0028504,,,,,,,,,,
LAB0028505,,,,,,,,,,
LAB0028506,,,,,,,,,,
LAB0028507,,,,,,,,,,
LAB0028508,,,,,,,,,,
LAB0028509,,,,,,,,,,
LAB0028510,,,,,,,,,,
LAB0028511,,,,,,,,,,
LAB0028512,,,,,,,,,,
LAB0028513,,,,,,,,,,
LAB0028514,,,,,,,,,,
LAB0028515,,,,,,,,,,
LAB0028516,,,,,,,,,,
LAB0028517,,,,,,,,,,
LAB0028518,,,,,,,,,,
LAB0028519,,,,,,,,,,
LAB0028520,,,,,,,,,,
LAB0028521,,,,,,,,,,
LAB0028522,,,,,,,,,,
LAB0028523,,,,,,,,,,
LAB0028524,,,,,,,,,,
LAB0028525,,,,,,,,,,
LAB0028526,,,,,,,,,,
LAB0028527,,,,,,,,,,
LAB0028528,,,,,,,,,,
LAB0028529,,,,,,,,,,
LAB0028530,,,,,,,,,,
LAB0028531,,,,,,,,,,
LAB0028532,,,,,,,,,,
LAB0028533,,,,,,,,,,
LAB0028534,,,,,,,,,,
LAB0028535,,,,,,,,,,
LAB0028536,,,,,,,,,,
LAB0028537,,,,,,,,,,
LAB0028538,,,,,,,,,,
LAB0028539,,,,,,,,,,
LAB0028540,,,,,,,,,,
LAB0028541,,,,,,,,,,
LAB0028542,,,,,,,,,,
LAB0028543,,,,,,,,,,
LAB0028544,,,,,,,,,,
LAB0028545,,,,,,,,,,
LAB0028546,,,,,,,,,,
LAB0028547,,,,,,,,,,
LAB0028548,,,,,,,,,,
LAB0028549,,,,,,,,,,
LAB0028550,,,,,,,,,,
LAB0028551,,,,,,,,,,
LAB0028552,,,,,,,,,,
LAB0028553,,,,,,,,,,
LAB0028554,,,,,,,,,,
LAB0028555,,,,,,,,,,
LAB0028556,,,,,,,,,,
LAB0028557,,,,,,,,,,
LAB0028558,,,,,,,,,,
LAB0028559,,,,,,,,,,
LAB0028560,,,,,,,,,,
LAB0028561,,,,,,,,,,
LAB0028562,,,,,,,,,,
LAB0028563,,,,,,,,,,
LAB0028564,,,,,,,,,,
LAB0028565,,,,,,,,,,
LAB0028566,,,,,,,,,,
LAB0028567,,,,,,,,,,
LAB0028568,,,,,,,,,,
LAB0028569,,,,,,,,,,
LAB0028570,,,,,,,,,,
LAB0028571,,,,,,,,,,
LAB0028572,,,,,,,,,,
LAB0028573,,,,,,,,,,
LAB0028574,,,,,,,,,,
LAB0028575,,,,,,,,,,
LAB0028576,,,,,,,,,,
LAB0028577,,,,,,,,,,
LAB0028578,,,,,,,,,,
LAB0028579,,,,,,,,,,
LAB0028580,,,,,,,,,,
LAB0028581,,,,,,,,,,
LAB0028582,,,,,,,,,,
LAB0028583,,,,,,,,,,
LAB0028584,,,,,,,,,,
LAB0028585,,,,,,,,,,
LAB0028586,,,,,,,,,,
LAB0028587,,,,,,,,,,
LAB0028588,,,,,,,,,,
LAB0028589,,,,,,,,,,
LAB0028590,,,,,,,,,,
LAB0028591,,,,,,,,,,
LAB0028592,,,,,,,,,,
LAB0028593,,,,,,,,,,
LAB0028594,,,,,,,,,,
LAB0028595,,,,,,,,,,
LAB0028596,,,,,,,,,,
LAB0028597,,,,,,,,,,
LAB0028598,,,,,,,,,,
LAB0028599,,,,,,,,,,
LAB0028600,,,,,,,,,,
LAB0028601,,,,,,,,,,
LAB0028602,,,,,,,,,,
LAB0028603,,,,,,,,,,
LAB0028604,,,,,,,,,,
LAB0028605,,,,,,,,,,
LAB0028606,,,,,,,,,,
LAB0028607,,,,,,,,,,
LAB0028608,,,,,,,,,,
LAB0028609,,,,,,,,,,
LAB0028610,,,,,,,,,,
LAB0028611,,,,,,,,,,
LAB0028612,,,,,,,,,,
LAB0028613,,,,,,,,,,
LAB0028614,,,,,,,,,,
LAB0028615,,,,,,,,,,
LAB0028616,,,,,,,,,,
LAB0028617,,,,,,,,,,
LAB0028618,,,,,,,,,,
LAB0028619,,,,,,,,,,
LAB0028620,,,,,,,,,,
LAB0028621,,,,,,,,,,
LAB0028622,,,,,,,,,,
LAB0028623,,,,,,,,,,
LAB0028624,,,,,,,,,,
LAB0028625,,,,,,,,,,
LAB0028626,,,,,,,,,,
LAB0028627,,,,,,,,,,
LAB0028628,,,,,,,,,,
LAB0028629,,,,,,,,,,
LAB0028630,,,,,,,,,,
LAB0028631,,,,,,,,,,
LAB0028632,,,,,,,,,,
LAB0028633,,,,,,,,,,
LAB0028634,,,,,,,,,,
LAB0028635,,,,,,,,,,
LAB0028636,,,,,,,,,,
LAB0028637,,,,,,,,,,
LAB0028638,,,,,,,,,,
LAB0028639,,,,,,,,,,
LAB0028640,,,,,,,,,,
LAB0028641,,,,,,,,,,
LAB0028642,,,,,,,,,,
LAB0028643,,,,,,,,,,
LAB0028644,,,,,,,,,,
LAB0028645,,,,,,,,,,
LAB0028646,,,,,,,,,,
LAB0028647,,,,,,,,,,
LAB0028648,,,,,,,,,,
LAB0028649,,,,,,,,,,
LAB0028650,,,,,,,,,,
LAB0028651,,,,,,,,,,
LAB0028652,,,,,,,,,,
LAB0028653,,,,,,,,,,
LAB0028654,,,,,,,,,,
LAB0028655,,,,,,,,,,
LAB0028656,,,,,,,,,,
LAB0028657,,,,,,,,,,
LAB0028658,,,,,,,,,,
LAB0028659,,,,,,,,,,
LAB0028660,,,,,,,,,,
LAB0028661,,,,,,,,,,
LAB0028662,,,,,,,,,,
LAB0028663,,,,,,,,,,
LAB0028664,,,,,,,,,,
LAB0028665,,,,,,,,,,
LAB0028666,,,,,,,,,,
LAB0028667,,,,,,,,,,
LAB0028668,,,,,,,,,,
LAB0028669,,,,,,,,,,
LAB0028670,,,,,,,,,,
LAB0028671,,,,,,,,,,
LAB0028672,,,,,,,,,,
LAB0028673,,,,,,,,,,
LAB0028674,,,,,,,,,,
LAB0028675,,,,,,,,,,
LAB0028676,,,,,,,,,,
LAB0028677,,,,,,,,,,
LAB0028678,,,,,,,,,,
LAB0028679,,,,,,,,,,
LAB0028680,,,,,,,,,,
LAB0028681,,,,,,,,,,
LAB0028682,,,,,,,,,,
LAB0028683,,,,,,,,,,
LAB0028684,,,,,,,,,,
LAB0028685,,,,,,,,,,
LAB0028686,,,,,,,,,,
LAB0028687,,,,,,,,,,
LAB0028688,,,,,,,,,,
LAB0028689,,,,,,,,,,
LAB0028690,,,,,,,,,,
LAB0028691,,,,,,,,,,
LAB0028692,,,,,,,,,,
LAB0028693,,,,,,,,,,
LAB0028694,,,,,,,,,,
LAB0028695,,,,,,,,,,
LAB0028696,,,,,,,,,,
LAB0028697,,,,,,,,,,
LAB0028698,,,,,,,,,,
LAB0028699,,,,,,,,,,
LAB0028700,,,,,,,,,,
LAB0028701,,,,,,,,,,
LAB0028702,,,,,,,,,,
LAB0028703,,,,,,,,,,
LAB0028704,,,,,,,,,,
LAB0028705,,,,,,,,,,
LAB0028706,,,,,,,,,,
LAB0028707,,,,,,,,,,
LAB0028708,,,,,,,,,,
LAB0028709,,,,,,,,,,
LAB0028710,,,,,,,,,,
LAB0028711,,,,,,,,,,
LAB0028712,,,,,,,,,,
LAB0028713,,,,,,,,,,
LAB0028714,,,,,,,,,,
LAB0028715,,,,,,,,,,
LAB0028716,,,,,,,,,,
LAB0028717,,,,,,,,,,
LAB0028718,,,,,,,,,,
LAB0028719,,,,,,,,,,
LAB0028720,,,,,,,,,,
LAB0028721,,,,,,,,,,
LAB0028722,,,,,,,,,,
LAB0028723,,,,,,,,,,
LAB0028724,,,,,,,,,,
LAB0028725,,,,,,,,,,
LAB0028726,,,,,,,,,,
LAB0028727,,,,,,,,,,
LAB0028728,,,,,,,,,,
LAB0028729,,,,,,,,,,
LAB0028730,,,,,,,,,,
LAB0028731,,,,,,,,,,
LAB0028732,,,,,,,,,,
LAB0028733,,,,,,,,,,
LAB0028734,,,,,,,,,,
LAB0028735,,,,,,,,,,
LAB0028736,,,,,,,,,,
LAB0028737,,,,,,,,,,
LAB0028738,,,,,,,,,,
LAB0028739,,,,,,,,,,
LAB0028740,,,,,,,,,,
LAB0028741,,,,,,,,,,
LAB0028742,,,,,,,,,,
LAB0028743,,,,,,,,,,
LAB0028744,,,,,,,,,,
LAB0028745,,,,,,,,,,
LAB0028746,,,,,,,,,,
LAB0028747,,,,,,,,,,
LAB0028748,,,,,,,,,,
LAB0028749,,,,,,,,,,
LAB0028750,,,,,,,,,,
LAB0028751,,,,,,,,,,
LAB0028752,,,,,,,,,,
LAB0028753,,,,,,,,,,
LAB0028754,,,,,,,,,,
LAB0028755,,,,,,,,,,
LAB0028756,,,,,,,,,,
LAB0028757,,,,,,,,,,
LAB0028758,,,,,,,,,,
LAB0028759,,,,,,,,,,
LAB0028760,,,,,,,,,,
LAB0028761,,,,,,,,,,
LAB0028762,,,,,,,,,,
LAB0028763,,,,,,,,,,
LAB0028764,,,,,,,,,,
LAB0028765,,,,,,,,,,
LAB0028766,,,,,,,,,,
LAB0028767,,,,,,,,,,
LAB0028768,,,,,,,,,,
LAB0028769,,,,,,,,,,
LAB0028770,,,,,,,,,,
LAB0028771,,,,,,,,,,
LAB0028772,,,,,,,,,,
LAB0028773,,,,,,,,,,
LAB0028774,,,,,,,,,,
LAB0028775,,,,,,,,,,
LAB0028776,,,,,,,,,,
LAB0028777,,,,,,,,,,
LAB0028778,,,,,,,,,,
LAB0028779,,,,,,,,,,
LAB0028780,,,,,,,,,,
LAB0028781,,,,,,,,,,
LAB0028782,,,,,,,,,,
LAB0028783,,,,,,,,,,
LAB0028784,,,,,,,,,,
LAB0028785,,,,,,,,,,
LAB0028786,,,,,,,,,,
LAB0028787,,,,,,,,,,
LAB0028788,,,,,,,,,,
LAB0028789,,,,,,,,,,
LAB0028790,,,,,,,,,,
LAB0028791,,,,,,,,,,
LAB0028792,,,,,,,,,,
LAB0028793,,,,,,,,,,
LAB0028794,,,,,,,,,,
LAB0028795,,,,,,,,,,
LAB0028796,,,,,,,,,,
LAB0028797,,,,,,,,,,
LAB0028798,,,,,,,,,,
LAB0028799,,,,,,,,,,
LAB0028800,,,,,,,,,,
LAB0028801,,,,,,,,,,
LAB0028802,,,,,,,,,,
LAB0028803,,,,,,,,,,
LAB0028804,,,,,,,,,,
LAB0028805,,,,,,,,,,
LAB0028806,,,,,,,,,,
LAB0028807,,,,,,,,,,
LAB0028808,,,,,,,,,,
LAB0028809,,,,,,,,,,
LAB0028810,,,,,,,,,,
LAB0028811,,,,,,,,,,
LAB0028812,,,,,,,,,,
LAB0028813,,,,,,,,,,
LAB0028814,,,,,,,,,,
LAB0028815,,,,,,,,,,
LAB0028816,,,,,,,,,,
LAB0028817,,,,,,,,,,
LAB0028818,,,,,,,,,,
LAB0028819,,,,,,,,,,
LAB0028820,,,,,,,,,,
LAB0028821,,,,,,,,,,
LAB0028822,,,,,,,,,,
LAB0028823,,,,,,,,,,
LAB0028824,,,,,,,,,,
LAB0028825,,,,,,,,,,
LAB0028826,,,,,,,,,,
LAB0028827,,,,,,,,,,
LAB0028828,,,,,,,,,,
LAB0028829,,,,,,,,,,
LAB0028830,,,,,,,,,,
LAB0028831,,,,,,,,,,
LAB0028832,,,,,,,,,,
LAB0028833,,,,,,,,,,
LAB0028834,,,,,,,,,,
LAB0028835,,,,,,,,,,
LAB0028836,,,,,,,,,,
LAB0028837,,,,,,,,,,
LAB0028838,,,,,,,,,,
LAB0028839,,,,,,,,,,
LAB0028840,,,,,,,,,,
LAB0028841,,,,,,,,,,
LAB0028842,,,,,,,,,,
LAB0028843,,,,,,,,,,
LAB0028844,,,,,,,,,,
LAB0028845,,,,,,,,,,
LAB0028846,,,,,,,,,,
LAB0028847,,,,,,,,,,
LAB0028848,,,,,,,,,,
LAB0028849,,,,,,,,,,
LAB0028850,,,,,,,,,,
LAB0028851,,,,,,,,,,
LAB0028852,,,,,,,,,,
LAB0028853,,,,,,,,,,
LAB0028854,,,,,,,,,,
LAB0028855,,,,,,,,,,
LAB0028856,,,,,,,,,,
LAB0028857,,,,,,,,,,
LAB0028858,,,,,,,,,,
LAB0028859,,,,,,,,,,
LAB0028860,,,,,,,,,,
LAB0028861,,,,,,,,,,
LAB0028862,,,,,,,,,,
LAB0028863,,,,,,,,,,
LAB0028864,,,,,,,,,,
LAB0028865,,,,,,,,,,
LAB0028866,,,,,,,,,,
LAB0028867,,,,,,,,,,
LAB0028868,,,,,,,,,,
LAB0028869,,,,,,,,,,
LAB0028870,,,,,,,,,,
LAB0028871,,,,,,,,,,
LAB0028872,,,,,,,,,,
LAB0028873,,,,,,,,,,
LAB0028874,,,,,,,,,,
LAB0028875,,,,,,,,,,
LAB0028876,,,,,,,,,,
LAB0028877,,,,,,,,,,
LAB0028878,,,,,,,,,,
LAB0028879,,,,,,,,,,
LAB0028880,,,,,,,,,,
LAB0028881,,,,,,,,,,
LAB0028882,,,,,,,,,,
LAB0028883,,,,,,,,,,
LAB0028884,,,,,,,,,,
LAB0028885,,,,,,,,,,
LAB0028886,,,,,,,,,,
LAB0028887,,,,,,,,,,
LAB0028888,,,,,,,,,,
LAB0028889,,,,,,,,,,
LAB0028890,,,,,,,,,,
LAB0028891,,,,,,,,,,
LAB0028892,,,,,,,,,,
LAB0028893,,,,,,,,,,
LAB0028894,,,,,,,,,,
LAB0028895,,,,,,,,,,
LAB0028896,,,,,,,,,,
LAB0028897,,,,,,,,,,
LAB0028898,,,,,,,,,,
LAB0028899,,,,,,,,,,
LAB0028900,,,,,,,,,,
LAB0028901,,,,,,,,,,
LAB0028902,,,,,,,,,,
LAB0028903,,,,,,,,,,
LAB0028904,,,,,,,,,,
LAB0028905,,,,,,,,,,
LAB0028906,,,,,,,,,,
LAB0028907,,,,,,,,,,
LAB0028908,,,,,,,,,,
LAB0028909,,,,,,,,,,
LAB0028910,,,,,,,,,,
LAB0028911,,,,,,,,,,
LAB0028912,,,,,,,,,,
LAB0028913,,,,,,,,,,
LAB0028914,,,,,,,,,,
LAB0028915,,,,,,,,,,
LAB0028916,,,,,,,,,,
LAB0028917,,,,,,,,,,
LAB0028918,,,,,,,,,,
LAB0028919,,,,,,,,,,
LAB0028920,,,,,,,,,,
LAB0028921,,,,,,,,,,
LAB0028922,,,,,,,,,,
LAB0028923,,,,,,,,,,
LAB0028924,,,,,,,,,,
LAB0028925,,,,,,,,,,
LAB0028926,,,,,,,,,,
LAB0028927,,,,,,,,,,
LAB0028928,,,,,,,,,,
LAB0028929,,,,,,,,,,
LAB0028930,,,,,,,,,,
LAB0028931,,,,,,,,,,
LAB0028932,,,,,,,,,,
LAB0028933,,,,,,,,,,
LAB0028934,,,,,,,,,,
LAB0028935,,,,,,,,,,
LAB0028936,,,,,,,,,,
LAB0028937,,,,,,,,,,
LAB0028938,,,,,,,,,,
LAB0028939,,,,,,,,,,
LAB0028940,,,,,,,,,,
LAB0028941,,,,,,,,,,
LAB0028942,,,,,,,,,,
LAB0028943,,,,,,,,,,
LAB0028944,,,,,,,,,,
LAB0028945,,,,,,,,,,
LAB0028946,,,,,,,,,,
LAB0028947,,,,,,,,,,
LAB0028948,,,,,,,,,,
LAB0028949,,,,,,,,,,
LAB0028950,,,,,,,,,,
LAB0028951,,,,,,,,,,
LAB0028952,,,,,,,,,,
LAB0028953,,,,,,,,,,
LAB0028954,,,,,,,,,,
LAB0028955,,,,,,,,,,
LAB0028956,,,,,,,,,,
LAB0028957,,,,,,,,,,
LAB0028958,,,,,,,,,,
LAB0028959,,,,,,,,,,
LAB0028960,,,,,,,,,,
LAB0028961,,,,,,,,,,
LAB0028962,,,,,,,,,,
LAB0028963,,,,,,,,,,
LAB0028964,,,,,,,,,,
LAB0028965,,,,,,,,,,
LAB0028966,,,,,,,,,,
LAB0028967,,,,,,,,,,
LAB0028968,,,,,,,,,,
LAB0028969,,,,,,,,,,
LAB0028970,,,,,,,,,,
LAB0028971,,,,,,,,,,
LAB0028972,,,,,,,,,,
LAB0028973,,,,,,,,,,
LAB0028974,,,,,,,,,,
LAB0028975,,,,,,,,,,
LAB0028976,,,,,,,,,,
LAB0028977,,,,,,,,,,
LAB0028978,,,,,,,,,,
LAB0028979,,,,,,,,,,
LAB0028980,,,,,,,,,,
LAB0028981,,,,,,,,,,
LAB0028982,,,,,,,,,,
LAB0028983,,,,,,,,,,
LAB0028984,,,,,,,,,,
LAB0028985,,,,,,,,,,
LAB0028986,,,,,,,,,,
LAB0028987,,,,,,,,,,
LAB0028988,,,,,,,,,,
LAB0028989,,,,,,,,,,
LAB0028990,,,,,,,,,,
LAB0028991,,,,,,,,,,
LAB0028992,,,,,,,,,,
LAB0028993,,,,,,,,,,
LAB0028994,,,,,,,,,,
LAB0028995,,,,,,,,,,
LAB0028996,,,,,,,,,,
LAB0028997,,,,,,,,,,
LAB0028998,,,,,,,,,,
LAB0028999,,,,,,,,,,
LAB0029000,,,,,,,,,,
LAB0029001,,,,,,,,,,
LAB0029002,,,,,,,,,,
LAB0029003,,,,,,,,,,
LAB0029004,,,,,,,,,,
LAB0029005,,,,,,,,,,
LAB0029006,,,,,,,,,,
LAB0029007,,,,,,,,,,
LAB0029008,,,,,,,,,,
LAB0029009,,,,,,,,,,
LAB0029010,,,,,,,,,,
LAB0029011,,,,,,,,,,
LAB0029012,,,,,,,,,,
LAB0029013,,,,,,,,,,
LAB0029014,,,,,,,,,,
LAB0029015,,,,,,,,,,
LAB0029016,,,,,,,,,,
LAB0029017,,,,,,,,,,
LAB0029018,,,,,,,,,,
LAB0029019,,,,,,,,,,
LAB0029020,,,,,,,,,,
LAB0029021,,,,,,,,,,
LAB0029022,,,,,,,,,,
LAB0029023,,,,,,,,,,
LAB0029024,,,,,,,,,,
LAB0029025,,,,,,,,,,
LAB0029026,,,,,,,,,,
LAB0029027,,,,,,,,,,
LAB0029028,,,,,,,,,,
LAB0029029,,,,,,,,,,
LAB0029030,,,,,,,,,,
LAB0029031,,,,,,,,,,
LAB0029032,,,,,,,,,,
LAB0029033,,,,,,,,,,
LAB0029034,,,,,,,,,,
LAB0029035,,,,,,,,,,
LAB0029036,,,,,,,,,,
LAB0029037,,,,,,,,,,
LAB0029038,,,,,,,,,,
LAB0029039,,,,,,,,,,
LAB0029040,,,,,,,,,,
LAB0029041,,,,,,,,,,
LAB0029042,,,,,,,,,,
LAB0029043,,,,,,,,,,
LAB0029044,,,,,,,,,,
LAB0029045,,,,,,,,,,
LAB0029046,,,,,,,,,,
LAB0029047,,,,,,,,,,
LAB0029048,,,,,,,,,,
LAB0029049,,,,,,,,,,
LAB0029050,,,,,,,,,,
LAB0029051,,,,,,,,,,
LAB0029052,,,,,,,,,,
LAB0029053,,,,,,,,,,
LAB0029054,,,,,,,,,,
LAB0029055,,,,,,,,,,
LAB0029056,,,,,,,,,,
LAB0029057,,,,,,,,,,
LAB0029058,,,,,,,,,,
LAB0029059,,,,,,,,,,
LAB0029060,,,,,,,,,,
LAB0029061,,,,,,,,,,
LAB0029062,,,,,,,,,,
LAB0029063,,,,,,,,,,
LAB0029064,,,,,,,,,,
LAB0029065,,,,,,,,,,
LAB0029066,,,,,,,,,,
LAB0029067,,,,,,,,,,
LAB0029068,,,,,,,,,,
LAB0029069,,,,,,,,,,
LAB0029070,,,,,,,,,,
LAB0029071,,,,,,,,,,
LAB0029072,,,,,,,,,,
LAB0029073,,,,,,,,,,
LAB0029074,,,,,,,,,,
LAB0029075,,,,,,,,,,
LAB0029076,,,,,,,,,,
LAB0029077,,,,,,,,,,
LAB0029078,,,,,,,,,,
LAB0029079,,,,,,,,,,
LAB0029080,,,,,,,,,,
LAB0029081,,,,,,,,,,
LAB0029082,,,,,,,,,,
LAB0029083,,,,,,,,,,
LAB0029084,,,,,,,,,,
LAB0029085,,,,,,,,,,
LAB0029086,,,,,,,,,,
LAB0029087,,,,,,,,,,
LAB0029088,,,,,,,,,,
LAB0029089,,,,,,,,,,
LAB0029090,,,,,,,,,,
LAB0029091,,,,,,,,,,
LAB0029092,,,,,,,,,,
LAB0029093,,,,,,,,,,
LAB0029094,,,,,,,,,,
LAB0029095,,,,,,,,,,
LAB0029096,,,,,,,,,,
LAB0029097,,,,,,,,,,
LAB0029098,,,,,,,,,,
LAB0029099,,,,,,,,,,
LAB0029100,,,,,,,,,,
LAB0029101,,,,,,,,,,
LAB0029102,,,,,,,,,,
LAB0029103,,,,,,,,,,
LAB0029104,,,,,,,,,,
LAB0029105,,,,,,,,,,
LAB0029106,,,,,,,,,,
LAB0029107,,,,,,,,,,
LAB0029108,,,,,,,,,,
LAB0029109,,,,,,,,,,
LAB0029110,,,,,,,,,,
LAB0029111,,,,,,,,,,
LAB0029112,,,,,,,,,,
LAB0029113,,,,,,,,,,
LAB0029114,,,,,,,,,,
LAB0029115,,,,,,,,,,
LAB0029116,,,,,,,,,,
LAB0029117,,,,,,,,,,
LAB0029118,,,,,,,,,,
LAB0029119,,,,,,,,,,
LAB0029120,,,,,,,,,,
LAB0029121,,,,,,,,,,
LAB0029122,,,,,,,,,,
LAB0029123,,,,,,,,,,
LAB0029124,,,,,,,,,,
LAB0029125,,,,,,,,,,
LAB0029126,,,,,,,,,,
LAB0029127,,,,,,,,,,
LAB0029128,,,,,,,,,,
LAB0029129,,,,,,,,,,
LAB0029130,,,,,,,,,,
LAB0029131,,,,,,,,,,
LAB0029132,,,,,,,,,,
LAB0029133,,,,,,,,,,
LAB0029134,,,,,,,,,,
LAB0029135,,,,,,,,,,
LAB0029136,,,,,,,,,,
LAB0029137,,,,,,,,,,
LAB0029138,,,,,,,,,,
LAB0029139,,,,,,,,,,
LAB0029140,,,,,,,,,,
LAB0029141,,,,,,,,,,
LAB0029142,,,,,,,,,,
LAB0029143,,,,,,,,,,
LAB0029144,,,,,,,,,,
LAB0029145,,,,,,,,,,
LAB0029146,,,,,,,,,,
LAB0029147,,,,,,,,,,
LAB0029148,,,,,,,,,,
LAB0029149,,,,,,,,,,
LAB0029150,,,,,,,,,,
LAB0029151,,,,,,,,,,
LAB0029152,,,,,,,,,,
LAB0029153,,,,,,,,,,
LAB0029154,,,,,,,,,,
LAB0029155,,,,,,,,,,
LAB0029156,,,,,,,,,,
LAB0029157,,,,,,,,,,
LAB0029158,,,,,,,,,,
LAB0029159,,,,,,,,,,
LAB0029160,,,,,,,,,,
LAB0029161,,,,,,,,,,
LAB0029162,,,,,,,,,,
LAB0029163,,,,,,,,,,
LAB0029164,,,,,,,,,,
LAB0029165,,,,,,,,,,
LAB0029166,,,,,,,,,,
LAB0029167,,,,,,,,,,
LAB0029168,,,,,,,,,,
LAB0029169,,,,,,,,,,
LAB0029170,,,,,,,,,,
LAB0029171,,,,,,,,,,
LAB0029172,,,,,,,,,,
LAB0029173,,,,,,,,,,
LAB0029174,,,,,,,,,,
LAB0029175,,,,,,,,,,
LAB0029176,,,,,,,,,,
LAB0029177,,,,,,,,,,
LAB0029178,,,,,,,,,,
LAB0029179,,,,,,,,,,
LAB0029180,,,,,,,,,,
LAB0029181,,,,,,,,,,
LAB0029182,,,,,,,,,,
LAB0029183,,,,,,,,,,
LAB0029184,,,,,,,,,,
LAB0029185,,,,,,,,,,
LAB0029186,,,,,,,,,,
LAB0029187,,,,,,,,,,
LAB0029188,,,,,,,,,,
LAB0029189,,,,,,,,,,
LAB0029190,,,,,,,,,,
LAB0029191,,,,,,,,,,
LAB0029192,,,,,,,,,,
LAB0029193,,,,,,,,,,
LAB0029194,,,,,,,,,,
LAB0029195,,,,,,,,,,
LAB0029196,,,,,,,,,,
LAB0029197,,,,,,,,,,
LAB0029198,,,,,,,,,,
LAB0029199,,,,,,,,,,
LAB0029200,,,,,,,,,,
LAB0029201,,,,,,,,,,
LAB0029202,,,,,,,,,,
LAB0029203,,,,,,,,,,
LAB0029204,,,,,,,,,,
LAB0029205,,,,,,,,,,
LAB0029206,,,,,,,,,,
LAB0029207,,,,,,,,,,
LAB0029208,,,,,,,,,,
LAB0029209,,,,,,,,,,
LAB0029210,,,,,,,,,,
LAB0029211,,,,,,,,,,
LAB0029212,,,,,,,,,,
LAB0029213,,,,,,,,,,
LAB0029214,,,,,,,,,,
LAB0029215,,,,,,,,,,
LAB0029216,,,,,,,,,,
LAB0029217,,,,,,,,,,
LAB0029218,,,,,,,,,,
LAB0029219,,,,,,,,,,
LAB0029220,,,,,,,,,,
LAB0029221,,,,,,,,,,
LAB0029222,,,,,,,,,,
LAB0029223,,,,,,,,,,
LAB0029224,,,,,,,,,,
LAB0029225,,,,,,,,,,
LAB0029226,,,,,,,,,,
LAB0029227,,,,,,,,,,
LAB0029228,,,,,,,,,,
LAB0029229,,,,,,,,,,
LAB0029230,,,,,,,,,,
LAB0029231,,,,,,,,,,
LAB0029232,,,,,,,,,,
LAB0029233,,,,,,,,,,
LAB0029234,,,,,,,,,,
LAB0029235,,,,,,,,,,
LAB0029236,,,,,,,,,,
LAB0029237,,,,,,,,,,
LAB0029238,,,,,,,,,,
LAB0029239,,,,,,,,,,
LAB0029240,,,,,,,,,,
LAB0029241,,,,,,,,,,
LAB0029242,,,,,,,,,,
LAB0029243,,,,,,,,,,
LAB0029244,,,,,,,,,,
LAB0029245,,,,,,,,,,
LAB0029246,,,,,,,,,,
LAB0029247,,,,,,,,,,
LAB0029248,,,,,,,,,,
LAB0029249,,,,,,,,,,
LAB0029250,,,,,,,,,,
LAB0029251,,,,,,,,,,
LAB0029252,,,,,,,,,,
LAB0029253,,,,,,,,,,
LAB0029254,,,,,,,,,,
LAB0029255,,,,,,,,,,
LAB0029256,,,,,,,,,,
LAB0029257,,,,,,,,,,
LAB0029258,,,,,,,,,,
LAB0029259,,,,,,,,,,
LAB0029260,,,,,,,,,,
LAB0029261,,,,,,,,,,
LAB0029262,,,,,,,,,,
LAB0029263,,,,,,,,,,
LAB0029264,,,,,,,,,,
LAB0029265,,,,,,,,,,
LAB0029266,,,,,,,,,,
LAB0029267,,,,,,,,,,
LAB0029268,,,,,,,,,,
LAB0029269,,,,,,,,,,
LAB0029270,,,,,,,,,,
LAB0029271,,,,,,,,,,
LAB0029272,,,,,,,,,,
LAB0029273,,,,,,,,,,
LAB0029274,,,,,,,,,,
LAB0029275,,,,,,,,,,
LAB0029276,,,,,,,,,,
LAB0029277,,,,,,,,,,
LAB0029278,,,,,,,,,,
LAB0029279,,,,,,,,,,
LAB0029280,,,,,,,,,,
LAB0029281,,,,,,,,,,
LAB0029282,,,,,,,,,,
LAB0029283,,,,,,,,,,
LAB0029284,,,,,,,,,,
LAB0029285,,,,,,,,,,
LAB0029286,,,,,,,,,,
LAB0029287,,,,,,,,,,
LAB0029288,,,,,,,,,,
LAB0029289,,,,,,,,,,
LAB0029290,,,,,,,,,,
LAB0029291,,,,,,,,,,
LAB0029292,,,,,,,,,,
LAB0029293,,,,,,,,,,
LAB0029294,,,,,,,,,,
LAB0029295,,,,,,,,,,
LAB0029296,,,,,,,,,,
LAB0029297,,,,,,,,,,
LAB0029298,,,,,,,,,,
LAB0029299,,,,,,,,,,
LAB0029300,,,,,,,,,,
LAB0029301,,,,,,,,,,
LAB0029302,,,,,,,,,,
LAB0029303,,,,,,,,,,
LAB0029304,,,,,,,,,,
LAB0029305,,,,,,,,,,
LAB0029306,,,,,,,,,,
LAB0029307,,,,,,,,,,
LAB0029308,,,,,,,,,,
LAB0029309,,,,,,,,,,
LAB0029310,,,,,,,,,,
LAB0029311,,,,,,,,,,
LAB0029312,,,,,,,,,,
LAB0029313,,,,,,,,,,
LAB0029314,,,,,,,,,,
LAB0029315,,,,,,,,,,
LAB0029316,,,,,,,,,,
LAB0029317,,,,,,,,,,
LAB0029318,,,,,,,,,,
LAB0029319,,,,,,,,,,
LAB0029320,,,,,,,,,,
LAB0029321,,,,,,,,,,
LAB0029322,,,,,,,,,,
LAB0029323,,,,,,,,,,
LAB0029324,,,,,,,,,,
LAB0029325,,,,,,,,,,
LAB0029326,,,,,,,,,,
LAB0029327,,,,,,,,,,
LAB0029328,,,,,,,,,,
LAB0029329,,,,,,,,,,
LAB0029330,,,,,,,,,,
LAB0029331,,,,,,,,,,
LAB0029332,,,,,,,,,,
LAB0029333,,,,,,,,,,
LAB0029334,,,,,,,,,,
LAB0029335,,,,,,,,,,
LAB0029336,,,,,,,,,,
LAB0029337,,,,,,,,,,
LAB0029338,,,,,,,,,,
LAB0029339,,,,,,,,,,
LAB0029340,,,,,,,,,,
LAB0029341,,,,,,,,,,
LAB0029342,,,,,,,,,,
LAB0029343,,,,,,,,,,
LAB0029344,,,,,,,,,,
LAB0029345,,,,,,,,,,
LAB0029346,,,,,,,,,,
LAB0029347,,,,,,,,,,
LAB0029348,,,,,,,,,,
LAB0029349,,,,,,,,,,
LAB0029350,,,,,,,,,,
LAB0029351,,,,,,,,,,
LAB0029352,,,,,,,,,,
LAB0029353,,,,,,,,,,
LAB0029354,,,,,,,,,,
LAB0029355,,,,,,,,,,
LAB0029356,,,,,,,,,,
LAB0029357,,,,,,,,,,
LAB0029358,,,,,,,,,,
LAB0029359,,,,,,,,,,
LAB0029360,,,,,,,,,,
LAB0029361,,,,,,,,,,
LAB0029362,,,,,,,,,,
LAB0029363,,,,,,,,,,
LAB0029364,,,,,,,,,,
LAB0029365,,,,,,,,,,
LAB0029366,,,,,,,,,,
LAB0029367,,,,,,,,,,
LAB0029368,,,,,,,,,,
LAB0029369,,,,,,,,,,
LAB0029370,,,,,,,,,,
LAB0029371,,,,,,,,,,
LAB0029372,,,,,,,,,,
LAB0029373,,,,,,,,,,
LAB0029374,,,,,,,,,,
LAB0029375,,,,,,,,,,
LAB0029376,,,,,,,,,,
LAB0029377,,,,,,,,,,
LAB0029378,,,,,,,,,,
LAB0029379,,,,,,,,,,
LAB0029380,,,,,,,,,,
LAB0029381,,,,,,,,,,
LAB0029382,,,,,,,,,,
LAB0029383,,,,,,,,,,
LAB0029384,,,,,,,,,,
LAB0029385,,,,,,,,,,
LAB0029386,,,,,,,,,,
LAB0029387,,,,,,,,,,
LAB0029388,,,,,,,,,,
LAB0029389,,,,,,,,,,
LAB0029390,,,,,,,,,,
LAB0029391,,,,,,,,,,
LAB0029392,,,,,,,,,,
LAB0029393,,,,,,,,,,
LAB0029394,,,,,,,,,,
LAB0029395,,,,,,,,,,
LAB0029396,,,,,,,,,,
LAB0029397,,,,,,,,,,
LAB0029398,,,,,,,,,,
LAB0029399,,,,,,,,,,
LAB0029400,,,,,,,,,,
LAB0029401,,,,,,,,,,
LAB0029402,,,,,,,,,,
LAB0029403,,,,,,,,,,
LAB0029404,,,,,,,,,,
LAB0029405,,,,,,,,,,
LAB0029406,,,,,,,,,,
LAB0029407,,,,,,,,,,
LAB0029408,,,,,,,,,,
LAB0029409,,,,,,,,,,
LAB0029410,,,,,,,,,,
LAB0029411,,,,,,,,,,
LAB0029412,,,,,,,,,,
LAB0029413,,,,,,,,,,
LAB0029414,,,,,,,,,,
LAB0029415,,,,,,,,,,
LAB0029416,,,,,,,,,,
LAB0029417,,,,,,,,,,
LAB0029418,,,,,,,,,,
LAB0029419,,,,,,,,,,
LAB0029420,,,,,,,,,,
LAB0029421,,,,,,,,,,
LAB0029422,,,,,,,,,,
LAB0029423,,,,,,,,,,
LAB0029424,,,,,,,,,,
LAB0029425,,,,,,,,,,
LAB0029426,,,,,,,,,,
LAB0029427,,,,,,,,,,
LAB0029428,,,,,,,,,,
LAB0029429,,,,,,,,,,
LAB0029430,,,,,,,,,,
LAB0029431,,,,,,,,,,
LAB0029432,,,,,,,,,,
LAB0029433,,,,,,,,,,
LAB0029434,,,,,,,,,,
LAB0029435,,,,,,,,,,
LAB0029436,,,,,,,,,,
LAB0029437,,,,,,,,,,
LAB0029438,,,,,,,,,,
LAB0029439,,,,,,,,,,
LAB0029440,,,,,,,,,,
LAB0029441,,,,,,,,,,
LAB0029442,,,,,,,,,,
LAB0029443,,,,,,,,,,
LAB0029444,,,,,,,,,,
LAB0029445,,,,,,,,,,
LAB0029446,,,,,,,,,,
LAB0029447,,,,,,,,,,
LAB0029448,,,,,,,,,,
LAB0029449,,,,,,,,,,
LAB0029450,,,,,,,,,,
LAB0029451,,,,,,,,,,
LAB0029452,,,,,,,,,,
LAB0029453,,,,,,,,,,
LAB0029454,,,,,,,,,,
LAB0029455,,,,,,,,,,
LAB0029456,,,,,,,,,,
LAB0029457,,,,,,,,,,
LAB0029458,,,,,,,,,,
LAB0029459,,,,,,,,,,
LAB0029460,,,,,,,,,,
LAB0029461,,,,,,,,,,
LAB0029462,,,,,,,,,,
LAB0029463,,,,,,,,,,
LAB0029464,,,,,,,,,,
LAB0029465,,,,,,,,,,
LAB0029466,,,,,,,,,,
LAB0029467,,,,,,,,,,
LAB0029468,,,,,,,,,,
LAB0029469,,,,,,,,,,
LAB0029470,,,,,,,,,,
LAB0029471,,,,,,,,,,
LAB0029472,,,,,,,,,,
LAB0029473,,,,,,,,,,
LAB0029474,,,,,,,,,,
LAB0029475,,,,,,,,,,
LAB0029476,,,,,,,,,,
LAB0029477,,,,,,,,,,
LAB0029478,,,,,,,,,,
LAB0029479,,,,,,,,,,
LAB0029480,,,,,,,,,,
LAB0029481,,,,,,,,,,
LAB0029482,,,,,,,,,,
LAB0029483,,,,,,,,,,
LAB0029484,,,,,,,,,,
LAB0029485,,,,,,,,,,
LAB0029486,,,,,,,,,,
LAB0029487,,,,,,,,,,
LAB0029488,,,,,,,,,,
LAB0029489,,,,,,,,,,
LAB0029490,,,,,,,,,,
LAB0029491,,,,,,,,,,
LAB0029492,,,,,,,,,,
LAB0029493,,,,,,,,,,
LAB0029494,,,,,,,,,,
LAB0029495,,,,,,,,,,
LAB0029496,,,,,,,,,,
LAB0029497,,,,,,,,,,
LAB0029498,,,,,,,,,,
LAB0029499,,,,,,,,,,
LAB0029500,,,,,,,,,,
LAB0029501,,,,,,,,,,
LAB0029502,,,,,,,,,,
LAB0029503,,,,,,,,,,
LAB0029504,,,,,,,,,,
LAB0029505,,,,,,,,,,
LAB0029506,,,,,,,,,,
LAB0029507,,,,,,,,,,
LAB0029508,,,,,,,,,,
LAB0029509,,,,,,,,,,
LAB0029510,,,,,,,,,,
LAB0029511,,,,,,,,,,
LAB0029512,,,,,,,,,,
LAB0029513,,,,,,,,,,
LAB0029514,,,,,,,,,,
LAB0029515,,,,,,,,,,
LAB0029516,,,,,,,,,,
LAB0029517,,,,,,,,,,
LAB0029518,,,,,,,,,,
LAB0029519,,,,,,,,,,
LAB0029520,,,,,,,,,,
LAB0029521,,,,,,,,,,
LAB0029522,,,,,,,,,,
LAB0029523,,,,,,,,,,
LAB0029524,,,,,,,,,,
LAB0029525,,,,,,,,,,
LAB0029526,,,,,,,,,,
LAB0029527,,,,,,,,,,
LAB0029528,,,,,,,,,,
LAB0029529,,,,,,,,,,
LAB0029530,,,,,,,,,,
LAB0029531,,,,,,,,,,
LAB0029532,,,,,,,,,,
LAB0029533,,,,,,,,,,
LAB0029534,,,,,,,,,,
LAB0029535,,,,,,,,,,
LAB0029536,,,,,,,,,,
LAB0029537,,,,,,,,,,
LAB0029538,,,,,,,,,,
LAB0029539,,,,,,,,,,
LAB0029540,,,,,,,,,,
LAB0029541,,,,,,,,,,
LAB0029542,,,,,,,,,,
LAB0029543,,,,,,,,,,
LAB0029544,,,,,,,,,,
LAB0029545,,,,,,,,,,
LAB0029546,,,,,,,,,,
LAB0029547,,,,,,,,,,
LAB0029548,,,,,,,,,,
LAB0029549,,,,,,,,,,
LAB0029550,,,,,,,,,,
LAB0029551,,,,,,,,,,
LAB0029552,,,,,,,,,,
LAB0029553,,,,,,,,,,
LAB0029554,,,,,,,,,,
LAB0029555,,,,,,,,,,
LAB0029556,,,,,,,,,,
LAB0029557,,,,,,,,,,
LAB0029558,,,,,,,,,,
LAB0029559,,,,,,,,,,
LAB0029560,,,,,,,,,,
LAB0029561,,,,,,,,,,
LAB0029562,,,,,,,,,,
LAB0029563,,,,,,,,,,
LAB0029564,,,,,,,,,,
LAB0029565,,,,,,,,,,
LAB0029566,,,,,,,,,,
LAB0029567,,,,,,,,,,
LAB0029568,,,,,,,,,,
LAB0029569,,,,,,,,,,
LAB0029570,,,,,,,,,,
LAB0029571,,,,,,,,,,
LAB0029572,,,,,,,,,,
LAB0029573,,,,,,,,,,
LAB0029574,,,,,,,,,,
LAB0029575,,,,,,,,,,
LAB0029576,,,,,,,,,,
LAB0029577,,,,,,,,,,
LAB0029578,,,,,,,,,,
LAB0029579,,,,,,,,,,
LAB0029580,,,,,,,,,,
LAB0029581,,,,,,,,,,
LAB0029582,,,,,,,,,,
LAB0029583,,,,,,,,,,
LAB0029584,,,,,,,,,,
LAB0029585,,,,,,,,,,
LAB0029586,,,,,,,,,,
LAB0029587,,,,,,,,,,
LAB0029588,,,,,,,,,,
LAB0029589,,,,,,,,,,
LAB0029590,,,,,,,,,,
LAB0029591,,,,,,,,,,
LAB0029592,,,,,,,,,,
LAB0029593,,,,,,,,,,
LAB0029594,,,,,,,,,,
LAB0029595,,,,,,,,,,
LAB0029596,,,,,,,,,,
LAB0029597,,,,,,,,,,
LAB0029598,,,,,,,,,,
LAB0029599,,,,,,,,,,
LAB0029600,,,,,,,,,,
LAB0029601,,,,,,,,,,
LAB0029602,,,,,,,,,,
LAB0029603,,,,,,,,,,
LAB0029604,,,,,,,,,,
LAB0029605,,,,,,,,,,
LAB0029606,,,,,,,,,,
LAB0029607,,,,,,,,,,
LAB0029608,,,,,,,,,,
LAB0029609,,,,,,,,,,
LAB0029610,,,,,,,,,,
LAB0029611,,,,,,,,,,
LAB0029612,,,,,,,,,,
LAB0029613,,,,,,,,,,
LAB0029614,,,,,,,,,,
LAB0029615,,,,,,,,,,
LAB0029616,,,,,,,,,,
LAB0029617,,,,,,,,,,
LAB0029618,,,,,,,,,,
LAB0029619,,,,,,,,,,
LAB0029620,,,,,,,,,,
LAB0029621,,,,,,,,,,
LAB0029622,,,,,,,,,,
LAB0029623,,,,,,,,,,
LAB0029624,,,,,,,,,,
LAB0029625,,,,,,,,,,
LAB0029626,,,,,,,,,,
LAB0029627,,,,,,,,,,
LAB0029628,,,,,,,,,,
LAB0029629,,,,,,,,,,
LAB0029630,,,,,,,,,,
LAB0029631,,,,,,,,,,
LAB0029632,,,,,,,,,,
LAB0029633,,,,,,,,,,
LAB0029634,,,,,,,,,,
LAB0029635,,,,,,,,,,
LAB0029636,,,,,,,,,,
LAB0029637,,,,,,,,,,
LAB0029638,,,,,,,,,,
LAB0029639,,,,,,,,,,
LAB0029640,,,,,,,,,,
LAB0029641,,,,,,,,,,
LAB0029642,,,,,,,,,,
LAB0029643,,,,,,,,,,
LAB0029644,,,,,,,,,,
LAB0029645,,,,,,,,,,
LAB0029646,,,,,,,,,,
LAB0029647,,,,,,,,,,
LAB0029648,,,,,,,,,,
LAB0029649,,,,,,,,,,
LAB0029650,,,,,,,,,,
LAB0029651,,,,,,,,,,
LAB0029652,,,,,,,,,,
LAB0029653,,,,,,,,,,
LAB0029654,,,,,,,,,,
LAB0029655,,,,,,,,,,
LAB0029656,,,,,,,,,,
LAB0029657,,,,,,,,,,
LAB0029658,,,,,,,,,,
LAB0029659,,,,,,,,,,
LAB0029660,,,,,,,,,,
LAB0029661,,,,,,,,,,
LAB0029662,,,,,,,,,,
LAB0029663,,,,,,,,,,
LAB0029664,,,,,,,,,,
LAB0029665,,,,,,,,,,
LAB0029666,,,,,,,,,,
LAB0029667,,,,,,,,,,
LAB0029668,,,,,,,,,,
LAB0029669,,,,,,,,,,
LAB0029670,,,,,,,,,,
LAB0029671,,,,,,,,,,
LAB0029672,,,,,,,,,,
LAB0029673,,,,,,,,,,
LAB0029674,,,,,,,,,,
LAB0029675,,,,,,,,,,
LAB0029676,,,,,,,,,,
LAB0029677,,,,,,,,,,
LAB0029678,,,,,,,,,,
LAB0029679,,,,,,,,,,
LAB0029680,,,,,,,,,,
LAB0029681,,,,,,,,,,
LAB0029682,,,,,,,,,,
LAB0029683,,,,,,,,,,
LAB0029684,,,,,,,,,,
LAB0029685,,,,,,,,,,
LAB0029686,,,,,,,,,,
LAB0029687,,,,,,,,,,
LAB0029688,,,,,,,,,,
LAB0029689,,,,,,,,,,
LAB0029690,,,,,,,,,,
LAB0029691,,,,,,,,,,
LAB0029692,,,,,,,,,,
LAB0029693,,,,,,,,,,
LAB0029694,,,,,,,,,,
LAB0029695,,,,,,,,,,
LAB0029696,,,,,,,,,,
LAB0029697,,,,,,,,,,
LAB0029698,,,,,,,,,,
LAB0029699,,,,,,,,,,
LAB0029700,,,,,,,,,,
LAB0029701,,,,,,,,,,
LAB0029702,,,,,,,,,,
LAB0029703,,,,,,,,,,
LAB0029704,,,,,,,,,,
LAB0029705,,,,,,,,,,
LAB0029706,,,,,,,,,,
LAB0029707,,,,,,,,,,
LAB0029708,,,,,,,,,,
LAB0029709,,,,,,,,,,
LAB0029710,,,,,,,,,,
LAB0029711,,,,,,,,,,
LAB0029712,,,,,,,,,,
LAB0029713,,,,,,,,,,
LAB0029714,,,,,,,,,,
LAB0029715,,,,,,,,,,
LAB0029716,,,,,,,,,,
LAB0029717,,,,,,,,,,
LAB0029718,,,,,,,,,,
LAB0029719,,,,,,,,,,
LAB0029720,,,,,,,,,,
LAB0029721,,,,,,,,,,
LAB0029722,,,,,,,,,,
LAB0029723,,,,,,,,,,
LAB0029724,,,,,,,,,,
LAB0029725,,,,,,,,,,
LAB0029726,,,,,,,,,,
LAB0029727,,,,,,,,,,
LAB0029728,,,,,,,,,,
LAB0029729,,,,,,,,,,
LAB0029730,,,,,,,,,,
LAB0029731,,,,,,,,,,
LAB0029732,,,,,,,,,,
LAB0029733,,,,,,,,,,
LAB0029734,,,,,,,,,,
LAB0029735,,,,,,,,,,
LAB0029736,,,,,,,,,,
LAB0029737,,,,,,,,,,
LAB0029738,,,,,,,,,,
LAB0029739,,,,,,,,,,
LAB0029740,,,,,,,,,,
LAB0029741,,,,,,,,,,
LAB0029742,,,,,,,,,,
LAB0029743,,,,,,,,,,
LAB0029744,,,,,,,,,,
LAB0029745,,,,,,,,,,
LAB0029746,,,,,,,,,,
LAB0029747,,,,,,,,,,
LAB0029748,,,,,,,,,,
LAB0029749,,,,,,,,,,
LAB0029750,,,,,,,,,,
LAB0029751,,,,,,,,,,
LAB0029752,,,,,,,,,,
LAB0029753,,,,,,,,,,
LAB0029754,,,,,,,,,,
LAB0029755,,,,,,,,,,
LAB0029756,,,,,,,,,,
LAB0029757,,,,,,,,,,
LAB0029758,,,,,,,,,,
LAB0029759,,,,,,,,,,
LAB0029760,,,,,,,,,,
LAB0029761,,,,,,,,,,
LAB0029762,,,,,,,,,,
LAB0029763,,,,,,,,,,
LAB0029764,,,,,,,,,,
LAB0029765,,,,,,,,,,
LAB0029766,,,,,,,,,,
LAB0029767,,,,,,,,,,
LAB0029768,,,,,,,,,,
LAB0029769,,,,,,,,,,
LAB0029770,,,,,,,,,,
LAB0029771,,,,,,,,,,
LAB0029772,,,,,,,,,,
LAB0029773,,,,,,,,,,
LAB0029774,,,,,,,,,,
LAB0029775,,,,,,,,,,
LAB0029776,,,,,,,,,,
LAB0029777,,,,,,,,,,
LAB0029778,,,,,,,,,,
LAB0029779,,,,,,,,,,
LAB0029780,,,,,,,,,,
LAB0029781,,,,,,,,,,
LAB0029782,,,,,,,,,,
LAB0029783,,,,,,,,,,
LAB0029784,,,,,,,,,,
LAB0029785,,,,,,,,,,
LAB0029786,,,,,,,,,,
LAB0029787,,,,,,,,,,
LAB0029788,,,,,,,,,,
LAB0029789,,,,,,,,,,
LAB0029790,,,,,,,,,,
LAB0029791,,,,,,,,,,
LAB0029792,,,,,,,,,,
LAB0029793,,,,,,,,,,
LAB0029794,,,,,,,,,,
LAB0029795,,,,,,,,,,
LAB0029796,,,,,,,,,,
LAB0029797,,,,,,,,,,
LAB0029798,,,,,,,,,,
LAB0029799,,,,,,,,,,
LAB0029800,,,,,,,,,,
LAB0029801,,,,,,,,,,
LAB0029802,,,,,,,,,,
LAB0029803,,,,,,,,,,
LAB0029804,,,,,,,,,,
LAB0029805,,,,,,,,,,
LAB0029806,,,,,,,,,,
LAB0029807,,,,,,,,,,
LAB0029808,,,,,,,,,,
LAB0029809,,,,,,,,,,
LAB0029810,,,,,,,,,,
LAB0029811,,,,,,,,,,
LAB0029812,,,,,,,,,,
LAB0029813,,,,,,,,,,
LAB0029814,,,,,,,,,,
LAB0029815,,,,,,,,,,
LAB0029816,,,,,,,,,,
LAB0029817,,,,,,,,,,
LAB0029818,,,,,,,,,,
LAB0029819,,,,,,,,,,
LAB0029820,,,,,,,,,,
LAB0029821,,,,,,,,,,
LAB0029822,,,,,,,,,,
LAB0029823,,,,,,,,,,
LAB0029824,,,,,,,,,,
LAB0029825,,,,,,,,,,
LAB0029826,,,,,,,,,,
LAB0029827,,,,,,,,,,
LAB0029828,,,,,,,,,,
LAB0029829,,,,,,,,,,
LAB0029830,,,,,,,,,,
LAB0029831,,,,,,,,,,
LAB0029832,,,,,,,,,,
LAB0029833,,,,,,,,,,
LAB0029834,,,,,,,,,,
LAB0029835,,,,,,,,,,
LAB0029836,,,,,,,,,,
LAB0029837,,,,,,,,,,
LAB0029838,,,,,,,,,,
LAB0029839,,,,,,,,,,
LAB0029840,,,,,,,,,,
LAB0029841,,,,,,,,,,
LAB0029842,,,,,,,,,,
LAB0029843,,,,,,,,,,
LAB0029844,,,,,,,,,,
LAB0029845,,,,,,,,,,
LAB0029846,,,,,,,,,,
LAB0029847,,,,,,,,,,
LAB0029848,,,,,,,,,,
LAB0029849,,,,,,,,,,
LAB0029850,,,,,,,,,,
LAB0029851,,,,,,,,,,
LAB0029852,,,,,,,,,,
LAB0029853,,,,,,,,,,
LAB0029854,,,,,,,,,,
LAB0029855,,,,,,,,,,
LAB0029856,,,,,,,,,,
LAB0029857,,,,,,,,,,
LAB0029858,,,,,,,,,,
LAB0029859,,,,,,,,,,
LAB0029860,,,,,,,,,,
LAB0029861,,,,,,,,,,
LAB0029862,,,,,,,,,,
LAB0029863,,,,,,,,,,
LAB0029864,,,,,,,,,,
LAB0029865,,,,,,,,,,
LAB0029866,,,,,,,,,,
LAB0029867,,,,,,,,,,
LAB0029868,,,,,,,,,,
LAB0029869,,,,,,,,,,
LAB0029870,,,,,,,,,,
LAB0029871,,,,,,,,,,
LAB0029872,,,,,,,,,,
LAB0029873,,,,,,,,,,
LAB0029874,,,,,,,,,,
LAB0029875,,,,,,,,,,
LAB0029876,,,,,,,,,,
LAB0029877,,,,,,,,,,
LAB0029878,,,,,,,,,,
LAB0029879,,,,,,,,,,
LAB0029880,,,,,,,,,,
LAB0029881,,,,,,,,,,
LAB0029882,,,,,,,,,,
LAB0029883,,,,,,,,,,
LAB0029884,,,,,,,,,,
LAB0029885,,,,,,,,,,
LAB0029886,,,,,,,,,,
LAB0029887,,,,,,,,,,
LAB0029888,,,,,,,,,,
LAB0029889,,,,,,,,,,
LAB0029890,,,,,,,,,,
LAB0029891,,,,,,,,,,
LAB0029892,,,,,,,,,,
LAB0029893,,,,,,,,,,
LAB0029894,,,,,,,,,,
LAB0029895,,,,,,,,,,
LAB0029896,,,,,,,,,,
LAB0029897,,,,,,,,,,
LAB0029898,,,,,,,,,,
LAB0029899,,,,,,,,,,
LAB0029900,,,,,,,,,,
LAB0029901,,,,,,,,,,
LAB0029902,,,,,,,,,,
LAB0029903,,,,,,,,,,
LAB0029904,,,,,,,,,,
LAB0029905,,,,,,,,,,
LAB0029906,,,,,,,,,,
LAB0029907,,,,,,,,,,
LAB0029908,,,,,,,,,,
LAB0029909,,,,,,,,,,
LAB0029910,,,,,,,,,,
LAB0029911,,,,,,,,,,
LAB0029912,,,,,,,,,,
LAB0029913,,,,,,,,,,
LAB0029914,,,,,,,,,,
LAB0029915,,,,,,,,,,
LAB0029916,,,,,,,,,,
LAB0029917,,,,,,,,,,
LAB0029918,,,,,,,,,,
LAB0029919,,,,,,,,,,
LAB0029920,,,,,,,,,,
LAB0029921,,,,,,,,,,
LAB0029922,,,,,,,,,,
LAB0029923,,,,,,,,,,
LAB0029924,,,,,,,,,,
LAB0029925,,,,,,,,,,
LAB0029926,,,,,,,,,,
LAB0029927,,,,,,,,,,
LAB0029928,,,,,,,,,,
LAB0029929,,,,,,,,,,
LAB0029930,,,,,,,,,,
LAB0029931,,,,,,,,,,
LAB0029932,,,,,,,,,,
LAB0029933,,,,,,,,,,
LAB0029934,,,,,,,,,,
LAB0029935,,,,,,,,,,
LAB0029936,,,,,,,,,,
LAB0029937,,,,,,,,,,
LAB0029938,,,,,,,,,,
LAB0029939,,,,,,,,,,
LAB0029940,,,,,,,,,,
LAB0029941,,,,,,,,,,
LAB0029942,,,,,,,,,,
LAB0029943,,,,,,,,,,
LAB0029944,,,,,,,,,,
LAB0029945,,,,,,,,,,
LAB0029946,,,,,,,,,,
LAB0029947,,,,,,,,,,
LAB0029948,,,,,,,,,,
LAB0029949,,,,,,,,,,
LAB0029950,,,,,,,,,,
LAB0029951,,,,,,,,,,
LAB0029952,,,,,,,,,,
LAB0029953,,,,,,,,,,
LAB0029954,,,,,,,,,,
LAB0029955,,,,,,,,,,
LAB0029956,,,,,,,,,,
LAB0029957,,,,,,,,,,
LAB0029958,,,,,,,,,,
LAB0029959,,,,,,,,,,
LAB0029960,,,,,,,,,,
LAB0029961,,,,,,,,,,
LAB0029962,,,,,,,,,,
LAB0029963,,,,,,,,,,
LAB0029964,,,,,,,,,,
LAB0029965,,,,,,,,,,
LAB0029966,,,,,,,,,,
LAB0029967,,,,,,,,,,
LAB0029968,,,,,,,,,,
LAB0029969,,,,,,,,,,
LAB0029970,,,,,,,,,,
LAB0029971,,,,,,,,,,
LAB0029972,,,,,,,,,,
LAB0029973,,,,,,,,,,
LAB0029974,,,,,,,,,,
LAB0029975,,,,,,,,,,
LAB0029976,,,,,,,,,,
LAB0029977,,,,,,,,,,
LAB0029978,,,,,,,,,,
LAB0029979,,,,,,,,,,
LAB0029980,,,,,,,,,,
LAB0029981,,,,,,,,,,
LAB0029982,,,,,,,,,,
LAB0029983,,,,,,,,,,
LAB0029984,,,,,,,,,,
LAB0029985,,,,,,,,,,
LAB0029986,,,,,,,,,,
LAB0029987,,,,,,,,,,
LAB0029988,,,,,,,,,,
LAB0029989,,,,,,,,,,
LAB0029990,,,,,,,,,,
LAB0029991,,,,,,,,,,
LAB0029992,,,,,,,,,,
LAB0029993,,,,,,,,,,
LAB0029994,,,,,,,,,,
LAB0029995,,,,,,,,,,
LAB0029996,,,,,,,,,,
LAB0029997,,,,,,,,,,
LAB0029998,,,,,,,,,,
LAB0029999,,,,,,,,,,
LAB0030000,,,,,,,,,,
LAB0030001,,,,,,,,,,
LAB0030002,,,,,,,,,,
LAB0030003,,,,,,,,,,
LAB0030004,,,,,,,,,,
LAB0030005,,,,,,,,,,
LAB0030006,,,,,,,,,,
LAB0030007,,,,,,,,,,
LAB0030008,,,,,,,,,,
LAB0030009,,,,,,,,,,
LAB0030010,,,,,,,,,,
LAB0030011,,,,,,,,,,
LAB0030012,,,,,,,,,,
LAB0030013,,,,,,,,,,
LAB0030014,,,,,,,,,,
LAB0030015,,,,,,,,,,
LAB0030016,,,,,,,,,,
LAB0030017,,,,,,,,,,
LAB0030018,,,,,,,,,,
LAB0030019,,,,,,,,,,
LAB0030020,,,,,,,,,,
LAB0030021,,,,,,,,,,
LAB0030022,,,,,,,,,,
LAB0030023,,,,,,,,,,
LAB0030024,,,,,,,,,,
LAB0030025,,,,,,,,,,
LAB0030026,,,,,,,,,,
LAB0030027,,,,,,,,,,
LAB0030028,,,,,,,,,,
LAB0030029,,,,,,,,,,
LAB0030030,,,,,,,,,,
LAB0030031,,,,,,,,,,
LAB0030032,,,,,,,,,,
LAB0030033,,,,,,,,,,
LAB0030034,,,,,,,,,,
LAB0030035,,,,,,,,,,
LAB0030036,,,,,,,,,,
LAB0030037,,,,,,,,,,
LAB0030038,,,,,,,,,,
LAB0030039,,,,,,,,,,
LAB0030040,,,,,,,,,,
LAB0030041,,,,,,,,,,
LAB0030042,,,,,,,,,,
LAB0030043,,,,,,,,,,
LAB0030044,,,,,,,,,,
LAB0030045,,,,,,,,,,
LAB0030046,,,,,,,,,,
LAB0030047,,,,,,,,,,
LAB0030048,,,,,,,,,,
LAB0030049,,,,,,,,,,
LAB0030050,,,,,,,,,,
LAB0030051,,,,,,,,,,
LAB0030052,,,,,,,,,,
LAB0030053,,,,,,,,,,
LAB0030054,,,,,,,,,,
LAB0030055,,,,,,,,,,
LAB0030056,,,,,,,,,,
LAB0030057,,,,,,,,,,
LAB0030058,,,,,,,,,,
LAB0030059,,,,,,,,,,
LAB0030060,,,,,,,,,,
LAB0030061,,,,,,,,,,
LAB0030062,,,,,,,,,,
LAB0030063,,,,,,,,,,
LAB0030064,,,,,,,,,,
LAB0030065,,,,,,,,,,
LAB0030066,,,,,,,,,,
LAB0030067,,,,,,,,,,
LAB0030068,,,,,,,,,,
LAB0030069,,,,,,,,,,
LAB0030070,,,,,,,,,,
LAB0030071,,,,,,,,,,
LAB0030072,,,,,,,,,,
LAB0030073,,,,,,,,,,
LAB0030074,,,,,,,,,,
LAB0030075,,,,,,,,,,
LAB0030076,,,,,,,,,,
LAB0030077,,,,,,,,,,
LAB0030078,,,,,,,,,,
LAB0030079,,,,,,,,,,
LAB0030080,,,,,,,,,,
LAB0030081,,,,,,,,,,
LAB0030082,,,,,,,,,,
LAB0030083,,,,,,,,,,
LAB0030084,,,,,,,,,,
LAB0030085,,,,,,,,,,
LAB0030086,,,,,,,,,,
LAB0030087,,,,,,,,,,
LAB0030088,,,,,,,,,,
LAB0030089,,,,,,,,,,
LAB0030090,,,,,,,,,,
LAB0030091,,,,,,,,,,
LAB0030092,,,,,,,,,,
LAB0030093,,,,,,,,,,
LAB0030094,,,,,,,,,,
LAB0030095,,,,,,,,,,
LAB0030096,,,,,,,,,,
LAB0030097,,,,,,,,,,
LAB0030098,,,,,,,,,,
LAB0030099,,,,,,,,,,
LAB0030100,,,,,,,,,,
LAB0030101,,,,,,,,,,
LAB0030102,,,,,,,,,,
LAB0030103,,,,,,,,,,
LAB0030104,,,,,,,,,,
LAB0030105,,,,,,,,,,
LAB0030106,,,,,,,,,,
LAB0030107,,,,,,,,,,
LAB0030108,,,,,,,,,,
LAB0030109,,,,,,,,,,
LAB0030110,,,,,,,,,,
LAB0030111,,,,,,,,,,
LAB0030112,,,,,,,,,,
LAB0030113,,,,,,,,,,
LAB0030114,,,,,,,,,,
LAB0030115,,,,,,,,,,
LAB0030116,,,,,,,,,,
LAB0030117,,,,,,,,,,
LAB0030118,,,,,,,,,,
LAB0030119,,,,,,,,,,
LAB0030120,,,,,,,,,,
LAB0030121,,,,,,,,,,
LAB0030122,,,,,,,,,,
LAB0030123,,,,,,,,,,
LAB0030124,,,,,,,,,,
LAB0030125,,,,,,,,,,
LAB0030126,,,,,,,,,,
LAB0030127,,,,,,,,,,
LAB0030128,,,,,,,,,,
LAB0030129,,,,,,,,,,
LAB0030130,,,,,,,,,,
LAB0030131,,,,,,,,,,
LAB0030132,,,,,,,,,,
LAB0030133,,,,,,,,,,
LAB0030134,,,,,,,,,,
LAB0030135,,,,,,,,,,
LAB0030136,,,,,,,,,,
LAB0030137,,,,,,,,,,
LAB0030138,,,,,,,,,,
LAB0030139,,,,,,,,,,
LAB0030140,,,,,,,,,,
LAB0030141,,,,,,,,,,
LAB0030142,,,,,,,,,,
LAB0030143,,,,,,,,,,
LAB0030144,,,,,,,,,,
LAB0030145,,,,,,,,,,
LAB0030146,,,,,,,,,,
LAB0030147,,,,,,,,,,
LAB0030148,,,,,,,,,,
LAB0030149,,,,,,,,,,
LAB0030150,,,,,,,,,,
LAB0030151,,,,,,,,,,
LAB0030152,,,,,,,,,,
LAB0030153,,,,,,,,,,
LAB0030154,,,,,,,,,,
LAB0030155,,,,,,,,,,
LAB0030156,,,,,,,,,,
LAB0030157,,,,,,,,,,
LAB0030158,,,,,,,,,,
LAB0030159,,,,,,,,,,
LAB0030160,,,,,,,,,,
LAB0030161,,,,,,,,,,
LAB0030162,,,,,,,,,,
LAB0030163,,,,,,,,,,
LAB0030164,,,,,,,,,,
LAB0030165,,,,,,,,,,
LAB0030166,,,,,,,,,,
LAB0030167,,,,,,,,,,
LAB0030168,,,,,,,,,,
LAB0030169,,,,,,,,,,
LAB0030170,,,,,,,,,,
LAB0030171,,,,,,,,,,
LAB0030172,,,,,,,,,,
LAB0030173,,,,,,,,,,
LAB0030174,,,,,,,,,,
LAB0030175,,,,,,,,,,
LAB0030176,,,,,,,,,,
LAB0030177,,,,,,,,,,
LAB0030178,,,,,,,,,,
LAB0030179,,,,,,,,,,
LAB0030180,,,,,,,,,,
LAB0030181,,,,,,,,,,
LAB0030182,,,,,,,,,,
LAB0030183,,,,,,,,,,
LAB0030184,,,,,,,,,,
LAB0030185,,,,,,,,,,
LAB0030186,,,,,,,,,,
LAB0030187,,,,,,,,,,
LAB0030188,,,,,,,,,,
LAB0030189,,,,,,,,,,
LAB0030190,,,,,,,,,,
LAB0030191,,,,,,,,,,
LAB0030192,,,,,,,,,,
LAB0030193,,,,,,,,,,
LAB0030194,,,,,,,,,,
LAB0030195,,,,,,,,,,
LAB0030196,,,,,,,,,,
LAB0030197,,,,,,,,,,
LAB0030198,,,,,,,,,,
LAB0030199,,,,,,,,,,
LAB0030200,,,,,,,,,,
LAB0030201,,,,,,,,,,
LAB0030202,,,,,,,,,,
LAB0030203,,,,,,,,,,
LAB0030204,,,,,,,,,,
LAB0030205,,,,,,,,,,
LAB0030206,,,,,,,,,,
LAB0030207,,,,,,,,,,
LAB0030208,,,,,,,,,,
LAB0030209,,,,,,,,,,
LAB0030210,,,,,,,,,,
LAB0030211,,,,,,,,,,
LAB0030212,,,,,,,,,,
LAB0030213,,,,,,,,,,
LAB0030214,,,,,,,,,,
LAB0030215,,,,,,,,,,
LAB0030216,,,,,,,,,,
LAB0030217,,,,,,,,,,
LAB0030218,,,,,,,,,,
LAB0030219,,,,,,,,,,
LAB0030220,,,,,,,,,,
LAB0030221,,,,,,,,,,
LAB0030222,,,,,,,,,,
LAB0030223,,,,,,,,,,
LAB0030224,,,,,,,,,,
LAB0030225,,,,,,,,,,
LAB0030226,,,,,,,,,,
LAB0030227,,,,,,,,,,
LAB0030228,,,,,,,,,,
LAB0030229,,,,,,,,,,
LAB0030230,,,,,,,,,,
LAB0030231,,,,,,,,,,
LAB0030232,,,,,,,,,,
LAB0030233,,,,,,,,,,
LAB0030234,,,,,,,,,,
LAB0030235,,,,,,,,,,
LAB0030236,,,,,,,,,,
LAB0030237,,,,,,,,,,
LAB0030238,,,,,,,,,,
LAB0030239,,,,,,,,,,
LAB0030240,,,,,,,,,,
LAB0030241,,,,,,,,,,
LAB0030242,,,,,,,,,,
LAB0030243,,,,,,,,,,
LAB0030244,,,,,,,,,,
LAB0030245,,,,,,,,,,
LAB0030246,,,,,,,,,,
LAB0030247,,,,,,,,,,
LAB0030248,,,,,,,,,,
LAB0030249,,,,,,,,,,
LAB0030250,,,,,,,,,,
LAB0030251,,,,,,,,,,
LAB0030252,,,,,,,,,,
LAB0030253,,,,,,,,,,
LAB0030254,,,,,,,,,,
LAB0030255,,,,,,,,,,
LAB0030256,,,,,,,,,,
LAB0030257,,,,,,,,,,
LAB0030258,,,,,,,,,,
LAB0030259,,,,,,,,,,
LAB0030260,,,,,,,,,,
LAB0030261,,,,,,,,,,
LAB0030262,,,,,,,,,,
LAB0030263,,,,,,,,,,
LAB0030264,,,,,,,,,,
LAB0030265,,,,,,,,,,
LAB0030266,,,,,,,,,,
LAB0030267,,,,,,,,,,
LAB0030268,,,,,,,,,,
LAB0030269,,,,,,,,,,
LAB0030270,,,,,,,,,,
LAB0030271,,,,,,,,,,
LAB0030272,,,,,,,,,,
LAB0030273,,,,,,,,,,
LAB0030274,,,,,,,,,,
LAB0030275,,,,,,,,,,
LAB0030276,,,,,,,,,,
LAB0030277,,,,,,,,,,
LAB0030278,,,,,,,,,,
LAB0030279,,,,,,,,,,
LAB0030280,,,,,,,,,,
LAB0030281,,,,,,,,,,
LAB0030282,,,,,,,,,,
LAB0030283,,,,,,,,,,
LAB0030284,,,,,,,,,,
LAB0030285,,,,,,,,,,
LAB0030286,,,,,,,,,,
LAB0030287,,,,,,,,,,
LAB0030288,,,,,,,,,,
LAB0030289,,,,,,,,,,
LAB0030290,,,,,,,,,,
LAB0030291,,,,,,,,,,
LAB0030292,,,,,,,,,,
LAB0030293,,,,,,,,,,
LAB0030294,,,,,,,,,,
LAB0030295,,,,,,,,,,
LAB0030296,,,,,,,,,,
LAB0030297,,,,,,,,,,
LAB0030298,,,,,,,,,,
LAB0030299,,,,,,,,,,
LAB0030300,,,,,,,,,,
LAB0030301,,,,,,,,,,
LAB0030302,,,,,,,,,,
LAB0030303,,,,,,,,,,
LAB0030304,,,,,,,,,,
LAB0030305,,,,,,,,,,
LAB0030306,,,,,,,,,,
LAB0030307,,,,,,,,,,
LAB0030308,,,,,,,,,,
LAB0030309,,,,,,,,,,
LAB0030310,,,,,,,,,,
LAB0030311,,,,,,,,,,
LAB0030312,,,,,,,,,,
LAB0030313,,,,,,,,,,
LAB0030314,,,,,,,,,,
LAB0030315,,,,,,,,,,
LAB0030316,,,,,,,,,,
LAB0030317,,,,,,,,,,
LAB0030318,,,,,,,,,,
LAB0030319,,,,,,,,,,
LAB0030320,,,,,,,,,,
LAB0030321,,,,,,,,,,
LAB0030322,,,,,,,,,,
LAB0030323,,,,,,,,,,
LAB0030324,,,,,,,,,,
LAB0030325,,,,,,,,,,
LAB0030326,,,,,,,,,,
LAB0030327,,,,,,,,,,
LAB0030328,,,,,,,,,,
LAB0030329,,,,,,,,,,
LAB0030330,,,,,,,,,,
LAB0030331,,,,,,,,,,
LAB0030332,,,,,,,,,,
LAB0030333,,,,,,,,,,
LAB0030334,,,,,,,,,,
LAB0030335,,,,,,,,,,
LAB0030336,,,,,,,,,,
LAB0030337,,,,,,,,,,
LAB0030338,,,,,,,,,,
LAB0030339,,,,,,,,,,
LAB0030340,,,,,,,,,,
LAB0030341,,,,,,,,,,
LAB0030342,,,,,,,,,,
LAB0030343,,,,,,,,,,
LAB0030344,,,,,,,,,,
LAB0030345,,,,,,,,,,
LAB0030346,,,,,,,,,,
LAB0030347,,,,,,,,,,
LAB0030348,,,,,,,,,,
LAB0030349,,,,,,,,,,
LAB0030350,,,,,,,,,,
LAB0030351,,,,,,,,,,
LAB0030352,,,,,,,,,,
LAB0030353,,,,,,,,,,
LAB0030354,,,,,,,,,,
LAB0030355,,,,,,,,,,
LAB0030356,,,,,,,,,,
LAB0030357,,,,,,,,,,
LAB0030358,,,,,,,,,,
LAB0030359,,,,,,,,,,
LAB0030360,,,,,,,,,,
LAB0030361,,,,,,,,,,
LAB0030362,,,,,,,,,,
LAB0030363,,,,,,,,,,
LAB0030364,,,,,,,,,,
LAB0030365,,,,,,,,,,
LAB0030366,,,,,,,,,,
LAB0030367,,,,,,,,,,
LAB0030368,,,,,,,,,,
LAB0030369,,,,,,,,,,
LAB0030370,,,,,,,,,,
LAB0030371,,,,,,,,,,
LAB0030372,,,,,,,,,,
LAB0030373,,,,,,,,,,
LAB0030374,,,,,,,,,,
LAB0030375,,,,,,,,,,
LAB0030376,,,,,,,,,,
LAB0030377,,,,,,,,,,
LAB0030378,,,,,,,,,,
LAB0030379,,,,,,,,,,
LAB0030380,,,,,,,,,,
LAB0030381,,,,,,,,,,
LAB0030382,,,,,,,,,,
LAB0030383,,,,,,,,,,
LAB0030384,,,,,,,,,,
LAB0030385,,,,,,,,,,
LAB0030386,,,,,,,,,,
LAB0030387,,,,,,,,,,
LAB0030388,,,,,,,,,,
LAB0030389,,,,,,,,,,
LAB0030390,,,,,,,,,,
LAB0030391,,,,,,,,,,
LAB0030392,,,,,,,,,,
LAB0030393,,,,,,,,,,
LAB0030394,,,,,,,,,,
LAB0030395,,,,,,,,,,
LAB0030396,,,,,,,,,,
LAB0030397,,,,,,,,,,
LAB0030398,,,,,,,,,,
LAB0030399,,,,,,,,,,
LAB0030400,,,,,,,,,,
LAB0030401,,,,,,,,,,
LAB0030402,,,,,,,,,,
LAB0030403,,,,,,,,,,
LAB0030404,,,,,,,,,,
LAB0030405,,,,,,,,,,
LAB0030406,,,,,,,,,,
LAB0030407,,,,,,,,,,
LAB0030408,,,,,,,,,,
LAB0030409,,,,,,,,,,
LAB0030410,,,,,,,,,,
LAB0030411,,,,,,,,,,
LAB0030412,,,,,,,,,,
LAB0030413,,,,,,,,,,
LAB0030414,,,,,,,,,,
LAB0030415,,,,,,,,,,
LAB0030416,,,,,,,,,,
LAB0030417,,,,,,,,,,
LAB0030418,,,,,,,,,,
LAB0030419,,,,,,,,,,
LAB0030420,,,,,,,,,,
LAB0030421,,,,,,,,,,
LAB0030422,,,,,,,,,,
LAB0030423,,,,,,,,,,
LAB0030424,,,,,,,,,,
LAB0030425,,,,,,,,,,
LAB0030426,,,,,,,,,,
LAB0030427,,,,,,,,,,
LAB0030428,,,,,,,,,,
LAB0030429,,,,,,,,,,
LAB0030430,,,,,,,,,,
LAB0030431,,,,,,,,,,
LAB0030432,,,,,,,,,,
LAB0030433,,,,,,,,,,
LAB0030434,,,,,,,,,,
LAB0030435,,,,,,,,,,
LAB0030436,,,,,,,,,,
LAB0030437,,,,,,,,,,
LAB0030438,,,,,,,,,,
LAB0030439,,,,,,,,,,
LAB0030440,,,,,,,,,,
LAB0030441,,,,,,,,,,
LAB0030442,,,,,,,,,,
LAB0030443,,,,,,,,,,
LAB0030444,,,,,,,,,,
LAB0030445,,,,,,,,,,
LAB0030446,,,,,,,,,,
LAB0030447,,,,,,,,,,
LAB0030448,,,,,,,,,,
LAB0030449,,,,,,,,,,
LAB0030450,,,,,,,,,,
LAB0030451,,,,,,,,,,
LAB0030452,,,,,,,,,,
LAB0030453,,,,,,,,,,
LAB0030454,,,,,,,,,,
LAB0030455,,,,,,,,,,
LAB0030456,,,,,,,,,,
LAB0030457,,,,,,,,,,
LAB0030458,,,,,,,,,,
LAB0030459,,,,,,,,,,
LAB0030460,,,,,,,,,,
LAB0030461,,,,,,,,,,
LAB0030462,,,,,,,,,,
LAB0030463,,,,,,,,,,
LAB0030464,,,,,,,,,,
LAB0030465,,,,,,,,,,
LAB0030466,,,,,,,,,,
LAB0030467,,,,,,,,,,
LAB0030468,,,,,,,,,,
LAB0030469,,,,,,,,,,
LAB0030470,,,,,,,,,,
LAB0030471,,,,,,,,,,
LAB0030472,,,,,,,,,,
LAB0030473,,,,,,,,,,
LAB0030474,,,,,,,,,,
LAB0030475,,,,,,,,,,
LAB0030476,,,,,,,,,,
LAB0030477,,,,,,,,,,
LAB0030478,,,,,,,,,,
LAB0030479,,,,,,,,,,
LAB0030480,,,,,,,,,,
LAB0030481,,,,,,,,,,
LAB0030482,,,,,,,,,,
LAB0030483,,,,,,,,,,
LAB0030484,,,,,,,,,,
LAB0030485,,,,,,,,,,
LAB0030486,,,,,,,,,,
LAB0030487,,,,,,,,,,
LAB0030488,,,,,,,,,,
LAB0030489,,,,,,,,,,
LAB0030490,,,,,,,,,,
LAB0030491,,,,,,,,,,
LAB0030492,,,,,,,,,,
LAB0030493,,,,,,,,,,
LAB0030494,,,,,,,,,,
LAB0030495,,,,,,,,,,
LAB0030496,,,,,,,,,,
LAB0030497,,,,,,,,,,
LAB0030498,,,,,,,,,,
LAB0030499,,,,,,,,,,
LAB0030500,,,,,,,,,,
LAB0030501,,,,,,,,,,
LAB0030502,,,,,,,,,,
LAB0030503,,,,,,,,,,
LAB0030504,,,,,,,,,,
LAB0030505,,,,,,,,,,
LAB0030506,,,,,,,,,,
LAB0030507,,,,,,,,,,
LAB0030508,,,,,,,,,,
LAB0030509,,,,,,,,,,
LAB0030510,,,,,,,,,,
LAB0030511,,,,,,,,,,
LAB0030512,,,,,,,,,,
LAB0030513,,,,,,,,,,
LAB0030514,,,,,,,,,,
LAB0030515,,,,,,,,,,
LAB0030516,,,,,,,,,,
LAB0030517,,,,,,,,,,
LAB0030518,,,,,,,,,,
LAB0030519,,,,,,,,,,
LAB0030520,,,,,,,,,,
LAB0030521,,,,,,,,,,
LAB0030522,,,,,,,,,,
LAB0030523,,,,,,,,,,
LAB0030524,,,,,,,,,,
LAB0030525,,,,,,,,,,
LAB0030526,,,,,,,,,,
LAB0030527,,,,,,,,,,
LAB0030528,,,,,,,,,,
LAB0030529,,,,,,,,,,
LAB0030530,,,,,,,,,,
LAB0030531,,,,,,,,,,
LAB0030532,,,,,,,,,,
LAB0030533,,,,,,,,,,
LAB0030534,,,,,,,,,,
LAB0030535,,,,,,,,,,
LAB0030536,,,,,,,,,,
LAB0030537,,,,,,,,,,
LAB0030538,,,,,,,,,,
LAB0030539,,,,,,,,,,
LAB0030540,,,,,,,,,,
LAB0030541,,,,,,,,,,
LAB0030542,,,,,,,,,,
LAB0030543,,,,,,,,,,
LAB0030544,,,,,,,,,,
LAB0030545,,,,,,,,,,
LAB0030546,,,,,,,,,,
LAB0030547,,,,,,,,,,
LAB0030548,,,,,,,,,,
LAB0030549,,,,,,,,,,
LAB0030550,,,,,,,,,,
LAB0030551,,,,,,,,,,
LAB0030552,,,,,,,,,,
LAB0030553,,,,,,,,,,
LAB0030554,,,,,,,,,,
LAB0030555,,,,,,,,,,
LAB0030556,,,,,,,,,,
LAB0030557,,,,,,,,,,
LAB0030558,,,,,,,,,,
LAB0030559,,,,,,,,,,
LAB0030560,,,,,,,,,,
LAB0030561,,,,,,,,,,
LAB0030562,,,,,,,,,,
LAB0030563,,,,,,,,,,
LAB0030564,,,,,,,,,,
LAB0030565,,,,,,,,,,
LAB0030566,,,,,,,,,,
LAB0030567,,,,,,,,,,
LAB0030568,,,,,,,,,,
LAB0030569,,,,,,,,,,
LAB0030570,,,,,,,,,,
LAB0030571,,,,,,,,,,
LAB0030572,,,,,,,,,,
LAB0030573,,,,,,,,,,
LAB0030574,,,,,,,,,,
LAB0030575,,,,,,,,,,
LAB0030576,,,,,,,,,,
LAB0030577,,,,,,,,,,
LAB0030578,,,,,,,,,,
LAB0030579,,,,,,,,,,
LAB0030580,,,,,,,,,,
LAB0030581,,,,,,,,,,
LAB0030582,,,,,,,,,,
LAB0030583,,,,,,,,,,
LAB0030584,,,,,,,,,,
LAB0030585,,,,,,,,,,
LAB0030586,,,,,,,,,,
LAB0030587,,,,,,,,,,
LAB0030588,,,,,,,,,,
LAB0030589,,,,,,,,,,
LAB0030590,,,,,,,,,,
LAB0030591,,,,,,,,,,
LAB0030592,,,,,,,,,,
LAB0030593,,,,,,,,,,
LAB0030594,,,,,,,,,,
LAB0030595,,,,,,,,,,
LAB0030596,,,,,,,,,,
LAB0030597,,,,,,,,,,
LAB0030598,,,,,,,,,,
LAB0030599,,,,,,,,,,
LAB0030600,,,,,,,,,,
LAB0030601,,,,,,,,,,
LAB0030602,,,,,,,,,,
LAB0030603,,,,,,,,,,
LAB0030604,,,,,,,,,,
LAB0030605,,,,,,,,,,
LAB0030606,,,,,,,,,,
LAB0030607,,,,,,,,,,
LAB0030608,,,,,,,,,,
LAB0030609,,,,,,,,,,
LAB0030610,,,,,,,,,,
LAB0030611,,,,,,,,,,
LAB0030612,,,,,,,,,,
LAB0030613,,,,,,,,,,
LAB0030614,,,,,,,,,,
LAB0030615,,,,,,,,,,
LAB0030616,,,,,,,,,,
LAB0030617,,,,,,,,,,
LAB0030618,,,,,,,,,,
LAB0030619,,,,,,,,,,
LAB0030620,,,,,,,,,,
LAB0030621,,,,,,,,,,
LAB0030622,,,,,,,,,,
LAB0030623,,,,,,,,,,
LAB0030624,,,,,,,,,,
LAB0030625,,,,,,,,,,
LAB0030626,,,,,,,,,,
LAB0030627,,,,,,,,,,
LAB0030628,,,,,,,,,,
LAB0030629,,,,,,,,,,
LAB0030630,,,,,,,,,,
LAB0030631,,,,,,,,,,
LAB0030632,,,,,,,,,,
LAB0030633,,,,,,,,,,
LAB0030634,,,,,,,,,,
LAB0030635,,,,,,,,,,
LAB0030636,,,,,,,,,,
LAB0030637,,,,,,,,,,
LAB0030638,,,,,,,,,,
LAB0030639,,,,,,,,,,
LAB0030640,,,,,,,,,,
LAB0030641,,,,,,,,,,
LAB0030642,,,,,,,,,,
LAB0030643,,,,,,,,,,
LAB0030644,,,,,,,,,,
LAB0030645,,,,,,,,,,
LAB0030646,,,,,,,,,,
LAB0030647,,,,,,,,,,
LAB0030648,,,,,,,,,,
LAB0030649,,,,,,,,,,
LAB0030650,,,,,,,,,,
LAB0030651,,,,,,,,,,
LAB0030652,,,,,,,,,,
LAB0030653,,,,,,,,,,
LAB0030654,,,,,,,,,,
LAB0030655,,,,,,,,,,
LAB0030656,,,,,,,,,,
LAB0030657,,,,,,,,,,
LAB0030658,,,,,,,,,,
LAB0030659,,,,,,,,,,
LAB0030660,,,,,,,,,,
LAB0030661,,,,,,,,,,
LAB0030662,,,,,,,,,,
LAB0030663,,,,,,,,,,
LAB0030664,,,,,,,,,,
LAB0030665,,,,,,,,,,
LAB0030666,,,,,,,,,,
LAB0030667,,,,,,,,,,
LAB0030668,,,,,,,,,,
LAB0030669,,,,,,,,,,
LAB0030670,,,,,,,,,,
LAB0030671,,,,,,,,,,
LAB0030672,,,,,,,,,,
LAB0030673,,,,,,,,,,
LAB0030674,,,,,,,,,,
LAB0030675,,,,,,,,,,
LAB0030676,,,,,,,,,,
LAB0030677,,,,,,,,,,
LAB0030678,,,,,,,,,,
LAB0030679,,,,,,,,,,
LAB0030680,,,,,,,,,,
LAB0030681,,,,,,,,,,
LAB0030682,,,,,,,,,,
LAB0030683,,,,,,,,,,
LAB0030684,,,,,,,,,,
LAB0030685,,,,,,,,,,
LAB0030686,,,,,,,,,,
LAB0030687,,,,,,,,,,
LAB0030688,,,,,,,,,,
LAB0030689,,,,,,,,,,
LAB0030690,,,,,,,,,,
LAB0030691,,,,,,,,,,
LAB0030692,,,,,,,,,,
LAB0030693,,,,,,,,,,
LAB0030694,,,,,,,,,,
LAB0030695,,,,,,,,,,
LAB0030696,,,,,,,,,,
LAB0030697,,,,,,,,,,
LAB0030698,,,,,,,,,,
LAB0030699,,,,,,,,,,
LAB0030700,,,,,,,,,,
LAB0030701,,,,,,,,,,
LAB0030702,,,,,,,,,,
LAB0030703,,,,,,,,,,
LAB0030704,,,,,,,,,,
LAB0030705,,,,,,,,,,
LAB0030706,,,,,,,,,,
LAB0030707,,,,,,,,,,
LAB0030708,,,,,,,,,,
LAB0030709,,,,,,,,,,
LAB0030710,,,,,,,,,,
LAB0030711,,,,,,,,,,
LAB0030712,,,,,,,,,,
LAB0030713,,,,,,,,,,
LAB0030714,,,,,,,,,,
LAB0030715,,,,,,,,,,
LAB0030716,,,,,,,,,,
LAB0030717,,,,,,,,,,
LAB0030718,,,,,,,,,,
LAB0030719,,,,,,,,,,
LAB0030720,,,,,,,,,,
LAB0030721,,,,,,,,,,
LAB0030722,,,,,,,,,,
LAB0030723,,,,,,,,,,
LAB0030724,,,,,,,,,,
LAB0030725,,,,,,,,,,
LAB0030726,,,,,,,,,,
LAB0030727,,,,,,,,,,
LAB0030728,,,,,,,,,,
LAB0030729,,,,,,,,,,
LAB0030730,,,,,,,,,,
LAB0030731,,,,,,,,,,
LAB0030732,,,,,,,,,,
LAB0030733,,,,,,,,,,
LAB0030734,,,,,,,,,,
LAB0030735,,,,,,,,,,
LAB0030736,,,,,,,,,,
LAB0030737,,,,,,,,,,
LAB0030738,,,,,,,,,,
LAB0030739,,,,,,,,,,
LAB0030740,,,,,,,,,,
LAB0030741,,,,,,,,,,
LAB0030742,,,,,,,,,,
LAB0030743,,,,,,,,,,
LAB0030744,,,,,,,,,,
LAB0030745,,,,,,,,,,
LAB0030746,,,,,,,,,,
LAB0030747,,,,,,,,,,
LAB0030748,,,,,,,,,,
LAB0030749,,,,,,,,,,
LAB0030750,,,,,,,,,,
LAB0030751,,,,,,,,,,
LAB0030752,,,,,,,,,,
LAB0030753,,,,,,,,,,
LAB0030754,,,,,,,,,,
LAB0030755,,,,,,,,,,
LAB0030756,,,,,,,,,,
LAB0030757,,,,,,,,,,
LAB0030758,,,,,,,,,,
LAB0030759,,,,,,,,,,
LAB0030760,,,,,,,,,,
LAB0030761,,,,,,,,,,
LAB0030762,,,,,,,,,,
LAB0030763,,,,,,,,,,
LAB0030764,,,,,,,,,,
LAB0030765,,,,,,,,,,
LAB0030766,,,,,,,,,,
LAB0030767,,,,,,,,,,
LAB0030768,,,,,,,,,,
LAB0030769,,,,,,,,,,
LAB0030770,,,,,,,,,,
LAB0030771,,,,,,,,,,
LAB0030772,,,,,,,,,,
LAB0030773,,,,,,,,,,
LAB0030774,,,,,,,,,,
LAB0030775,,,,,,,,,,
LAB0030776,,,,,,,,,,
LAB0030777,,,,,,,,,,
LAB0030778,,,,,,,,,,
LAB0030779,,,,,,,,,,
LAB0030780,,,,,,,,,,
LAB0030781,,,,,,,,,,
LAB0030782,,,,,,,,,,
LAB0030783,,,,,,,,,,
LAB0030784,,,,,,,,,,
LAB0030785,,,,,,,,,,
LAB0030786,,,,,,,,,,
LAB0030787,,,,,,,,,,
LAB0030788,,,,,,,,,,
LAB0030789,,,,,,,,,,
LAB0030790,,,,,,,,,,
LAB0030791,,,,,,,,,,
LAB0030792,,,,,,,,,,
LAB0030793,,,,,,,,,,
LAB0030794,,,,,,,,,,
LAB0030795,,,,,,,,,,
LAB0030796,,,,,,,,,,
LAB0030797,,,,,,,,,,
LAB0030798,,,,,,,,,,
LAB0030799,,,,,,,,,,
LAB0030800,,,,,,,,,,
LAB0030801,,,,,,,,,,
LAB0030802,,,,,,,,,,
LAB0030803,,,,,,,,,,
LAB0030804,,,,,,,,,,
LAB0030805,,,,,,,,,,
LAB0030806,,,,,,,,,,
LAB0030807,,,,,,,,,,
LAB0030808,,,,,,,,,,
LAB0030809,,,,,,,,,,
LAB0030810,,,,,,,,,,
LAB0030811,,,,,,,,,,
LAB0030812,,,,,,,,,,
LAB0030813,,,,,,,,,,
LAB0030814,,,,,,,,,,
LAB0030815,,,,,,,,,,
LAB0030816,,,,,,,,,,
LAB0030817,,,,,,,,,,
LAB0030818,,,,,,,,,,
LAB0030819,,,,,,,,,,
LAB0030820,,,,,,,,,,
LAB0030821,,,,,,,,,,
LAB0030822,,,,,,,,,,
LAB0030823,,,,,,,,,,
LAB0030824,,,,,,,,,,
LAB0030825,,,,,,,,,,
LAB0030826,,,,,,,,,,
LAB0030827,,,,,,,,,,
LAB0030828,,,,,,,,,,
LAB0030829,,,,,,,,,,
LAB0030830,,,,,,,,,,
LAB0030831,,,,,,,,,,
LAB0030832,,,,,,,,,,
LAB0030833,,,,,,,,,,
LAB0030834,,,,,,,,,,
LAB0030835,,,,,,,,,,
LAB0030836,,,,,,,,,,
LAB0030837,,,,,,,,,,
LAB0030838,,,,,,,,,,
LAB0030839,,,,,,,,,,
LAB0030840,,,,,,,,,,
LAB0030841,,,,,,,,,,
LAB0030842,,,,,,,,,,
LAB0030843,,,,,,,,,,
LAB0030844,,,,,,,,,,
LAB0030845,,,,,,,,,,
LAB0030846,,,,,,,,,,
LAB0030847,,,,,,,,,,
LAB0030848,,,,,,,,,,
LAB0030849,,,,,,,,,,
LAB0030850,,,,,,,,,,
LAB0030851,,,,,,,,,,
LAB0030852,,,,,,,,,,
LAB0030853,,,,,,,,,,
LAB0030854,,,,,,,,,,
LAB0030855,,,,,,,,,,
LAB0030856,,,,,,,,,,
LAB0030857,,,,,,,,,,
LAB0030858,,,,,,,,,,
LAB0030859,,,,,,,,,,
LAB0030860,,,,,,,,,,
LAB0030861,,,,,,,,,,
LAB0030862,,,,,,,,,,
LAB0030863,,,,,,,,,,
LAB0030864,,,,,,,,,,
LAB0030865,,,,,,,,,,
LAB0030866,,,,,,,,,,
LAB0030867,,,,,,,,,,
LAB0030868,,,,,,,,,,
LAB0030869,,,,,,,,,,
LAB0030870,,,,,,,,,,
LAB0030871,,,,,,,,,,
LAB0030872,,,,,,,,,,
LAB0030873,,,,,,,,,,
LAB0030874,,,,,,,,,,
LAB0030875,,,,,,,,,,
LAB0030876,,,,,,,,,,
LAB0030877,,,,,,,,,,
LAB0030878,,,,,,,,,,
LAB0030879,,,,,,,,,,
LAB0030880,,,,,,,,,,
LAB0030881,,,,,,,,,,
LAB0030882,,,,,,,,,,
LAB0030883,,,,,,,,,,
LAB0030884,,,,,,,,,,
LAB0030885,,,,,,,,,,
LAB0030886,,,,,,,,,,
LAB0030887,,,,,,,,,,
LAB0030888,,,,,,,,,,
LAB0030889,,,,,,,,,,
LAB0030890,,,,,,,,,,
LAB0030891,,,,,,,,,,
LAB0030892,,,,,,,,,,
LAB0030893,,,,,,,,,,
LAB0030894,,,,,,,,,,
LAB0030895,,,,,,,,,,
LAB0030896,,,,,,,,,,
LAB0030897,,,,,,,,,,
LAB0030898,,,,,,,,,,
LAB0030899,,,,,,,,,,
LAB0030900,,,,,,,,,,
LAB0030901,,,,,,,,,,
LAB0030902,,,,,,,,,,
LAB0030903,,,,,,,,,,
LAB0030904,,,,,,,,,,
LAB0030905,,,,,,,,,,
LAB0030906,,,,,,,,,,
LAB0030907,,,,,,,,,,
LAB0030908,,,,,,,,,,
LAB0030909,,,,,,,,,,
LAB0030910,,,,,,,,,,
LAB0030911,,,,,,,,,,
LAB0030912,,,,,,,,,,
LAB0030913,,,,,,,,,,
LAB0030914,,,,,,,,,,
LAB0030915,,,,,,,,,,
LAB0030916,,,,,,,,,,
LAB0030917,,,,,,,,,,
LAB0030918,,,,,,,,,,
LAB0030919,,,,,,,,,,
LAB0030920,,,,,,,,,,
LAB0030921,,,,,,,,,,
LAB0030922,,,,,,,,,,
LAB0030923,,,,,,,,,,
LAB0030924,,,,,,,,,,
LAB0030925,,,,,,,,,,
LAB0030926,,,,,,,,,,
LAB0030927,,,,,,,,,,
LAB0030928,,,,,,,,,,
LAB0030929,,,,,,,,,,
LAB0030930,,,,,,,,,,
LAB0030931,,,,,,,,,,
LAB0030932,,,,,,,,,,
LAB0030933,,,,,,,,,,
LAB0030934,,,,,,,,,,
LAB0030935,,,,,,,,,,
LAB0030936,,,,,,,,,,
LAB0030937,,,,,,,,,,
LAB0030938,,,,,,,,,,
LAB0030939,,,,,,,,,,
LAB0030940,,,,,,,,,,
LAB0030941,,,,,,,,,,
LAB0030942,,,,,,,,,,
LAB0030943,,,,,,,,,,
LAB0030944,,,,,,,,,,
LAB0030945,,,,,,,,,,
LAB0030946,,,,,,,,,,
LAB0030947,,,,,,,,,,
LAB0030948,,,,,,,,,,
LAB0030949,,,,,,,,,,
LAB0030950,,,,,,,,,,
LAB0030951,,,,,,,,,,
LAB0030952,,,,,,,,,,
LAB0030953,,,,,,,,,,
LAB0030954,,,,,,,,,,
LAB0030955,,,,,,,,,,
LAB0030956,,,,,,,,,,
LAB0030957,,,,,,,,,,
LAB0030958,,,,,,,,,,
LAB0030959,,,,,,,,,,
LAB0030960,,,,,,,,,,
LAB0030961,,,,,,,,,,
LAB0030962,,,,,,,,,,
LAB0030963,,,,,,,,,,
LAB0030964,,,,,,,,,,
LAB0030965,,,,,,,,,,
LAB0030966,,,,,,,,,,
LAB0030967,,,,,,,,,,
LAB0030968,,,,,,,,,,
LAB0030969,,,,,,,,,,
LAB0030970,,,,,,,,,,
LAB0030971,,,,,,,,,,
LAB0030972,,,,,,,,,,
LAB0030973,,,,,,,,,,
LAB0030974,,,,,,,,,,
LAB0030975,,,,,,,,,,
LAB0030976,,,,,,,,,,
LAB0030977,,,,,,,,,,
LAB0030978,,,,,,,,,,
LAB0030979,,,,,,,,,,
LAB0030980,,,,,,,,,,
LAB0030981,,,,,,,,,,
LAB0030982,,,,,,,,,,
LAB0030983,,,,,,,,,,
LAB0030984,,,,,,,,,,
LAB0030985,,,,,,,,,,
LAB0030986,,,,,,,,,,
LAB0030987,,,,,,,,,,
LAB0030988,,,,,,,,,,
LAB0030989,,,,,,,,,,
LAB0030990,,,,,,,,,,
LAB0030991,,,,,,,,,,
LAB0030992,,,,,,,,,,
LAB0030993,,,,,,,,,,
LAB0030994,,,,,,,,,,
LAB0030995,,,,,,,,,,
LAB0030996,,,,,,,,,,
LAB0030997,,,,,,,,,,
LAB0030998,,,,,,,,,,
LAB0030999,,,,,,,,,,
LAB0031000,,,,,,,,,,
LAB0031001,,,,,,,,,,
LAB0031002,,,,,,,,,,
LAB0031003,,,,,,,,,,
LAB0031004,,,,,,,,,,
LAB0031005,,,,,,,,,,
LAB0031006,,,,,,,,,,
LAB0031007,,,,,,,,,,
LAB0031008,,,,,,,,,,
LAB0031009,,,,,,,,,,
LAB0031010,,,,,,,,,,
LAB0031011,,,,,,,,,,
LAB0031012,,,,,,,,,,
LAB0031013,,,,,,,,,,
LAB0031014,,,,,,,,,,
LAB0031015,,,,,,,,,,
LAB0031016,,,,,,,,,,
LAB0031017,,,,,,,,,,
LAB0031018,,,,,,,,,,
LAB0031019,,,,,,,,,,
LAB0031020,,,,,,,,,,
LAB0031021,,,,,,,,,,
LAB0031022,,,,,,,,,,
LAB0031023,,,,,,,,,,
LAB0031024,,,,,,,,,,
LAB0031025,,,,,,,,,,
LAB0031026,,,,,,,,,,
LAB0031027,,,,,,,,,,
LAB0031028,,,,,,,,,,
LAB0031029,,,,,,,,,,
LAB0031030,,,,,,,,,,
LAB0031031,,,,,,,,,,
LAB0031032,,,,,,,,,,
LAB0031033,,,,,,,,,,
LAB0031034,,,,,,,,,,
LAB0031035,,,,,,,,,,
LAB0031036,,,,,,,,,,
LAB0031037,,,,,,,,,,
LAB0031038,,,,,,,,,,
LAB0031039,,,,,,,,,,
LAB0031040,,,,,,,,,,
LAB0031041,,,,,,,,,,
LAB0031042,,,,,,,,,,
LAB0031043,,,,,,,,,,
LAB0031044,,,,,,,,,,
LAB0031045,,,,,,,,,,
LAB0031046,,,,,,,,,,
LAB0031047,,,,,,,,,,
LAB0031048,,,,,,,,,,
LAB0031049,,,,,,,,,,
LAB0031050,,,,,,,,,,
LAB0031051,,,,,,,,,,
LAB0031052,,,,,,,,,,
LAB0031053,,,,,,,,,,
LAB0031054,,,,,,,,,,
LAB0031055,,,,,,,,,,
LAB0031056,,,,,,,,,,
LAB0031057,,,,,,,,,,
LAB0031058,,,,,,,,,,
LAB0031059,,,,,,,,,,
LAB0031060,,,,,,,,,,
LAB0031061,,,,,,,,,,
LAB0031062,,,,,,,,,,
LAB0031063,,,,,,,,,,
LAB0031064,,,,,,,,,,
LAB0031065,,,,,,,,,,
LAB0031066,,,,,,,,,,
LAB0031067,,,,,,,,,,
LAB0031068,,,,,,,,,,
LAB0031069,,,,,,,,,,
LAB0031070,,,,,,,,,,
LAB0031071,,,,,,,,,,
LAB0031072,,,,,,,,,,
LAB0031073,,,,,,,,,,
LAB0031074,,,,,,,,,,
LAB0031075,,,,,,,,,,
LAB0031076,,,,,,,,,,
LAB0031077,,,,,,,,,,
LAB0031078,,,,,,,,,,
LAB0031079,,,,,,,,,,
LAB0031080,,,,,,,,,,
LAB0031081,,,,,,,,,,
LAB0031082,,,,,,,,,,
LAB0031083,,,,,,,,,,
LAB0031084,,,,,,,,,,
LAB0031085,,,,,,,,,,
LAB0031086,,,,,,,,,,
LAB0031087,,,,,,,,,,
LAB0031088,,,,,,,,,,
LAB0031089,,,,,,,,,,
LAB0031090,,,,,,,,,,
LAB0031091,,,,,,,,,,
LAB0031092,,,,,,,,,,
LAB0031093,,,,,,,,,,
LAB0031094,,,,,,,,,,
LAB0031095,,,,,,,,,,
LAB0031096,,,,,,,,,,
LAB0031097,,,,,,,,,,
LAB0031098,,,,,,,,,,
LAB0031099,,,,,,,,,,
LAB0031100,,,,,,,,,,
LAB0031101,,,,,,,,,,
LAB0031102,,,,,,,,,,
LAB0031103,,,,,,,,,,
LAB0031104,,,,,,,,,,
LAB0031105,,,,,,,,,,
LAB0031106,,,,,,,,,,
LAB0031107,,,,,,,,,,
LAB0031108,,,,,,,,,,
LAB0031109,,,,,,,,,,
LAB0031110,,,,,,,,,,
LAB0031111,,,,,,,,,,
LAB0031112,,,,,,,,,,
LAB0031113,,,,,,,,,,
LAB0031114,,,,,,,,,,
LAB0031115,,,,,,,,,,
LAB0031116,,,,,,,,,,
LAB0031117,,,,,,,,,,
LAB0031118,,,,,,,,,,
LAB0031119,,,,,,,,,,
LAB0031120,,,,,,,,,,
LAB0031121,,,,,,,,,,
LAB0031122,,,,,,,,,,
LAB0031123,,,,,,,,,,
LAB0031124,,,,,,,,,,
LAB0031125,,,,,,,,,,
LAB0031126,,,,,,,,,,
LAB0031127,,,,,,,,,,
LAB0031128,,,,,,,,,,
LAB0031129,,,,,,,,,,
LAB0031130,,,,,,,,,,
LAB0031131,,,,,,,,,,
LAB0031132,,,,,,,,,,
LAB0031133,,,,,,,,,,
LAB0031134,,,,,,,,,,
LAB0031135,,,,,,,,,,
LAB0031136,,,,,,,,,,
LAB0031137,,,,,,,,,,
LAB0031138,,,,,,,,,,
LAB0031139,,,,,,,,,,
LAB0031140,,,,,,,,,,
LAB0031141,,,,,,,,,,
LAB0031142,,,,,,,,,,
LAB0031143,,,,,,,,,,
LAB0031144,,,,,,,,,,
LAB0031145,,,,,,,,,,
LAB0031146,,,,,,,,,,
LAB0031147,,,,,,,,,,
LAB0031148,,,,,,,,,,
LAB0031149,,,,,,,,,,
LAB0031150,,,,,,,,,,
LAB0031151,,,,,,,,,,
LAB0031152,,,,,,,,,,
LAB0031153,,,,,,,,,,
LAB0031154,,,,,,,,,,
LAB0031155,,,,,,,,,,
LAB0031156,,,,,,,,,,
LAB0031157,,,,,,,,,,
LAB0031158,,,,,,,,,,
LAB0031159,,,,,,,,,,
LAB0031160,,,,,,,,,,
LAB0031161,,,,,,,,,,
LAB0031162,,,,,,,,,,
LAB0031163,,,,,,,,,,
LAB0031164,,,,,,,,,,
LAB0031165,,,,,,,,,,
LAB0031166,,,,,,,,,,
LAB0031167,,,,,,,,,,
LAB0031168,,,,,,,,,,
LAB0031169,,,,,,,,,,
LAB0031170,,,,,,,,,,
LAB0031171,,,,,,,,,,
LAB0031172,,,,,,,,,,
LAB0031173,,,,,,,,,,
LAB0031174,,,,,,,,,,
LAB0031175,,,,,,,,,,
LAB0031176,,,,,,,,,,
LAB0031177,,,,,,,,,,
LAB0031178,,,,,,,,,,
LAB0031179,,,,,,,,,,
LAB0031180,,,,,,,,,,
LAB0031181,,,,,,,,,,
LAB0031182,,,,,,,,,,
LAB0031183,,,,,,,,,,
LAB0031184,,,,,,,,,,
LAB0031185,,,,,,,,,,
LAB0031186,,,,,,,,,,
LAB0031187,,,,,,,,,,
LAB0031188,,,,,,,,,,
LAB0031189,,,,,,,,,,
LAB0031190,,,,,,,,,,
LAB0031191,,,,,,,,,,
LAB0031192,,,,,,,,,,
LAB0031193,,,,,,,,,,
LAB0031194,,,,,,,,,,
LAB0031195,,,,,,,,,,
LAB0031196,,,,,,,,,,
LAB0031197,,,,,,,,,,
LAB0031198,,,,,,,,,,
LAB0031199,,,,,,,,,,
LAB0031200,,,,,,,,,,
LAB0031201,,,,,,,,,,
LAB0031202,,,,,,,,,,
LAB0031203,,,,,,,,,,
LAB0031204,,,,,,,,,,
LAB0031205,,,,,,,,,,
LAB0031206,,,,,,,,,,
LAB0031207,,,,,,,,,,
LAB0031208,,,,,,,,,,
LAB0031209,,,,,,,,,,
LAB0031210,,,,,,,,,,
LAB0031211,,,,,,,,,,
LAB0031212,,,,,,,,,,
LAB0031213,,,,,,,,,,
LAB0031214,,,,,,,,,,
LAB0031215,,,,,,,,,,
LAB0031216,,,,,,,,,,
LAB0031217,,,,,,,,,,
LAB0031218,,,,,,,,,,
LAB0031219,,,,,,,,,,
LAB0031220,,,,,,,,,,
LAB0031221,,,,,,,,,,
LAB0031222,,,,,,,,,,
LAB0031223,,,,,,,,,,
LAB0031224,,,,,,,,,,
LAB0031225,,,,,,,,,,
LAB0031226,,,,,,,,,,
LAB0031227,,,,,,,,,,
LAB0031228,,,,,,,,,,
LAB0031229,,,,,,,,,,
LAB0031230,,,,,,,,,,
LAB0031231,,,,,,,,,,
LAB0031232,,,,,,,,,,
LAB0031233,,,,,,,,,,
LAB0031234,,,,,,,,,,
LAB0031235,,,,,,,,,,
LAB0031236,,,,,,,,,,
LAB0031237,,,,,,,,,,
LAB0031238,,,,,,,,,,
LAB0031239,,,,,,,,,,
LAB0031240,,,,,,,,,,
LAB0031241,,,,,,,,,,
LAB0031242,,,,,,,,,,
LAB0031243,,,,,,,,,,
LAB0031244,,,,,,,,,,
LAB0031245,,,,,,,,,,
LAB0031246,,,,,,,,,,
LAB0031247,,,,,,,,,,
LAB0031248,,,,,,,,,,
LAB0031249,,,,,,,,,,
LAB0031250,,,,,,,,,,
LAB0031251,,,,,,,,,,
LAB0031252,,,,,,,,,,
LAB0031253,,,,,,,,,,
LAB0031254,,,,,,,,,,
LAB0031255,,,,,,,,,,
LAB0031256,,,,,,,,,,
LAB0031257,,,,,,,,,,
LAB0031258,,,,,,,,,,
LAB0031259,,,,,,,,,,
LAB0031260,,,,,,,,,,
LAB0031261,,,,,,,,,,
LAB0031262,,,,,,,,,,
LAB0031263,,,,,,,,,,
LAB0031264,,,,,,,,,,
LAB0031265,,,,,,,,,,
LAB0031266,,,,,,,,,,
LAB0031267,,,,,,,,,,
LAB0031268,,,,,,,,,,
LAB0031269,,,,,,,,,,
LAB0031270,,,,,,,,,,
LAB0031271,,,,,,,,,,
LAB0031272,,,,,,,,,,
LAB0031273,,,,,,,,,,
LAB0031274,,,,,,,,,,
LAB0031275,,,,,,,,,,
LAB0031276,,,,,,,,,,
LAB0031277,,,,,,,,,,
LAB0031278,,,,,,,,,,
LAB0031279,,,,,,,,,,
LAB0031280,,,,,,,,,,
LAB0031281,,,,,,,,,,
LAB0031282,,,,,,,,,,
LAB0031283,,,,,,,,,,
LAB0031284,,,,,,,,,,
LAB0031285,,,,,,,,,,
LAB0031286,,,,,,,,,,
LAB0031287,,,,,,,,,,
LAB0031288,,,,,,,,,,
LAB0031289,,,,,,,,,,
LAB0031290,,,,,,,,,,
LAB0031291,,,,,,,,,,
LAB0031292,,,,,,,,,,
LAB0031293,,,,,,,,,,
LAB0031294,,,,,,,,,,
LAB0031295,,,,,,,,,,
LAB0031296,,,,,,,,,,
LAB0031297,,,,,,,,,,
LAB0031298,,,,,,,,,,
LAB0031299,,,,,,,,,,
LAB0031300,,,,,,,,,,
LAB0031301,,,,,,,,,,
LAB0031302,,,,,,,,,,
LAB0031303,,,,,,,,,,
LAB0031304,,,,,,,,,,
LAB0031305,,,,,,,,,,
LAB0031306,,,,,,,,,,
LAB0031307,,,,,,,,,,
LAB0031308,,,,,,,,,,
LAB0031309,,,,,,,,,,
LAB0031310,,,,,,,,,,
LAB0031311,,,,,,,,,,
LAB0031312,,,,,,,,,,
LAB0031313,,,,,,,,,,
LAB0031314,,,,,,,,,,
LAB0031315,,,,,,,,,,
LAB0031316,,,,,,,,,,
LAB0031317,,,,,,,,,,
LAB0031318,,,,,,,,,,
LAB0031319,,,,,,,,,,
LAB0031320,,,,,,,,,,
LAB0031321,,,,,,,,,,
LAB0031322,,,,,,,,,,
LAB0031323,,,,,,,,,,
LAB0031324,,,,,,,,,,
LAB0031325,,,,,,,,,,
LAB0031326,,,,,,,,,,
LAB0031327,,,,,,,,,,
LAB0031328,,,,,,,,,,
LAB0031329,,,,,,,,,,
LAB0031330,,,,,,,,,,
LAB0031331,,,,,,,,,,
LAB0031332,,,,,,,,,,
LAB0031333,,,,,,,,,,
LAB0031334,,,,,,,,,,
LAB0031335,,,,,,,,,,
LAB0031336,,,,,,,,,,
LAB0031337,,,,,,,,,,
LAB0031338,,,,,,,,,,
LAB0031339,,,,,,,,,,
LAB0031340,,,,,,,,,,
LAB0031341,,,,,,,,,,
LAB0031342,,,,,,,,,,
LAB0031343,,,,,,,,,,
LAB0031344,,,,,,,,,,
LAB0031345,,,,,,,,,,
LAB0031346,,,,,,,,,,
LAB0031347,,,,,,,,,,
LAB0031348,,,,,,,,,,
LAB0031349,,,,,,,,,,
LAB0031350,,,,,,,,,,
LAB0031351,,,,,,,,,,
LAB0031352,,,,,,,,,,
LAB0031353,,,,,,,,,,
LAB0031354,,,,,,,,,,
LAB0031355,,,,,,,,,,
LAB0031356,,,,,,,,,,
LAB0031357,,,,,,,,,,
LAB0031358,,,,,,,,,,
LAB0031359,,,,,,,,,,
LAB0031360,,,,,,,,,,
LAB0031361,,,,,,,,,,
LAB0031362,,,,,,,,,,
LAB0031363,,,,,,,,,,
LAB0031364,,,,,,,,,,
LAB0031365,,,,,,,,,,
LAB0031366,,,,,,,,,,
LAB0031367,,,,,,,,,,
LAB0031368,,,,,,,,,,
LAB0031369,,,,,,,,,,
LAB0031370,,,,,,,,,,
LAB0031371,,,,,,,,,,
LAB0031372,,,,,,,,,,
LAB0031373,,,,,,,,,,
LAB0031374,,,,,,,,,,
LAB0031375,,,,,,,,,,
LAB0031376,,,,,,,,,,
LAB0031377,,,,,,,,,,
LAB0031378,,,,,,,,,,
LAB0031379,,,,,,,,,,
LAB0031380,,,,,,,,,,
LAB0031381,,,,,,,,,,
LAB0031382,,,,,,,,,,
LAB0031383,,,,,,,,,,
LAB0031384,,,,,,,,,,
LAB0031385,,,,,,,,,,
LAB0031386,,,,,,,,,,
LAB0031387,,,,,,,,,,
LAB0031388,,,,,,,,,,
LAB0031389,,,,,,,,,,
LAB0031390,,,,,,,,,,
LAB0031391,,,,,,,,,,
LAB0031392,,,,,,,,,,
LAB0031393,,,,,,,,,,
LAB0031394,,,,,,,,,,
LAB0031395,,,,,,,,,,
LAB0031396,,,,,,,,,,
LAB0031397,,,,,,,,,,
LAB0031398,,,,,,,,,,
LAB0031399,,,,,,,,,,
LAB0031400,,,,,,,,,,
LAB0031401,,,,,,,,,,
LAB0031402,,,,,,,,,,
LAB0031403,,,,,,,,,,
LAB0031404,,,,,,,,,,
LAB0031405,,,,,,,,,,
LAB0031406,,,,,,,,,,
LAB0031407,,,,,,,,,,
LAB0031408,,,,,,,,,,
LAB0031409,,,,,,,,,,
LAB0031410,,,,,,,,,,
LAB0031411,,,,,,,,,,
LAB0031412,,,,,,,,,,
LAB0031413,,,,,,,,,,
LAB0031414,,,,,,,,,,
LAB0031415,,,,,,,,,,
LAB0031416,,,,,,,,,,
LAB0031417,,,,,,,,,,
LAB0031418,,,,,,,,,,
LAB0031419,,,,,,,,,,
LAB0031420,,,,,,,,,,
LAB0031421,,,,,,,,,,
LAB0031422,,,,,,,,,,
LAB0031423,,,,,,,,,,
LAB0031424,,,,,,,,,,
LAB0031425,,,,,,,,,,
LAB0031426,,,,,,,,,,
LAB0031427,,,,,,,,,,
LAB0031428,,,,,,,,,,
LAB0031429,,,,,,,,,,
LAB0031430,,,,,,,,,,
LAB0031431,,,,,,,,,,
LAB0031432,,,,,,,,,,
LAB0031433,,,,,,,,,,
LAB0031434,,,,,,,,,,
LAB0031435,,,,,,,,,,
LAB0031436,,,,,,,,,,
LAB0031437,,,,,,,,,,
LAB0031438,,,,,,,,,,
LAB0031439,,,,,,,,,,
LAB0031440,,,,,,,,,,
LAB0031441,,,,,,,,,,
LAB0031442,,,,,,,,,,
LAB0031443,,,,,,,,,,
LAB0031444,,,,,,,,,,
LAB0031445,,,,,,,,,,
LAB0031446,,,,,,,,,,
LAB0031447,,,,,,,,,,
LAB0031448,,,,,,,,,,
LAB0031449,,,,,,,,,,
LAB0031450,,,,,,,,,,
LAB0031451,,,,,,,,,,
LAB0031452,,,,,,,,,,
LAB0031453,,,,,,,,,,
LAB0031454,,,,,,,,,,
LAB0031455,,,,,,,,,,
LAB0031456,,,,,,,,,,
LAB0031457,,,,,,,,,,
LAB0031458,,,,,,,,,,
LAB0031459,,,,,,,,,,
LAB0031460,,,,,,,,,,
LAB0031461,,,,,,,,,,
LAB0031462,,,,,,,,,,
LAB0031463,,,,,,,,,,
LAB0031464,,,,,,,,,,
LAB0031465,,,,,,,,,,
LAB0031466,,,,,,,,,,
LAB0031467,,,,,,,,,,
LAB0031468,,,,,,,,,,
LAB0031469,,,,,,,,,,
LAB0031470,,,,,,,,,,
LAB0031471,,,,,,,,,,
LAB0031472,,,,,,,,,,
LAB0031473,,,,,,,,,,
LAB0031474,,,,,,,,,,
LAB0031475,,,,,,,,,,
LAB0031476,,,,,,,,,,
LAB0031477,,,,,,,,,,
LAB0031478,,,,,,,,,,
LAB0031479,,,,,,,,,,
LAB0031480,,,,,,,,,,
LAB0031481,,,,,,,,,,
LAB0031482,,,,,,,,,,
LAB0031483,,,,,,,,,,
LAB0031484,,,,,,,,,,
LAB0031485,,,,,,,,,,
LAB0031486,,,,,,,,,,
LAB0031487,,,,,,,,,,
LAB0031488,,,,,,,,,,
LAB0031489,,,,,,,,,,
LAB0031490,,,,,,,,,,
LAB0031491,,,,,,,,,,
LAB0031492,,,,,,,,,,
LAB0031493,,,,,,,,,,
LAB0031494,,,,,,,,,,
LAB0031495,,,,,,,,,,
LAB0031496,,,,,,,,,,
LAB0031497,,,,,,,,,,
LAB0031498,,,,,,,,,,
LAB0031499,,,,,,,,,,
LAB0031500,,,,,,,,,,
LAB0031501,,,,,,,,,,
LAB0031502,,,,,,,,,,
LAB0031503,,,,,,,,,,
LAB0031504,,,,,,,,,,
LAB0031505,,,,,,,,,,
LAB0031506,,,,,,,,,,
LAB0031507,,,,,,,,,,
LAB0031508,,,,,,,,,,
LAB0031509,,,,,,,,,,
LAB0031510,,,,,,,,,,
LAB0031511,,,,,,,,,,
LAB0031512,,,,,,,,,,
LAB0031513,,,,,,,,,,
LAB0031514,,,,,,,,,,
LAB0031515,,,,,,,,,,
LAB0031516,,,,,,,,,,
LAB0031517,,,,,,,,,,
LAB0031518,,,,,,,,,,
LAB0031519,,,,,,,,,,
LAB0031520,,,,,,,,,,
LAB0031521,,,,,,,,,,
LAB0031522,,,,,,,,,,
LAB0031523,,,,,,,,,,
LAB0031524,,,,,,,,,,
LAB0031525,,,,,,,,,,
LAB0031526,,,,,,,,,,
LAB0031527,,,,,,,,,,
LAB0031528,,,,,,,,,,
LAB0031529,,,,,,,,,,
LAB0031530,,,,,,,,,,
LAB0031531,,,,,,,,,,
LAB0031532,,,,,,,,,,
LAB0031533,,,,,,,,,,
LAB0031534,,,,,,,,,,
LAB0031535,,,,,,,,,,
LAB0031536,,,,,,,,,,
LAB0031537,,,,,,,,,,
LAB0031538,,,,,,,,,,
LAB0031539,,,,,,,,,,
LAB0031540,,,,,,,,,,
LAB0031541,,,,,,,,,,
LAB0031542,,,,,,,,,,
LAB0031543,,,,,,,,,,
LAB0031544,,,,,,,,,,
LAB0031545,,,,,,,,,,
LAB0031546,,,,,,,,,,
LAB0031547,,,,,,,,,,
LAB0031548,,,,,,,,,,
LAB0031549,,,,,,,,,,
LAB0031550,,,,,,,,,,
LAB0031551,,,,,,,,,,
LAB0031552,,,,,,,,,,
LAB0031553,,,,,,,,,,
LAB0031554,,,,,,,,,,
LAB0031555,,,,,,,,,,
LAB0031556,,,,,,,,,,
LAB0031557,,,,,,,,,,
LAB0031558,,,,,,,,,,
LAB0031559,,,,,,,,,,
LAB0031560,,,,,,,,,,
LAB0031561,,,,,,,,,,
LAB0031562,,,,,,,,,,
LAB0031563,,,,,,,,,,
LAB0031564,,,,,,,,,,
LAB0031565,,,,,,,,,,
LAB0031566,,,,,,,,,,
LAB0031567,,,,,,,,,,
LAB0031568,,,,,,,,,,
LAB0031569,,,,,,,,,,
LAB0031570,,,,,,,,,,
LAB0031571,,,,,,,,,,
LAB0031572,,,,,,,,,,
LAB0031573,,,,,,,,,,
LAB0031574,,,,,,,,,,
LAB0031575,,,,,,,,,,
LAB0031576,,,,,,,,,,
LAB0031577,,,,,,,,,,
LAB0031578,,,,,,,,,,
LAB0031579,,,,,,,,,,
LAB0031580,,,,,,,,,,
LAB0031581,,,,,,,,,,
LAB0031582,,,,,,,,,,
LAB0031583,,,,,,,,,,
LAB0031584,,,,,,,,,,
LAB0031585,,,,,,,,,,
LAB0031586,,,,,,,,,,
LAB0031587,,,,,,,,,,
LAB0031588,,,,,,,,,,
LAB0031589,,,,,,,,,,
LAB0031590,,,,,,,,,,
LAB0031591,,,,,,,,,,
LAB0031592,,,,,,,,,,
LAB0031593,,,,,,,,,,
LAB0031594,,,,,,,,,,
LAB0031595,,,,,,,,,,
LAB0031596,,,,,,,,,,
LAB0031597,,,,,,,,,,
LAB0031598,,,,,,,,,,
LAB0031599,,,,,,,,,,
LAB0031600,,,,,,,,,,
LAB0031601,,,,,,,,,,
LAB0031602,,,,,,,,,,
LAB0031603,,,,,,,,,,
LAB0031604,,,,,,,,,,
LAB0031605,,,,,,,,,,
LAB0031606,,,,,,,,,,
LAB0031607,,,,,,,,,,
LAB0031608,,,,,,,,,,
LAB0031609,,,,,,,,,,
LAB0031610,,,,,,,,,,
LAB0031611,,,,,,,,,,
LAB0031612,,,,,,,,,,
LAB0031613,,,,,,,,,,
LAB0031614,,,,,,,,,,
LAB0031615,,,,,,,,,,
LAB0031616,,,,,,,,,,
LAB0031617,,,,,,,,,,
LAB0031618,,,,,,,,,,
LAB0031619,,,,,,,,,,
LAB0031620,,,,,,,,,,
LAB0031621,,,,,,,,,,
LAB0031622,,,,,,,,,,
LAB0031623,,,,,,,,,,
LAB0031624,,,,,,,,,,
LAB0031625,,,,,,,,,,
LAB0031626,,,,,,,,,,
LAB0031627,,,,,,,,,,
LAB0031628,,,,,,,,,,
LAB0031629,,,,,,,,,,
LAB0031630,,,,,,,,,,
LAB0031631,,,,,,,,,,
LAB0031632,,,,,,,,,,
LAB0031633,,,,,,,,,,
LAB0031634,,,,,,,,,,
LAB0031635,,,,,,,,,,
LAB0031636,,,,,,,,,,
LAB0031637,,,,,,,,,,
LAB0031638,,,,,,,,,,
LAB0031639,,,,,,,,,,
LAB0031640,,,,,,,,,,
LAB0031641,,,,,,,,,,
LAB0031642,,,,,,,,,,
LAB0031643,,,,,,,,,,
LAB0031644,,,,,,,,,,
LAB0031645,,,,,,,,,,
LAB0031646,,,,,,,,,,
LAB0031647,,,,,,,,,,
LAB0031648,,,,,,,,,,
LAB0031649,,,,,,,,,,
LAB0031650,,,,,,,,,,
LAB0031651,,,,,,,,,,
LAB0031652,,,,,,,,,,
LAB0031653,,,,,,,,,,
LAB0031654,,,,,,,,,,
LAB0031655,,,,,,,,,,
LAB0031656,,,,,,,,,,
LAB0031657,,,,,,,,,,
LAB0031658,,,,,,,,,,
LAB0031659,,,,,,,,,,
LAB0031660,,,,,,,,,,
LAB0031661,,,,,,,,,,
LAB0031662,,,,,,,,,,
LAB0031663,,,,,,,,,,
LAB0031664,,,,,,,,,,
LAB0031665,,,,,,,,,,
LAB0031666,,,,,,,,,,
LAB0031667,,,,,,,,,,
LAB0031668,,,,,,,,,,
LAB0031669,,,,,,,,,,
LAB0031670,,,,,,,,,,
LAB0031671,,,,,,,,,,
LAB0031672,,,,,,,,,,
LAB0031673,,,,,,,,,,
LAB0031674,,,,,,,,,,
LAB0031675,,,,,,,,,,
LAB0031676,,,,,,,,,,
LAB0031677,,,,,,,,,,
LAB0031678,,,,,,,,,,
LAB0031679,,,,,,,,,,
LAB0031680,,,,,,,,,,
LAB0031681,,,,,,,,,,
LAB0031682,,,,,,,,,,
LAB0031683,,,,,,,,,,
LAB0031684,,,,,,,,,,
LAB0031685,,,,,,,,,,
LAB0031686,,,,,,,,,,
LAB0031687,,,,,,,,,,
LAB0031688,,,,,,,,,,
LAB0031689,,,,,,,,,,
LAB0031690,,,,,,,,,,
LAB0031691,,,,,,,,,,
LAB0031692,,,,,,,,,,
LAB0031693,,,,,,,,,,
LAB0031694,,,,,,,,,,
LAB0031695,,,,,,,,,,
LAB0031696,,,,,,,,,,
LAB0031697,,,,,,,,,,
LAB0031698,,,,,,,,,,
LAB0031699,,,,,,,,,,
LAB0031700,,,,,,,,,,
LAB0031701,,,,,,,,,,
LAB0031702,,,,,,,,,,
LAB0031703,,,,,,,,,,
LAB0031704,,,,,,,,,,
LAB0031705,,,,,,,,,,
LAB0031706,,,,,,,,,,
LAB0031707,,,,,,,,,,
LAB0031708,,,,,,,,,,
LAB0031709,,,,,,,,,,
LAB0031710,,,,,,,,,,
LAB0031711,,,,,,,,,,
LAB0031712,,,,,,,,,,
LAB0031713,,,,,,,,,,
LAB0031714,,,,,,,,,,
LAB0031715,,,,,,,,,,
LAB0031716,,,,,,,,,,
LAB0031717,,,,,,,,,,
LAB0031718,,,,,,,,,,
LAB0031719,,,,,,,,,,
LAB0031720,,,,,,,,,,
LAB0031721,,,,,,,,,,
LAB0031722,,,,,,,,,,
LAB0031723,,,,,,,,,,
LAB0031724,,,,,,,,,,
LAB0031725,,,,,,,,,,
LAB0031726,,,,,,,,,,
LAB0031727,,,,,,,,,,
LAB0031728,,,,,,,,,,
LAB0031729,,,,,,,,,,
LAB0031730,,,,,,,,,,
LAB0031731,,,,,,,,,,
LAB0031732,,,,,,,,,,
LAB0031733,,,,,,,,,,
LAB0031734,,,,,,,,,,
LAB0031735,,,,,,,,,,
LAB0031736,,,,,,,,,,
LAB0031737,,,,,,,,,,
LAB0031738,,,,,,,,,,
LAB0031739,,,,,,,,,,
LAB0031740,,,,,,,,,,
LAB0031741,,,,,,,,,,
LAB0031742,,,,,,,,,,
LAB0031743,,,,,,,,,,
LAB0031744,,,,,,,,,,
LAB0031745,,,,,,,,,,
LAB0031746,,,,,,,,,,
LAB0031747,,,,,,,,,,
LAB0031748,,,,,,,,,,
LAB0031749,,,,,,,,,,
LAB0031750,,,,,,,,,,
LAB0031751,,,,,,,,,,
LAB0031752,,,,,,,,,,
LAB0031753,,,,,,,,,,
LAB0031754,,,,,,,,,,
LAB0031755,,,,,,,,,,
LAB0031756,,,,,,,,,,
LAB0031757,,,,,,,,,,
LAB0031758,,,,,,,,,,
LAB0031759,,,,,,,,,,
LAB0031760,,,,,,,,,,
LAB0031761,,,,,,,,,,
LAB0031762,,,,,,,,,,
LAB0031763,,,,,,,,,,
LAB0031764,,,,,,,,,,
LAB0031765,,,,,,,,,,
LAB0031766,,,,,,,,,,
LAB0031767,,,,,,,,,,
LAB0031768,,,,,,,,,,
LAB0031769,,,,,,,,,,
LAB0031770,,,,,,,,,,
LAB0031771,,,,,,,,,,
LAB0031772,,,,,,,,,,
LAB0031773,,,,,,,,,,
LAB0031774,,,,,,,,,,
LAB0031775,,,,,,,,,,
LAB0031776,,,,,,,,,,
LAB0031777,,,,,,,,,,
LAB0031778,,,,,,,,,,
LAB0031779,,,,,,,,,,
LAB0031780,,,,,,,,,,
LAB0031781,,,,,,,,,,
LAB0031782,,,,,,,,,,
LAB0031783,,,,,,,,,,
LAB0031784,,,,,,,,,,
LAB0031785,,,,,,,,,,
LAB0031786,,,,,,,,,,
LAB0031787,,,,,,,,,,
LAB0031788,,,,,,,,,,
LAB0031789,,,,,,,,,,
LAB0031790,,,,,,,,,,
LAB0031791,,,,,,,,,,
LAB0031792,,,,,,,,,,
LAB0031793,,,,,,,,,,
LAB0031794,,,,,,,,,,
LAB0031795,,,,,,,,,,
LAB0031796,,,,,,,,,,
LAB0031797,,,,,,,,,,
LAB0031798,,,,,,,,,,
LAB0031799,,,,,,,,,,
LAB0031800,,,,,,,,,,
LAB0031801,,,,,,,,,,
LAB0031802,,,,,,,,,,
LAB0031803,,,,,,,,,,
LAB0031804,,,,,,,,,,
LAB0031805,,,,,,,,,,
LAB0031806,,,,,,,,,,
LAB0031807,,,,,,,,,,
LAB0031808,,,,,,,,,,
LAB0031809,,,,,,,,,,
LAB0031810,,,,,,,,,,
LAB0031811,,,,,,,,,,
LAB0031812,,,,,,,,,,
LAB0031813,,,,,,,,,,
LAB0031814,,,,,,,,,,
LAB0031815,,,,,,,,,,
LAB0031816,,,,,,,,,,
LAB0031817,,,,,,,,,,
LAB0031818,,,,,,,,,,
LAB0031819,,,,,,,,,,
LAB0031820,,,,,,,,,,
LAB0031821,,,,,,,,,,
LAB0031822,,,,,,,,,,
LAB0031823,,,,,,,,,,
LAB0031824,,,,,,,,,,
LAB0031825,,,,,,,,,,
LAB0031826,,,,,,,,,,
LAB0031827,,,,,,,,,,
LAB0031828,,,,,,,,,,
LAB0031829,,,,,,,,,,
LAB0031830,,,,,,,,,,
LAB0031831,,,,,,,,,,
LAB0031832,,,,,,,,,,
LAB0031833,,,,,,,,,,
LAB0031834,,,,,,,,,,
LAB0031835,,,,,,,,,,
LAB0031836,,,,,,,,,,
LAB0031837,,,,,,,,,,
LAB0031838,,,,,,,,,,
LAB0031839,,,,,,,,,,
LAB0031840,,,,,,,,,,
LAB0031841,,,,,,,,,,
LAB0031842,,,,,,,,,,
LAB0031843,,,,,,,,,,
LAB0031844,,,,,,,,,,
LAB0031845,,,,,,,,,,
LAB0031846,,,,,,,,,,
LAB0031847,,,,,,,,,,
LAB0031848,,,,,,,,,,
LAB0031849,,,,,,,,,,
LAB0031850,,,,,,,,,,
LAB0031851,,,,,,,,,,
LAB0031852,,,,,,,,,,
LAB0031853,,,,,,,,,,
LAB0031854,,,,,,,,,,
LAB0031855,,,,,,,,,,
LAB0031856,,,,,,,,,,
LAB0031857,,,,,,,,,,
LAB0031858,,,,,,,,,,
LAB0031859,,,,,,,,,,
LAB0031860,,,,,,,,,,
LAB0031861,,,,,,,,,,
LAB0031862,,,,,,,,,,
LAB0031863,,,,,,,,,,
LAB0031864,,,,,,,,,,
LAB0031865,,,,,,,,,,
LAB0031866,,,,,,,,,,
LAB0031867,,,,,,,,,,
LAB0031868,,,,,,,,,,
LAB0031869,,,,,,,,,,
LAB0031870,,,,,,,,,,
LAB0031871,,,,,,,,,,
LAB0031872,,,,,,,,,,
LAB0031873,,,,,,,,,,
LAB0031874,,,,,,,,,,
LAB0031875,,,,,,,,,,
LAB0031876,,,,,,,,,,
LAB0031877,,,,,,,,,,
LAB0031878,,,,,,,,,,
LAB0031879,,,,,,,,,,
LAB0031880,,,,,,,,,,
LAB0031881,,,,,,,,,,
LAB0031882,,,,,,,,,,
LAB0031883,,,,,,,,,,
LAB0031884,,,,,,,,,,
LAB0031885,,,,,,,,,,
LAB0031886,,,,,,,,,,
LAB0031887,,,,,,,,,,
LAB0031888,,,,,,,,,,
LAB0031889,,,,,,,,,,
LAB0031890,,,,,,,,,,
LAB0031891,,,,,,,,,,
LAB0031892,,,,,,,,,,
LAB0031893,,,,,,,,,,
LAB0031894,,,,,,,,,,
LAB0031895,,,,,,,,,,
LAB0031896,,,,,,,,,,
LAB0031897,,,,,,,,,,
LAB0031898,,,,,,,,,,
LAB0031899,,,,,,,,,,
LAB0031900,,,,,,,,,,
LAB0031901,,,,,,,,,,
LAB0031902,,,,,,,,,,
LAB0031903,,,,,,,,,,
LAB0031904,,,,,,,,,,
LAB0031905,,,,,,,,,,
LAB0031906,,,,,,,,,,
LAB0031907,,,,,,,,,,
LAB0031908,,,,,,,,,,
LAB0031909,,,,,,,,,,
LAB0031910,,,,,,,,,,
LAB0031911,,,,,,,,,,
LAB0031912,,,,,,,,,,
LAB0031913,,,,,,,,,,
LAB0031914,,,,,,,,,,
LAB0031915,,,,,,,,,,
LAB0031916,,,,,,,,,,
LAB0031917,,,,,,,,,,
LAB0031918,,,,,,,,,,
LAB0031919,,,,,,,,,,
LAB0031920,,,,,,,,,,
LAB0031921,,,,,,,,,,
LAB0031922,,,,,,,,,,
LAB0031923,,,,,,,,,,
LAB0031924,,,,,,,,,,
LAB0031925,,,,,,,,,,
LAB0031926,,,,,,,,,,
LAB0031927,,,,,,,,,,
LAB0031928,,,,,,,,,,
LAB0031929,,,,,,,,,,
LAB0031930,,,,,,,,,,
LAB0031931,,,,,,,,,,
LAB0031932,,,,,,,,,,
LAB0031933,,,,,,,,,,
LAB0031934,,,,,,,,,,
LAB0031935,,,,,,,,,,
LAB0031936,,,,,,,,,,
LAB0031937,,,,,,,,,,
LAB0031938,,,,,,,,,,
LAB0031939,,,,,,,,,,
LAB0031940,,,,,,,,,,
LAB0031941,,,,,,,,,,
LAB0031942,,,,,,,,,,
LAB0031943,,,,,,,,,,
LAB0031944,,,,,,,,,,
LAB0031945,,,,,,,,,,
LAB0031946,,,,,,,,,,
LAB0031947,,,,,,,,,,
LAB0031948,,,,,,,,,,
LAB0031949,,,,,,,,,,
LAB0031950,,,,,,,,,,
LAB0031951,,,,,,,,,,
LAB0031952,,,,,,,,,,
LAB0031953,,,,,,,,,,
LAB0031954,,,,,,,,,,
LAB0031955,,,,,,,,,,
LAB0031956,,,,,,,,,,
LAB0031957,,,,,,,,,,
LAB0031958,,,,,,,,,,
LAB0031959,,,,,,,,,,
LAB0031960,,,,,,,,,,
LAB0031961,,,,,,,,,,
LAB0031962,,,,,,,,,,
LAB0031963,,,,,,,,,,
LAB0031964,,,,,,,,,,
LAB0031965,,,,,,,,,,
LAB0031966,,,,,,,,,,
LAB0031967,,,,,,,,,,
LAB0031968,,,,,,,,,,
LAB0031969,,,,,,,,,,
LAB0031970,,,,,,,,,,
LAB0031971,,,,,,,,,,
LAB0031972,,,,,,,,,,
LAB0031973,,,,,,,,,,
LAB0031974,,,,,,,,,,
LAB0031975,,,,,,,,,,
LAB0031976,,,,,,,,,,
LAB0031977,,,,,,,,,,
LAB0031978,,,,,,,,,,
LAB0031979,,,,,,,,,,
LAB0031980,,,,,,,,,,
LAB0031981,,,,,,,,,,
LAB0031982,,,,,,,,,,
LAB0031983,,,,,,,,,,
LAB0031984,,,,,,,,,,
LAB0031985,,,,,,,,,,
LAB0031986,,,,,,,,,,
LAB0031987,,,,,,,,,,
LAB0031988,,,,,,,,,,
LAB0031989,,,,,,,,,,
LAB0031990,,,,,,,,,,
LAB0031991,,,,,,,,,,
LAB0031992,,,,,,,,,,
LAB0031993,,,,,,,,,,
LAB0031994,,,,,,,,,,
LAB0031995,,,,,,,,,,
LAB0031996,,,,,,,,,,
LAB0031997,,,,,,,,,,
LAB0031998,,,,,,,,,,
LAB0031999,,,,,,,,,,
LAB0032000,,,,,,,,,,
LAB0032001,,,,,,,,,,
LAB0032002,,,,,,,,,,
LAB0032003,,,,,,,,,,
LAB0032004,,,,,,,,,,
LAB0032005,,,,,,,,,,
LAB0032006,,,,,,,,,,
LAB0032007,,,,,,,,,,
LAB0032008,,,,,,,,,,
LAB0032009,,,,,,,,,,
LAB0032010,,,,,,,,,,
LAB0032011,,,,,,,,,,
LAB0032012,,,,,,,,,,
LAB0032013,,,,,,,,,,
LAB0032014,,,,,,,,,,
LAB0032015,,,,,,,,,,
LAB0032016,,,,,,,,,,
LAB0032017,,,,,,,,,,
LAB0032018,,,,,,,,,,
LAB0032019,,,,,,,,,,
LAB0032020,,,,,,,,,,
LAB0032021,,,,,,,,,,
LAB0032022,,,,,,,,,,
LAB0032023,,,,,,,,,,
LAB0032024,,,,,,,,,,
LAB0032025,,,,,,,,,,
LAB0032026,,,,,,,,,,
LAB0032027,,,,,,,,,,
LAB0032028,,,,,,,,,,
LAB0032029,,,,,,,,,,
LAB0032030,,,,,,,,,,
LAB0032031,,,,,,,,,,
LAB0032032,,,,,,,,,,
LAB0032033,,,,,,,,,,
LAB0032034,,,,,,,,,,
LAB0032035,,,,,,,,,,
LAB0032036,,,,,,,,,,
LAB0032037,,,,,,,,,,
LAB0032038,,,,,,,,,,
LAB0032039,,,,,,,,,,
LAB0032040,,,,,,,,,,
LAB0032041,,,,,,,,,,
LAB0032042,,,,,,,,,,
LAB0032043,,,,,,,,,,
LAB0032044,,,,,,,,,,
LAB0032045,,,,,,,,,,
LAB0032046,,,,,,,,,,
LAB0032047,,,,,,,,,,
LAB0032048,,,,,,,,,,
LAB0032049,,,,,,,,,,
LAB0032050,,,,,,,,,,
LAB0032051,,,,,,,,,,
LAB0032052,,,,,,,,,,
LAB0032053,,,,,,,,,,
LAB0032054,,,,,,,,,,
LAB0032055,,,,,,,,,,
LAB0032056,,,,,,,,,,
LAB0032057,,,,,,,,,,
LAB0032058,,,,,,,,,,
LAB0032059,,,,,,,,,,
LAB0032060,,,,,,,,,,
LAB0032061,,,,,,,,,,
LAB0032062,,,,,,,,,,
LAB0032063,,,,,,,,,,
LAB0032064,,,,,,,,,,
LAB0032065,,,,,,,,,,
LAB0032066,,,,,,,,,,
LAB0032067,,,,,,,,,,
LAB0032068,,,,,,,,,,
LAB0032069,,,,,,,,,,
LAB0032070,,,,,,,,,,
LAB0032071,,,,,,,,,,
LAB0032072,,,,,,,,,,
LAB0032073,,,,,,,,,,
LAB0032074,,,,,,,,,,
LAB0032075,,,,,,,,,,
LAB0032076,,,,,,,,,,
LAB0032077,,,,,,,,,,
LAB0032078,,,,,,,,,,
LAB0032079,,,,,,,,,,
LAB0032080,,,,,,,,,,
LAB0032081,,,,,,,,,,
LAB0032082,,,,,,,,,,
LAB0032083,,,,,,,,,,
LAB0032084,,,,,,,,,,
LAB0032085,,,,,,,,,,
LAB0032086,,,,,,,,,,
LAB0032087,,,,,,,,,,
LAB0032088,,,,,,,,,,
LAB0032089,,,,,,,,,,
LAB0032090,,,,,,,,,,
LAB0032091,,,,,,,,,,
LAB0032092,,,,,,,,,,
LAB0032093,,,,,,,,,,
LAB0032094,,,,,,,,,,
LAB0032095,,,,,,,,,,
LAB0032096,,,,,,,,,,
LAB0032097,,,,,,,,,,
LAB0032098,,,,,,,,,,
LAB0032099,,,,,,,,,,
LAB0032100,,,,,,,,,,
LAB0032101,,,,,,,,,,
LAB0032102,,,,,,,,,,
LAB0032103,,,,,,,,,,
LAB0032104,,,,,,,,,,
LAB0032105,,,,,,,,,,
LAB0032106,,,,,,,,,,
LAB0032107,,,,,,,,,,
LAB0032108,,,,,,,,,,
LAB0032109,,,,,,,,,,
LAB0032110,,,,,,,,,,
LAB0032111,,,,,,,,,,
LAB0032112,,,,,,,,,,
LAB0032113,,,,,,,,,,
LAB0032114,,,,,,,,,,
LAB0032115,,,,,,,,,,
LAB0032116,,,,,,,,,,
LAB0032117,,,,,,,,,,
LAB0032118,,,,,,,,,,
LAB0032119,,,,,,,,,,
LAB0032120,,,,,,,,,,
LAB0032121,,,,,,,,,,
LAB0032122,,,,,,,,,,
LAB0032123,,,,,,,,,,
LAB0032124,,,,,,,,,,
LAB0032125,,,,,,,,,,
LAB0032126,,,,,,,,,,
LAB0032127,,,,,,,,,,
LAB0032128,,,,,,,,,,
LAB0032129,,,,,,,,,,
LAB0032130,,,,,,,,,,
LAB0032131,,,,,,,,,,
LAB0032132,,,,,,,,,,
LAB0032133,,,,,,,,,,
LAB0032134,,,,,,,,,,
LAB0032135,,,,,,,,,,
LAB0032136,,,,,,,,,,
LAB0032137,,,,,,,,,,
LAB0032138,,,,,,,,,,
LAB0032139,,,,,,,,,,
LAB0032140,,,,,,,,,,
LAB0032141,,,,,,,,,,
LAB0032142,,,,,,,,,,
LAB0032143,,,,,,,,,,
LAB0032144,,,,,,,,,,
LAB0032145,,,,,,,,,,
LAB0032146,,,,,,,,,,
LAB0032147,,,,,,,,,,
LAB0032148,,,,,,,,,,
LAB0032149,,,,,,,,,,
LAB0032150,,,,,,,,,,
LAB0032151,,,,,,,,,,
LAB0032152,,,,,,,,,,
LAB0032153,,,,,,,,,,
LAB0032154,,,,,,,,,,
LAB0032155,,,,,,,,,,
LAB0032156,,,,,,,,,,
LAB0032157,,,,,,,,,,
LAB0032158,,,,,,,,,,
LAB0032159,,,,,,,,,,
LAB0032160,,,,,,,,,,
LAB0032161,,,,,,,,,,
LAB0032162,,,,,,,,,,
LAB0032163,,,,,,,,,,
LAB0032164,,,,,,,,,,
LAB0032165,,,,,,,,,,
LAB0032166,,,,,,,,,,
LAB0032167,,,,,,,,,,
LAB0032168,,,,,,,,,,
LAB0032169,,,,,,,,,,
LAB0032170,,,,,,,,,,
LAB0032171,,,,,,,,,,
LAB0032172,,,,,,,,,,
LAB0032173,,,,,,,,,,
LAB0032174,,,,,,,,,,
LAB0032175,,,,,,,,,,
LAB0032176,,,,,,,,,,
LAB0032177,,,,,,,,,,
LAB0032178,,,,,,,,,,
LAB0032179,,,,,,,,,,
LAB0032180,,,,,,,,,,
LAB0032181,,,,,,,,,,
LAB0032182,,,,,,,,,,
LAB0032183,,,,,,,,,,
LAB0032184,,,,,,,,,,
LAB0032185,,,,,,,,,,
LAB0032186,,,,,,,,,,
LAB0032187,,,,,,,,,,
LAB0032188,,,,,,,,,,
LAB0032189,,,,,,,,,,
LAB0032190,,,,,,,,,,
LAB0032191,,,,,,,,,,
LAB0032192,,,,,,,,,,
LAB0032193,,,,,,,,,,
LAB0032194,,,,,,,,,,
LAB0032195,,,,,,,,,,
LAB0032196,,,,,,,,,,
LAB0032197,,,,,,,,,,
LAB0032198,,,,,,,,,,
LAB0032199,,,,,,,,,,
LAB0032200,,,,,,,,,,
LAB0032201,,,,,,,,,,
LAB0032202,,,,,,,,,,
LAB0032203,,,,,,,,,,
LAB0032204,,,,,,,,,,
LAB0032205,,,,,,,,,,
LAB0032206,,,,,,,,,,
LAB0032207,,,,,,,,,,
LAB0032208,,,,,,,,,,
LAB0032209,,,,,,,,,,
LAB0032210,,,,,,,,,,
LAB0032211,,,,,,,,,,
LAB0032212,,,,,,,,,,
LAB0032213,,,,,,,,,,
LAB0032214,,,,,,,,,,
LAB0032215,,,,,,,,,,
LAB0032216,,,,,,,,,,
LAB0032217,,,,,,,,,,
LAB0032218,,,,,,,,,,
LAB0032219,,,,,,,,,,
LAB0032220,,,,,,,,,,
LAB0032221,,,,,,,,,,
LAB0032222,,,,,,,,,,
LAB0032223,,,,,,,,,,
LAB0032224,,,,,,,,,,
LAB0032225,,,,,,,,,,
LAB0032226,,,,,,,,,,
LAB0032227,,,,,,,,,,
LAB0032228,,,,,,,,,,
LAB0032229,,,,,,,,,,
LAB0032230,,,,,,,,,,
LAB0032231,,,,,,,,,,
LAB0032232,,,,,,,,,,
LAB0032233,,,,,,,,,,
LAB0032234,,,,,,,,,,
LAB0032235,,,,,,,,,,
LAB0032236,,,,,,,,,,
LAB0032237,,,,,,,,,,
LAB0032238,,,,,,,,,,
LAB0032239,,,,,,,,,,
LAB0032240,,,,,,,,,,
LAB0032241,,,,,,,,,,
LAB0032242,,,,,,,,,,
LAB0032243,,,,,,,,,,
LAB0032244,,,,,,,,,,
LAB0032245,,,,,,,,,,
LAB0032246,,,,,,,,,,
LAB0032247,,,,,,,,,,
LAB0032248,,,,,,,,,,
LAB0032249,,,,,,,,,,
LAB0032250,,,,,,,,,,
LAB0032251,,,,,,,,,,
LAB0032252,,,,,,,,,,
LAB0032253,,,,,,,,,,
LAB0032254,,,,,,,,,,
LAB0032255,,,,,,,,,,
LAB0032256,,,,,,,,,,
LAB0032257,,,,,,,,,,
LAB0032258,,,,,,,,,,
LAB0032259,,,,,,,,,,
LAB0032260,,,,,,,,,,
LAB0032261,,,,,,,,,,
LAB0032262,,,,,,,,,,
LAB0032263,,,,,,,,,,
LAB0032264,,,,,,,,,,
LAB0032265,,,,,,,,,,
LAB0032266,,,,,,,,,,
LAB0032267,,,,,,,,,,
LAB0032268,,,,,,,,,,
LAB0032269,,,,,,,,,,
LAB0032270,,,,,,,,,,
LAB0032271,,,,,,,,,,
LAB0032272,,,,,,,,,,
LAB0032273,,,,,,,,,,
LAB0032274,,,,,,,,,,
LAB0032275,,,,,,,,,,
LAB0032276,,,,,,,,,,
LAB0032277,,,,,,,,,,
LAB0032278,,,,,,,,,,
LAB0032279,,,,,,,,,,
LAB0032280,,,,,,,,,,
LAB0032281,,,,,,,,,,
LAB0032282,,,,,,,,,,
LAB0032283,,,,,,,,,,
LAB0032284,,,,,,,,,,
LAB0032285,,,,,,,,,,
LAB0032286,,,,,,,,,,
LAB0032287,,,,,,,,,,
LAB0032288,,,,,,,,,,
LAB0032289,,,,,,,,,,
LAB0032290,,,,,,,,,,
LAB0032291,,,,,,,,,,
LAB0032292,,,,,,,,,,
LAB0032293,,,,,,,,,,
LAB0032294,,,,,,,,,,
LAB0032295,,,,,,,,,,
LAB0032296,,,,,,,,,,
LAB0032297,,,,,,,,,,
LAB0032298,,,,,,,,,,
LAB0032299,,,,,,,,,,
LAB0032300,,,,,,,,,,
LAB0032301,,,,,,,,,,
LAB0032302,,,,,,,,,,
LAB0032303,,,,,,,,,,
LAB0032304,,,,,,,,,,
LAB0032305,,,,,,,,,,
LAB0032306,,,,,,,,,,
LAB0032307,,,,,,,,,,
LAB0032308,,,,,,,,,,
LAB0032309,,,,,,,,,,
LAB0032310,,,,,,,,,,
LAB0032311,,,,,,,,,,
LAB0032312,,,,,,,,,,
LAB0032313,,,,,,,,,,
LAB0032314,,,,,,,,,,
LAB0032315,,,,,,,,,,
LAB0032316,,,,,,,,,,
LAB0032317,,,,,,,,,,
LAB0032318,,,,,,,,,,
LAB0032319,,,,,,,,,,
LAB0032320,,,,,,,,,,
LAB0032321,,,,,,,,,,
LAB0032322,,,,,,,,,,
LAB0032323,,,,,,,,,,
LAB0032324,,,,,,,,,,
LAB0032325,,,,,,,,,,
LAB0032326,,,,,,,,,,
LAB0032327,,,,,,,,,,
LAB0032328,,,,,,,,,,
LAB0032329,,,,,,,,,,
LAB0032330,,,,,,,,,,
LAB0032331,,,,,,,,,,
LAB0032332,,,,,,,,,,
LAB0032333,,,,,,,,,,
LAB0032334,,,,,,,,,,
LAB0032335,,,,,,,,,,
LAB0032336,,,,,,,,,,
LAB0032337,,,,,,,,,,
LAB0032338,,,,,,,,,,
LAB0032339,,,,,,,,,,
LAB0032340,,,,,,,,,,
LAB0032341,,,,,,,,,,
LAB0032342,,,,,,,,,,
LAB0032343,,,,,,,,,,
LAB0032344,,,,,,,,,,
LAB0032345,,,,,,,,,,
LAB0032346,,,,,,,,,,
LAB0032347,,,,,,,,,,
LAB0032348,,,,,,,,,,
LAB0032349,,,,,,,,,,
LAB0032350,,,,,,,,,,
LAB0032351,,,,,,,,,,
LAB0032352,,,,,,,,,,
LAB0032353,,,,,,,,,,
LAB0032354,,,,,,,,,,
LAB0032355,,,,,,,,,,
LAB0032356,,,,,,,,,,
LAB0032357,,,,,,,,,,
LAB0032358,,,,,,,,,,
LAB0032359,,,,,,,,,,
LAB0032360,,,,,,,,,,
LAB0032361,,,,,,,,,,
LAB0032362,,,,,,,,,,
LAB0032363,,,,,,,,,,
LAB0032364,,,,,,,,,,
LAB0032365,,,,,,,,,,
LAB0032366,,,,,,,,,,
LAB0032367,,,,,,,,,,
LAB0032368,,,,,,,,,,
LAB0032369,,,,,,,,,,
LAB0032370,,,,,,,,,,
LAB0032371,,,,,,,,,,
LAB0032372,,,,,,,,,,
LAB0032373,,,,,,,,,,
LAB0032374,,,,,,,,,,
LAB0032375,,,,,,,,,,
LAB0032376,,,,,,,,,,
LAB0032377,,,,,,,,,,
LAB0032378,,,,,,,,,,
LAB0032379,,,,,,,,,,
LAB0032380,,,,,,,,,,
LAB0032381,,,,,,,,,,
LAB0032382,,,,,,,,,,
LAB0032383,,,,,,,,,,
LAB0032384,,,,,,,,,,
LAB0032385,,,,,,,,,,
LAB0032386,,,,,,,,,,
LAB0032387,,,,,,,,,,
LAB0032388,,,,,,,,,,
LAB0032389,,,,,,,,,,
LAB0032390,,,,,,,,,,
LAB0032391,,,,,,,,,,
LAB0032392,,,,,,,,,,
LAB0032393,,,,,,,,,,
LAB0032394,,,,,,,,,,
LAB0032395,,,,,,,,,,
LAB0032396,,,,,,,,,,
LAB0032397,,,,,,,,,,
LAB0032398,,,,,,,,,,
LAB0032399,,,,,,,,,,
LAB0032400,,,,,,,,,,
LAB0032401,,,,,,,,,,
LAB0032402,,,,,,,,,,
LAB0032403,,,,,,,,,,
LAB0032404,,,,,,,,,,
LAB0032405,,,,,,,,,,
LAB0032406,,,,,,,,,,
LAB0032407,,,,,,,,,,
LAB0032408,,,,,,,,,,
LAB0032409,,,,,,,,,,
LAB0032410,,,,,,,,,,
LAB0032411,,,,,,,,,,
LAB0032412,,,,,,,,,,
LAB0032413,,,,,,,,,,
LAB0032414,,,,,,,,,,
LAB0032415,,,,,,,,,,
LAB0032416,,,,,,,,,,
LAB0032417,,,,,,,,,,
LAB0032418,,,,,,,,,,
LAB0032419,,,,,,,,,,
LAB0032420,,,,,,,,,,
LAB0032421,,,,,,,,,,
LAB0032422,,,,,,,,,,
LAB0032423,,,,,,,,,,
LAB0032424,,,,,,,,,,
LAB0032425,,,,,,,,,,
LAB0032426,,,,,,,,,,
LAB0032427,,,,,,,,,,
LAB0032428,,,,,,,,,,
LAB0032429,,,,,,,,,,
LAB0032430,,,,,,,,,,
LAB0032431,,,,,,,,,,
LAB0032432,,,,,,,,,,
LAB0032433,,,,,,,,,,
LAB0032434,,,,,,,,,,
LAB0032435,,,,,,,,,,
LAB0032436,,,,,,,,,,
LAB0032437,,,,,,,,,,
LAB0032438,,,,,,,,,,
LAB0032439,,,,,,,,,,
LAB0032440,,,,,,,,,,
LAB0032441,,,,,,,,,,
LAB0032442,,,,,,,,,,
LAB0032443,,,,,,,,,,
LAB0032444,,,,,,,,,,
LAB0032445,,,,,,,,,,
LAB0032446,,,,,,,,,,
LAB0032447,,,,,,,,,,
LAB0032448,,,,,,,,,,
LAB0032449,,,,,,,,,,
LAB0032450,,,,,,,,,,
LAB0032451,,,,,,,,,,
LAB0032452,,,,,,,,,,
LAB0032453,,,,,,,,,,
LAB0032454,,,,,,,,,,
LAB0032455,,,,,,,,,,
LAB0032456,,,,,,,,,,
LAB0032457,,,,,,,,,,
LAB0032458,,,,,,,,,,
LAB0032459,,,,,,,,,,
LAB0032460,,,,,,,,,,
LAB0032461,,,,,,,,,,
LAB0032462,,,,,,,,,,
LAB0032463,,,,,,,,,,
LAB0032464,,,,,,,,,,
LAB0032465,,,,,,,,,,
LAB0032466,,,,,,,,,,
LAB0032467,,,,,,,,,,
LAB0032468,,,,,,,,,,
LAB0032469,,,,,,,,,,
LAB0032470,,,,,,,,,,
LAB0032471,,,,,,,,,,
LAB0032472,,,,,,,,,,
LAB0032473,,,,,,,,,,
LAB0032474,,,,,,,,,,
LAB0032475,,,,,,,,,,
LAB0032476,,,,,,,,,,
LAB0032477,,,,,,,,,,
LAB0032478,,,,,,,,,,
LAB0032479,,,,,,,,,,
LAB0032480,,,,,,,,,,
LAB0032481,,,,,,,,,,
LAB0032482,,,,,,,,,,
LAB0032483,,,,,,,,,,
LAB0032484,,,,,,,,,,
LAB0032485,,,,,,,,,,
LAB0032486,,,,,,,,,,
LAB0032487,,,,,,,,,,
LAB0032488,,,,,,,,,,
LAB0032489,,,,,,,,,,
LAB0032490,,,,,,,,,,
LAB0032491,,,,,,,,,,
LAB0032492,,,,,,,,,,
LAB0032493,,,,,,,,,,
LAB0032494,,,,,,,,,,
LAB0032495,,,,,,,,,,
LAB0032496,,,,,,,,,,
LAB0032497,,,,,,,,,,
LAB0032498,,,,,,,,,,
LAB0032499,,,,,,,,,,
LAB0032500,,,,,,,,,,
LAB0032501,,,,,,,,,,
LAB0032502,,,,,,,,,,
LAB0032503,,,,,,,,,,
LAB0032504,,,,,,,,,,
LAB0032505,,,,,,,,,,
LAB0032506,,,,,,,,,,
LAB0032507,,,,,,,,,,
LAB0032508,,,,,,,,,,
LAB0032509,,,,,,,,,,
LAB0032510,,,,,,,,,,
LAB0032511,,,,,,,,,,
LAB0032512,,,,,,,,,,
LAB0032513,,,,,,,,,,
LAB0032514,,,,,,,,,,
LAB0032515,,,,,,,,,,
LAB0032516,,,,,,,,,,
LAB0032517,,,,,,,,,,
LAB0032518,,,,,,,,,,
LAB0032519,,,,,,,,,,
LAB0032520,,,,,,,,,,
LAB0032521,,,,,,,,,,
LAB0032522,,,,,,,,,,
LAB0032523,,,,,,,,,,
LAB0032524,,,,,,,,,,
LAB0032525,,,,,,,,,,
LAB0032526,,,,,,,,,,
LAB0032527,,,,,,,,,,
LAB0032528,,,,,,,,,,
LAB0032529,,,,,,,,,,
LAB0032530,,,,,,,,,,
LAB0032531,,,,,,,,,,
LAB0032532,,,,,,,,,,
LAB0032533,,,,,,,,,,
LAB0032534,,,,,,,,,,
LAB0032535,,,,,,,,,,
LAB0032536,,,,,,,,,,
LAB0032537,,,,,,,,,,
LAB0032538,,,,,,,,,,
LAB0032539,,,,,,,,,,
LAB0032540,,,,,,,,,,
LAB0032541,,,,,,,,,,
LAB0032542,,,,,,,,,,
LAB0032543,,,,,,,,,,
LAB0032544,,,,,,,,,,
LAB0032545,,,,,,,,,,
LAB0032546,,,,,,,,,,
LAB0032547,,,,,,,,,,
LAB0032548,,,,,,,,,,
LAB0032549,,,,,,,,,,
LAB0032550,,,,,,,,,,
LAB0032551,,,,,,,,,,
LAB0032552,,,,,,,,,,
LAB0032553,,,,,,,,,,
LAB0032554,,,,,,,,,,
LAB0032555,,,,,,,,,,
LAB0032556,,,,,,,,,,
LAB0032557,,,,,,,,,,
LAB0032558,,,,,,,,,,
LAB0032559,,,,,,,,,,
LAB0032560,,,,,,,,,,
LAB0032561,,,,,,,,,,
LAB0032562,,,,,,,,,,
LAB0032563,,,,,,,,,,
LAB0032564,,,,,,,,,,
LAB0032565,,,,,,,,,,
LAB0032566,,,,,,,,,,
LAB0032567,,,,,,,,,,
LAB0032568,,,,,,,,,,
LAB0032569,,,,,,,,,,
LAB0032570,,,,,,,,,,
LAB0032571,,,,,,,,,,
LAB0032572,,,,,,,,,,
LAB0032573,,,,,,,,,,
LAB0032574,,,,,,,,,,
LAB0032575,,,,,,,,,,
LAB0032576,,,,,,,,,,
LAB0032577,,,,,,,,,,
LAB0032578,,,,,,,,,,
LAB0032579,,,,,,,,,,
LAB0032580,,,,,,,,,,
LAB0032581,,,,,,,,,,
LAB0032582,,,,,,,,,,
LAB0032583,,,,,,,,,,
LAB0032584,,,,,,,,,,
LAB0032585,,,,,,,,,,
LAB0032586,,,,,,,,,,
LAB0032587,,,,,,,,,,
LAB0032588,,,,,,,,,,
LAB0032589,,,,,,,,,,
LAB0032590,,,,,,,,,,
LAB0032591,,,,,,,,,,
LAB0032592,,,,,,,,,,
LAB0032593,,,,,,,,,,
LAB0032594,,,,,,,,,,
LAB0032595,,,,,,,,,,
LAB0032596,,,,,,,,,,
LAB0032597,,,,,,,,,,
LAB0032598,,,,,,,,,,
LAB0032599,,,,,,,,,,
LAB0032600,,,,,,,,,,
LAB0032601,,,,,,,,,,
LAB0032602,,,,,,,,,,
LAB0032603,,,,,,,,,,
LAB0032604,,,,,,,,,,
LAB0032605,,,,,,,,,,
LAB0032606,,,,,,,,,,
LAB0032607,,,,,,,,,,
LAB0032608,,,,,,,,,,
LAB0032609,,,,,,,,,,
LAB0032610,,,,,,,,,,
LAB0032611,,,,,,,,,,
LAB0032612,,,,,,,,,,
LAB0032613,,,,,,,,,,
LAB0032614,,,,,,,,,,
LAB0032615,,,,,,,,,,
LAB0032616,,,,,,,,,,
LAB0032617,,,,,,,,,,
LAB0032618,,,,,,,,,,
LAB0032619,,,,,,,,,,
LAB0032620,,,,,,,,,,
LAB0032621,,,,,,,,,,
LAB0032622,,,,,,,,,,
LAB0032623,,,,,,,,,,
LAB0032624,,,,,,,,,,
LAB0032625,,,,,,,,,,
LAB0032626,,,,,,,,,,
LAB0032627,,,,,,,,,,
LAB0032628,,,,,,,,,,
LAB0032629,,,,,,,,,,
LAB0032630,,,,,,,,,,
LAB0032631,,,,,,,,,,
LAB0032632,,,,,,,,,,
LAB0032633,,,,,,,,,,
LAB0032634,,,,,,,,,,
LAB0032635,,,,,,,,,,
LAB0032636,,,,,,,,,,
LAB0032637,,,,,,,,,,
LAB0032638,,,,,,,,,,
LAB0032639,,,,,,,,,,
LAB0032640,,,,,,,,,,
LAB0032641,,,,,,,,,,
LAB0032642,,,,,,,,,,
LAB0032643,,,,,,,,,,
LAB0032644,,,,,,,,,,
LAB0032645,,,,,,,,,,
LAB0032646,,,,,,,,,,
LAB0032647,,,,,,,,,,
LAB0032648,,,,,,,,,,
LAB0032649,,,,,,,,,,
LAB0032650,,,,,,,,,,
LAB0032651,,,,,,,,,,
LAB0032652,,,,,,,,,,
LAB0032653,,,,,,,,,,
LAB0032654,,,,,,,,,,
LAB0032655,,,,,,,,,,
LAB0032656,,,,,,,,,,
LAB0032657,,,,,,,,,,
LAB0032658,,,,,,,,,,
LAB0032659,,,,,,,,,,
LAB0032660,,,,,,,,,,
LAB0032661,,,,,,,,,,
LAB0032662,,,,,,,,,,
LAB0032663,,,,,,,,,,
LAB0032664,,,,,,,,,,
LAB0032665,,,,,,,,,,
LAB0032666,,,,,,,,,,
LAB0032667,,,,,,,,,,
LAB0032668,,,,,,,,,,
LAB0032669,,,,,,,,,,
LAB0032670,,,,,,,,,,
LAB0032671,,,,,,,,,,
LAB0032672,,,,,,,,,,
LAB0032673,,,,,,,,,,
LAB0032674,,,,,,,,,,
LAB0032675,,,,,,,,,,
LAB0032676,,,,,,,,,,
LAB0032677,,,,,,,,,,
LAB0032678,,,,,,,,,,
LAB0032679,,,,,,,,,,
LAB0032680,,,,,,,,,,
LAB0032681,,,,,,,,,,
LAB0032682,,,,,,,,,,
LAB0032683,,,,,,,,,,
LAB0032684,,,,,,,,,,
LAB0032685,,,,,,,,,,
LAB0032686,,,,,,,,,,
LAB0032687,,,,,,,,,,
LAB0032688,,,,,,,,,,
LAB0032689,,,,,,,,,,
LAB0032690,,,,,,,,,,
LAB0032691,,,,,,,,,,
LAB0032692,,,,,,,,,,
LAB0032693,,,,,,,,,,
LAB0032694,,,,,,,,,,
LAB0032695,,,,,,,,,,
LAB0032696,,,,,,,,,,
LAB0032697,,,,,,,,,,
LAB0032698,,,,,,,,,,
LAB0032699,,,,,,,,,,
LAB0032700,,,,,,,,,,
LAB0032701,,,,,,,,,,
LAB0032702,,,,,,,,,,
LAB0032703,,,,,,,,,,
LAB0032704,,,,,,,,,,
LAB0032705,,,,,,,,,,
LAB0032706,,,,,,,,,,
LAB0032707,,,,,,,,,,
LAB0032708,,,,,,,,,,
LAB0032709,,,,,,,,,,
LAB0032710,,,,,,,,,,
LAB0032711,,,,,,,,,,
LAB0032712,,,,,,,,,,
LAB0032713,,,,,,,,,,
LAB0032714,,,,,,,,,,
LAB0032715,,,,,,,,,,
LAB0032716,,,,,,,,,,
LAB0032717,,,,,,,,,,
LAB0032718,,,,,,,,,,
LAB0032719,,,,,,,,,,
LAB0032720,,,,,,,,,,
LAB0032721,,,,,,,,,,
LAB0032722,,,,,,,,,,
LAB0032723,,,,,,,,,,
LAB0032724,,,,,,,,,,
LAB0032725,,,,,,,,,,
LAB0032726,,,,,,,,,,
LAB0032727,,,,,,,,,,
LAB0032728,,,,,,,,,,
LAB0032729,,,,,,,,,,
LAB0032730,,,,,,,,,,
LAB0032731,,,,,,,,,,
LAB0032732,,,,,,,,,,
LAB0032733,,,,,,,,,,
LAB0032734,,,,,,,,,,
LAB0032735,,,,,,,,,,
LAB0032736,,,,,,,,,,
LAB0032737,,,,,,,,,,
LAB0032738,,,,,,,,,,
LAB0032739,,,,,,,,,,
LAB0032740,,,,,,,,,,
LAB0032741,,,,,,,,,,
LAB0032742,,,,,,,,,,
LAB0032743,,,,,,,,,,
LAB0032744,,,,,,,,,,
LAB0032745,,,,,,,,,,
LAB0032746,,,,,,,,,,
LAB0032747,,,,,,,,,,
LAB0032748,,,,,,,,,,
LAB0032749,,,,,,,,,,
LAB0032750,,,,,,,,,,
LAB0032751,,,,,,,,,,
LAB0032752,,,,,,,,,,
LAB0032753,,,,,,,,,,
LAB0032754,,,,,,,,,,
LAB0032755,,,,,,,,,,
LAB0032756,,,,,,,,,,
LAB0032757,,,,,,,,,,
LAB0032758,,,,,,,,,,
LAB0032759,,,,,,,,,,
LAB0032760,,,,,,,,,,
LAB0032761,,,,,,,,,,
LAB0032762,,,,,,,,,,
LAB0032763,,,,,,,,,,
LAB0032764,,,,,,,,,,
LAB0032765,,,,,,,,,,
LAB0032766,,,,,,,,,,
LAB0032767,,,,,,,,,,
LAB0032768,,,,,,,,,,
LAB0032769,,,,,,,,,,
LAB0032770,,,,,,,,,,
LAB0032771,,,,,,,,,,
LAB0032772,,,,,,,,,,
LAB0032773,,,,,,,,,,
LAB0032774,,,,,,,,,,
LAB0032775,,,,,,,,,,
LAB0032776,,,,,,,,,,
LAB0032777,,,,,,,,,,
LAB0032778,,,,,,,,,,
LAB0032779,,,,,,,,,,
LAB0032780,,,,,,,,,,
LAB0032781,,,,,,,,,,
LAB0032782,,,,,,,,,,
LAB0032783,,,,,,,,,,
LAB0032784,,,,,,,,,,
LAB0032785,,,,,,,,,,
LAB0032786,,,,,,,,,,
LAB0032787,,,,,,,,,,
LAB0032788,,,,,,,,,,
LAB0032789,,,,,,,,,,
LAB0032790,,,,,,,,,,
LAB0032791,,,,,,,,,,
LAB0032792,,,,,,,,,,
LAB0032793,,,,,,,,,,
LAB0032794,,,,,,,,,,
LAB0032795,,,,,,,,,,
LAB0032796,,,,,,,,,,
LAB0032797,,,,,,,,,,
LAB0032798,,,,,,,,,,
LAB0032799,,,,,,,,,,
LAB0032800,,,,,,,,,,
LAB0032801,,,,,,,,,,
LAB0032802,,,,,,,,,,
LAB0032803,,,,,,,,,,
LAB0032804,,,,,,,,,,
LAB0032805,,,,,,,,,,
LAB0032806,,,,,,,,,,
LAB0032807,,,,,,,,,,
LAB0032808,,,,,,,,,,
LAB0032809,,,,,,,,,,
LAB0032810,,,,,,,,,,
LAB0032811,,,,,,,,,,
LAB0032812,,,,,,,,,,
LAB0032813,,,,,,,,,,
LAB0032814,,,,,,,,,,
LAB0032815,,,,,,,,,,
LAB0032816,,,,,,,,,,
LAB0032817,,,,,,,,,,
LAB0032818,,,,,,,,,,
LAB0032819,,,,,,,,,,
LAB0032820,,,,,,,,,,
LAB0032821,,,,,,,,,,
LAB0032822,,,,,,,,,,
LAB0032823,,,,,,,,,,
LAB0032824,,,,,,,,,,
LAB0032825,,,,,,,,,,
LAB0032826,,,,,,,,,,
LAB0032827,,,,,,,,,,
LAB0032828,,,,,,,,,,
LAB0032829,,,,,,,,,,
LAB0032830,,,,,,,,,,
LAB0032831,,,,,,,,,,
LAB0032832,,,,,,,,,,
LAB0032833,,,,,,,,,,
LAB0032834,,,,,,,,,,
LAB0032835,,,,,,,,,,
LAB0032836,,,,,,,,,,
LAB0032837,,,,,,,,,,
LAB0032838,,,,,,,,,,
LAB0032839,,,,,,,,,,
LAB0032840,,,,,,,,,,
LAB0032841,,,,,,,,,,
LAB0032842,,,,,,,,,,
LAB0032843,,,,,,,,,,
LAB0032844,,,,,,,,,,
LAB0032845,,,,,,,,,,
LAB0032846,,,,,,,,,,
LAB0032847,,,,,,,,,,
LAB0032848,,,,,,,,,,
LAB0032849,,,,,,,,,,
LAB0032850,,,,,,,,,,
LAB0032851,,,,,,,,,,
LAB0032852,,,,,,,,,,
LAB0032853,,,,,,,,,,
LAB0032854,,,,,,,,,,
LAB0032855,,,,,,,,,,
LAB0032856,,,,,,,,,,
LAB0032857,,,,,,,,,,
LAB0032858,,,,,,,,,,
LAB0032859,,,,,,,,,,
LAB0032860,,,,,,,,,,
LAB0032861,,,,,,,,,,
LAB0032862,,,,,,,,,,
LAB0032863,,,,,,,,,,
LAB0032864,,,,,,,,,,
LAB0032865,,,,,,,,,,
LAB0032866,,,,,,,,,,
LAB0032867,,,,,,,,,,
LAB0032868,,,,,,,,,,
LAB0032869,,,,,,,,,,
LAB0032870,,,,,,,,,,
LAB0032871,,,,,,,,,,
LAB0032872,,,,,,,,,,
LAB0032873,,,,,,,,,,
LAB0032874,,,,,,,,,,
LAB0032875,,,,,,,,,,
LAB0032876,,,,,,,,,,
LAB0032877,,,,,,,,,,
LAB0032878,,,,,,,,,,
LAB0032879,,,,,,,,,,
LAB0032880,,,,,,,,,,
LAB0032881,,,,,,,,,,
LAB0032882,,,,,,,,,,
LAB0032883,,,,,,,,,,
LAB0032884,,,,,,,,,,
LAB0032885,,,,,,,,,,
LAB0032886,,,,,,,,,,
LAB0032887,,,,,,,,,,
LAB0032888,,,,,,,,,,
LAB0032889,,,,,,,,,,
LAB0032890,,,,,,,,,,
LAB0032891,,,,,,,,,,
LAB0032892,,,,,,,,,,
LAB0032893,,,,,,,,,,
LAB0032894,,,,,,,,,,
LAB0032895,,,,,,,,,,
LAB0032896,,,,,,,,,,
LAB0032897,,,,,,,,,,
LAB0032898,,,,,,,,,,
LAB0032899,,,,,,,,,,
LAB0032900,,,,,,,,,,
LAB0032901,,,,,,,,,,
LAB0032902,,,,,,,,,,
LAB0032903,,,,,,,,,,
LAB0032904,,,,,,,,,,
LAB0032905,,,,,,,,,,
LAB0032906,,,,,,,,,,
LAB0032907,,,,,,,,,,
LAB0032908,,,,,,,,,,
LAB0032909,,,,,,,,,,
LAB0032910,,,,,,,,,,
LAB0032911,,,,,,,,,,
LAB0032912,,,,,,,,,,
LAB0032913,,,,,,,,,,
LAB0032914,,,,,,,,,,
LAB0032915,,,,,,,,,,
LAB0032916,,,,,,,,,,
LAB0032917,,,,,,,,,,
LAB0032918,,,,,,,,,,
LAB0032919,,,,,,,,,,
LAB0032920,,,,,,,,,,
LAB0032921,,,,,,,,,,
LAB0032922,,,,,,,,,,
LAB0032923,,,,,,,,,,
LAB0032924,,,,,,,,,,
LAB0032925,,,,,,,,,,
LAB0032926,,,,,,,,,,
LAB0032927,,,,,,,,,,
LAB0032928,,,,,,,,,,
LAB0032929,,,,,,,,,,
LAB0032930,,,,,,,,,,
LAB0032931,,,,,,,,,,
LAB0032932,,,,,,,,,,
LAB0032933,,,,,,,,,,
LAB0032934,,,,,,,,,,
LAB0032935,,,,,,,,,,
LAB0032936,,,,,,,,,,
LAB0032937,,,,,,,,,,
LAB0032938,,,,,,,,,,
LAB0032939,,,,,,,,,,
LAB0032940,,,,,,,,,,
LAB0032941,,,,,,,,,,
LAB0032942,,,,,,,,,,
LAB0032943,,,,,,,,,,
LAB0032944,,,,,,,,,,
LAB0032945,,,,,,,,,,
LAB0032946,,,,,,,,,,
LAB0032947,,,,,,,,,,
LAB0032948,,,,,,,,,,
LAB0032949,,,,,,,,,,
LAB0032950,,,,,,,,,,
LAB0032951,,,,,,,,,,
LAB0032952,,,,,,,,,,
LAB0032953,,,,,,,,,,
LAB0032954,,,,,,,,,,
LAB0032955,,,,,,,,,,
LAB0032956,,,,,,,,,,
LAB0032957,,,,,,,,,,
LAB0032958,,,,,,,,,,
LAB0032959,,,,,,,,,,
LAB0032960,,,,,,,,,,
LAB0032961,,,,,,,,,,
LAB0032962,,,,,,,,,,
LAB0032963,,,,,,,,,,
LAB0032964,,,,,,,,,,
LAB0032965,,,,,,,,,,
LAB0032966,,,,,,,,,,
LAB0032967,,,,,,,,,,
LAB0032968,,,,,,,,,,
LAB0032969,,,,,,,,,,
LAB0032970,,,,,,,,,,
LAB0032971,,,,,,,,,,
LAB0032972,,,,,,,,,,
LAB0032973,,,,,,,,,,
LAB0032974,,,,,,,,,,
LAB0032975,,,,,,,,,,
LAB0032976,,,,,,,,,,
LAB0032977,,,,,,,,,,
LAB0032978,,,,,,,,,,
LAB0032979,,,,,,,,,,
LAB0032980,,,,,,,,,,
LAB0032981,,,,,,,,,,
LAB0032982,,,,,,,,,,
LAB0032983,,,,,,,,,,
LAB0032984,,,,,,,,,,
LAB0032985,,,,,,,,,,
LAB0032986,,,,,,,,,,
LAB0032987,,,,,,,,,,
LAB0032988,,,,,,,,,,
LAB0032989,,,,,,,,,,
LAB0032990,,,,,,,,,,
LAB0032991,,,,,,,,,,
LAB0032992,,,,,,,,,,
LAB0032993,,,,,,,,,,
LAB0032994,,,,,,,,,,
LAB0032995,,,,,,,,,,
LAB0032996,,,,,,,,,,
LAB0032997,,,,,,,,,,
LAB0032998,,,,,,,,,,
LAB0032999,,,,,,,,,,
LAB0033000,,,,,,,,,,
LAB0033001,,,,,,,,,,
LAB0033002,,,,,,,,,,
LAB0033003,,,,,,,,,,
LAB0033004,,,,,,,,,,
LAB0033005,,,,,,,,,,
LAB0033006,,,,,,,,,,
LAB0033007,,,,,,,,,,
LAB0033008,,,,,,,,,,
LAB0033009,,,,,,,,,,
LAB0033010,,,,,,,,,,
LAB0033011,,,,,,,,,,
LAB0033012,,,,,,,,,,
LAB0033013,,,,,,,,,,
LAB0033014,,,,,,,,,,
LAB0033015,,,,,,,,,,
LAB0033016,,,,,,,,,,
LAB0033017,,,,,,,,,,
LAB0033018,,,,,,,,,,
LAB0033019,,,,,,,,,,
LAB0033020,,,,,,,,,,
LAB0033021,,,,,,,,,,
LAB0033022,,,,,,,,,,
LAB0033023,,,,,,,,,,
LAB0033024,,,,,,,,,,
LAB0033025,,,,,,,,,,
LAB0033026,,,,,,,,,,
LAB0033027,,,,,,,,,,
LAB0033028,,,,,,,,,,
LAB0033029,,,,,,,,,,
LAB0033030,,,,,,,,,,
LAB0033031,,,,,,,,,,
LAB0033032,,,,,,,,,,
LAB0033033,,,,,,,,,,
LAB0033034,,,,,,,,,,
LAB0033035,,,,,,,,,,
LAB0033036,,,,,,,,,,
LAB0033037,,,,,,,,,,
LAB0033038,,,,,,,,,,
LAB0033039,,,,,,,,,,
LAB0033040,,,,,,,,,,
LAB0033041,,,,,,,,,,
LAB0033042,,,,,,,,,,
LAB0033043,,,,,,,,,,
LAB0033044,,,,,,,,,,
LAB0033045,,,,,,,,,,
LAB0033046,,,,,,,,,,
LAB0033047,,,,,,,,,,
LAB0033048,,,,,,,,,,
LAB0033049,,,,,,,,,,
LAB0033050,,,,,,,,,,
LAB0033051,,,,,,,,,,
LAB0033052,,,,,,,,,,
LAB0033053,,,,,,,,,,
LAB0033054,,,,,,,,,,
LAB0033055,,,,,,,,,,
LAB0033056,,,,,,,,,,
LAB0033057,,,,,,,,,,
LAB0033058,,,,,,,,,,
LAB0033059,,,,,,,,,,
LAB0033060,,,,,,,,,,
LAB0033061,,,,,,,,,,
LAB0033062,,,,,,,,,,
LAB0033063,,,,,,,,,,
LAB0033064,,,,,,,,,,
LAB0033065,,,,,,,,,,
LAB0033066,,,,,,,,,,
LAB0033067,,,,,,,,,,
LAB0033068,,,,,,,,,,
LAB0033069,,,,,,,,,,
LAB0033070,,,,,,,,,,
LAB0033071,,,,,,,,,,
LAB0033072,,,,,,,,,,
LAB0033073,,,,,,,,,,
LAB0033074,,,,,,,,,,
LAB0033075,,,,,,,,,,
LAB0033076,,,,,,,,,,
LAB0033077,,,,,,,,,,
LAB0033078,,,,,,,,,,
LAB0033079,,,,,,,,,,
LAB0033080,,,,,,,,,,
LAB0033081,,,,,,,,,,
LAB0033082,,,,,,,,,,
LAB0033083,,,,,,,,,,
LAB0033084,,,,,,,,,,
LAB0033085,,,,,,,,,,
LAB0033086,,,,,,,,,,
LAB0033087,,,,,,,,,,
LAB0033088,,,,,,,,,,
LAB0033089,,,,,,,,,,
LAB0033090,,,,,,,,,,
LAB0033091,,,,,,,,,,
LAB0033092,,,,,,,,,,
LAB0033093,,,,,,,,,,
LAB0033094,,,,,,,,,,
LAB0033095,,,,,,,,,,
LAB0033096,,,,,,,,,,
LAB0033097,,,,,,,,,,
LAB0033098,,,,,,,,,,
LAB0033099,,,,,,,,,,
LAB0033100,,,,,,,,,,
LAB0033101,,,,,,,,,,
LAB0033102,,,,,,,,,,
LAB0033103,,,,,,,,,,
LAB0033104,,,,,,,,,,
LAB0033105,,,,,,,,,,
LAB0033106,,,,,,,,,,
LAB0033107,,,,,,,,,,
LAB0033108,,,,,,,,,,
LAB0033109,,,,,,,,,,
LAB0033110,,,,,,,,,,
LAB0033111,,,,,,,,,,
LAB0033112,,,,,,,,,,
LAB0033113,,,,,,,,,,
LAB0033114,,,,,,,,,,
LAB0033115,,,,,,,,,,
LAB0033116,,,,,,,,,,
LAB0033117,,,,,,,,,,
LAB0033118,,,,,,,,,,
LAB0033119,,,,,,,,,,
LAB0033120,,,,,,,,,,
LAB0033121,,,,,,,,,,
LAB0033122,,,,,,,,,,
LAB0033123,,,,,,,,,,
LAB0033124,,,,,,,,,,
LAB0033125,,,,,,,,,,
LAB0033126,,,,,,,,,,
LAB0033127,,,,,,,,,,
LAB0033128,,,,,,,,,,
LAB0033129,,,,,,,,,,
LAB0033130,,,,,,,,,,
LAB0033131,,,,,,,,,,
LAB0033132,,,,,,,,,,
LAB0033133,,,,,,,,,,
LAB0033134,,,,,,,,,,
LAB0033135,,,,,,,,,,
LAB0033136,,,,,,,,,,
LAB0033137,,,,,,,,,,
LAB0033138,,,,,,,,,,
LAB0033139,,,,,,,,,,
LAB0033140,,,,,,,,,,
LAB0033141,,,,,,,,,,
LAB0033142,,,,,,,,,,
LAB0033143,,,,,,,,,,
LAB0033144,,,,,,,,,,
LAB0033145,,,,,,,,,,
LAB0033146,,,,,,,,,,
LAB0033147,,,,,,,,,,
LAB0033148,,,,,,,,,,
LAB0033149,,,,,,,,,,
LAB0033150,,,,,,,,,,
LAB0033151,,,,,,,,,,
LAB0033152,,,,,,,,,,
LAB0033153,,,,,,,,,,
LAB0033154,,,,,,,,,,
LAB0033155,,,,,,,,,,
LAB0033156,,,,,,,,,,
LAB0033157,,,,,,,,,,
LAB0033158,,,,,,,,,,
LAB0033159,,,,,,,,,,
LAB0033160,,,,,,,,,,
LAB0033161,,,,,,,,,,
LAB0033162,,,,,,,,,,
LAB0033163,,,,,,,,,,
LAB0033164,,,,,,,,,,
LAB0033165,,,,,,,,,,
LAB0033166,,,,,,,,,,
LAB0033167,,,,,,,,,,
LAB0033168,,,,,,,,,,
LAB0033169,,,,,,,,,,
LAB0033170,,,,,,,,,,
LAB0033171,,,,,,,,,,
LAB0033172,,,,,,,,,,
LAB0033173,,,,,,,,,,
LAB0033174,,,,,,,,,,
LAB0033175,,,,,,,,,,
LAB0033176,,,,,,,,,,
LAB0033177,,,,,,,,,,
LAB0033178,,,,,,,,,,
LAB0033179,,,,,,,,,,
LAB0033180,,,,,,,,,,
LAB0033181,,,,,,,,,,
LAB0033182,,,,,,,,,,
LAB0033183,,,,,,,,,,
LAB0033184,,,,,,,,,,
LAB0033185,,,,,,,,,,
LAB0033186,,,,,,,,,,
LAB0033187,,,,,,,,,,
LAB0033188,,,,,,,,,,
LAB0033189,,,,,,,,,,
LAB0033190,,,,,,,,,,
LAB0033191,,,,,,,,,,
LAB0033192,,,,,,,,,,
LAB0033193,,,,,,,,,,
LAB0033194,,,,,,,,,,
LAB0033195,,,,,,,,,,
LAB0033196,,,,,,,,,,
LAB0033197,,,,,,,,,,
LAB0033198,,,,,,,,,,
LAB0033199,,,,,,,,,,
LAB0033200,,,,,,,,,,
LAB0033201,,,,,,,,,,
LAB0033202,,,,,,,,,,
LAB0033203,,,,,,,,,,
LAB0033204,,,,,,,,,,
LAB0033205,,,,,,,,,,
LAB0033206,,,,,,,,,,
LAB0033207,,,,,,,,,,
LAB0033208,,,,,,,,,,
LAB0033209,,,,,,,,,,
LAB0033210,,,,,,,,,,
LAB0033211,,,,,,,,,,
LAB0033212,,,,,,,,,,
LAB0033213,,,,,,,,,,
LAB0033214,,,,,,,,,,
LAB0033215,,,,,,,,,,
LAB0033216,,,,,,,,,,
LAB0033217,,,,,,,,,,
LAB0033218,,,,,,,,,,
LAB0033219,,,,,,,,,,
LAB0033220,,,,,,,,,,
LAB0033221,,,,,,,,,,
LAB0033222,,,,,,,,,,
LAB0033223,,,,,,,,,,
LAB0033224,,,,,,,,,,
LAB0033225,,,,,,,,,,
LAB0033226,,,,,,,,,,
LAB0033227,,,,,,,,,,
LAB0033228,,,,,,,,,,
LAB0033229,,,,,,,,,,
LAB0033230,,,,,,,,,,
LAB0033231,,,,,,,,,,
LAB0033232,,,,,,,,,,
LAB0033233,,,,,,,,,,
LAB0033234,,,,,,,,,,
LAB0033235,,,,,,,,,,
LAB0033236,,,,,,,,,,
LAB0033237,,,,,,,,,,
LAB0033238,,,,,,,,,,
LAB0033239,,,,,,,,,,
LAB0033240,,,,,,,,,,
LAB0033241,,,,,,,,,,
LAB0033242,,,,,,,,,,
LAB0033243,,,,,,,,,,
LAB0033244,,,,,,,,,,
LAB0033245,,,,,,,,,,
LAB0033246,,,,,,,,,,
LAB0033247,,,,,,,,,,
LAB0033248,,,,,,,,,,
LAB0033249,,,,,,,,,,
LAB0033250,,,,,,,,,,
LAB0033251,,,,,,,,,,
LAB0033252,,,,,,,,,,
LAB0033253,,,,,,,,,,
LAB0033254,,,,,,,,,,
LAB0033255,,,,,,,,,,
LAB0033256,,,,,,,,,,
LAB0033257,,,,,,,,,,
LAB0033258,,,,,,,,,,
LAB0033259,,,,,,,,,,
LAB0033260,,,,,,,,,,
LAB0033261,,,,,,,,,,
LAB0033262,,,,,,,,,,
LAB0033263,,,,,,,,,,
LAB0033264,,,,,,,,,,
LAB0033265,,,,,,,,,,
LAB0033266,,,,,,,,,,
LAB0033267,,,,,,,,,,
LAB0033268,,,,,,,,,,
LAB0033269,,,,,,,,,,
LAB0033270,,,,,,,,,,
LAB0033271,,,,,,,,,,
LAB0033272,,,,,,,,,,
LAB0033273,,,,,,,,,,
LAB0033274,,,,,,,,,,
LAB0033275,,,,,,,,,,
LAB0033276,,,,,,,,,,
LAB0033277,,,,,,,,,,
LAB0033278,,,,,,,,,,
LAB0033279,,,,,,,,,,
LAB0033280,,,,,,,,,,
LAB0033281,,,,,,,,,,
LAB0033282,,,,,,,,,,
LAB0033283,,,,,,,,,,
LAB0033284,,,,,,,,,,
LAB0033285,,,,,,,,,,
LAB0033286,,,,,,,,,,
LAB0033287,,,,,,,,,,
LAB0033288,,,,,,,,,,
LAB0033289,,,,,,,,,,
LAB0033290,,,,,,,,,,
LAB0033291,,,,,,,,,,
LAB0033292,,,,,,,,,,
LAB0033293,,,,,,,,,,
LAB0033294,,,,,,,,,,
LAB0033295,,,,,,,,,,
LAB0033296,,,,,,,,,,
LAB0033297,,,,,,,,,,
LAB0033298,,,,,,,,,,
LAB0033299,,,,,,,,,,
LAB0033300,,,,,,,,,,
LAB0033301,,,,,,,,,,
LAB0033302,,,,,,,,,,
LAB0033303,,,,,,,,,,
LAB0033304,,,,,,,,,,
LAB0033305,,,,,,,,,,
LAB0033306,,,,,,,,,,
LAB0033307,,,,,,,,,,
LAB0033308,,,,,,,,,,
LAB0033309,,,,,,,,,,
LAB0033310,,,,,,,,,,
LAB0033311,,,,,,,,,,
LAB0033312,,,,,,,,,,
LAB0033313,,,,,,,,,,
LAB0033314,,,,,,,,,,
LAB0033315,,,,,,,,,,
LAB0033316,,,,,,,,,,
LAB0033317,,,,,,,,,,
LAB0033318,,,,,,,,,,
LAB0033319,,,,,,,,,,
LAB0033320,,,,,,,,,,
LAB0033321,,,,,,,,,,
LAB0033322,,,,,,,,,,
LAB0033323,,,,,,,,,,
LAB0033324,,,,,,,,,,
LAB0033325,,,,,,,,,,
LAB0033326,,,,,,,,,,
LAB0033327,,,,,,,,,,
LAB0033328,,,,,,,,,,
LAB0033329,,,,,,,,,,
LAB0033330,,,,,,,,,,
LAB0033331,,,,,,,,,,
LAB0033332,,,,,,,,,,
LAB0033333,,,,,,,,,,
LAB0033334,,,,,,,,,,
LAB0033335,,,,,,,,,,
LAB0033336,,,,,,,,,,
LAB0033337,,,,,,,,,,
LAB0033338,,,,,,,,,,
LAB0033339,,,,,,,,,,
LAB0033340,,,,,,,,,,
LAB0033341,,,,,,,,,,
LAB0033342,,,,,,,,,,
LAB0033343,,,,,,,,,,
LAB0033344,,,,,,,,,,
LAB0033345,,,,,,,,,,
LAB0033346,,,,,,,,,,
LAB0033347,,,,,,,,,,
LAB0033348,,,,,,,,,,
LAB0033349,,,,,,,,,,
LAB0033350,,,,,,,,,,
LAB0033351,,,,,,,,,,
LAB0033352,,,,,,,,,,
LAB0033353,,,,,,,,,,
LAB0033354,,,,,,,,,,
LAB0033355,,,,,,,,,,
LAB0033356,,,,,,,,,,
LAB0033357,,,,,,,,,,
LAB0033358,,,,,,,,,,
LAB0033359,,,,,,,,,,
LAB0033360,,,,,,,,,,
LAB0033361,,,,,,,,,,
LAB0033362,,,,,,,,,,
LAB0033363,,,,,,,,,,
LAB0033364,,,,,,,,,,
LAB0033365,,,,,,,,,,
LAB0033366,,,,,,,,,,
LAB0033367,,,,,,,,,,
LAB0033368,,,,,,,,,,
LAB0033369,,,,,,,,,,
LAB0033370,,,,,,,,,,
LAB0033371,,,,,,,,,,
LAB0033372,,,,,,,,,,
LAB0033373,,,,,,,,,,
LAB0033374,,,,,,,,,,
LAB0033375,,,,,,,,,,
LAB0033376,,,,,,,,,,
LAB0033377,,,,,,,,,,
LAB0033378,,,,,,,,,,
LAB0033379,,,,,,,,,,
LAB0033380,,,,,,,,,,
LAB0033381,,,,,,,,,,
LAB0033382,,,,,,,,,,
LAB0033383,,,,,,,,,,
LAB0033384,,,,,,,,,,
LAB0033385,,,,,,,,,,
LAB0033386,,,,,,,,,,
LAB0033387,,,,,,,,,,
LAB0033388,,,,,,,,,,
LAB0033389,,,,,,,,,,
LAB0033390,,,,,,,,,,
LAB0033391,,,,,,,,,,
LAB0033392,,,,,,,,,,
LAB0033393,,,,,,,,,,
LAB0033394,,,,,,,,,,
LAB0033395,,,,,,,,,,
LAB0033396,,,,,,,,,,
LAB0033397,,,,,,,,,,
LAB0033398,,,,,,,,,,
LAB0033399,,,,,,,,,,
LAB0033400,,,,,,,,,,
LAB0033401,,,,,,,,,,
LAB0033402,,,,,,,,,,
LAB0033403,,,,,,,,,,
LAB0033404,,,,,,,,,,
LAB0033405,,,,,,,,,,
LAB0033406,,,,,,,,,,
LAB0033407,,,,,,,,,,
LAB0033408,,,,,,,,,,
LAB0033409,,,,,,,,,,
LAB0033410,,,,,,,,,,
LAB0033411,,,,,,,,,,
LAB0033412,,,,,,,,,,
LAB0033413,,,,,,,,,,
LAB0033414,,,,,,,,,,
LAB0033415,,,,,,,,,,
LAB0033416,,,,,,,,,,
LAB0033417,,,,,,,,,,
LAB0033418,,,,,,,,,,
LAB0033419,,,,,,,,,,
LAB0033420,,,,,,,,,,
LAB0033421,,,,,,,,,,
LAB0033422,,,,,,,,,,
LAB0033423,,,,,,,,,,
LAB0033424,,,,,,,,,,
LAB0033425,,,,,,,,,,
LAB0033426,,,,,,,,,,
LAB0033427,,,,,,,,,,
LAB0033428,,,,,,,,,,
LAB0033429,,,,,,,,,,
LAB0033430,,,,,,,,,,
LAB0033431,,,,,,,,,,
LAB0033432,,,,,,,,,,
LAB0033433,,,,,,,,,,
LAB0033434,,,,,,,,,,
LAB0033435,,,,,,,,,,
LAB0033436,,,,,,,,,,
LAB0033437,,,,,,,,,,
LAB0033438,,,,,,,,,,
LAB0033439,,,,,,,,,,
LAB0033440,,,,,,,,,,
LAB0033441,,,,,,,,,,
LAB0033442,,,,,,,,,,
LAB0033443,,,,,,,,,,
LAB0033444,,,,,,,,,,
LAB0033445,,,,,,,,,,
LAB0033446,,,,,,,,,,
LAB0033447,,,,,,,,,,
LAB0033448,,,,,,,,,,
LAB0033449,,,,,,,,,,
LAB0033450,,,,,,,,,,
LAB0033451,,,,,,,,,,
LAB0033452,,,,,,,,,,
LAB0033453,,,,,,,,,,
LAB0033454,,,,,,,,,,
LAB0033455,,,,,,,,,,
LAB0033456,,,,,,,,,,
LAB0033457,,,,,,,,,,
LAB0033458,,,,,,,,,,
LAB0033459,,,,,,,,,,
LAB0033460,,,,,,,,,,
LAB0033461,,,,,,,,,,
LAB0033462,,,,,,,,,,
LAB0033463,,,,,,,,,,
LAB0033464,,,,,,,,,,
LAB0033465,,,,,,,,,,
LAB0033466,,,,,,,,,,
LAB0033467,,,,,,,,,,
LAB0033468,,,,,,,,,,
LAB0033469,,,,,,,,,,
LAB0033470,,,,,,,,,,
LAB0033471,,,,,,,,,,
LAB0033472,,,,,,,,,,
LAB0033473,,,,,,,,,,
LAB0033474,,,,,,,,,,
LAB0033475,,,,,,,,,,
LAB0033476,,,,,,,,,,
LAB0033477,,,,,,,,,,
LAB0033478,,,,,,,,,,
LAB0033479,,,,,,,,,,
LAB0033480,,,,,,,,,,
LAB0033481,,,,,,,,,,
LAB0033482,,,,,,,,,,
LAB0033483,,,,,,,,,,
LAB0033484,,,,,,,,,,
LAB0033485,,,,,,,,,,
LAB0033486,,,,,,,,,,
LAB0033487,,,,,,,,,,
LAB0033488,,,,,,,,,,
LAB0033489,,,,,,,,,,
LAB0033490,,,,,,,,,,
LAB0033491,,,,,,,,,,
LAB0033492,,,,,,,,,,
LAB0033493,,,,,,,,,,
LAB0033494,,,,,,,,,,
LAB0033495,,,,,,,,,,
LAB0033496,,,,,,,,,,
LAB0033497,,,,,,,,,,
LAB0033498,,,,,,,,,,
LAB0033499,,,,,,,,,,
LAB0033500,,,,,,,,,,
LAB0033501,,,,,,,,,,
LAB0033502,,,,,,,,,,
LAB0033503,,,,,,,,,,
LAB0033504,,,,,,,,,,
LAB0033505,,,,,,,,,,
LAB0033506,,,,,,,,,,
LAB0033507,,,,,,,,,,
LAB0033508,,,,,,,,,,
LAB0033509,,,,,,,,,,
LAB0033510,,,,,,,,,,
LAB0033511,,,,,,,,,,
LAB0033512,,,,,,,,,,
LAB0033513,,,,,,,,,,
LAB0033514,,,,,,,,,,
LAB0033515,,,,,,,,,,
LAB0033516,,,,,,,,,,
LAB0033517,,,,,,,,,,
LAB0033518,,,,,,,,,,
LAB0033519,,,,,,,,,,
LAB0033520,,,,,,,,,,
LAB0033521,,,,,,,,,,
LAB0033522,,,,,,,,,,
LAB0033523,,,,,,,,,,
LAB0033524,,,,,,,,,,
LAB0033525,,,,,,,,,,
LAB0033526,,,,,,,,,,
LAB0033527,,,,,,,,,,
LAB0033528,,,,,,,,,,
LAB0033529,,,,,,,,,,
LAB0033530,,,,,,,,,,
LAB0033531,,,,,,,,,,
LAB0033532,,,,,,,,,,
LAB0033533,,,,,,,,,,
LAB0033534,,,,,,,,,,
LAB0033535,,,,,,,,,,
LAB0033536,,,,,,,,,,
LAB0033537,,,,,,,,,,
LAB0033538,,,,,,,,,,
LAB0033539,,,,,,,,,,
LAB0033540,,,,,,,,,,
LAB0033541,,,,,,,,,,
LAB0033542,,,,,,,,,,
LAB0033543,,,,,,,,,,
LAB0033544,,,,,,,,,,
LAB0033545,,,,,,,,,,
LAB0033546,,,,,,,,,,
LAB0033547,,,,,,,,,,
LAB0033548,,,,,,,,,,
LAB0033549,,,,,,,,,,
LAB0033550,,,,,,,,,,
LAB0033551,,,,,,,,,,
LAB0033552,,,,,,,,,,
LAB0033553,,,,,,,,,,
LAB0033554,,,,,,,,,,
LAB0033555,,,,,,,,,,
LAB0033556,,,,,,,,,,
LAB0033557,,,,,,,,,,
LAB0033558,,,,,,,,,,
LAB0033559,,,,,,,,,,
LAB0033560,,,,,,,,,,
LAB0033561,,,,,,,,,,
LAB0033562,,,,,,,,,,
LAB0033563,,,,,,,,,,
LAB0033564,,,,,,,,,,
LAB0033565,,,,,,,,,,
LAB0033566,,,,,,,,,,
LAB0033567,,,,,,,,,,
LAB0033568,,,,,,,,,,
LAB0033569,,,,,,,,,,
LAB0033570,,,,,,,,,,
LAB0033571,,,,,,,,,,
LAB0033572,,,,,,,,,,
LAB0033573,,,,,,,,,,
LAB0033574,,,,,,,,,,
LAB0033575,,,,,,,,,,
LAB0033576,,,,,,,,,,
LAB0033577,,,,,,,,,,
LAB0033578,,,,,,,,,,
LAB0033579,,,,,,,,,,
LAB0033580,,,,,,,,,,
LAB0033581,,,,,,,,,,
LAB0033582,,,,,,,,,,
LAB0033583,,,,,,,,,,
LAB0033584,,,,,,,,,,
LAB0033585,,,,,,,,,,
LAB0033586,,,,,,,,,,
LAB0033587,,,,,,,,,,
LAB0033588,,,,,,,,,,
LAB0033589,,,,,,,,,,
LAB0033590,,,,,,,,,,
LAB0033591,,,,,,,,,,
LAB0033592,,,,,,,,,,
LAB0033593,,,,,,,,,,
LAB0033594,,,,,,,,,,
LAB0033595,,,,,,,,,,
LAB0033596,,,,,,,,,,
LAB0033597,,,,,,,,,,
LAB0033598,,,,,,,,,,
LAB0033599,,,,,,,,,,
LAB0033600,,,,,,,,,,
LAB0033601,,,,,,,,,,
LAB0033602,,,,,,,,,,
LAB0033603,,,,,,,,,,
LAB0033604,,,,,,,,,,
LAB0033605,,,,,,,,,,
LAB0033606,,,,,,,,,,
LAB0033607,,,,,,,,,,
LAB0033608,,,,,,,,,,
LAB0033609,,,,,,,,,,
LAB0033610,,,,,,,,,,
LAB0033611,,,,,,,,,,
LAB0033612,,,,,,,,,,
LAB0033613,,,,,,,,,,
LAB0033614,,,,,,,,,,
LAB0033615,,,,,,,,,,
LAB0033616,,,,,,,,,,
LAB0033617,,,,,,,,,,
LAB0033618,,,,,,,,,,
LAB0033619,,,,,,,,,,
LAB0033620,,,,,,,,,,
LAB0033621,,,,,,,,,,
LAB0033622,,,,,,,,,,
LAB0033623,,,,,,,,,,
LAB0033624,,,,,,,,,,
LAB0033625,,,,,,,,,,
LAB0033626,,,,,,,,,,
LAB0033627,,,,,,,,,,
LAB0033628,,,,,,,,,,
LAB0033629,,,,,,,,,,
LAB0033630,,,,,,,,,,
LAB0033631,,,,,,,,,,
LAB0033632,,,,,,,,,,
LAB0033633,,,,,,,,,,
LAB0033634,,,,,,,,,,
LAB0033635,,,,,,,,,,
LAB0033636,,,,,,,,,,
LAB0033637,,,,,,,,,,
LAB0033638,,,,,,,,,,
LAB0033639,,,,,,,,,,
LAB0033640,,,,,,,,,,
LAB0033641,,,,,,,,,,
LAB0033642,,,,,,,,,,
LAB0033643,,,,,,,,,,
LAB0033644,,,,,,,,,,
LAB0033645,,,,,,,,,,
LAB0033646,,,,,,,,,,
LAB0033647,,,,,,,,,,
LAB0033648,,,,,,,,,,
LAB0033649,,,,,,,,,,
LAB0033650,,,,,,,,,,
LAB0033651,,,,,,,,,,
LAB0033652,,,,,,,,,,
LAB0033653,,,,,,,,,,
LAB0033654,,,,,,,,,,
LAB0033655,,,,,,,,,,
LAB0033656,,,,,,,,,,
LAB0033657,,,,,,,,,,
LAB0033658,,,,,,,,,,
LAB0033659,,,,,,,,,,
LAB0033660,,,,,,,,,,
LAB0033661,,,,,,,,,,
LAB0033662,,,,,,,,,,
LAB0033663,,,,,,,,,,
LAB0033664,,,,,,,,,,
LAB0033665,,,,,,,,,,
LAB0033666,,,,,,,,,,
LAB0033667,,,,,,,,,,
LAB0033668,,,,,,,,,,
LAB0033669,,,,,,,,,,
LAB0033670,,,,,,,,,,
LAB0033671,,,,,,,,,,
LAB0033672,,,,,,,,,,
LAB0033673,,,,,,,,,,
LAB0033674,,,,,,,,,,
LAB0033675,,,,,,,,,,
LAB0033676,,,,,,,,,,
LAB0033677,,,,,,,,,,
LAB0033678,,,,,,,,,,
LAB0033679,,,,,,,,,,
LAB0033680,,,,,,,,,,
LAB0033681,,,,,,,,,,
LAB0033682,,,,,,,,,,
LAB0033683,,,,,,,,,,
LAB0033684,,,,,,,,,,
LAB0033685,,,,,,,,,,
LAB0033686,,,,,,,,,,
LAB0033687,,,,,,,,,,
LAB0033688,,,,,,,,,,
LAB0033689,,,,,,,,,,
LAB0033690,,,,,,,,,,
LAB0033691,,,,,,,,,,
LAB0033692,,,,,,,,,,
LAB0033693,,,,,,,,,,
LAB0033694,,,,,,,,,,
LAB0033695,,,,,,,,,,
LAB0033696,,,,,,,,,,
LAB0033697,,,,,,,,,,
LAB0033698,,,,,,,,,,
LAB0033699,,,,,,,,,,
LAB0033700,,,,,,,,,,
LAB0033701,,,,,,,,,,
LAB0033702,,,,,,,,,,
LAB0033703,,,,,,,,,,
LAB0033704,,,,,,,,,,
LAB0033705,,,,,,,,,,
LAB0033706,,,,,,,,,,
LAB0033707,,,,,,,,,,
LAB0033708,,,,,,,,,,
LAB0033709,,,,,,,,,,
LAB0033710,,,,,,,,,,
LAB0033711,,,,,,,,,,
LAB0033712,,,,,,,,,,
LAB0033713,,,,,,,,,,
LAB0033714,,,,,,,,,,
LAB0033715,,,,,,,,,,
LAB0033716,,,,,,,,,,
LAB0033717,,,,,,,,,,
LAB0033718,,,,,,,,,,
LAB0033719,,,,,,,,,,
LAB0033720,,,,,,,,,,
LAB0033721,,,,,,,,,,
LAB0033722,,,,,,,,,,
LAB0033723,,,,,,,,,,
LAB0033724,,,,,,,,,,
LAB0033725,,,,,,,,,,
LAB0033726,,,,,,,,,,
LAB0033727,,,,,,,,,,
LAB0033728,,,,,,,,,,
LAB0033729,,,,,,,,,,
LAB0033730,,,,,,,,,,
LAB0033731,,,,,,,,,,
LAB0033732,,,,,,,,,,
LAB0033733,,,,,,,,,,
LAB0033734,,,,,,,,,,
LAB0033735,,,,,,,,,,
LAB0033736,,,,,,,,,,
LAB0033737,,,,,,,,,,
LAB0033738,,,,,,,,,,
LAB0033739,,,,,,,,,,
LAB0033740,,,,,,,,,,
LAB0033741,,,,,,,,,,
LAB0033742,,,,,,,,,,
LAB0033743,,,,,,,,,,
LAB0033744,,,,,,,,,,
LAB0033745,,,,,,,,,,
LAB0033746,,,,,,,,,,
LAB0033747,,,,,,,,,,
LAB0033748,,,,,,,,,,
LAB0033749,,,,,,,,,,
LAB0033750,,,,,,,,,,
LAB0033751,,,,,,,,,,
LAB0033752,,,,,,,,,,
LAB0033753,,,,,,,,,,
LAB0033754,,,,,,,,,,
LAB0033755,,,,,,,,,,
LAB0033756,,,,,,,,,,
LAB0033757,,,,,,,,,,
LAB0033758,,,,,,,,,,
LAB0033759,,,,,,,,,,
LAB0033760,,,,,,,,,,
LAB0033761,,,,,,,,,,
LAB0033762,,,,,,,,,,
LAB0033763,,,,,,,,,,
LAB0033764,,,,,,,,,,
LAB0033765,,,,,,,,,,
LAB0033766,,,,,,,,,,
LAB0033767,,,,,,,,,,
LAB0033768,,,,,,,,,,
LAB0033769,,,,,,,,,,
LAB0033770,,,,,,,,,,
LAB0033771,,,,,,,,,,
LAB0033772,,,,,,,,,,
LAB0033773,,,,,,,,,,
LAB0033774,,,,,,,,,,
LAB0033775,,,,,,,,,,
LAB0033776,,,,,,,,,,
LAB0033777,,,,,,,,,,
LAB0033778,,,,,,,,,,
LAB0033779,,,,,,,,,,
LAB0033780,,,,,,,,,,
LAB0033781,,,,,,,,,,
LAB0033782,,,,,,,,,,
LAB0033783,,,,,,,,,,
LAB0033784,,,,,,,,,,
LAB0033785,,,,,,,,,,
LAB0033786,,,,,,,,,,
LAB0033787,,,,,,,,,,
LAB0033788,,,,,,,,,,
LAB0033789,,,,,,,,,,
LAB0033790,,,,,,,,,,
LAB0033791,,,,,,,,,,
LAB0033792,,,,,,,,,,
LAB0033793,,,,,,,,,,
LAB0033794,,,,,,,,,,
LAB0033795,,,,,,,,,,
LAB0033796,,,,,,,,,,
LAB0033797,,,,,,,,,,
LAB0033798,,,,,,,,,,
LAB0033799,,,,,,,,,,
LAB0033800,,,,,,,,,,
LAB0033801,,,,,,,,,,
LAB0033802,,,,,,,,,,
LAB0033803,,,,,,,,,,
LAB0033804,,,,,,,,,,
LAB0033805,,,,,,,,,,
LAB0033806,,,,,,,,,,
LAB0033807,,,,,,,,,,
LAB0033808,,,,,,,,,,
LAB0033809,,,,,,,,,,
LAB0033810,,,,,,,,,,
LAB0033811,,,,,,,,,,
LAB0033812,,,,,,,,,,
LAB0033813,,,,,,,,,,
LAB0033814,,,,,,,,,,
LAB0033815,,,,,,,,,,
LAB0033816,,,,,,,,,,
LAB0033817,,,,,,,,,,
LAB0033818,,,,,,,,,,
LAB0033819,,,,,,,,,,
LAB0033820,,,,,,,,,,
LAB0033821,,,,,,,,,,
LAB0033822,,,,,,,,,,
LAB0033823,,,,,,,,,,
LAB0033824,,,,,,,,,,
LAB0033825,,,,,,,,,,
LAB0033826,,,,,,,,,,
LAB0033827,,,,,,,,,,
LAB0033828,,,,,,,,,,
LAB0033829,,,,,,,,,,
LAB0033830,,,,,,,,,,
LAB0033831,,,,,,,,,,
LAB0033832,,,,,,,,,,
LAB0033833,,,,,,,,,,
LAB0033834,,,,,,,,,,
LAB0033835,,,,,,,,,,
LAB0033836,,,,,,,,,,
LAB0033837,,,,,,,,,,
LAB0033838,,,,,,,,,,
LAB0033839,,,,,,,,,,
LAB0033840,,,,,,,,,,
LAB0033841,,,,,,,,,,
LAB0033842,,,,,,,,,,
LAB0033843,,,,,,,,,,
LAB0033844,,,,,,,,,,
LAB0033845,,,,,,,,,,
LAB0033846,,,,,,,,,,
LAB0033847,,,,,,,,,,
LAB0033848,,,,,,,,,,
LAB0033849,,,,,,,,,,
LAB0033850,,,,,,,,,,
LAB0033851,,,,,,,,,,
LAB0033852,,,,,,,,,,
LAB0033853,,,,,,,,,,
LAB0033854,,,,,,,,,,
LAB0033855,,,,,,,,,,
LAB0033856,,,,,,,,,,
LAB0033857,,,,,,,,,,
LAB0033858,,,,,,,,,,
LAB0033859,,,,,,,,,,
LAB0033860,,,,,,,,,,
LAB0033861,,,,,,,,,,
LAB0033862,,,,,,,,,,
LAB0033863,,,,,,,,,,
LAB0033864,,,,,,,,,,
LAB0033865,,,,,,,,,,
LAB0033866,,,,,,,,,,
LAB0033867,,,,,,,,,,
LAB0033868,,,,,,,,,,
LAB0033869,,,,,,,,,,
LAB0033870,,,,,,,,,,
LAB0033871,,,,,,,,,,
LAB0033872,,,,,,,,,,
LAB0033873,,,,,,,,,,
LAB0033874,,,,,,,,,,
LAB0033875,,,,,,,,,,
LAB0033876,,,,,,,,,,
LAB0033877,,,,,,,,,,
LAB0033878,,,,,,,,,,
LAB0033879,,,,,,,,,,
LAB0033880,,,,,,,,,,
LAB0033881,,,,,,,,,,
LAB0033882,,,,,,,,,,
LAB0033883,,,,,,,,,,
LAB0033884,,,,,,,,,,
LAB0033885,,,,,,,,,,
LAB0033886,,,,,,,,,,
LAB0033887,,,,,,,,,,
LAB0033888,,,,,,,,,,
LAB0033889,,,,,,,,,,
LAB0033890,,,,,,,,,,
LAB0033891,,,,,,,,,,
LAB0033892,,,,,,,,,,
LAB0033893,,,,,,,,,,
LAB0033894,,,,,,,,,,
LAB0033895,,,,,,,,,,
LAB0033896,,,,,,,,,,
LAB0033897,,,,,,,,,,
LAB0033898,,,,,,,,,,
LAB0033899,,,,,,,,,,
LAB0033900,,,,,,,,,,
LAB0033901,,,,,,,,,,
LAB0033902,,,,,,,,,,
LAB0033903,,,,,,,,,,
LAB0033904,,,,,,,,,,
LAB0033905,,,,,,,,,,
LAB0033906,,,,,,,,,,
LAB0033907,,,,,,,,,,
LAB0033908,,,,,,,,,,
LAB0033909,,,,,,,,,,
LAB0033910,,,,,,,,,,
LAB0033911,,,,,,,,,,
LAB0033912,,,,,,,,,,
LAB0033913,,,,,,,,,,
LAB0033914,,,,,,,,,,
LAB0033915,,,,,,,,,,
LAB0033916,,,,,,,,,,
LAB0033917,,,,,,,,,,
LAB0033918,,,,,,,,,,
LAB0033919,,,,,,,,,,
LAB0033920,,,,,,,,,,
LAB0033921,,,,,,,,,,
LAB0033922,,,,,,,,,,
LAB0033923,,,,,,,,,,
LAB0033924,,,,,,,,,,
LAB0033925,,,,,,,,,,
LAB0033926,,,,,,,,,,
LAB0033927,,,,,,,,,,
LAB0033928,,,,,,,,,,
LAB0033929,,,,,,,,,,
LAB0033930,,,,,,,,,,
LAB0033931,,,,,,,,,,
LAB0033932,,,,,,,,,,
LAB0033933,,,,,,,,,,
LAB0033934,,,,,,,,,,
LAB0033935,,,,,,,,,,
LAB0033936,,,,,,,,,,
LAB0033937,,,,,,,,,,
LAB0033938,,,,,,,,,,
LAB0033939,,,,,,,,,,
LAB0033940,,,,,,,,,,
LAB0033941,,,,,,,,,,
LAB0033942,,,,,,,,,,
LAB0033943,,,,,,,,,,
LAB0033944,,,,,,,,,,
LAB0033945,,,,,,,,,,
LAB0033946,,,,,,,,,,
LAB0033947,,,,,,,,,,
LAB0033948,,,,,,,,,,
LAB0033949,,,,,,,,,,
LAB0033950,,,,,,,,,,
LAB0033951,,,,,,,,,,
LAB0033952,,,,,,,,,,
LAB0033953,,,,,,,,,,
LAB0033954,,,,,,,,,,
LAB0033955,,,,,,,,,,
LAB0033956,,,,,,,,,,
LAB0033957,,,,,,,,,,
LAB0033958,,,,,,,,,,
LAB0033959,,,,,,,,,,
LAB0033960,,,,,,,,,,
LAB0033961,,,,,,,,,,
LAB0033962,,,,,,,,,,
LAB0033963,,,,,,,,,,
LAB0033964,,,,,,,,,,
LAB0033965,,,,,,,,,,
LAB0033966,,,,,,,,,,
LAB0033967,,,,,,,,,,
LAB0033968,,,,,,,,,,
LAB0033969,,,,,,,,,,
LAB0033970,,,,,,,,,,
LAB0033971,,,,,,,,,,
LAB0033972,,,,,,,,,,
LAB0033973,,,,,,,,,,
LAB0033974,,,,,,,,,,
LAB0033975,,,,,,,,,,
LAB0033976,,,,,,,,,,
LAB0033977,,,,,,,,,,
LAB0033978,,,,,,,,,,
LAB0033979,,,,,,,,,,
LAB0033980,,,,,,,,,,
LAB0033981,,,,,,,,,,
LAB0033982,,,,,,,,,,
LAB0033983,,,,,,,,,,
LAB0033984,,,,,,,,,,
LAB0033985,,,,,,,,,,
LAB0033986,,,,,,,,,,
LAB0033987,,,,,,,,,,
LAB0033988,,,,,,,,,,
LAB0033989,,,,,,,,,,
LAB0033990,,,,,,,,,,
LAB0033991,,,,,,,,,,
LAB0033992,,,,,,,,,,
LAB0033993,,,,,,,,,,
LAB0033994,,,,,,,,,,
LAB0033995,,,,,,,,,,
LAB0033996,,,,,,,,,,
LAB0033997,,,,,,,,,,
LAB0033998,,,,,,,,,,
LAB0033999,,,,,,,,,,
LAB0034000,,,,,,,,,,
LAB0034001,,,,,,,,,,
LAB0034002,,,,,,,,,,
LAB0034003,,,,,,,,,,
LAB0034004,,,,,,,,,,
LAB0034005,,,,,,,,,,
LAB0034006,,,,,,,,,,
LAB0034007,,,,,,,,,,
LAB0034008,,,,,,,,,,
LAB0034009,,,,,,,,,,
LAB0034010,,,,,,,,,,
LAB0034011,,,,,,,,,,
LAB0034012,,,,,,,,,,
LAB0034013,,,,,,,,,,
LAB0034014,,,,,,,,,,
LAB0034015,,,,,,,,,,
LAB0034016,,,,,,,,,,
LAB0034017,,,,,,,,,,
LAB0034018,,,,,,,,,,
LAB0034019,,,,,,,,,,
LAB0034020,,,,,,,,,,
LAB0034021,,,,,,,,,,
LAB0034022,,,,,,,,,,
LAB0034023,,,,,,,,,,
LAB0034024,,,,,,,,,,
LAB0034025,,,,,,,,,,
LAB0034026,,,,,,,,,,
LAB0034027,,,,,,,,,,
LAB0034028,,,,,,,,,,
LAB0034029,,,,,,,,,,
LAB0034030,,,,,,,,,,
LAB0034031,,,,,,,,,,
LAB0034032,,,,,,,,,,
LAB0034033,,,,,,,,,,
LAB0034034,,,,,,,,,,
LAB0034035,,,,,,,,,,
LAB0034036,,,,,,,,,,
LAB0034037,,,,,,,,,,
LAB0034038,,,,,,,,,,
LAB0034039,,,,,,,,,,
LAB0034040,,,,,,,,,,
LAB0034041,,,,,,,,,,
LAB0034042,,,,,,,,,,
LAB0034043,,,,,,,,,,
LAB0034044,,,,,,,,,,
LAB0034045,,,,,,,,,,
LAB0034046,,,,,,,,,,
LAB0034047,,,,,,,,,,
LAB0034048,,,,,,,,,,
LAB0034049,,,,,,,,,,
LAB0034050,,,,,,,,,,
LAB0034051,,,,,,,,,,
LAB0034052,,,,,,,,,,
LAB0034053,,,,,,,,,,
LAB0034054,,,,,,,,,,
LAB0034055,,,,,,,,,,
LAB0034056,,,,,,,,,,
LAB0034057,,,,,,,,,,
LAB0034058,,,,,,,,,,
LAB0034059,,,,,,,,,,
LAB0034060,,,,,,,,,,
LAB0034061,,,,,,,,,,
LAB0034062,,,,,,,,,,
LAB0034063,,,,,,,,,,
LAB0034064,,,,,,,,,,
LAB0034065,,,,,,,,,,
LAB0034066,,,,,,,,,,
LAB0034067,,,,,,,,,,
LAB0034068,,,,,,,,,,
LAB0034069,,,,,,,,,,
LAB0034070,,,,,,,,,,
LAB0034071,,,,,,,,,,
LAB0034072,,,,,,,,,,
LAB0034073,,,,,,,,,,
LAB0034074,,,,,,,,,,
LAB0034075,,,,,,,,,,
LAB0034076,,,,,,,,,,
LAB0034077,,,,,,,,,,
LAB0034078,,,,,,,,,,
LAB0034079,,,,,,,,,,
LAB0034080,,,,,,,,,,
LAB0034081,,,,,,,,,,
LAB0034082,,,,,,,,,,
LAB0034083,,,,,,,,,,
LAB0034084,,,,,,,,,,
LAB0034085,,,,,,,,,,
LAB0034086,,,,,,,,,,
LAB0034087,,,,,,,,,,
LAB0034088,,,,,,,,,,
LAB0034089,,,,,,,,,,
LAB0034090,,,,,,,,,,
LAB0034091,,,,,,,,,,
LAB0034092,,,,,,,,,,
LAB0034093,,,,,,,,,,
LAB0034094,,,,,,,,,,
LAB0034095,,,,,,,,,,
LAB0034096,,,,,,,,,,
LAB0034097,,,,,,,,,,
LAB0034098,,,,,,,,,,
LAB0034099,,,,,,,,,,
LAB0034100,,,,,,,,,,
LAB0034101,,,,,,,,,,
LAB0034102,,,,,,,,,,
LAB0034103,,,,,,,,,,
LAB0034104,,,,,,,,,,
LAB0034105,,,,,,,,,,
LAB0034106,,,,,,,,,,
LAB0034107,,,,,,,,,,
LAB0034108,,,,,,,,,,
LAB0034109,,,,,,,,,,
LAB0034110,,,,,,,,,,
LAB0034111,,,,,,,,,,
LAB0034112,,,,,,,,,,
LAB0034113,,,,,,,,,,
LAB0034114,,,,,,,,,,
LAB0034115,,,,,,,,,,
LAB0034116,,,,,,,,,,
LAB0034117,,,,,,,,,,
LAB0034118,,,,,,,,,,
LAB0034119,,,,,,,,,,
LAB0034120,,,,,,,,,,
LAB0034121,,,,,,,,,,
LAB0034122,,,,,,,,,,
LAB0034123,,,,,,,,,,
LAB0034124,,,,,,,,,,
LAB0034125,,,,,,,,,,
LAB0034126,,,,,,,,,,
LAB0034127,,,,,,,,,,
LAB0034128,,,,,,,,,,
LAB0034129,,,,,,,,,,
LAB0034130,,,,,,,,,,
LAB0034131,,,,,,,,,,
LAB0034132,,,,,,,,,,
LAB0034133,,,,,,,,,,
LAB0034134,,,,,,,,,,
LAB0034135,,,,,,,,,,
LAB0034136,,,,,,,,,,
LAB0034137,,,,,,,,,,
LAB0034138,,,,,,,,,,
LAB0034139,,,,,,,,,,
LAB0034140,,,,,,,,,,
LAB0034141,,,,,,,,,,
LAB0034142,,,,,,,,,,
LAB0034143,,,,,,,,,,
LAB0034144,,,,,,,,,,
LAB0034145,,,,,,,,,,
LAB0034146,,,,,,,,,,
LAB0034147,,,,,,,,,,
LAB0034148,,,,,,,,,,
LAB0034149,,,,,,,,,,
LAB0034150,,,,,,,,,,
LAB0034151,,,,,,,,,,
LAB0034152,,,,,,,,,,
LAB0034153,,,,,,,,,,
LAB0034154,,,,,,,,,,
LAB0034155,,,,,,,,,,
LAB0034156,,,,,,,,,,
LAB0034157,,,,,,,,,,
LAB0034158,,,,,,,,,,
LAB0034159,,,,,,,,,,
LAB0034160,,,,,,,,,,
LAB0034161,,,,,,,,,,
LAB0034162,,,,,,,,,,
LAB0034163,,,,,,,,,,
LAB0034164,,,,,,,,,,
LAB0034165,,,,,,,,,,
LAB0034166,,,,,,,,,,
LAB0034167,,,,,,,,,,
LAB0034168,,,,,,,,,,
LAB0034169,,,,,,,,,,
LAB0034170,,,,,,,,,,
LAB0034171,,,,,,,,,,
LAB0034172,,,,,,,,,,
LAB0034173,,,,,,,,,,
LAB0034174,,,,,,,,,,
LAB0034175,,,,,,,,,,
LAB0034176,,,,,,,,,,
LAB0034177,,,,,,,,,,
LAB0034178,,,,,,,,,,
LAB0034179,,,,,,,,,,
LAB0034180,,,,,,,,,,
LAB0034181,,,,,,,,,,
LAB0034182,,,,,,,,,,
LAB0034183,,,,,,,,,,
LAB0034184,,,,,,,,,,
LAB0034185,,,,,,,,,,
LAB0034186,,,,,,,,,,
LAB0034187,,,,,,,,,,
LAB0034188,,,,,,,,,,
LAB0034189,,,,,,,,,,
LAB0034190,,,,,,,,,,
LAB0034191,,,,,,,,,,
LAB0034192,,,,,,,,,,
LAB0034193,,,,,,,,,,
LAB0034194,,,,,,,,,,
LAB0034195,,,,,,,,,,
LAB0034196,,,,,,,,,,
LAB0034197,,,,,,,,,,
LAB0034198,,,,,,,,,,
LAB0034199,,,,,,,,,,
LAB0034200,,,,,,,,,,
LAB0034201,,,,,,,,,,
LAB0034202,,,,,,,,,,
LAB0034203,,,,,,,,,,
LAB0034204,,,,,,,,,,
LAB0034205,,,,,,,,,,
LAB0034206,,,,,,,,,,
LAB0034207,,,,,,,,,,
LAB0034208,,,,,,,,,,
LAB0034209,,,,,,,,,,
LAB0034210,,,,,,,,,,
LAB0034211,,,,,,,,,,
LAB0034212,,,,,,,,,,
LAB0034213,,,,,,,,,,
LAB0034214,,,,,,,,,,
LAB0034215,,,,,,,,,,
LAB0034216,,,,,,,,,,
LAB0034217,,,,,,,,,,
LAB0034218,,,,,,,,,,
LAB0034219,,,,,,,,,,
LAB0034220,,,,,,,,,,
LAB0034221,,,,,,,,,,
LAB0034222,,,,,,,,,,
LAB0034223,,,,,,,,,,
LAB0034224,,,,,,,,,,
LAB0034225,,,,,,,,,,
LAB0034226,,,,,,,,,,
LAB0034227,,,,,,,,,,
LAB0034228,,,,,,,,,,
LAB0034229,,,,,,,,,,
LAB0034230,,,,,,,,,,
LAB0034231,,,,,,,,,,
LAB0034232,,,,,,,,,,
LAB0034233,,,,,,,,,,
LAB0034234,,,,,,,,,,
LAB0034235,,,,,,,,,,
LAB0034236,,,,,,,,,,
LAB0034237,,,,,,,,,,
LAB0034238,,,,,,,,,,
LAB0034239,,,,,,,,,,
LAB0034240,,,,,,,,,,
LAB0034241,,,,,,,,,,
LAB0034242,,,,,,,,,,
LAB0034243,,,,,,,,,,
LAB0034244,,,,,,,,,,
LAB0034245,,,,,,,,,,
LAB0034246,,,,,,,,,,
LAB0034247,,,,,,,,,,
LAB0034248,,,,,,,,,,
LAB0034249,,,,,,,,,,
LAB0034250,,,,,,,,,,
LAB0034251,,,,,,,,,,
LAB0034252,,,,,,,,,,
LAB0034253,,,,,,,,,,
LAB0034254,,,,,,,,,,
LAB0034255,,,,,,,,,,
LAB0034256,,,,,,,,,,
LAB0034257,,,,,,,,,,
LAB0034258,,,,,,,,,,
LAB0034259,,,,,,,,,,
LAB0034260,,,,,,,,,,
LAB0034261,,,,,,,,,,
LAB0034262,,,,,,,,,,
LAB0034263,,,,,,,,,,
LAB0034264,,,,,,,,,,
LAB0034265,,,,,,,,,,
LAB0034266,,,,,,,,,,
LAB0034267,,,,,,,,,,
LAB0034268,,,,,,,,,,
LAB0034269,,,,,,,,,,
LAB0034270,,,,,,,,,,
LAB0034271,,,,,,,,,,
LAB0034272,,,,,,,,,,
LAB0034273,,,,,,,,,,
LAB0034274,,,,,,,,,,
LAB0034275,,,,,,,,,,
LAB0034276,,,,,,,,,,
LAB0034277,,,,,,,,,,
LAB0034278,,,,,,,,,,
LAB0034279,,,,,,,,,,
LAB0034280,,,,,,,,,,
LAB0034281,,,,,,,,,,
LAB0034282,,,,,,,,,,
LAB0034283,,,,,,,,,,
LAB0034284,,,,,,,,,,
LAB0034285,,,,,,,,,,
LAB0034286,,,,,,,,,,
LAB0034287,,,,,,,,,,
LAB0034288,,,,,,,,,,
LAB0034289,,,,,,,,,,
LAB0034290,,,,,,,,,,
LAB0034291,,,,,,,,,,
LAB0034292,,,,,,,,,,
LAB0034293,,,,,,,,,,
LAB0034294,,,,,,,,,,
LAB0034295,,,,,,,,,,
LAB0034296,,,,,,,,,,
LAB0034297,,,,,,,,,,
LAB0034298,,,,,,,,,,
LAB0034299,,,,,,,,,,
LAB0034300,,,,,,,,,,
LAB0034301,,,,,,,,,,
LAB0034302,,,,,,,,,,
LAB0034303,,,,,,,,,,
LAB0034304,,,,,,,,,,
LAB0034305,,,,,,,,,,
LAB0034306,,,,,,,,,,
LAB0034307,,,,,,,,,,
LAB0034308,,,,,,,,,,
LAB0034309,,,,,,,,,,
LAB0034310,,,,,,,,,,
LAB0034311,,,,,,,,,,
LAB0034312,,,,,,,,,,
LAB0034313,,,,,,,,,,
LAB0034314,,,,,,,,,,
LAB0034315,,,,,,,,,,
LAB0034316,,,,,,,,,,
LAB0034317,,,,,,,,,,
LAB0034318,,,,,,,,,,
LAB0034319,,,,,,,,,,
LAB0034320,,,,,,,,,,
LAB0034321,,,,,,,,,,
LAB0034322,,,,,,,,,,
LAB0034323,,,,,,,,,,
LAB0034324,,,,,,,,,,
LAB0034325,,,,,,,,,,
LAB0034326,,,,,,,,,,
LAB0034327,,,,,,,,,,
LAB0034328,,,,,,,,,,
LAB0034329,,,,,,,,,,
LAB0034330,,,,,,,,,,
LAB0034331,,,,,,,,,,
LAB0034332,,,,,,,,,,
LAB0034333,,,,,,,,,,
LAB0034334,,,,,,,,,,
LAB0034335,,,,,,,,,,
LAB0034336,,,,,,,,,,
LAB0034337,,,,,,,,,,
LAB0034338,,,,,,,,,,
LAB0034339,,,,,,,,,,
LAB0034340,,,,,,,,,,
LAB0034341,,,,,,,,,,
LAB0034342,,,,,,,,,,
LAB0034343,,,,,,,,,,
LAB0034344,,,,,,,,,,
LAB0034345,,,,,,,,,,
LAB0034346,,,,,,,,,,
LAB0034347,,,,,,,,,,
LAB0034348,,,,,,,,,,
LAB0034349,,,,,,,,,,
LAB0034350,,,,,,,,,,
LAB0034351,,,,,,,,,,
LAB0034352,,,,,,,,,,
LAB0034353,,,,,,,,,,
LAB0034354,,,,,,,,,,
LAB0034355,,,,,,,,,,
LAB0034356,,,,,,,,,,
LAB0034357,,,,,,,,,,
LAB0034358,,,,,,,,,,
LAB0034359,,,,,,,,,,
LAB0034360,,,,,,,,,,
LAB0034361,,,,,,,,,,
LAB0034362,,,,,,,,,,
LAB0034363,,,,,,,,,,
LAB0034364,,,,,,,,,,
LAB0034365,,,,,,,,,,
LAB0034366,,,,,,,,,,
LAB0034367,,,,,,,,,,
LAB0034368,,,,,,,,,,
LAB0034369,,,,,,,,,,
LAB0034370,,,,,,,,,,
LAB0034371,,,,,,,,,,
LAB0034372,,,,,,,,,,
LAB0034373,,,,,,,,,,
LAB0034374,,,,,,,,,,
LAB0034375,,,,,,,,,,
LAB0034376,,,,,,,,,,
LAB0034377,,,,,,,,,,
LAB0034378,,,,,,,,,,
LAB0034379,,,,,,,,,,
LAB0034380,,,,,,,,,,
LAB0034381,,,,,,,,,,
LAB0034382,,,,,,,,,,
LAB0034383,,,,,,,,,,
LAB0034384,,,,,,,,,,
LAB0034385,,,,,,,,,,
LAB0034386,,,,,,,,,,
LAB0034387,,,,,,,,,,
LAB0034388,,,,,,,,,,
LAB0034389,,,,,,,,,,
LAB0034390,,,,,,,,,,
LAB0034391,,,,,,,,,,
LAB0034392,,,,,,,,,,
LAB0034393,,,,,,,,,,
LAB0034394,,,,,,,,,,
LAB0034395,,,,,,,,,,
LAB0034396,,,,,,,,,,
LAB0034397,,,,,,,,,,
LAB0034398,,,,,,,,,,
LAB0034399,,,,,,,,,,
LAB0034400,,,,,,,,,,
LAB0034401,,,,,,,,,,
LAB0034402,,,,,,,,,,
LAB0034403,,,,,,,,,,
LAB0034404,,,,,,,,,,
LAB0034405,,,,,,,,,,
LAB0034406,,,,,,,,,,
LAB0034407,,,,,,,,,,
LAB0034408,,,,,,,,,,
LAB0034409,,,,,,,,,,
LAB0034410,,,,,,,,,,
LAB0034411,,,,,,,,,,
LAB0034412,,,,,,,,,,
LAB0034413,,,,,,,,,,
LAB0034414,,,,,,,,,,
LAB0034415,,,,,,,,,,
LAB0034416,,,,,,,,,,
LAB0034417,,,,,,,,,,
LAB0034418,,,,,,,,,,
LAB0034419,,,,,,,,,,
LAB0034420,,,,,,,,,,
LAB0034421,,,,,,,,,,
LAB0034422,,,,,,,,,,
LAB0034423,,,,,,,,,,
LAB0034424,,,,,,,,,,
LAB0034425,,,,,,,,,,
LAB0034426,,,,,,,,,,
LAB0034427,,,,,,,,,,
LAB0034428,,,,,,,,,,
LAB0034429,,,,,,,,,,
LAB0034430,,,,,,,,,,
LAB0034431,,,,,,,,,,
LAB0034432,,,,,,,,,,
LAB0034433,,,,,,,,,,
LAB0034434,,,,,,,,,,
LAB0034435,,,,,,,,,,
LAB0034436,,,,,,,,,,
LAB0034437,,,,,,,,,,
LAB0034438,,,,,,,,,,
LAB0034439,,,,,,,,,,
LAB0034440,,,,,,,,,,
LAB0034441,,,,,,,,,,
LAB0034442,,,,,,,,,,
LAB0034443,,,,,,,,,,
LAB0034444,,,,,,,,,,
LAB0034445,,,,,,,,,,
LAB0034446,,,,,,,,,,
LAB0034447,,,,,,,,,,
LAB0034448,,,,,,,,,,
LAB0034449,,,,,,,,,,
LAB0034450,,,,,,,,,,
LAB0034451,,,,,,,,,,
LAB0034452,,,,,,,,,,
LAB0034453,,,,,,,,,,
LAB0034454,,,,,,,,,,
LAB0034455,,,,,,,,,,
LAB0034456,,,,,,,,,,
LAB0034457,,,,,,,,,,
LAB0034458,,,,,,,,,,
LAB0034459,,,,,,,,,,
LAB0034460,,,,,,,,,,
LAB0034461,,,,,,,,,,
LAB0034462,,,,,,,,,,
LAB0034463,,,,,,,,,,
LAB0034464,,,,,,,,,,
LAB0034465,,,,,,,,,,
LAB0034466,,,,,,,,,,
LAB0034467,,,,,,,,,,
LAB0034468,,,,,,,,,,
LAB0034469,,,,,,,,,,
LAB0034470,,,,,,,,,,
LAB0034471,,,,,,,,,,
LAB0034472,,,,,,,,,,
LAB0034473,,,,,,,,,,
LAB0034474,,,,,,,,,,
LAB0034475,,,,,,,,,,
LAB0034476,,,,,,,,,,
LAB0034477,,,,,,,,,,
LAB0034478,,,,,,,,,,
LAB0034479,,,,,,,,,,
LAB0034480,,,,,,,,,,
LAB0034481,,,,,,,,,,
LAB0034482,,,,,,,,,,
LAB0034483,,,,,,,,,,
LAB0034484,,,,,,,,,,
LAB0034485,,,,,,,,,,
LAB0034486,,,,,,,,,,
LAB0034487,,,,,,,,,,
LAB0034488,,,,,,,,,,
LAB0034489,,,,,,,,,,
LAB0034490,,,,,,,,,,
LAB0034491,,,,,,,,,,
LAB0034492,,,,,,,,,,
LAB0034493,,,,,,,,,,
LAB0034494,,,,,,,,,,
LAB0034495,,,,,,,,,,
LAB0034496,,,,,,,,,,
LAB0034497,,,,,,,,,,
LAB0034498,,,,,,,,,,
LAB0034499,,,,,,,,,,
LAB0034500,,,,,,,,,,
LAB0034501,,,,,,,,,,
LAB0034502,,,,,,,,,,
LAB0034503,,,,,,,,,,
LAB0034504,,,,,,,,,,
LAB0034505,,,,,,,,,,
LAB0034506,,,,,,,,,,
LAB0034507,,,,,,,,,,
LAB0034508,,,,,,,,,,
LAB0034509,,,,,,,,,,
LAB0034510,,,,,,,,,,
LAB0034511,,,,,,,,,,
LAB0034512,,,,,,,,,,
LAB0034513,,,,,,,,,,
LAB0034514,,,,,,,,,,
LAB0034515,,,,,,,,,,
LAB0034516,,,,,,,,,,
LAB0034517,,,,,,,,,,
LAB0034518,,,,,,,,,,
LAB0034519,,,,,,,,,,
LAB0034520,,,,,,,,,,
LAB0034521,,,,,,,,,,
LAB0034522,,,,,,,,,,
LAB0034523,,,,,,,,,,
LAB0034524,,,,,,,,,,
LAB0034525,,,,,,,,,,
LAB0034526,,,,,,,,,,
LAB0034527,,,,,,,,,,
LAB0034528,,,,,,,,,,
LAB0034529,,,,,,,,,,
LAB0034530,,,,,,,,,,
LAB0034531,,,,,,,,,,
LAB0034532,,,,,,,,,,
LAB0034533,,,,,,,,,,
LAB0034534,,,,,,,,,,
LAB0034535,,,,,,,,,,
LAB0034536,,,,,,,,,,
LAB0034537,,,,,,,,,,
LAB0034538,,,,,,,,,,
LAB0034539,,,,,,,,,,
LAB0034540,,,,,,,,,,
LAB0034541,,,,,,,,,,
LAB0034542,,,,,,,,,,
LAB0034543,,,,,,,,,,
LAB0034544,,,,,,,,,,
LAB0034545,,,,,,,,,,
LAB0034546,,,,,,,,,,
LAB0034547,,,,,,,,,,
LAB0034548,,,,,,,,,,
LAB0034549,,,,,,,,,,
LAB0034550,,,,,,,,,,
LAB0034551,,,,,,,,,,
LAB0034552,,,,,,,,,,
LAB0034553,,,,,,,,,,
LAB0034554,,,,,,,,,,
LAB0034555,,,,,,,,,,
LAB0034556,,,,,,,,,,
LAB0034557,,,,,,,,,,
LAB0034558,,,,,,,,,,
LAB0034559,,,,,,,,,,
LAB0034560,,,,,,,,,,
LAB0034561,,,,,,,,,,
LAB0034562,,,,,,,,,,
LAB0034563,,,,,,,,,,
LAB0034564,,,,,,,,,,
LAB0034565,,,,,,,,,,
LAB0034566,,,,,,,,,,
LAB0034567,,,,,,,,,,
LAB0034568,,,,,,,,,,
LAB0034569,,,,,,,,,,
LAB0034570,,,,,,,,,,
LAB0034571,,,,,,,,,,
LAB0034572,,,,,,,,,,
LAB0034573,,,,,,,,,,
LAB0034574,,,,,,,,,,
LAB0034575,,,,,,,,,,
LAB0034576,,,,,,,,,,
LAB0034577,,,,,,,,,,
LAB0034578,,,,,,,,,,
LAB0034579,,,,,,,,,,
LAB0034580,,,,,,,,,,
LAB0034581,,,,,,,,,,
LAB0034582,,,,,,,,,,
LAB0034583,,,,,,,,,,
LAB0034584,,,,,,,,,,
LAB0034585,,,,,,,,,,
LAB0034586,,,,,,,,,,
LAB0034587,,,,,,,,,,
LAB0034588,,,,,,,,,,
LAB0034589,,,,,,,,,,
LAB0034590,,,,,,,,,,
LAB0034591,,,,,,,,,,
LAB0034592,,,,,,,,,,
LAB0034593,,,,,,,,,,
LAB0034594,,,,,,,,,,
LAB0034595,,,,,,,,,,
LAB0034596,,,,,,,,,,
LAB0034597,,,,,,,,,,
LAB0034598,,,,,,,,,,
LAB0034599,,,,,,,,,,
LAB0034600,,,,,,,,,,
LAB0034601,,,,,,,,,,
LAB0034602,,,,,,,,,,
LAB0034603,,,,,,,,,,
LAB0034604,,,,,,,,,,
LAB0034605,,,,,,,,,,
LAB0034606,,,,,,,,,,
LAB0034607,,,,,,,,,,
LAB0034608,,,,,,,,,,
LAB0034609,,,,,,,,,,
LAB0034610,,,,,,,,,,
LAB0034611,,,,,,,,,,
LAB0034612,,,,,,,,,,
LAB0034613,,,,,,,,,,
LAB0034614,,,,,,,,,,
LAB0034615,,,,,,,,,,
LAB0034616,,,,,,,,,,
LAB0034617,,,,,,,,,,
LAB0034618,,,,,,,,,,
LAB0034619,,,,,,,,,,
LAB0034620,,,,,,,,,,
LAB0034621,,,,,,,,,,
LAB0034622,,,,,,,,,,
LAB0034623,,,,,,,,,,
LAB0034624,,,,,,,,,,
LAB0034625,,,,,,,,,,
LAB0034626,,,,,,,,,,
LAB0034627,,,,,,,,,,
LAB0034628,,,,,,,,,,
LAB0034629,,,,,,,,,,
LAB0034630,,,,,,,,,,
LAB0034631,,,,,,,,,,
LAB0034632,,,,,,,,,,
LAB0034633,,,,,,,,,,
LAB0034634,,,,,,,,,,
LAB0034635,,,,,,,,,,
LAB0034636,,,,,,,,,,
LAB0034637,,,,,,,,,,
LAB0034638,,,,,,,,,,
LAB0034639,,,,,,,,,,
LAB0034640,,,,,,,,,,
LAB0034641,,,,,,,,,,
LAB0034642,,,,,,,,,,
LAB0034643,,,,,,,,,,
LAB0034644,,,,,,,,,,
LAB0034645,,,,,,,,,,
LAB0034646,,,,,,,,,,
LAB0034647,,,,,,,,,,
LAB0034648,,,,,,,,,,
LAB0034649,,,,,,,,,,
LAB0034650,,,,,,,,,,
LAB0034651,,,,,,,,,,
LAB0034652,,,,,,,,,,
LAB0034653,,,,,,,,,,
LAB0034654,,,,,,,,,,
LAB0034655,,,,,,,,,,
LAB0034656,,,,,,,,,,
LAB0034657,,,,,,,,,,
LAB0034658,,,,,,,,,,
LAB0034659,,,,,,,,,,
LAB0034660,,,,,,,,,,
LAB0034661,,,,,,,,,,
LAB0034662,,,,,,,,,,
LAB0034663,,,,,,,,,,
LAB0034664,,,,,,,,,,
LAB0034665,,,,,,,,,,
LAB0034666,,,,,,,,,,
LAB0034667,,,,,,,,,,
LAB0034668,,,,,,,,,,
LAB0034669,,,,,,,,,,
LAB0034670,,,,,,,,,,
LAB0034671,,,,,,,,,,
LAB0034672,,,,,,,,,,
LAB0034673,,,,,,,,,,
LAB0034674,,,,,,,,,,
LAB0034675,,,,,,,,,,
LAB0034676,,,,,,,,,,
LAB0034677,,,,,,,,,,
LAB0034678,,,,,,,,,,
LAB0034679,,,,,,,,,,
LAB0034680,,,,,,,,,,
LAB0034681,,,,,,,,,,
LAB0034682,,,,,,,,,,
LAB0034683,,,,,,,,,,
LAB0034684,,,,,,,,,,
LAB0034685,,,,,,,,,,
LAB0034686,,,,,,,,,,
LAB0034687,,,,,,,,,,
LAB0034688,,,,,,,,,,
LAB0034689,,,,,,,,,,
LAB0034690,,,,,,,,,,
LAB0034691,,,,,,,,,,
LAB0034692,,,,,,,,,,
LAB0034693,,,,,,,,,,
LAB0034694,,,,,,,,,,
LAB0034695,,,,,,,,,,
LAB0034696,,,,,,,,,,
LAB0034697,,,,,,,,,,
LAB0034698,,,,,,,,,,
LAB0034699,,,,,,,,,,
LAB0034700,,,,,,,,,,
LAB0034701,,,,,,,,,,
LAB0034702,,,,,,,,,,
LAB0034703,,,,,,,,,,
LAB0034704,,,,,,,,,,
LAB0034705,,,,,,,,,,
LAB0034706,,,,,,,,,,
LAB0034707,,,,,,,,,,
LAB0034708,,,,,,,,,,
LAB0034709,,,,,,,,,,
LAB0034710,,,,,,,,,,
LAB0034711,,,,,,,,,,
LAB0034712,,,,,,,,,,
LAB0034713,,,,,,,,,,
LAB0034714,,,,,,,,,,
LAB0034715,,,,,,,,,,
LAB0034716,,,,,,,,,,
LAB0034717,,,,,,,,,,
LAB0034718,,,,,,,,,,
LAB0034719,,,,,,,,,,
LAB0034720,,,,,,,,,,
LAB0034721,,,,,,,,,,
LAB0034722,,,,,,,,,,
LAB0034723,,,,,,,,,,
LAB0034724,,,,,,,,,,
LAB0034725,,,,,,,,,,
LAB0034726,,,,,,,,,,
LAB0034727,,,,,,,,,,
LAB0034728,,,,,,,,,,
LAB0034729,,,,,,,,,,
LAB0034730,,,,,,,,,,
LAB0034731,,,,,,,,,,
LAB0034732,,,,,,,,,,
LAB0034733,,,,,,,,,,
LAB0034734,,,,,,,,,,
LAB0034735,,,,,,,,,,
LAB0034736,,,,,,,,,,
LAB0034737,,,,,,,,,,
LAB0034738,,,,,,,,,,
LAB0034739,,,,,,,,,,
LAB0034740,,,,,,,,,,
LAB0034741,,,,,,,,,,
LAB0034742,,,,,,,,,,
LAB0034743,,,,,,,,,,
LAB0034744,,,,,,,,,,
LAB0034745,,,,,,,,,,
LAB0034746,,,,,,,,,,
LAB0034747,,,,,,,,,,
LAB0034748,,,,,,,,,,
LAB0034749,,,,,,,,,,
LAB0034750,,,,,,,,,,
LAB0034751,,,,,,,,,,
LAB0034752,,,,,,,,,,
LAB0034753,,,,,,,,,,
LAB0034754,,,,,,,,,,
LAB0034755,,,,,,,,,,
LAB0034756,,,,,,,,,,
LAB0034757,,,,,,,,,,
LAB0034758,,,,,,,,,,
LAB0034759,,,,,,,,,,
LAB0034760,,,,,,,,,,
LAB0034761,,,,,,,,,,
LAB0034762,,,,,,,,,,
LAB0034763,,,,,,,,,,
LAB0034764,,,,,,,,,,
LAB0034765,,,,,,,,,,
LAB0034766,,,,,,,,,,
LAB0034767,,,,,,,,,,
LAB0034768,,,,,,,,,,
LAB0034769,,,,,,,,,,
LAB0034770,,,,,,,,,,
LAB0034771,,,,,,,,,,
LAB0034772,,,,,,,,,,
LAB0034773,,,,,,,,,,
LAB0034774,,,,,,,,,,
LAB0034775,,,,,,,,,,
LAB0034776,,,,,,,,,,
LAB0034777,,,,,,,,,,
LAB0034778,,,,,,,,,,
LAB0034779,,,,,,,,,,
LAB0034780,,,,,,,,,,
LAB0034781,,,,,,,,,,
LAB0034782,,,,,,,,,,
LAB0034783,,,,,,,,,,
LAB0034784,,,,,,,,,,
LAB0034785,,,,,,,,,,
LAB0034786,,,,,,,,,,
LAB0034787,,,,,,,,,,
LAB0034788,,,,,,,,,,
LAB0034789,,,,,,,,,,
LAB0034790,,,,,,,,,,
LAB0034791,,,,,,,,,,
LAB0034792,,,,,,,,,,
LAB0034793,,,,,,,,,,
LAB0034794,,,,,,,,,,
LAB0034795,,,,,,,,,,
LAB0034796,,,,,,,,,,
LAB0034797,,,,,,,,,,
LAB0034798,,,,,,,,,,
LAB0034799,,,,,,,,,,
LAB0034800,,,,,,,,,,
LAB0034801,,,,,,,,,,
LAB0034802,,,,,,,,,,
LAB0034803,,,,,,,,,,
LAB0034804,,,,,,,,,,
LAB0034805,,,,,,,,,,
LAB0034806,,,,,,,,,,
LAB0034807,,,,,,,,,,
LAB0034808,,,,,,,,,,
LAB0034809,,,,,,,,,,
LAB0034810,,,,,,,,,,
LAB0034811,,,,,,,,,,
LAB0034812,,,,,,,,,,
LAB0034813,,,,,,,,,,
LAB0034814,,,,,,,,,,
LAB0034815,,,,,,,,,,
LAB0034816,,,,,,,,,,
LAB0034817,,,,,,,,,,
LAB0034818,,,,,,,,,,
LAB0034819,,,,,,,,,,
LAB0034820,,,,,,,,,,
LAB0034821,,,,,,,,,,
LAB0034822,,,,,,,,,,
LAB0034823,,,,,,,,,,
LAB0034824,,,,,,,,,,
LAB0034825,,,,,,,,,,
LAB0034826,,,,,,,,,,
LAB0034827,,,,,,,,,,
LAB0034828,,,,,,,,,,
LAB0034829,,,,,,,,,,
LAB0034830,,,,,,,,,,
LAB0034831,,,,,,,,,,
LAB0034832,,,,,,,,,,
LAB0034833,,,,,,,,,,
LAB0034834,,,,,,,,,,
LAB0034835,,,,,,,,,,
LAB0034836,,,,,,,,,,
LAB0034837,,,,,,,,,,
LAB0034838,,,,,,,,,,
LAB0034839,,,,,,,,,,
LAB0034840,,,,,,,,,,
LAB0034841,,,,,,,,,,
LAB0034842,,,,,,,,,,
LAB0034843,,,,,,,,,,
LAB0034844,,,,,,,,,,
LAB0034845,,,,,,,,,,
LAB0034846,,,,,,,,,,
LAB0034847,,,,,,,,,,
LAB0034848,,,,,,,,,,
LAB0034849,,,,,,,,,,
LAB0034850,,,,,,,,,,
LAB0034851,,,,,,,,,,
LAB0034852,,,,,,,,,,
LAB0034853,,,,,,,,,,
LAB0034854,,,,,,,,,,
LAB0034855,,,,,,,,,,
LAB0034856,,,,,,,,,,
LAB0034857,,,,,,,,,,
LAB0034858,,,,,,,,,,
LAB0034859,,,,,,,,,,
LAB0034860,,,,,,,,,,
LAB0034861,,,,,,,,,,
LAB0034862,,,,,,,,,,
LAB0034863,,,,,,,,,,
LAB0034864,,,,,,,,,,
LAB0034865,,,,,,,,,,
LAB0034866,,,,,,,,,,
LAB0034867,,,,,,,,,,
LAB0034868,,,,,,,,,,
LAB0034869,,,,,,,,,,
LAB0034870,,,,,,,,,,
LAB0034871,,,,,,,,,,
LAB0034872,,,,,,,,,,
LAB0034873,,,,,,,,,,
LAB0034874,,,,,,,,,,
LAB0034875,,,,,,,,,,
LAB0034876,,,,,,,,,,
LAB0034877,,,,,,,,,,
LAB0034878,,,,,,,,,,
LAB0034879,,,,,,,,,,
LAB0034880,,,,,,,,,,
LAB0034881,,,,,,,,,,
LAB0034882,,,,,,,,,,
LAB0034883,,,,,,,,,,
LAB0034884,,,,,,,,,,
LAB0034885,,,,,,,,,,
LAB0034886,,,,,,,,,,
LAB0034887,,,,,,,,,,
LAB0034888,,,,,,,,,,
LAB0034889,,,,,,,,,,
LAB0034890,,,,,,,,,,
LAB0034891,,,,,,,,,,
LAB0034892,,,,,,,,,,
LAB0034893,,,,,,,,,,
LAB0034894,,,,,,,,,,
LAB0034895,,,,,,,,,,
LAB0034896,,,,,,,,,,
LAB0034897,,,,,,,,,,
LAB0034898,,,,,,,,,,
LAB0034899,,,,,,,,,,
LAB0034900,,,,,,,,,,
LAB0034901,,,,,,,,,,
LAB0034902,,,,,,,,,,
LAB0034903,,,,,,,,,,
LAB0034904,,,,,,,,,,
LAB0034905,,,,,,,,,,
LAB0034906,,,,,,,,,,
LAB0034907,,,,,,,,,,
LAB0034908,,,,,,,,,,
LAB0034909,,,,,,,,,,
LAB0034910,,,,,,,,,,
LAB0034911,,,,,,,,,,
LAB0034912,,,,,,,,,,
LAB0034913,,,,,,,,,,
LAB0034914,,,,,,,,,,
LAB0034915,,,,,,,,,,
LAB0034916,,,,,,,,,,
LAB0034917,,,,,,,,,,
LAB0034918,,,,,,,,,,
LAB0034919,,,,,,,,,,
LAB0034920,,,,,,,,,,
LAB0034921,,,,,,,,,,
LAB0034922,,,,,,,,,,
LAB0034923,,,,,,,,,,
LAB0034924,,,,,,,,,,
LAB0034925,,,,,,,,,,
LAB0034926,,,,,,,,,,
LAB0034927,,,,,,,,,,
LAB0034928,,,,,,,,,,
LAB0034929,,,,,,,,,,
LAB0034930,,,,,,,,,,
LAB0034931,,,,,,,,,,
LAB0034932,,,,,,,,,,
LAB0034933,,,,,,,,,,
LAB0034934,,,,,,,,,,
LAB0034935,,,,,,,,,,
LAB0034936,,,,,,,,,,
LAB0034937,,,,,,,,,,
LAB0034938,,,,,,,,,,
LAB0034939,,,,,,,,,,
LAB0034940,,,,,,,,,,
LAB0034941,,,,,,,,,,
LAB0034942,,,,,,,,,,
LAB0034943,,,,,,,,,,
LAB0034944,,,,,,,,,,
LAB0034945,,,,,,,,,,
LAB0034946,,,,,,,,,,
LAB0034947,,,,,,,,,,
LAB0034948,,,,,,,,,,
LAB0034949,,,,,,,,,,
LAB0034950,,,,,,,,,,
LAB0034951,,,,,,,,,,
LAB0034952,,,,,,,,,,
LAB0034953,,,,,,,,,,
LAB0034954,,,,,,,,,,
LAB0034955,,,,,,,,,,
LAB0034956,,,,,,,,,,
LAB0034957,,,,,,,,,,
LAB0034958,,,,,,,,,,
LAB0034959,,,,,,,,,,
LAB0034960,,,,,,,,,,
LAB0034961,,,,,,,,,,
LAB0034962,,,,,,,,,,
LAB0034963,,,,,,,,,,
LAB0034964,,,,,,,,,,
LAB0034965,,,,,,,,,,
LAB0034966,,,,,,,,,,
LAB0034967,,,,,,,,,,
LAB0034968,,,,,,,,,,
LAB0034969,,,,,,,,,,
LAB0034970,,,,,,,,,,
LAB0034971,,,,,,,,,,
LAB0034972,,,,,,,,,,
LAB0034973,,,,,,,,,,
LAB0034974,,,,,,,,,,
LAB0034975,,,,,,,,,,
LAB0034976,,,,,,,,,,
LAB0034977,,,,,,,,,,
LAB0034978,,,,,,,,,,
LAB0034979,,,,,,,,,,
LAB0034980,,,,,,,,,,
LAB0034981,,,,,,,,,,
LAB0034982,,,,,,,,,,
LAB0034983,,,,,,,,,,
LAB0034984,,,,,,,,,,
LAB0034985,,,,,,,,,,
LAB0034986,,,,,,,,,,
LAB0034987,,,,,,,,,,
LAB0034988,,,,,,,,,,
LAB0034989,,,,,,,,,,
LAB0034990,,,,,,,,,,
LAB0034991,,,,,,,,,,
LAB0034992,,,,,,,,,,
LAB0034993,,,,,,,,,,
LAB0034994,,,,,,,,,,
LAB0034995,,,,,,,,,,
LAB0034996,,,,,,,,,,
LAB0034997,,,,,,,,,,
LAB0034998,,,,,,,,,,
LAB0034999,,,,,,,,,,
LAB0035000,,,,,,,,,,
LAB0035001,,,,,,,,,,
LAB0035002,,,,,,,,,,
LAB0035003,,,,,,,,,,
LAB0035004,,,,,,,,,,
LAB0035005,,,,,,,,,,
LAB0035006,,,,,,,,,,
LAB0035007,,,,,,,,,,
LAB0035008,,,,,,,,,,
LAB0035009,,,,,,,,,,
LAB0035010,,,,,,,,,,
LAB0035011,,,,,,,,,,
LAB0035012,,,,,,,,,,
LAB0035013,,,,,,,,,,
LAB0035014,,,,,,,,,,
LAB0035015,,,,,,,,,,
LAB0035016,,,,,,,,,,
LAB0035017,,,,,,,,,,
LAB0035018,,,,,,,,,,
LAB0035019,,,,,,,,,,
LAB0035020,,,,,,,,,,
LAB0035021,,,,,,,,,,
LAB0035022,,,,,,,,,,
LAB0035023,,,,,,,,,,
LAB0035024,,,,,,,,,,
LAB0035025,,,,,,,,,,
LAB0035026,,,,,,,,,,
LAB0035027,,,,,,,,,,
LAB0035028,,,,,,,,,,
LAB0035029,,,,,,,,,,
LAB0035030,,,,,,,,,,
LAB0035031,,,,,,,,,,
LAB0035032,,,,,,,,,,
LAB0035033,,,,,,,,,,
LAB0035034,,,,,,,,,,
LAB0035035,,,,,,,,,,
LAB0035036,,,,,,,,,,
LAB0035037,,,,,,,,,,
LAB0035038,,,,,,,,,,
LAB0035039,,,,,,,,,,
LAB0035040,,,,,,,,,,
LAB0035041,,,,,,,,,,
LAB0035042,,,,,,,,,,
LAB0035043,,,,,,,,,,
LAB0035044,,,,,,,,,,
LAB0035045,,,,,,,,,,
LAB0035046,,,,,,,,,,
LAB0035047,,,,,,,,,,
LAB0035048,,,,,,,,,,
LAB0035049,,,,,,,,,,
LAB0035050,,,,,,,,,,
LAB0035051,,,,,,,,,,
LAB0035052,,,,,,,,,,
LAB0035053,,,,,,,,,,
LAB0035054,,,,,,,,,,
LAB0035055,,,,,,,,,,
LAB0035056,,,,,,,,,,
LAB0035057,,,,,,,,,,
LAB0035058,,,,,,,,,,
LAB0035059,,,,,,,,,,
LAB0035060,,,,,,,,,,
LAB0035061,,,,,,,,,,
LAB0035062,,,,,,,,,,
LAB0035063,,,,,,,,,,
LAB0035064,,,,,,,,,,
LAB0035065,,,,,,,,,,
LAB0035066,,,,,,,,,,
LAB0035067,,,,,,,,,,
LAB0035068,,,,,,,,,,
LAB0035069,,,,,,,,,,
LAB0035070,,,,,,,,,,
LAB0035071,,,,,,,,,,
LAB0035072,,,,,,,,,,
LAB0035073,,,,,,,,,,
LAB0035074,,,,,,,,,,
LAB0035075,,,,,,,,,,
LAB0035076,,,,,,,,,,
LAB0035077,,,,,,,,,,
LAB0035078,,,,,,,,,,
LAB0035079,,,,,,,,,,
LAB0035080,,,,,,,,,,
LAB0035081,,,,,,,,,,
LAB0035082,,,,,,,,,,
LAB0035083,,,,,,,,,,
LAB0035084,,,,,,,,,,
LAB0035085,,,,,,,,,,
LAB0035086,,,,,,,,,,
LAB0035087,,,,,,,,,,
LAB0035088,,,,,,,,,,
LAB0035089,,,,,,,,,,
LAB0035090,,,,,,,,,,
LAB0035091,,,,,,,,,,
LAB0035092,,,,,,,,,,
LAB0035093,,,,,,,,,,
LAB0035094,,,,,,,,,,
LAB0035095,,,,,,,,,,
LAB0035096,,,,,,,,,,
LAB0035097,,,,,,,,,,
LAB0035098,,,,,,,,,,
LAB0035099,,,,,,,,,,
LAB0035100,,,,,,,,,,
LAB0035101,,,,,,,,,,
LAB0035102,,,,,,,,,,
LAB0035103,,,,,,,,,,
LAB0035104,,,,,,,,,,
LAB0035105,,,,,,,,,,
LAB0035106,,,,,,,,,,
LAB0035107,,,,,,,,,,
LAB0035108,,,,,,,,,,
LAB0035109,,,,,,,,,,
LAB0035110,,,,,,,,,,
LAB0035111,,,,,,,,,,
LAB0035112,,,,,,,,,,
LAB0035113,,,,,,,,,,
LAB0035114,,,,,,,,,,
LAB0035115,,,,,,,,,,
LAB0035116,,,,,,,,,,
LAB0035117,,,,,,,,,,
LAB0035118,,,,,,,,,,
LAB0035119,,,,,,,,,,
LAB0035120,,,,,,,,,,
LAB0035121,,,,,,,,,,
LAB0035122,,,,,,,,,,
LAB0035123,,,,,,,,,,
LAB0035124,,,,,,,,,,
LAB0035125,,,,,,,,,,
LAB0035126,,,,,,,,,,
LAB0035127,,,,,,,,,,
LAB0035128,,,,,,,,,,
LAB0035129,,,,,,,,,,
LAB0035130,,,,,,,,,,
LAB0035131,,,,,,,,,,
LAB0035132,,,,,,,,,,
LAB0035133,,,,,,,,,,
LAB0035134,,,,,,,,,,
LAB0035135,,,,,,,,,,
LAB0035136,,,,,,,,,,
LAB0035137,,,,,,,,,,
LAB0035138,,,,,,,,,,
LAB0035139,,,,,,,,,,
LAB0035140,,,,,,,,,,
LAB0035141,,,,,,,,,,
LAB0035142,,,,,,,,,,
LAB0035143,,,,,,,,,,
LAB0035144,,,,,,,,,,
LAB0035145,,,,,,,,,,
LAB0035146,,,,,,,,,,
LAB0035147,,,,,,,,,,
LAB0035148,,,,,,,,,,
LAB0035149,,,,,,,,,,
LAB0035150,,,,,,,,,,
LAB0035151,,,,,,,,,,
LAB0035152,,,,,,,,,,
LAB0035153,,,,,,,,,,
LAB0035154,,,,,,,,,,
LAB0035155,,,,,,,,,,
LAB0035156,,,,,,,,,,
LAB0035157,,,,,,,,,,
LAB0035158,,,,,,,,,,
LAB0035159,,,,,,,,,,
LAB0035160,,,,,,,,,,
LAB0035161,,,,,,,,,,
LAB0035162,,,,,,,,,,
LAB0035163,,,,,,,,,,
LAB0035164,,,,,,,,,,
LAB0035165,,,,,,,,,,
LAB0035166,,,,,,,,,,
LAB0035167,,,,,,,,,,
LAB0035168,,,,,,,,,,
LAB0035169,,,,,,,,,,
LAB0035170,,,,,,,,,,
LAB0035171,,,,,,,,,,
LAB0035172,,,,,,,,,,
LAB0035173,,,,,,,,,,
LAB0035174,,,,,,,,,,
LAB0035175,,,,,,,,,,
LAB0035176,,,,,,,,,,
LAB0035177,,,,,,,,,,
LAB0035178,,,,,,,,,,
LAB0035179,,,,,,,,,,
LAB0035180,,,,,,,,,,
LAB0035181,,,,,,,,,,
LAB0035182,,,,,,,,,,
LAB0035183,,,,,,,,,,
LAB0035184,,,,,,,,,,
LAB0035185,,,,,,,,,,
LAB0035186,,,,,,,,,,
LAB0035187,,,,,,,,,,
LAB0035188,,,,,,,,,,
LAB0035189,,,,,,,,,,
LAB0035190,,,,,,,,,,
LAB0035191,,,,,,,,,,
LAB0035192,,,,,,,,,,
LAB0035193,,,,,,,,,,
LAB0035194,,,,,,,,,,
LAB0035195,,,,,,,,,,
LAB0035196,,,,,,,,,,
LAB0035197,,,,,,,,,,
LAB0035198,,,,,,,,,,
LAB0035199,,,,,,,,,,
LAB0035200,,,,,,,,,,
LAB0035201,,,,,,,,,,
LAB0035202,,,,,,,,,,
LAB0035203,,,,,,,,,,
LAB0035204,,,,,,,,,,
LAB0035205,,,,,,,,,,
LAB0035206,,,,,,,,,,
LAB0035207,,,,,,,,,,
LAB0035208,,,,,,,,,,
LAB0035209,,,,,,,,,,
LAB0035210,,,,,,,,,,
LAB0035211,,,,,,,,,,
LAB0035212,,,,,,,,,,
LAB0035213,,,,,,,,,,
LAB0035214,,,,,,,,,,
LAB0035215,,,,,,,,,,
LAB0035216,,,,,,,,,,
LAB0035217,,,,,,,,,,
LAB0035218,,,,,,,,,,
LAB0035219,,,,,,,,,,
LAB0035220,,,,,,,,,,
LAB0035221,,,,,,,,,,
LAB0035222,,,,,,,,,,
LAB0035223,,,,,,,,,,
LAB0035224,,,,,,,,,,
LAB0035225,,,,,,,,,,
LAB0035226,,,,,,,,,,
LAB0035227,,,,,,,,,,
LAB0035228,,,,,,,,,,
LAB0035229,,,,,,,,,,
LAB0035230,,,,,,,,,,
LAB0035231,,,,,,,,,,
LAB0035232,,,,,,,,,,
LAB0035233,,,,,,,,,,
LAB0035234,,,,,,,,,,
LAB0035235,,,,,,,,,,
LAB0035236,,,,,,,,,,
LAB0035237,,,,,,,,,,
LAB0035238,,,,,,,,,,
LAB0035239,,,,,,,,,,
LAB0035240,,,,,,,,,,
LAB0035241,,,,,,,,,,
LAB0035242,,,,,,,,,,
LAB0035243,,,,,,,,,,
LAB0035244,,,,,,,,,,
LAB0035245,,,,,,,,,,
LAB0035246,,,,,,,,,,
LAB0035247,,,,,,,,,,
LAB0035248,,,,,,,,,,
LAB0035249,,,,,,,,,,
LAB0035250,,,,,,,,,,
LAB0035251,,,,,,,,,,
LAB0035252,,,,,,,,,,
LAB0035253,,,,,,,,,,
LAB0035254,,,,,,,,,,
LAB0035255,,,,,,,,,,
LAB0035256,,,,,,,,,,
LAB0035257,,,,,,,,,,
LAB0035258,,,,,,,,,,
LAB0035259,,,,,,,,,,
LAB0035260,,,,,,,,,,
LAB0035261,,,,,,,,,,
LAB0035262,,,,,,,,,,
LAB0035263,,,,,,,,,,
LAB0035264,,,,,,,,,,
LAB0035265,,,,,,,,,,
LAB0035266,,,,,,,,,,
LAB0035267,,,,,,,,,,
LAB0035268,,,,,,,,,,
LAB0035269,,,,,,,,,,
LAB0035270,,,,,,,,,,
LAB0035271,,,,,,,,,,
LAB0035272,,,,,,,,,,
LAB0035273,,,,,,,,,,
LAB0035274,,,,,,,,,,
LAB0035275,,,,,,,,,,
LAB0035276,,,,,,,,,,
LAB0035277,,,,,,,,,,
LAB0035278,,,,,,,,,,
LAB0035279,,,,,,,,,,
LAB0035280,,,,,,,,,,
LAB0035281,,,,,,,,,,
LAB0035282,,,,,,,,,,
LAB0035283,,,,,,,,,,
LAB0035284,,,,,,,,,,
LAB0035285,,,,,,,,,,
LAB0035286,,,,,,,,,,
LAB0035287,,,,,,,,,,
LAB0035288,,,,,,,,,,
LAB0035289,,,,,,,,,,
LAB0035290,,,,,,,,,,
LAB0035291,,,,,,,,,,
LAB0035292,,,,,,,,,,
LAB0035293,,,,,,,,,,
LAB0035294,,,,,,,,,,
LAB0035295,,,,,,,,,,
LAB0035296,,,,,,,,,,
LAB0035297,,,,,,,,,,
LAB0035298,,,,,,,,,,
LAB0035299,,,,,,,,,,
LAB0035300,,,,,,,,,,
LAB0035301,,,,,,,,,,
LAB0035302,,,,,,,,,,
LAB0035303,,,,,,,,,,
LAB0035304,,,,,,,,,,
LAB0035305,,,,,,,,,,
LAB0035306,,,,,,,,,,
LAB0035307,,,,,,,,,,
LAB0035308,,,,,,,,,,
LAB0035309,,,,,,,,,,
LAB0035310,,,,,,,,,,
LAB0035311,,,,,,,,,,
LAB0035312,,,,,,,,,,
LAB0035313,,,,,,,,,,
LAB0035314,,,,,,,,,,
LAB0035315,,,,,,,,,,
LAB0035316,,,,,,,,,,
LAB0035317,,,,,,,,,,
LAB0035318,,,,,,,,,,
LAB0035319,,,,,,,,,,
LAB0035320,,,,,,,,,,
LAB0035321,,,,,,,,,,
LAB0035322,,,,,,,,,,
LAB0035323,,,,,,,,,,
LAB0035324,,,,,,,,,,
LAB0035325,,,,,,,,,,
LAB0035326,,,,,,,,,,
LAB0035327,,,,,,,,,,
LAB0035328,,,,,,,,,,
LAB0035329,,,,,,,,,,
LAB0035330,,,,,,,,,,
LAB0035331,,,,,,,,,,
LAB0035332,,,,,,,,,,
LAB0035333,,,,,,,,,,
LAB0035334,,,,,,,,,,
LAB0035335,,,,,,,,,,
LAB0035336,,,,,,,,,,
LAB0035337,,,,,,,,,,
LAB0035338,,,,,,,,,,
LAB0035339,,,,,,,,,,
LAB0035340,,,,,,,,,,
LAB0035341,,,,,,,,,,
LAB0035342,,,,,,,,,,
LAB0035343,,,,,,,,,,
LAB0035344,,,,,,,,,,
LAB0035345,,,,,,,,,,
LAB0035346,,,,,,,,,,
LAB0035347,,,,,,,,,,
LAB0035348,,,,,,,,,,
LAB0035349,,,,,,,,,,
LAB0035350,,,,,,,,,,
LAB0035351,,,,,,,,,,
LAB0035352,,,,,,,,,,
LAB0035353,,,,,,,,,,
LAB0035354,,,,,,,,,,
LAB0035355,,,,,,,,,,
LAB0035356,,,,,,,,,,
LAB0035357,,,,,,,,,,
LAB0035358,,,,,,,,,,
LAB0035359,,,,,,,,,,
LAB0035360,,,,,,,,,,
LAB0035361,,,,,,,,,,
LAB0035362,,,,,,,,,,
LAB0035363,,,,,,,,,,
LAB0035364,,,,,,,,,,
LAB0035365,,,,,,,,,,
LAB0035366,,,,,,,,,,
LAB0035367,,,,,,,,,,
LAB0035368,,,,,,,,,,
LAB0035369,,,,,,,,,,
LAB0035370,,,,,,,,,,
LAB0035371,,,,,,,,,,
LAB0035372,,,,,,,,,,
LAB0035373,,,,,,,,,,
LAB0035374,,,,,,,,,,
LAB0035375,,,,,,,,,,
LAB0035376,,,,,,,,,,
LAB0035377,,,,,,,,,,
LAB0035378,,,,,,,,,,
LAB0035379,,,,,,,,,,
LAB0035380,,,,,,,,,,
LAB0035381,,,,,,,,,,
LAB0035382,,,,,,,,,,
LAB0035383,,,,,,,,,,
LAB0035384,,,,,,,,,,
LAB0035385,,,,,,,,,,
LAB0035386,,,,,,,,,,
LAB0035387,,,,,,,,,,
LAB0035388,,,,,,,,,,
LAB0035389,,,,,,,,,,
LAB0035390,,,,,,,,,,
LAB0035391,,,,,,,,,,
LAB0035392,,,,,,,,,,
LAB0035393,,,,,,,,,,
LAB0035394,,,,,,,,,,
LAB0035395,,,,,,,,,,
LAB0035396,,,,,,,,,,
LAB0035397,,,,,,,,,,
LAB0035398,,,,,,,,,,
LAB0035399,,,,,,,,,,
LAB0035400,,,,,,,,,,
LAB0035401,,,,,,,,,,
LAB0035402,,,,,,,,,,
LAB0035403,,,,,,,,,,
LAB0035404,,,,,,,,,,
LAB0035405,,,,,,,,,,
LAB0035406,,,,,,,,,,
LAB0035407,,,,,,,,,,
LAB0035408,,,,,,,,,,
LAB0035409,,,,,,,,,,
LAB0035410,,,,,,,,,,
LAB0035411,,,,,,,,,,
LAB0035412,,,,,,,,,,
LAB0035413,,,,,,,,,,
LAB0035414,,,,,,,,,,
LAB0035415,,,,,,,,,,
LAB0035416,,,,,,,,,,
LAB0035417,,,,,,,,,,
LAB0035418,,,,,,,,,,
LAB0035419,,,,,,,,,,
LAB0035420,,,,,,,,,,
LAB0035421,,,,,,,,,,
LAB0035422,,,,,,,,,,
LAB0035423,,,,,,,,,,
LAB0035424,,,,,,,,,,
LAB0035425,,,,,,,,,,
LAB0035426,,,,,,,,,,
LAB0035427,,,,,,,,,,
LAB0035428,,,,,,,,,,
LAB0035429,,,,,,,,,,
LAB0035430,,,,,,,,,,
LAB0035431,,,,,,,,,,
LAB0035432,,,,,,,,,,
LAB0035433,,,,,,,,,,
LAB0035434,,,,,,,,,,
LAB0035435,,,,,,,,,,
LAB0035436,,,,,,,,,,
LAB0035437,,,,,,,,,,
LAB0035438,,,,,,,,,,
LAB0035439,,,,,,,,,,
LAB0035440,,,,,,,,,,
LAB0035441,,,,,,,,,,
LAB0035442,,,,,,,,,,
LAB0035443,,,,,,,,,,
LAB0035444,,,,,,,,,,
LAB0035445,,,,,,,,,,
LAB0035446,,,,,,,,,,
LAB0035447,,,,,,,,,,
LAB0035448,,,,,,,,,,
LAB0035449,,,,,,,,,,
LAB0035450,,,,,,,,,,
LAB0035451,,,,,,,,,,
LAB0035452,,,,,,,,,,
LAB0035453,,,,,,,,,,
LAB0035454,,,,,,,,,,
LAB0035455,,,,,,,,,,
LAB0035456,,,,,,,,,,
LAB0035457,,,,,,,,,,
LAB0035458,,,,,,,,,,
LAB0035459,,,,,,,,,,
LAB0035460,,,,,,,,,,
LAB0035461,,,,,,,,,,
LAB0035462,,,,,,,,,,
LAB0035463,,,,,,,,,,
LAB0035464,,,,,,,,,,
LAB0035465,,,,,,,,,,
LAB0035466,,,,,,,,,,
LAB0035467,,,,,,,,,,
LAB0035468,,,,,,,,,,
LAB0035469,,,,,,,,,,
LAB0035470,,,,,,,,,,
LAB0035471,,,,,,,,,,
LAB0035472,,,,,,,,,,
LAB0035473,,,,,,,,,,
LAB0035474,,,,,,,,,,
LAB0035475,,,,,,,,,,
LAB0035476,,,,,,,,,,
LAB0035477,,,,,,,,,,
LAB0035478,,,,,,,,,,
LAB0035479,,,,,,,,,,
LAB0035480,,,,,,,,,,
LAB0035481,,,,,,,,,,
LAB0035482,,,,,,,,,,
LAB0035483,,,,,,,,,,
LAB0035484,,,,,,,,,,
LAB0035485,,,,,,,,,,
LAB0035486,,,,,,,,,,
LAB0035487,,,,,,,,,,
LAB0035488,,,,,,,,,,
LAB0035489,,,,,,,,,,
LAB0035490,,,,,,,,,,
LAB0035491,,,,,,,,,,
LAB0035492,,,,,,,,,,
LAB0035493,,,,,,,,,,
LAB0035494,,,,,,,,,,
LAB0035495,,,,,,,,,,
LAB0035496,,,,,,,,,,
LAB0035497,,,,,,,,,,
LAB0035498,,,,,,,,,,
LAB0035499,,,,,,,,,,
LAB0035500,,,,,,,,,,
LAB0035501,,,,,,,,,,
LAB0035502,,,,,,,,,,
LAB0035503,,,,,,,,,,
LAB0035504,,,,,,,,,,
LAB0035505,,,,,,,,,,
LAB0035506,,,,,,,,,,
LAB0035507,,,,,,,,,,
LAB0035508,,,,,,,,,,
LAB0035509,,,,,,,,,,
LAB0035510,,,,,,,,,,
LAB0035511,,,,,,,,,,
LAB0035512,,,,,,,,,,
LAB0035513,,,,,,,,,,
LAB0035514,,,,,,,,,,
LAB0035515,,,,,,,,,,
LAB0035516,,,,,,,,,,
LAB0035517,,,,,,,,,,
LAB0035518,,,,,,,,,,
LAB0035519,,,,,,,,,,
LAB0035520,,,,,,,,,,
LAB0035521,,,,,,,,,,
LAB0035522,,,,,,,,,,
LAB0035523,,,,,,,,,,
LAB0035524,,,,,,,,,,
LAB0035525,,,,,,,,,,
LAB0035526,,,,,,,,,,
LAB0035527,,,,,,,,,,
LAB0035528,,,,,,,,,,
LAB0035529,,,,,,,,,,
LAB0035530,,,,,,,,,,
LAB0035531,,,,,,,,,,
LAB0035532,,,,,,,,,,
LAB0035533,,,,,,,,,,
LAB0035534,,,,,,,,,,
LAB0035535,,,,,,,,,,
LAB0035536,,,,,,,,,,
LAB0035537,,,,,,,,,,
LAB0035538,,,,,,,,,,
LAB0035539,,,,,,,,,,
LAB0035540,,,,,,,,,,
LAB0035541,,,,,,,,,,
LAB0035542,,,,,,,,,,
LAB0035543,,,,,,,,,,
LAB0035544,,,,,,,,,,
LAB0035545,,,,,,,,,,
LAB0035546,,,,,,,,,,
LAB0035547,,,,,,,,,,
LAB0035548,,,,,,,,,,
LAB0035549,,,,,,,,,,
LAB0035550,,,,,,,,,,
LAB0035551,,,,,,,,,,
LAB0035552,,,,,,,,,,
LAB0035553,,,,,,,,,,
LAB0035554,,,,,,,,,,
LAB0035555,,,,,,,,,,
LAB0035556,,,,,,,,,,
LAB0035557,,,,,,,,,,
LAB0035558,,,,,,,,,,
LAB0035559,,,,,,,,,,
LAB0035560,,,,,,,,,,
LAB0035561,,,,,,,,,,
LAB0035562,,,,,,,,,,
LAB0035563,,,,,,,,,,
LAB0035564,,,,,,,,,,
LAB0035565,,,,,,,,,,
LAB0035566,,,,,,,,,,
LAB0035567,,,,,,,,,,
LAB0035568,,,,,,,,,,
LAB0035569,,,,,,,,,,
LAB0035570,,,,,,,,,,
LAB0035571,,,,,,,,,,
LAB0035572,,,,,,,,,,
LAB0035573,,,,,,,,,,
LAB0035574,,,,,,,,,,
LAB0035575,,,,,,,,,,
LAB0035576,,,,,,,,,,
LAB0035577,,,,,,,,,,
LAB0035578,,,,,,,,,,
LAB0035579,,,,,,,,,,
LAB0035580,,,,,,,,,,
LAB0035581,,,,,,,,,,
LAB0035582,,,,,,,,,,
LAB0035583,,,,,,,,,,
LAB0035584,,,,,,,,,,
LAB0035585,,,,,,,,,,
LAB0035586,,,,,,,,,,
LAB0035587,,,,,,,,,,
LAB0035588,,,,,,,,,,
LAB0035589,,,,,,,,,,
LAB0035590,,,,,,,,,,
LAB0035591,,,,,,,,,,
LAB0035592,,,,,,,,,,
LAB0035593,,,,,,,,,,
LAB0035594,,,,,,,,,,
LAB0035595,,,,,,,,,,
LAB0035596,,,,,,,,,,
LAB0035597,,,,,,,,,,
LAB0035598,,,,,,,,,,
LAB0035599,,,,,,,,,,
LAB0035600,,,,,,,,,,
LAB0035601,,,,,,,,,,
LAB0035602,,,,,,,,,,
LAB0035603,,,,,,,,,,
LAB0035604,,,,,,,,,,
LAB0035605,,,,,,,,,,
LAB0035606,,,,,,,,,,
LAB0035607,,,,,,,,,,
LAB0035608,,,,,,,,,,
LAB0035609,,,,,,,,,,
LAB0035610,,,,,,,,,,
LAB0035611,,,,,,,,,,
LAB0035612,,,,,,,,,,
LAB0035613,,,,,,,,,,
LAB0035614,,,,,,,,,,
LAB0035615,,,,,,,,,,
LAB0035616,,,,,,,,,,
LAB0035617,,,,,,,,,,
LAB0035618,,,,,,,,,,
LAB0035619,,,,,,,,,,
LAB0035620,,,,,,,,,,
LAB0035621,,,,,,,,,,
LAB0035622,,,,,,,,,,
LAB0035623,,,,,,,,,,
LAB0035624,,,,,,,,,,
LAB0035625,,,,,,,,,,
LAB0035626,,,,,,,,,,
LAB0035627,,,,,,,,,,
LAB0035628,,,,,,,,,,
LAB0035629,,,,,,,,,,
LAB0035630,,,,,,,,,,
LAB0035631,,,,,,,,,,
LAB0035632,,,,,,,,,,
LAB0035633,,,,,,,,,,
LAB0035634,,,,,,,,,,
LAB0035635,,,,,,,,,,
LAB0035636,,,,,,,,,,
LAB0035637,,,,,,,,,,
LAB0035638,,,,,,,,,,
LAB0035639,,,,,,,,,,
LAB0035640,,,,,,,,,,
LAB0035641,,,,,,,,,,
LAB0035642,,,,,,,,,,
LAB0035643,,,,,,,,,,
LAB0035644,,,,,,,,,,
LAB0035645,,,,,,,,,,
LAB0035646,,,,,,,,,,
LAB0035647,,,,,,,,,,
LAB0035648,,,,,,,,,,
LAB0035649,,,,,,,,,,
LAB0035650,,,,,,,,,,
LAB0035651,,,,,,,,,,
LAB0035652,,,,,,,,,,
LAB0035653,,,,,,,,,,
LAB0035654,,,,,,,,,,
LAB0035655,,,,,,,,,,
LAB0035656,,,,,,,,,,
LAB0035657,,,,,,,,,,
LAB0035658,,,,,,,,,,
LAB0035659,,,,,,,,,,
LAB0035660,,,,,,,,,,
LAB0035661,,,,,,,,,,
LAB0035662,,,,,,,,,,
LAB0035663,,,,,,,,,,
LAB0035664,,,,,,,,,,
LAB0035665,,,,,,,,,,
LAB0035666,,,,,,,,,,
LAB0035667,,,,,,,,,,
LAB0035668,,,,,,,,,,
LAB0035669,,,,,,,,,,
LAB0035670,,,,,,,,,,
LAB0035671,,,,,,,,,,
LAB0035672,,,,,,,,,,
LAB0035673,,,,,,,,,,
LAB0035674,,,,,,,,,,
LAB0035675,,,,,,,,,,
LAB0035676,,,,,,,,,,
LAB0035677,,,,,,,,,,
LAB0035678,,,,,,,,,,
LAB0035679,,,,,,,,,,
LAB0035680,,,,,,,,,,
LAB0035681,,,,,,,,,,
LAB0035682,,,,,,,,,,
LAB0035683,,,,,,,,,,
LAB0035684,,,,,,,,,,
LAB0035685,,,,,,,,,,
LAB0035686,,,,,,,,,,
LAB0035687,,,,,,,,,,
LAB0035688,,,,,,,,,,
LAB0035689,,,,,,,,,,
LAB0035690,,,,,,,,,,
LAB0035691,,,,,,,,,,
LAB0035692,,,,,,,,,,
LAB0035693,,,,,,,,,,
LAB0035694,,,,,,,,,,
LAB0035695,,,,,,,,,,
LAB0035696,,,,,,,,,,
LAB0035697,,,,,,,,,,
LAB0035698,,,,,,,,,,
LAB0035699,,,,,,,,,,
LAB0035700,,,,,,,,,,
LAB0035701,,,,,,,,,,
LAB0035702,,,,,,,,,,
LAB0035703,,,,,,,,,,
LAB0035704,,,,,,,,,,
LAB0035705,,,,,,,,,,
LAB0035706,,,,,,,,,,
LAB0035707,,,,,,,,,,
LAB0035708,,,,,,,,,,
LAB0035709,,,,,,,,,,
LAB0035710,,,,,,,,,,
LAB0035711,,,,,,,,,,
LAB0035712,,,,,,,,,,
LAB0035713,,,,,,,,,,
LAB0035714,,,,,,,,,,
LAB0035715,,,,,,,,,,
LAB0035716,,,,,,,,,,
LAB0035717,,,,,,,,,,
LAB0035718,,,,,,,,,,
LAB0035719,,,,,,,,,,
LAB0035720,,,,,,,,,,
LAB0035721,,,,,,,,,,
LAB0035722,,,,,,,,,,
LAB0035723,,,,,,,,,,
LAB0035724,,,,,,,,,,
LAB0035725,,,,,,,,,,
LAB0035726,,,,,,,,,,
LAB0035727,,,,,,,,,,
LAB0035728,,,,,,,,,,
LAB0035729,,,,,,,,,,
LAB0035730,,,,,,,,,,
LAB0035731,,,,,,,,,,
LAB0035732,,,,,,,,,,
LAB0035733,,,,,,,,,,
LAB0035734,,,,,,,,,,
LAB0035735,,,,,,,,,,
LAB0035736,,,,,,,,,,
LAB0035737,,,,,,,,,,
LAB0035738,,,,,,,,,,
LAB0035739,,,,,,,,,,
LAB0035740,,,,,,,,,,
LAB0035741,,,,,,,,,,
LAB0035742,,,,,,,,,,
LAB0035743,,,,,,,,,,
LAB0035744,,,,,,,,,,
LAB0035745,,,,,,,,,,
LAB0035746,,,,,,,,,,
LAB0035747,,,,,,,,,,
LAB0035748,,,,,,,,,,
LAB0035749,,,,,,,,,,
LAB0035750,,,,,,,,,,
LAB0035751,,,,,,,,,,
LAB0035752,,,,,,,,,,
LAB0035753,,,,,,,,,,
LAB0035754,,,,,,,,,,
LAB0035755,,,,,,,,,,
LAB0035756,,,,,,,,,,
LAB0035757,,,,,,,,,,
LAB0035758,,,,,,,,,,
LAB0035759,,,,,,,,,,
LAB0035760,,,,,,,,,,
LAB0035761,,,,,,,,,,
LAB0035762,,,,,,,,,,
LAB0035763,,,,,,,,,,
LAB0035764,,,,,,,,,,
LAB0035765,,,,,,,,,,
LAB0035766,,,,,,,,,,
LAB0035767,,,,,,,,,,
LAB0035768,,,,,,,,,,
LAB0035769,,,,,,,,,,
LAB0035770,,,,,,,,,,
LAB0035771,,,,,,,,,,
LAB0035772,,,,,,,,,,
LAB0035773,,,,,,,,,,
LAB0035774,,,,,,,,,,
LAB0035775,,,,,,,,,,
LAB0035776,,,,,,,,,,
LAB0035777,,,,,,,,,,
LAB0035778,,,,,,,,,,
LAB0035779,,,,,,,,,,
LAB0035780,,,,,,,,,,
LAB0035781,,,,,,,,,,
LAB0035782,,,,,,,,,,
LAB0035783,,,,,,,,,,
LAB0035784,,,,,,,,,,
LAB0035785,,,,,,,,,,
LAB0035786,,,,,,,,,,
LAB0035787,,,,,,,,,,
LAB0035788,,,,,,,,,,
LAB0035789,,,,,,,,,,
LAB0035790,,,,,,,,,,
LAB0035791,,,,,,,,,,
LAB0035792,,,,,,,,,,
LAB0035793,,,,,,,,,,
LAB0035794,,,,,,,,,,
LAB0035795,,,,,,,,,,
LAB0035796,,,,,,,,,,
LAB0035797,,,,,,,,,,
LAB0035798,,,,,,,,,,
LAB0035799,,,,,,,,,,
LAB0035800,,,,,,,,,,
LAB0035801,,,,,,,,,,
LAB0035802,,,,,,,,,,
LAB0035803,,,,,,,,,,
LAB0035804,,,,,,,,,,
LAB0035805,,,,,,,,,,
LAB0035806,,,,,,,,,,
LAB0035807,,,,,,,,,,
LAB0035808,,,,,,,,,,
LAB0035809,,,,,,,,,,
LAB0035810,,,,,,,,,,
LAB0035811,,,,,,,,,,
LAB0035812,,,,,,,,,,
LAB0035813,,,,,,,,,,
LAB0035814,,,,,,,,,,
LAB0035815,,,,,,,,,,
LAB0035816,,,,,,,,,,
LAB0035817,,,,,,,,,,
LAB0035818,,,,,,,,,,
LAB0035819,,,,,,,,,,
LAB0035820,,,,,,,,,,
LAB0035821,,,,,,,,,,
LAB0035822,,,,,,,,,,
LAB0035823,,,,,,,,,,
LAB0035824,,,,,,,,,,
LAB0035825,,,,,,,,,,
LAB0035826,,,,,,,,,,
LAB0035827,,,,,,,,,,
LAB0035828,,,,,,,,,,
LAB0035829,,,,,,,,,,
LAB0035830,,,,,,,,,,
LAB0035831,,,,,,,,,,
LAB0035832,,,,,,,,,,
LAB0035833,,,,,,,,,,
LAB0035834,,,,,,,,,,
LAB0035835,,,,,,,,,,
LAB0035836,,,,,,,,,,
LAB0035837,,,,,,,,,,
LAB0035838,,,,,,,,,,
LAB0035839,,,,,,,,,,
LAB0035840,,,,,,,,,,
LAB0035841,,,,,,,,,,
LAB0035842,,,,,,,,,,
LAB0035843,,,,,,,,,,
LAB0035844,,,,,,,,,,
LAB0035845,,,,,,,,,,
LAB0035846,,,,,,,,,,
LAB0035847,,,,,,,,,,
LAB0035848,,,,,,,,,,
LAB0035849,,,,,,,,,,
LAB0035850,,,,,,,,,,
LAB0035851,,,,,,,,,,
LAB0035852,,,,,,,,,,
LAB0035853,,,,,,,,,,
LAB0035854,,,,,,,,,,
LAB0035855,,,,,,,,,,
LAB0035856,,,,,,,,,,
LAB0035857,,,,,,,,,,
LAB0035858,,,,,,,,,,
LAB0035859,,,,,,,,,,
LAB0035860,,,,,,,,,,
LAB0035861,,,,,,,,,,
LAB0035862,,,,,,,,,,
LAB0035863,,,,,,,,,,
LAB0035864,,,,,,,,,,
LAB0035865,,,,,,,,,,
LAB0035866,,,,,,,,,,
LAB0035867,,,,,,,,,,
LAB0035868,,,,,,,,,,
LAB0035869,,,,,,,,,,
LAB0035870,,,,,,,,,,
LAB0035871,,,,,,,,,,
LAB0035872,,,,,,,,,,
LAB0035873,,,,,,,,,,
LAB0035874,,,,,,,,,,
LAB0035875,,,,,,,,,,
LAB0035876,,,,,,,,,,
LAB0035877,,,,,,,,,,
LAB0035878,,,,,,,,,,
LAB0035879,,,,,,,,,,
LAB0035880,,,,,,,,,,
LAB0035881,,,,,,,,,,
LAB0035882,,,,,,,,,,
LAB0035883,,,,,,,,,,
LAB0035884,,,,,,,,,,
LAB0035885,,,,,,,,,,
LAB0035886,,,,,,,,,,
LAB0035887,,,,,,,,,,
LAB0035888,,,,,,,,,,
LAB0035889,,,,,,,,,,
LAB0035890,,,,,,,,,,
LAB0035891,,,,,,,,,,
LAB0035892,,,,,,,,,,
LAB0035893,,,,,,,,,,
LAB0035894,,,,,,,,,,
LAB0035895,,,,,,,,,,
LAB0035896,,,,,,,,,,
LAB0035897,,,,,,,,,,
LAB0035898,,,,,,,,,,
LAB0035899,,,,,,,,,,
LAB0035900,,,,,,,,,,
LAB0035901,,,,,,,,,,
LAB0035902,,,,,,,,,,
LAB0035903,,,,,,,,,,
LAB0035904,,,,,,,,,,
LAB0035905,,,,,,,,,,
LAB0035906,,,,,,,,,,
LAB0035907,,,,,,,,,,
LAB0035908,,,,,,,,,,
LAB0035909,,,,,,,,,,
LAB0035910,,,,,,,,,,
LAB0035911,,,,,,,,,,
LAB0035912,,,,,,,,,,
LAB0035913,,,,,,,,,,
LAB0035914,,,,,,,,,,
LAB0035915,,,,,,,,,,
LAB0035916,,,,,,,,,,
LAB0035917,,,,,,,,,,
LAB0035918,,,,,,,,,,
LAB0035919,,,,,,,,,,
LAB0035920,,,,,,,,,,
LAB0035921,,,,,,,,,,
LAB0035922,,,,,,,,,,
LAB0035923,,,,,,,,,,
LAB0035924,,,,,,,,,,
LAB0035925,,,,,,,,,,
LAB0035926,,,,,,,,,,
LAB0035927,,,,,,,,,,
LAB0035928,,,,,,,,,,
LAB0035929,,,,,,,,,,
LAB0035930,,,,,,,,,,
LAB0035931,,,,,,,,,,
LAB0035932,,,,,,,,,,
LAB0035933,,,,,,,,,,
LAB0035934,,,,,,,,,,
LAB0035935,,,,,,,,,,
LAB0035936,,,,,,,,,,
LAB0035937,,,,,,,,,,
LAB0035938,,,,,,,,,,
LAB0035939,,,,,,,,,,
LAB0035940,,,,,,,,,,
LAB0035941,,,,,,,,,,
LAB0035942,,,,,,,,,,
LAB0035943,,,,,,,,,,
LAB0035944,,,,,,,,,,
LAB0035945,,,,,,,,,,
LAB0035946,,,,,,,,,,
LAB0035947,,,,,,,,,,
LAB0035948,,,,,,,,,,
LAB0035949,,,,,,,,,,
LAB0035950,,,,,,,,,,
LAB0035951,,,,,,,,,,
LAB0035952,,,,,,,,,,
LAB0035953,,,,,,,,,,
LAB0035954,,,,,,,,,,
LAB0035955,,,,,,,,,,
LAB0035956,,,,,,,,,,
LAB0035957,,,,,,,,,,
LAB0035958,,,,,,,,,,
LAB0035959,,,,,,,,,,
LAB0035960,,,,,,,,,,
LAB0035961,,,,,,,,,,
LAB0035962,,,,,,,,,,
LAB0035963,,,,,,,,,,
LAB0035964,,,,,,,,,,
LAB0035965,,,,,,,,,,
LAB0035966,,,,,,,,,,
LAB0035967,,,,,,,,,,
LAB0035968,,,,,,,,,,
LAB0035969,,,,,,,,,,
LAB0035970,,,,,,,,,,
LAB0035971,,,,,,,,,,
LAB0035972,,,,,,,,,,
LAB0035973,,,,,,,,,,
LAB0035974,,,,,,,,,,
LAB0035975,,,,,,,,,,
LAB0035976,,,,,,,,,,
LAB0035977,,,,,,,,,,
LAB0035978,,,,,,,,,,
LAB0035979,,,,,,,,,,
LAB0035980,,,,,,,,,,
LAB0035981,,,,,,,,,,
LAB0035982,,,,,,,,,,
LAB0035983,,,,,,,,,,
LAB0035984,,,,,,,,,,
LAB0035985,,,,,,,,,,
LAB0035986,,,,,,,,,,
LAB0035987,,,,,,,,,,
LAB0035988,,,,,,,,,,
LAB0035989,,,,,,,,,,
LAB0035990,,,,,,,,,,
LAB0035991,,,,,,,,,,
LAB0035992,,,,,,,,,,
LAB0035993,,,,,,,,,,
LAB0035994,,,,,,,,,,
LAB0035995,,,,,,,,,,
LAB0035996,,,,,,,,,,
LAB0035997,,,,,,,,,,
LAB0035998,,,,,,,,,,
LAB0035999,,,,,,,,,,
LAB0036000,,,,,,,,,,
LAB0036001,,,,,,,,,,
LAB0036002,,,,,,,,,,
LAB0036003,,,,,,,,,,
LAB0036004,,,,,,,,,,
LAB0036005,,,,,,,,,,
LAB0036006,,,,,,,,,,
LAB0036007,,,,,,,,,,
LAB0036008,,,,,,,,,,
LAB0036009,,,,,,,,,,
LAB0036010,,,,,,,,,,
LAB0036011,,,,,,,,,,
LAB0036012,,,,,,,,,,
LAB0036013,,,,,,,,,,
LAB0036014,,,,,,,,,,
LAB0036015,,,,,,,,,,
LAB0036016,,,,,,,,,,
LAB0036017,,,,,,,,,,
LAB0036018,,,,,,,,,,
LAB0036019,,,,,,,,,,
LAB0036020,,,,,,,,,,
LAB0036021,,,,,,,,,,
LAB0036022,,,,,,,,,,
LAB0036023,,,,,,,,,,
LAB0036024,,,,,,,,,,
LAB0036025,,,,,,,,,,
LAB0036026,,,,,,,,,,
LAB0036027,,,,,,,,,,
LAB0036028,,,,,,,,,,
LAB0036029,,,,,,,,,,
LAB0036030,,,,,,,,,,
LAB0036031,,,,,,,,,,
LAB0036032,,,,,,,,,,
LAB0036033,,,,,,,,,,
LAB0036034,,,,,,,,,,
LAB0036035,,,,,,,,,,
LAB0036036,,,,,,,,,,
LAB0036037,,,,,,,,,,
LAB0036038,,,,,,,,,,
LAB0036039,,,,,,,,,,
LAB0036040,,,,,,,,,,
LAB0036041,,,,,,,,,,
LAB0036042,,,,,,,,,,
LAB0036043,,,,,,,,,,
LAB0036044,,,,,,,,,,
LAB0036045,,,,,,,,,,
LAB0036046,,,,,,,,,,
LAB0036047,,,,,,,,,,
LAB0036048,,,,,,,,,,
LAB0036049,,,,,,,,,,
LAB0036050,,,,,,,,,,
LAB0036051,,,,,,,,,,
LAB0036052,,,,,,,,,,
LAB0036053,,,,,,,,,,
LAB0036054,,,,,,,,,,
LAB0036055,,,,,,,,,,
LAB0036056,,,,,,,,,,
LAB0036057,,,,,,,,,,
LAB0036058,,,,,,,,,,
LAB0036059,,,,,,,,,,
LAB0036060,,,,,,,,,,
LAB0036061,,,,,,,,,,
LAB0036062,,,,,,,,,,
LAB0036063,,,,,,,,,,
LAB0036064,,,,,,,,,,
LAB0036065,,,,,,,,,,
LAB0036066,,,,,,,,,,
LAB0036067,,,,,,,,,,
LAB0036068,,,,,,,,,,
LAB0036069,,,,,,,,,,
LAB0036070,,,,,,,,,,
LAB0036071,,,,,,,,,,
LAB0036072,,,,,,,,,,
LAB0036073,,,,,,,,,,
LAB0036074,,,,,,,,,,
LAB0036075,,,,,,,,,,
LAB0036076,,,,,,,,,,
LAB0036077,,,,,,,,,,
LAB0036078,,,,,,,,,,
LAB0036079,,,,,,,,,,
LAB0036080,,,,,,,,,,
LAB0036081,,,,,,,,,,
LAB0036082,,,,,,,,,,
LAB0036083,,,,,,,,,,
LAB0036084,,,,,,,,,,
LAB0036085,,,,,,,,,,
LAB0036086,,,,,,,,,,
LAB0036087,,,,,,,,,,
LAB0036088,,,,,,,,,,
LAB0036089,,,,,,,,,,
LAB0036090,,,,,,,,,,
LAB0036091,,,,,,,,,,
LAB0036092,,,,,,,,,,
LAB0036093,,,,,,,,,,
LAB0036094,,,,,,,,,,
LAB0036095,,,,,,,,,,
LAB0036096,,,,,,,,,,
LAB0036097,,,,,,,,,,
LAB0036098,,,,,,,,,,
LAB0036099,,,,,,,,,,
LAB0036100,,,,,,,,,,
LAB0036101,,,,,,,,,,
LAB0036102,,,,,,,,,,
LAB0036103,,,,,,,,,,
LAB0036104,,,,,,,,,,
LAB0036105,,,,,,,,,,
LAB0036106,,,,,,,,,,
LAB0036107,,,,,,,,,,
LAB0036108,,,,,,,,,,
LAB0036109,,,,,,,,,,
LAB0036110,,,,,,,,,,
LAB0036111,,,,,,,,,,
LAB0036112,,,,,,,,,,
LAB0036113,,,,,,,,,,
LAB0036114,,,,,,,,,,
LAB0036115,,,,,,,,,,
LAB0036116,,,,,,,,,,
LAB0036117,,,,,,,,,,
LAB0036118,,,,,,,,,,
LAB0036119,,,,,,,,,,
LAB0036120,,,,,,,,,,
LAB0036121,,,,,,,,,,
LAB0036122,,,,,,,,,,
LAB0036123,,,,,,,,,,
LAB0036124,,,,,,,,,,
LAB0036125,,,,,,,,,,
LAB0036126,,,,,,,,,,
LAB0036127,,,,,,,,,,
LAB0036128,,,,,,,,,,
LAB0036129,,,,,,,,,,
LAB0036130,,,,,,,,,,
LAB0036131,,,,,,,,,,
LAB0036132,,,,,,,,,,
LAB0036133,,,,,,,,,,
LAB0036134,,,,,,,,,,
LAB0036135,,,,,,,,,,
LAB0036136,,,,,,,,,,
LAB0036137,,,,,,,,,,
LAB0036138,,,,,,,,,,
LAB0036139,,,,,,,,,,
LAB0036140,,,,,,,,,,
LAB0036141,,,,,,,,,,
LAB0036142,,,,,,,,,,
LAB0036143,,,,,,,,,,
LAB0036144,,,,,,,,,,
LAB0036145,,,,,,,,,,
LAB0036146,,,,,,,,,,
LAB0036147,,,,,,,,,,
LAB0036148,,,,,,,,,,
LAB0036149,,,,,,,,,,
LAB0036150,,,,,,,,,,
LAB0036151,,,,,,,,,,
LAB0036152,,,,,,,,,,
LAB0036153,,,,,,,,,,
LAB0036154,,,,,,,,,,
LAB0036155,,,,,,,,,,
LAB0036156,,,,,,,,,,
LAB0036157,,,,,,,,,,
LAB0036158,,,,,,,,,,
LAB0036159,,,,,,,,,,
LAB0036160,,,,,,,,,,
LAB0036161,,,,,,,,,,
LAB0036162,,,,,,,,,,
LAB0036163,,,,,,,,,,
LAB0036164,,,,,,,,,,
LAB0036165,,,,,,,,,,
LAB0036166,,,,,,,,,,
LAB0036167,,,,,,,,,,
LAB0036168,,,,,,,,,,
LAB0036169,,,,,,,,,,
LAB0036170,,,,,,,,,,
LAB0036171,,,,,,,,,,
LAB0036172,,,,,,,,,,
LAB0036173,,,,,,,,,,
LAB0036174,,,,,,,,,,
LAB0036175,,,,,,,,,,
LAB0036176,,,,,,,,,,
LAB0036177,,,,,,,,,,
LAB0036178,,,,,,,,,,
LAB0036179,,,,,,,,,,
LAB0036180,,,,,,,,,,
LAB0036181,,,,,,,,,,
LAB0036182,,,,,,,,,,
LAB0036183,,,,,,,,,,
LAB0036184,,,,,,,,,,
LAB0036185,,,,,,,,,,
LAB0036186,,,,,,,,,,
LAB0036187,,,,,,,,,,
LAB0036188,,,,,,,,,,
LAB0036189,,,,,,,,,,
LAB0036190,,,,,,,,,,
LAB0036191,,,,,,,,,,
LAB0036192,,,,,,,,,,
LAB0036193,,,,,,,,,,
LAB0036194,,,,,,,,,,
LAB0036195,,,,,,,,,,
LAB0036196,,,,,,,,,,
LAB0036197,,,,,,,,,,
LAB0036198,,,,,,,,,,
LAB0036199,,,,,,,,,,
LAB0036200,,,,,,,,,,
LAB0036201,,,,,,,,,,
LAB0036202,,,,,,,,,,
LAB0036203,,,,,,,,,,
LAB0036204,,,,,,,,,,
LAB0036205,,,,,,,,,,
LAB0036206,,,,,,,,,,
LAB0036207,,,,,,,,,,
LAB0036208,,,,,,,,,,
LAB0036209,,,,,,,,,,
LAB0036210,,,,,,,,,,
LAB0036211,,,,,,,,,,
LAB0036212,,,,,,,,,,
LAB0036213,,,,,,,,,,
LAB0036214,,,,,,,,,,
LAB0036215,,,,,,,,,,
LAB0036216,,,,,,,,,,
LAB0036217,,,,,,,,,,
LAB0036218,,,,,,,,,,
LAB0036219,,,,,,,,,,
LAB0036220,,,,,,,,,,
LAB0036221,,,,,,,,,,
LAB0036222,,,,,,,,,,
LAB0036223,,,,,,,,,,
LAB0036224,,,,,,,,,,
LAB0036225,,,,,,,,,,
LAB0036226,,,,,,,,,,
LAB0036227,,,,,,,,,,
LAB0036228,,,,,,,,,,
LAB0036229,,,,,,,,,,
LAB0036230,,,,,,,,,,
LAB0036231,,,,,,,,,,
LAB0036232,,,,,,,,,,
LAB0036233,,,,,,,,,,
LAB0036234,,,,,,,,,,
LAB0036235,,,,,,,,,,
LAB0036236,,,,,,,,,,
LAB0036237,,,,,,,,,,
LAB0036238,,,,,,,,,,
LAB0036239,,,,,,,,,,
LAB0036240,,,,,,,,,,
LAB0036241,,,,,,,,,,
LAB0036242,,,,,,,,,,
LAB0036243,,,,,,,,,,
LAB0036244,,,,,,,,,,
LAB0036245,,,,,,,,,,
LAB0036246,,,,,,,,,,
LAB0036247,,,,,,,,,,
LAB0036248,,,,,,,,,,
LAB0036249,,,,,,,,,,
LAB0036250,,,,,,,,,,
LAB0036251,,,,,,,,,,
LAB0036252,,,,,,,,,,
LAB0036253,,,,,,,,,,
LAB0036254,,,,,,,,,,
LAB0036255,,,,,,,,,,
LAB0036256,,,,,,,,,,
LAB0036257,,,,,,,,,,
LAB0036258,,,,,,,,,,
LAB0036259,,,,,,,,,,
LAB0036260,,,,,,,,,,
LAB0036261,,,,,,,,,,
LAB0036262,,,,,,,,,,
LAB0036263,,,,,,,,,,
LAB0036264,,,,,,,,,,
LAB0036265,,,,,,,,,,
LAB0036266,,,,,,,,,,
LAB0036267,,,,,,,,,,
LAB0036268,,,,,,,,,,
LAB0036269,,,,,,,,,,
LAB0036270,,,,,,,,,,
LAB0036271,,,,,,,,,,
LAB0036272,,,,,,,,,,
LAB0036273,,,,,,,,,,
LAB0036274,,,,,,,,,,
LAB0036275,,,,,,,,,,
LAB0036276,,,,,,,,,,
LAB0036277,,,,,,,,,,
LAB0036278,,,,,,,,,,
LAB0036279,,,,,,,,,,
LAB0036280,,,,,,,,,,
LAB0036281,,,,,,,,,,
LAB0036282,,,,,,,,,,
LAB0036283,,,,,,,,,,
LAB0036284,,,,,,,,,,
LAB0036285,,,,,,,,,,
LAB0036286,,,,,,,,,,
LAB0036287,,,,,,,,,,
LAB0036288,,,,,,,,,,
LAB0036289,,,,,,,,,,
LAB0036290,,,,,,,,,,
LAB0036291,,,,,,,,,,
LAB0036292,,,,,,,,,,
LAB0036293,,,,,,,,,,
LAB0036294,,,,,,,,,,
LAB0036295,,,,,,,,,,
LAB0036296,,,,,,,,,,
LAB0036297,,,,,,,,,,
LAB0036298,,,,,,,,,,
LAB0036299,,,,,,,,,,
LAB0036300,,,,,,,,,,
LAB0036301,,,,,,,,,,
LAB0036302,,,,,,,,,,
LAB0036303,,,,,,,,,,
LAB0036304,,,,,,,,,,
LAB0036305,,,,,,,,,,
LAB0036306,,,,,,,,,,
LAB0036307,,,,,,,,,,
LAB0036308,,,,,,,,,,
LAB0036309,,,,,,,,,,
LAB0036310,,,,,,,,,,
LAB0036311,,,,,,,,,,
LAB0036312,,,,,,,,,,
LAB0036313,,,,,,,,,,
LAB0036314,,,,,,,,,,
LAB0036315,,,,,,,,,,
LAB0036316,,,,,,,,,,
LAB0036317,,,,,,,,,,
LAB0036318,,,,,,,,,,
LAB0036319,,,,,,,,,,
LAB0036320,,,,,,,,,,
LAB0036321,,,,,,,,,,
LAB0036322,,,,,,,,,,
LAB0036323,,,,,,,,,,
LAB0036324,,,,,,,,,,
LAB0036325,,,,,,,,,,
LAB0036326,,,,,,,,,,
LAB0036327,,,,,,,,,,
LAB0036328,,,,,,,,,,
LAB0036329,,,,,,,,,,
LAB0036330,,,,,,,,,,
LAB0036331,,,,,,,,,,
LAB0036332,,,,,,,,,,
LAB0036333,,,,,,,,,,
LAB0036334,,,,,,,,,,
LAB0036335,,,,,,,,,,
LAB0036336,,,,,,,,,,
LAB0036337,,,,,,,,,,
LAB0036338,,,,,,,,,,
LAB0036339,,,,,,,,,,
LAB0036340,,,,,,,,,,
LAB0036341,,,,,,,,,,
LAB0036342,,,,,,,,,,
LAB0036343,,,,,,,,,,
LAB0036344,,,,,,,,,,
LAB0036345,,,,,,,,,,
LAB0036346,,,,,,,,,,
LAB0036347,,,,,,,,,,
LAB0036348,,,,,,,,,,
LAB0036349,,,,,,,,,,
LAB0036350,,,,,,,,,,
LAB0036351,,,,,,,,,,
LAB0036352,,,,,,,,,,
LAB0036353,,,,,,,,,,
LAB0036354,,,,,,,,,,
LAB0036355,,,,,,,,,,
LAB0036356,,,,,,,,,,
LAB0036357,,,,,,,,,,
LAB0036358,,,,,,,,,,
LAB0036359,,,,,,,,,,
LAB0036360,,,,,,,,,,
LAB0036361,,,,,,,,,,
LAB0036362,,,,,,,,,,
LAB0036363,,,,,,,,,,
LAB0036364,,,,,,,,,,
LAB0036365,,,,,,,,,,
LAB0036366,,,,,,,,,,
LAB0036367,,,,,,,,,,
LAB0036368,,,,,,,,,,
LAB0036369,,,,,,,,,,
LAB0036370,,,,,,,,,,
LAB0036371,,,,,,,,,,
LAB0036372,,,,,,,,,,
LAB0036373,,,,,,,,,,
LAB0036374,,,,,,,,,,
LAB0036375,,,,,,,,,,
LAB0036376,,,,,,,,,,
LAB0036377,,,,,,,,,,
LAB0036378,,,,,,,,,,
LAB0036379,,,,,,,,,,
LAB0036380,,,,,,,,,,
LAB0036381,,,,,,,,,,
LAB0036382,,,,,,,,,,
LAB0036383,,,,,,,,,,
LAB0036384,,,,,,,,,,
LAB0036385,,,,,,,,,,
LAB0036386,,,,,,,,,,
LAB0036387,,,,,,,,,,
LAB0036388,,,,,,,,,,
LAB0036389,,,,,,,,,,
LAB0036390,,,,,,,,,,
LAB0036391,,,,,,,,,,
LAB0036392,,,,,,,,,,
LAB0036393,,,,,,,,,,
LAB0036394,,,,,,,,,,
LAB0036395,,,,,,,,,,
LAB0036396,,,,,,,,,,
LAB0036397,,,,,,,,,,
LAB0036398,,,,,,,,,,
LAB0036399,,,,,,,,,,
LAB0036400,,,,,,,,,,
LAB0036401,,,,,,,,,,
LAB0036402,,,,,,,,,,
LAB0036403,,,,,,,,,,
LAB0036404,,,,,,,,,,
LAB0036405,,,,,,,,,,
LAB0036406,,,,,,,,,,
LAB0036407,,,,,,,,,,
LAB0036408,,,,,,,,,,
LAB0036409,,,,,,,,,,
LAB0036410,,,,,,,,,,
LAB0036411,,,,,,,,,,
LAB0036412,,,,,,,,,,
LAB0036413,,,,,,,,,,
LAB0036414,,,,,,,,,,
LAB0036415,,,,,,,,,,
LAB0036416,,,,,,,,,,
LAB0036417,,,,,,,,,,
LAB0036418,,,,,,,,,,
LAB0036419,,,,,,,,,,
LAB0036420,,,,,,,,,,
LAB0036421,,,,,,,,,,
LAB0036422,,,,,,,,,,
LAB0036423,,,,,,,,,,
LAB0036424,,,,,,,,,,
LAB0036425,,,,,,,,,,
LAB0036426,,,,,,,,,,
LAB0036427,,,,,,,,,,
LAB0036428,,,,,,,,,,
LAB0036429,,,,,,,,,,
LAB0036430,,,,,,,,,,
LAB0036431,,,,,,,,,,
LAB0036432,,,,,,,,,,
LAB0036433,,,,,,,,,,
LAB0036434,,,,,,,,,,
LAB0036435,,,,,,,,,,
LAB0036436,,,,,,,,,,
LAB0036437,,,,,,,,,,
LAB0036438,,,,,,,,,,
LAB0036439,,,,,,,,,,
LAB0036440,,,,,,,,,,
LAB0036441,,,,,,,,,,
LAB0036442,,,,,,,,,,
LAB0036443,,,,,,,,,,
LAB0036444,,,,,,,,,,
LAB0036445,,,,,,,,,,
LAB0036446,,,,,,,,,,
LAB0036447,,,,,,,,,,
LAB0036448,,,,,,,,,,
LAB0036449,,,,,,,,,,
LAB0036450,,,,,,,,,,
LAB0036451,,,,,,,,,,
LAB0036452,,,,,,,,,,
LAB0036453,,,,,,,,,,
LAB0036454,,,,,,,,,,
LAB0036455,,,,,,,,,,
LAB0036456,,,,,,,,,,
LAB0036457,,,,,,,,,,
LAB0036458,,,,,,,,,,
LAB0036459,,,,,,,,,,
LAB0036460,,,,,,,,,,
LAB0036461,,,,,,,,,,
LAB0036462,,,,,,,,,,
LAB0036463,,,,,,,,,,
LAB0036464,,,,,,,,,,
LAB0036465,,,,,,,,,,
LAB0036466,,,,,,,,,,
LAB0036467,,,,,,,,,,
LAB0036468,,,,,,,,,,
LAB0036469,,,,,,,,,,
LAB0036470,,,,,,,,,,
LAB0036471,,,,,,,,,,
LAB0036472,,,,,,,,,,
LAB0036473,,,,,,,,,,
LAB0036474,,,,,,,,,,
LAB0036475,,,,,,,,,,
LAB0036476,,,,,,,,,,
LAB0036477,,,,,,,,,,
LAB0036478,,,,,,,,,,
LAB0036479,,,,,,,,,,
LAB0036480,,,,,,,,,,
LAB0036481,,,,,,,,,,
LAB0036482,,,,,,,,,,
LAB0036483,,,,,,,,,,
LAB0036484,,,,,,,,,,
LAB0036485,,,,,,,,,,
LAB0036486,,,,,,,,,,
LAB0036487,,,,,,,,,,
LAB0036488,,,,,,,,,,
LAB0036489,,,,,,,,,,
LAB0036490,,,,,,,,,,
LAB0036491,,,,,,,,,,
LAB0036492,,,,,,,,,,
LAB0036493,,,,,,,,,,
LAB0036494,,,,,,,,,,
LAB0036495,,,,,,,,,,
LAB0036496,,,,,,,,,,
LAB0036497,,,,,,,,,,
LAB0036498,,,,,,,,,,
LAB0036499,,,,,,,,,,
LAB0036500,,,,,,,,,,
LAB0036501,,,,,,,,,,
LAB0036502,,,,,,,,,,
LAB0036503,,,,,,,,,,
LAB0036504,,,,,,,,,,
LAB0036505,,,,,,,,,,
LAB0036506,,,,,,,,,,
LAB0036507,,,,,,,,,,
LAB0036508,,,,,,,,,,
LAB0036509,,,,,,,,,,
LAB0036510,,,,,,,,,,
LAB0036511,,,,,,,,,,
LAB0036512,,,,,,,,,,
LAB0036513,,,,,,,,,,
LAB0036514,,,,,,,,,,
LAB0036515,,,,,,,,,,
LAB0036516,,,,,,,,,,
LAB0036517,,,,,,,,,,
LAB0036518,,,,,,,,,,
LAB0036519,,,,,,,,,,
LAB0036520,,,,,,,,,,
LAB0036521,,,,,,,,,,
LAB0036522,,,,,,,,,,
LAB0036523,,,,,,,,,,
LAB0036524,,,,,,,,,,
LAB0036525,,,,,,,,,,
LAB0036526,,,,,,,,,,
LAB0036527,,,,,,,,,,
LAB0036528,,,,,,,,,,
LAB0036529,,,,,,,,,,
LAB0036530,,,,,,,,,,
LAB0036531,,,,,,,,,,
LAB0036532,,,,,,,,,,
LAB0036533,,,,,,,,,,
LAB0036534,,,,,,,,,,
LAB0036535,,,,,,,,,,
LAB0036536,,,,,,,,,,
LAB0036537,,,,,,,,,,
LAB0036538,,,,,,,,,,
LAB0036539,,,,,,,,,,
LAB0036540,,,,,,,,,,
LAB0036541,,,,,,,,,,
LAB0036542,,,,,,,,,,
LAB0036543,,,,,,,,,,
LAB0036544,,,,,,,,,,
LAB0036545,,,,,,,,,,
LAB0036546,,,,,,,,,,
LAB0036547,,,,,,,,,,
LAB0036548,,,,,,,,,,
LAB0036549,,,,,,,,,,
LAB0036550,,,,,,,,,,
LAB0036551,,,,,,,,,,
LAB0036552,,,,,,,,,,
LAB0036553,,,,,,,,,,
LAB0036554,,,,,,,,,,
LAB0036555,,,,,,,,,,
LAB0036556,,,,,,,,,,
LAB0036557,,,,,,,,,,
LAB0036558,,,,,,,,,,
LAB0036559,,,,,,,,,,
LAB0036560,,,,,,,,,,
LAB0036561,,,,,,,,,,
LAB0036562,,,,,,,,,,
LAB0036563,,,,,,,,,,
LAB0036564,,,,,,,,,,
LAB0036565,,,,,,,,,,
LAB0036566,,,,,,,,,,
LAB0036567,,,,,,,,,,
LAB0036568,,,,,,,,,,
LAB0036569,,,,,,,,,,
LAB0036570,,,,,,,,,,
LAB0036571,,,,,,,,,,
LAB0036572,,,,,,,,,,
LAB0036573,,,,,,,,,,
LAB0036574,,,,,,,,,,
LAB0036575,,,,,,,,,,
LAB0036576,,,,,,,,,,
LAB0036577,,,,,,,,,,
LAB0036578,,,,,,,,,,
LAB0036579,,,,,,,,,,
LAB0036580,,,,,,,,,,
LAB0036581,,,,,,,,,,
LAB0036582,,,,,,,,,,
LAB0036583,,,,,,,,,,
LAB0036584,,,,,,,,,,
LAB0036585,,,,,,,,,,
LAB0036586,,,,,,,,,,
LAB0036587,,,,,,,,,,
LAB0036588,,,,,,,,,,
LAB0036589,,,,,,,,,,
LAB0036590,,,,,,,,,,
LAB0036591,,,,,,,,,,
LAB0036592,,,,,,,,,,
LAB0036593,,,,,,,,,,
LAB0036594,,,,,,,,,,
LAB0036595,,,,,,,,,,
LAB0036596,,,,,,,,,,
LAB0036597,,,,,,,,,,
LAB0036598,,,,,,,,,,
LAB0036599,,,,,,,,,,
LAB0036600,,,,,,,,,,
LAB0036601,,,,,,,,,,
LAB0036602,,,,,,,,,,
LAB0036603,,,,,,,,,,
LAB0036604,,,,,,,,,,
LAB0036605,,,,,,,,,,
LAB0036606,,,,,,,,,,
LAB0036607,,,,,,,,,,
LAB0036608,,,,,,,,,,
LAB0036609,,,,,,,,,,
LAB0036610,,,,,,,,,,
LAB0036611,,,,,,,,,,
LAB0036612,,,,,,,,,,
LAB0036613,,,,,,,,,,
LAB0036614,,,,,,,,,,
LAB0036615,,,,,,,,,,
LAB0036616,,,,,,,,,,
LAB0036617,,,,,,,,,,
LAB0036618,,,,,,,,,,
LAB0036619,,,,,,,,,,
LAB0036620,,,,,,,,,,
LAB0036621,,,,,,,,,,
LAB0036622,,,,,,,,,,
LAB0036623,,,,,,,,,,
LAB0036624,,,,,,,,,,
LAB0036625,,,,,,,,,,
LAB0036626,,,,,,,,,,
LAB0036627,,,,,,,,,,
LAB0036628,,,,,,,,,,
LAB0036629,,,,,,,,,,
LAB0036630,,,,,,,,,,
LAB0036631,,,,,,,,,,
LAB0036632,,,,,,,,,,
LAB0036633,,,,,,,,,,
LAB0036634,,,,,,,,,,
LAB0036635,,,,,,,,,,
LAB0036636,,,,,,,,,,
LAB0036637,,,,,,,,,,
LAB0036638,,,,,,,,,,
LAB0036639,,,,,,,,,,
LAB0036640,,,,,,,,,,
LAB0036641,,,,,,,,,,
LAB0036642,,,,,,,,,,
LAB0036643,,,,,,,,,,
LAB0036644,,,,,,,,,,
LAB0036645,,,,,,,,,,
LAB0036646,,,,,,,,,,
LAB0036647,,,,,,,,,,
LAB0036648,,,,,,,,,,
LAB0036649,,,,,,,,,,
LAB0036650,,,,,,,,,,
LAB0036651,,,,,,,,,,
LAB0036652,,,,,,,,,,
LAB0036653,,,,,,,,,,
LAB0036654,,,,,,,,,,
LAB0036655,,,,,,,,,,
LAB0036656,,,,,,,,,,
LAB0036657,,,,,,,,,,
LAB0036658,,,,,,,,,,
LAB0036659,,,,,,,,,,
LAB0036660,,,,,,,,,,
LAB0036661,,,,,,,,,,
LAB0036662,,,,,,,,,,
LAB0036663,,,,,,,,,,
LAB0036664,,,,,,,,,,
LAB0036665,,,,,,,,,,
LAB0036666,,,,,,,,,,
LAB0036667,,,,,,,,,,
LAB0036668,,,,,,,,,,
LAB0036669,,,,,,,,,,
LAB0036670,,,,,,,,,,
LAB0036671,,,,,,,,,,
LAB0036672,,,,,,,,,,
LAB0036673,,,,,,,,,,
LAB0036674,,,,,,,,,,
LAB0036675,,,,,,,,,,
LAB0036676,,,,,,,,,,
LAB0036677,,,,,,,,,,
LAB0036678,,,,,,,,,,
LAB0036679,,,,,,,,,,
LAB0036680,,,,,,,,,,
LAB0036681,,,,,,,,,,
LAB0036682,,,,,,,,,,
LAB0036683,,,,,,,,,,
LAB0036684,,,,,,,,,,
LAB0036685,,,,,,,,,,
LAB0036686,,,,,,,,,,
LAB0036687,,,,,,,,,,
LAB0036688,,,,,,,,,,
LAB0036689,,,,,,,,,,
LAB0036690,,,,,,,,,,
LAB0036691,,,,,,,,,,
LAB0036692,,,,,,,,,,
LAB0036693,,,,,,,,,,
LAB0036694,,,,,,,,,,
LAB0036695,,,,,,,,,,
LAB0036696,,,,,,,,,,
LAB0036697,,,,,,,,,,
LAB0036698,,,,,,,,,,
LAB0036699,,,,,,,,,,
LAB0036700,,,,,,,,,,
LAB0036701,,,,,,,,,,
LAB0036702,,,,,,,,,,
LAB0036703,,,,,,,,,,
LAB0036704,,,,,,,,,,
LAB0036705,,,,,,,,,,
LAB0036706,,,,,,,,,,
LAB0036707,,,,,,,,,,
LAB0036708,,,,,,,,,,
LAB0036709,,,,,,,,,,
LAB0036710,,,,,,,,,,
LAB0036711,,,,,,,,,,
LAB0036712,,,,,,,,,,
LAB0036713,,,,,,,,,,
LAB0036714,,,,,,,,,,
LAB0036715,,,,,,,,,,
LAB0036716,,,,,,,,,,
LAB0036717,,,,,,,,,,
LAB0036718,,,,,,,,,,
LAB0036719,,,,,,,,,,
LAB0036720,,,,,,,,,,
LAB0036721,,,,,,,,,,
LAB0036722,,,,,,,,,,
LAB0036723,,,,,,,,,,
LAB0036724,,,,,,,,,,
LAB0036725,,,,,,,,,,
LAB0036726,,,,,,,,,,
LAB0036727,,,,,,,,,,
LAB0036728,,,,,,,,,,
LAB0036729,,,,,,,,,,
LAB0036730,,,,,,,,,,
LAB0036731,,,,,,,,,,
LAB0036732,,,,,,,,,,
LAB0036733,,,,,,,,,,
LAB0036734,,,,,,,,,,
LAB0036735,,,,,,,,,,
LAB0036736,,,,,,,,,,
LAB0036737,,,,,,,,,,
LAB0036738,,,,,,,,,,
LAB0036739,,,,,,,,,,
LAB0036740,,,,,,,,,,
LAB0036741,,,,,,,,,,
LAB0036742,,,,,,,,,,
LAB0036743,,,,,,,,,,
LAB0036744,,,,,,,,,,
LAB0036745,,,,,,,,,,
LAB0036746,,,,,,,,,,
LAB0036747,,,,,,,,,,
LAB0036748,,,,,,,,,,
LAB0036749,,,,,,,,,,
LAB0036750,,,,,,,,,,
LAB0036751,,,,,,,,,,
LAB0036752,,,,,,,,,,
LAB0036753,,,,,,,,,,
LAB0036754,,,,,,,,,,
LAB0036755,,,,,,,,,,
LAB0036756,,,,,,,,,,
LAB0036757,,,,,,,,,,
LAB0036758,,,,,,,,,,
LAB0036759,,,,,,,,,,
LAB0036760,,,,,,,,,,
LAB0036761,,,,,,,,,,
LAB0036762,,,,,,,,,,
LAB0036763,,,,,,,,,,
LAB0036764,,,,,,,,,,
LAB0036765,,,,,,,,,,
LAB0036766,,,,,,,,,,
LAB0036767,,,,,,,,,,
LAB0036768,,,,,,,,,,
LAB0036769,,,,,,,,,,
LAB0036770,,,,,,,,,,
LAB0036771,,,,,,,,,,
LAB0036772,,,,,,,,,,
LAB0036773,,,,,,,,,,
LAB0036774,,,,,,,,,,
LAB0036775,,,,,,,,,,
LAB0036776,,,,,,,,,,
LAB0036777,,,,,,,,,,
LAB0036778,,,,,,,,,,
LAB0036779,,,,,,,,,,
LAB0036780,,,,,,,,,,
LAB0036781,,,,,,,,,,
LAB0036782,,,,,,,,,,
LAB0036783,,,,,,,,,,
LAB0036784,,,,,,,,,,
LAB0036785,,,,,,,,,,
LAB0036786,,,,,,,,,,
LAB0036787,,,,,,,,,,
LAB0036788,,,,,,,,,,
LAB0036789,,,,,,,,,,
LAB0036790,,,,,,,,,,
LAB0036791,,,,,,,,,,
LAB0036792,,,,,,,,,,
LAB0036793,,,,,,,,,,
LAB0036794,,,,,,,,,,
LAB0036795,,,,,,,,,,
LAB0036796,,,,,,,,,,
LAB0036797,,,,,,,,,,
LAB0036798,,,,,,,,,,
LAB0036799,,,,,,,,,,
LAB0036800,,,,,,,,,,
LAB0036801,,,,,,,,,,
LAB0036802,,,,,,,,,,
LAB0036803,,,,,,,,,,
LAB0036804,,,,,,,,,,
LAB0036805,,,,,,,,,,
LAB0036806,,,,,,,,,,
LAB0036807,,,,,,,,,,
LAB0036808,,,,,,,,,,
LAB0036809,,,,,,,,,,
LAB0036810,,,,,,,,,,
LAB0036811,,,,,,,,,,
LAB0036812,,,,,,,,,,
LAB0036813,,,,,,,,,,
LAB0036814,,,,,,,,,,
LAB0036815,,,,,,,,,,
LAB0036816,,,,,,,,,,
LAB0036817,,,,,,,,,,
LAB0036818,,,,,,,,,,
LAB0036819,,,,,,,,,,
LAB0036820,,,,,,,,,,
LAB0036821,,,,,,,,,,
LAB0036822,,,,,,,,,,
LAB0036823,,,,,,,,,,
LAB0036824,,,,,,,,,,
LAB0036825,,,,,,,,,,
LAB0036826,,,,,,,,,,
LAB0036827,,,,,,,,,,
LAB0036828,,,,,,,,,,
LAB0036829,,,,,,,,,,
LAB0036830,,,,,,,,,,
LAB0036831,,,,,,,,,,
LAB0036832,,,,,,,,,,
LAB0036833,,,,,,,,,,
LAB0036834,,,,,,,,,,
LAB0036835,,,,,,,,,,
LAB0036836,,,,,,,,,,
LAB0036837,,,,,,,,,,
LAB0036838,,,,,,,,,,
LAB0036839,,,,,,,,,,
LAB0036840,,,,,,,,,,
LAB0036841,,,,,,,,,,
LAB0036842,,,,,,,,,,
LAB0036843,,,,,,,,,,
LAB0036844,,,,,,,,,,
LAB0036845,,,,,,,,,,
LAB0036846,,,,,,,,,,
LAB0036847,,,,,,,,,,
LAB0036848,,,,,,,,,,
LAB0036849,,,,,,,,,,
LAB0036850,,,,,,,,,,
LAB0036851,,,,,,,,,,
LAB0036852,,,,,,,,,,
LAB0036853,,,,,,,,,,
LAB0036854,,,,,,,,,,
LAB0036855,,,,,,,,,,
LAB0036856,,,,,,,,,,
LAB0036857,,,,,,,,,,
LAB0036858,,,,,,,,,,
LAB0036859,,,,,,,,,,
LAB0036860,,,,,,,,,,
LAB0036861,,,,,,,,,,
LAB0036862,,,,,,,,,,
LAB0036863,,,,,,,,,,
LAB0036864,,,,,,,,,,
LAB0036865,,,,,,,,,,
LAB0036866,,,,,,,,,,
LAB0036867,,,,,,,,,,
LAB0036868,,,,,,,,,,
LAB0036869,,,,,,,,,,
LAB0036870,,,,,,,,,,
LAB0036871,,,,,,,,,,
LAB0036872,,,,,,,,,,
LAB0036873,,,,,,,,,,
LAB0036874,,,,,,,,,,
LAB0036875,,,,,,,,,,
LAB0036876,,,,,,,,,,
LAB0036877,,,,,,,,,,
LAB0036878,,,,,,,,,,
LAB0036879,,,,,,,,,,
LAB0036880,,,,,,,,,,
LAB0036881,,,,,,,,,,
LAB0036882,,,,,,,,,,
LAB0036883,,,,,,,,,,
LAB0036884,,,,,,,,,,
LAB0036885,,,,,,,,,,
LAB0036886,,,,,,,,,,
LAB0036887,,,,,,,,,,
LAB0036888,,,,,,,,,,
LAB0036889,,,,,,,,,,
LAB0036890,,,,,,,,,,
LAB0036891,,,,,,,,,,
LAB0036892,,,,,,,,,,
LAB0036893,,,,,,,,,,
LAB0036894,,,,,,,,,,
LAB0036895,,,,,,,,,,
LAB0036896,,,,,,,,,,
LAB0036897,,,,,,,,,,
LAB0036898,,,,,,,,,,
LAB0036899,,,,,,,,,,
LAB0036900,,,,,,,,,,
LAB0036901,,,,,,,,,,
LAB0036902,,,,,,,,,,
LAB0036903,,,,,,,,,,
LAB0036904,,,,,,,,,,
LAB0036905,,,,,,,,,,
LAB0036906,,,,,,,,,,
LAB0036907,,,,,,,,,,
LAB0036908,,,,,,,,,,
LAB0036909,,,,,,,,,,
LAB0036910,,,,,,,,,,
LAB0036911,,,,,,,,,,
LAB0036912,,,,,,,,,,
LAB0036913,,,,,,,,,,
LAB0036914,,,,,,,,,,
LAB0036915,,,,,,,,,,
LAB0036916,,,,,,,,,,
LAB0036917,,,,,,,,,,
LAB0036918,,,,,,,,,,
LAB0036919,,,,,,,,,,
LAB0036920,,,,,,,,,,
LAB0036921,,,,,,,,,,
LAB0036922,,,,,,,,,,
LAB0036923,,,,,,,,,,
LAB0036924,,,,,,,,,,
LAB0036925,,,,,,,,,,
LAB0036926,,,,,,,,,,
LAB0036927,,,,,,,,,,
LAB0036928,,,,,,,,,,
LAB0036929,,,,,,,,,,
LAB0036930,,,,,,,,,,
LAB0036931,,,,,,,,,,
LAB0036932,,,,,,,,,,
LAB0036933,,,,,,,,,,
LAB0036934,,,,,,,,,,
LAB0036935,,,,,,,,,,
LAB0036936,,,,,,,,,,
LAB0036937,,,,,,,,,,
LAB0036938,,,,,,,,,,
LAB0036939,,,,,,,,,,
LAB0036940,,,,,,,,,,
LAB0036941,,,,,,,,,,
LAB0036942,,,,,,,,,,
LAB0036943,,,,,,,,,,
LAB0036944,,,,,,,,,,
LAB0036945,,,,,,,,,,
LAB0036946,,,,,,,,,,
LAB0036947,,,,,,,,,,
LAB0036948,,,,,,,,,,
LAB0036949,,,,,,,,,,
LAB0036950,,,,,,,,,,
LAB0036951,,,,,,,,,,
LAB0036952,,,,,,,,,,
LAB0036953,,,,,,,,,,
LAB0036954,,,,,,,,,,
LAB0036955,,,,,,,,,,
LAB0036956,,,,,,,,,,
LAB0036957,,,,,,,,,,
LAB0036958,,,,,,,,,,
LAB0036959,,,,,,,,,,
LAB0036960,,,,,,,,,,
LAB0036961,,,,,,,,,,
LAB0036962,,,,,,,,,,
LAB0036963,,,,,,,,,,
LAB0036964,,,,,,,,,,
LAB0036965,,,,,,,,,,
LAB0036966,,,,,,,,,,
LAB0036967,,,,,,,,,,
LAB0036968,,,,,,,,,,
LAB0036969,,,,,,,,,,
LAB0036970,,,,,,,,,,
LAB0036971,,,,,,,,,,
LAB0036972,,,,,,,,,,
LAB0036973,,,,,,,,,,
LAB0036974,,,,,,,,,,
LAB0036975,,,,,,,,,,
LAB0036976,,,,,,,,,,
LAB0036977,,,,,,,,,,
LAB0036978,,,,,,,,,,
LAB0036979,,,,,,,,,,
LAB0036980,,,,,,,,,,
LAB0036981,,,,,,,,,,
LAB0036982,,,,,,,,,,
LAB0036983,,,,,,,,,,
LAB0036984,,,,,,,,,,
LAB0036985,,,,,,,,,,
LAB0036986,,,,,,,,,,
LAB0036987,,,,,,,,,,
LAB0036988,,,,,,,,,,
LAB0036989,,,,,,,,,,
LAB0036990,,,,,,,,,,
LAB0036991,,,,,,,,,,
LAB0036992,,,,,,,,,,
LAB0036993,,,,,,,,,,
LAB0036994,,,,,,,,,,
LAB0036995,,,,,,,,,,
LAB0036996,,,,,,,,,,
LAB0036997,,,,,,,,,,
LAB0036998,,,,,,,,,,
LAB0036999,,,,,,,,,,
LAB0037000,,,,,,,,,,
LAB0037001,,,,,,,,,,
LAB0037002,,,,,,,,,,
LAB0037003,,,,,,,,,,
LAB0037004,,,,,,,,,,
LAB0037005,,,,,,,,,,
LAB0037006,,,,,,,,,,
LAB0037007,,,,,,,,,,
LAB0037008,,,,,,,,,,
LAB0037009,,,,,,,,,,
LAB0037010,,,,,,,,,,
LAB0037011,,,,,,,,,,
LAB0037012,,,,,,,,,,
LAB0037013,,,,,,,,,,
LAB0037014,,,,,,,,,,
LAB0037015,,,,,,,,,,
LAB0037016,,,,,,,,,,
LAB0037017,,,,,,,,,,
LAB0037018,,,,,,,,,,
LAB0037019,,,,,,,,,,
LAB0037020,,,,,,,,,,
LAB0037021,,,,,,,,,,
LAB0037022,,,,,,,,,,
LAB0037023,,,,,,,,,,
LAB0037024,,,,,,,,,,
LAB0037025,,,,,,,,,,
LAB0037026,,,,,,,,,,
LAB0037027,,,,,,,,,,
LAB0037028,,,,,,,,,,
LAB0037029,,,,,,,,,,
LAB0037030,,,,,,,,,,
LAB0037031,,,,,,,,,,
LAB0037032,,,,,,,,,,
LAB0037033,,,,,,,,,,
LAB0037034,,,,,,,,,,
LAB0037035,,,,,,,,,,
LAB0037036,,,,,,,,,,
LAB0037037,,,,,,,,,,
LAB0037038,,,,,,,,,,
LAB0037039,,,,,,,,,,
LAB0037040,,,,,,,,,,
LAB0037041,,,,,,,,,,
LAB0037042,,,,,,,,,,
LAB0037043,,,,,,,,,,
LAB0037044,,,,,,,,,,
LAB0037045,,,,,,,,,,
LAB0037046,,,,,,,,,,
LAB0037047,,,,,,,,,,
LAB0037048,,,,,,,,,,
LAB0037049,,,,,,,,,,
LAB0037050,,,,,,,,,,
LAB0037051,,,,,,,,,,
LAB0037052,,,,,,,,,,
LAB0037053,,,,,,,,,,
LAB0037054,,,,,,,,,,
LAB0037055,,,,,,,,,,
LAB0037056,,,,,,,,,,
LAB0037057,,,,,,,,,,
LAB0037058,,,,,,,,,,
LAB0037059,,,,,,,,,,
LAB0037060,,,,,,,,,,
LAB0037061,,,,,,,,,,
LAB0037062,,,,,,,,,,
LAB0037063,,,,,,,,,,
LAB0037064,,,,,,,,,,
LAB0037065,,,,,,,,,,
LAB0037066,,,,,,,,,,
LAB0037067,,,,,,,,,,
LAB0037068,,,,,,,,,,
LAB0037069,,,,,,,,,,
LAB0037070,,,,,,,,,,
LAB0037071,,,,,,,,,,
LAB0037072,,,,,,,,,,
LAB0037073,,,,,,,,,,
LAB0037074,,,,,,,,,,
LAB0037075,,,,,,,,,,
LAB0037076,,,,,,,,,,
LAB0037077,,,,,,,,,,
LAB0037078,,,,,,,,,,
LAB0037079,,,,,,,,,,
LAB0037080,,,,,,,,,,
LAB0037081,,,,,,,,,,
LAB0037082,,,,,,,,,,
LAB0037083,,,,,,,,,,
LAB0037084,,,,,,,,,,
LAB0037085,,,,,,,,,,
LAB0037086,,,,,,,,,,
LAB0037087,,,,,,,,,,
LAB0037088,,,,,,,,,,
LAB0037089,,,,,,,,,,
LAB0037090,,,,,,,,,,
LAB0037091,,,,,,,,,,
LAB0037092,,,,,,,,,,
LAB0037093,,,,,,,,,,
LAB0037094,,,,,,,,,,
LAB0037095,,,,,,,,,,
LAB0037096,,,,,,,,,,
LAB0037097,,,,,,,,,,
LAB0037098,,,,,,,,,,
LAB0037099,,,,,,,,,,
LAB0037100,,,,,,,,,,
LAB0037101,,,,,,,,,,
LAB0037102,,,,,,,,,,
LAB0037103,,,,,,,,,,
LAB0037104,,,,,,,,,,
LAB0037105,,,,,,,,,,
LAB0037106,,,,,,,,,,
LAB0037107,,,,,,,,,,
LAB0037108,,,,,,,,,,
LAB0037109,,,,,,,,,,
LAB0037110,,,,,,,,,,
LAB0037111,,,,,,,,,,
LAB0037112,,,,,,,,,,
LAB0037113,,,,,,,,,,
LAB0037114,,,,,,,,,,
LAB0037115,,,,,,,,,,
LAB0037116,,,,,,,,,,
LAB0037117,,,,,,,,,,
LAB0037118,,,,,,,,,,
LAB0037119,,,,,,,,,,
LAB0037120,,,,,,,,,,
LAB0037121,,,,,,,,,,
LAB0037122,,,,,,,,,,
LAB0037123,,,,,,,,,,
LAB0037124,,,,,,,,,,
LAB0037125,,,,,,,,,,
LAB0037126,,,,,,,,,,
LAB0037127,,,,,,,,,,
LAB0037128,,,,,,,,,,
LAB0037129,,,,,,,,,,
LAB0037130,,,,,,,,,,
LAB0037131,,,,,,,,,,
LAB0037132,,,,,,,,,,
LAB0037133,,,,,,,,,,
LAB0037134,,,,,,,,,,
LAB0037135,,,,,,,,,,
LAB0037136,,,,,,,,,,
LAB0037137,,,,,,,,,,
LAB0037138,,,,,,,,,,
LAB0037139,,,,,,,,,,
LAB0037140,,,,,,,,,,
LAB0037141,,,,,,,,,,
LAB0037142,,,,,,,,,,
LAB0037143,,,,,,,,,,
LAB0037144,,,,,,,,,,
LAB0037145,,,,,,,,,,
LAB0037146,,,,,,,,,,
LAB0037147,,,,,,,,,,
LAB0037148,,,,,,,,,,
LAB0037149,,,,,,,,,,
LAB0037150,,,,,,,,,,
LAB0037151,,,,,,,,,,
LAB0037152,,,,,,,,,,
LAB0037153,,,,,,,,,,
LAB0037154,,,,,,,,,,
LAB0037155,,,,,,,,,,
LAB0037156,,,,,,,,,,
LAB0037157,,,,,,,,,,
LAB0037158,,,,,,,,,,
LAB0037159,,,,,,,,,,
LAB0037160,,,,,,,,,,
LAB0037161,,,,,,,,,,
LAB0037162,,,,,,,,,,
LAB0037163,,,,,,,,,,
LAB0037164,,,,,,,,,,
LAB0037165,,,,,,,,,,
LAB0037166,,,,,,,,,,
LAB0037167,,,,,,,,,,
LAB0037168,,,,,,,,,,
LAB0037169,,,,,,,,,,
LAB0037170,,,,,,,,,,
LAB0037171,,,,,,,,,,
LAB0037172,,,,,,,,,,
LAB0037173,,,,,,,,,,
LAB0037174,,,,,,,,,,
LAB0037175,,,,,,,,,,
LAB0037176,,,,,,,,,,
LAB0037177,,,,,,,,,,
LAB0037178,,,,,,,,,,
LAB0037179,,,,,,,,,,
LAB0037180,,,,,,,,,,
LAB0037181,,,,,,,,,,
LAB0037182,,,,,,,,,,
LAB0037183,,,,,,,,,,
LAB0037184,,,,,,,,,,
LAB0037185,,,,,,,,,,
LAB0037186,,,,,,,,,,
LAB0037187,,,,,,,,,,
LAB0037188,,,,,,,,,,
LAB0037189,,,,,,,,,,
LAB0037190,,,,,,,,,,
LAB0037191,,,,,,,,,,
LAB0037192,,,,,,,,,,
LAB0037193,,,,,,,,,,
LAB0037194,,,,,,,,,,
LAB0037195,,,,,,,,,,
LAB0037196,,,,,,,,,,
LAB0037197,,,,,,,,,,
LAB0037198,,,,,,,,,,
LAB0037199,,,,,,,,,,
LAB0037200,,,,,,,,,,
LAB0037201,,,,,,,,,,
LAB0037202,,,,,,,,,,
LAB0037203,,,,,,,,,,
LAB0037204,,,,,,,,,,
LAB0037205,,,,,,,,,,
LAB0037206,,,,,,,,,,
LAB0037207,,,,,,,,,,
LAB0037208,,,,,,,,,,
LAB0037209,,,,,,,,,,
LAB0037210,,,,,,,,,,
LAB0037211,,,,,,,,,,
LAB0037212,,,,,,,,,,
LAB0037213,,,,,,,,,,
LAB0037214,,,,,,,,,,
LAB0037215,,,,,,,,,,
LAB0037216,,,,,,,,,,
LAB0037217,,,,,,,,,,
LAB0037218,,,,,,,,,,
LAB0037219,,,,,,,,,,
LAB0037220,,,,,,,,,,
LAB0037221,,,,,,,,,,
LAB0037222,,,,,,,,,,
LAB0037223,,,,,,,,,,
LAB0037224,,,,,,,,,,
LAB0037225,,,,,,,,,,
LAB0037226,,,,,,,,,,
LAB0037227,,,,,,,,,,
LAB0037228,,,,,,,,,,
LAB0037229,,,,,,,,,,
LAB0037230,,,,,,,,,,
LAB0037231,,,,,,,,,,
LAB0037232,,,,,,,,,,
LAB0037233,,,,,,,,,,
LAB0037234,,,,,,,,,,
LAB0037235,,,,,,,,,,
LAB0037236,,,,,,,,,,
LAB0037237,,,,,,,,,,
LAB0037238,,,,,,,,,,
LAB0037239,,,,,,,,,,
LAB0037240,,,,,,,,,,
LAB0037241,,,,,,,,,,
LAB0037242,,,,,,,,,,
LAB0037243,,,,,,,,,,
LAB0037244,,,,,,,,,,
LAB0037245,,,,,,,,,,
LAB0037246,,,,,,,,,,
LAB0037247,,,,,,,,,,
LAB0037248,,,,,,,,,,
LAB0037249,,,,,,,,,,
LAB0037250,,,,,,,,,,
LAB0037251,,,,,,,,,,
LAB0037252,,,,,,,,,,
LAB0037253,,,,,,,,,,
LAB0037254,,,,,,,,,,
LAB0037255,,,,,,,,,,
LAB0037256,,,,,,,,,,
LAB0037257,,,,,,,,,,
LAB0037258,,,,,,,,,,
LAB0037259,,,,,,,,,,
LAB0037260,,,,,,,,,,
LAB0037261,,,,,,,,,,
LAB0037262,,,,,,,,,,
LAB0037263,,,,,,,,,,
LAB0037264,,,,,,,,,,
LAB0037265,,,,,,,,,,
LAB0037266,,,,,,,,,,
LAB0037267,,,,,,,,,,
LAB0037268,,,,,,,,,,
LAB0037269,,,,,,,,,,
LAB0037270,,,,,,,,,,
LAB0037271,,,,,,,,,,
LAB0037272,,,,,,,,,,
LAB0037273,,,,,,,,,,
LAB0037274,,,,,,,,,,
LAB0037275,,,,,,,,,,
LAB0037276,,,,,,,,,,
LAB0037277,,,,,,,,,,
LAB0037278,,,,,,,,,,
LAB0037279,,,,,,,,,,
LAB0037280,,,,,,,,,,
LAB0037281,,,,,,,,,,
LAB0037282,,,,,,,,,,
LAB0037283,,,,,,,,,,
LAB0037284,,,,,,,,,,
LAB0037285,,,,,,,,,,
LAB0037286,,,,,,,,,,
LAB0037287,,,,,,,,,,
LAB0037288,,,,,,,,,,
LAB0037289,,,,,,,,,,
LAB0037290,,,,,,,,,,
LAB0037291,,,,,,,,,,
LAB0037292,,,,,,,,,,
LAB0037293,,,,,,,,,,
LAB0037294,,,,,,,,,,
LAB0037295,,,,,,,,,,
LAB0037296,,,,,,,,,,
LAB0037297,,,,,,,,,,
LAB0037298,,,,,,,,,,
LAB0037299,,,,,,,,,,
LAB0037300,,,,,,,,,,
LAB0037301,,,,,,,,,,
LAB0037302,,,,,,,,,,
LAB0037303,,,,,,,,,,
LAB0037304,,,,,,,,,,
LAB0037305,,,,,,,,,,
LAB0037306,,,,,,,,,,
LAB0037307,,,,,,,,,,
LAB0037308,,,,,,,,,,
LAB0037309,,,,,,,,,,
LAB0037310,,,,,,,,,,
LAB0037311,,,,,,,,,,
LAB0037312,,,,,,,,,,
LAB0037313,,,,,,,,,,
LAB0037314,,,,,,,,,,
LAB0037315,,,,,,,,,,
LAB0037316,,,,,,,,,,
LAB0037317,,,,,,,,,,
LAB0037318,,,,,,,,,,
LAB0037319,,,,,,,,,,
LAB0037320,,,,,,,,,,
LAB0037321,,,,,,,,,,
LAB0037322,,,,,,,,,,
LAB0037323,,,,,,,,,,
LAB0037324,,,,,,,,,,
LAB0037325,,,,,,,,,,
LAB0037326,,,,,,,,,,
LAB0037327,,,,,,,,,,
LAB0037328,,,,,,,,,,
LAB0037329,,,,,,,,,,
LAB0037330,,,,,,,,,,
LAB0037331,,,,,,,,,,
LAB0037332,,,,,,,,,,
LAB0037333,,,,,,,,,,
LAB0037334,,,,,,,,,,
LAB0037335,,,,,,,,,,
LAB0037336,,,,,,,,,,
LAB0037337,,,,,,,,,,
LAB0037338,,,,,,,,,,
LAB0037339,,,,,,,,,,
LAB0037340,,,,,,,,,,
LAB0037341,,,,,,,,,,
LAB0037342,,,,,,,,,,
LAB0037343,,,,,,,,,,
LAB0037344,,,,,,,,,,
LAB0037345,,,,,,,,,,
LAB0037346,,,,,,,,,,
LAB0037347,,,,,,,,,,
LAB0037348,,,,,,,,,,
LAB0037349,,,,,,,,,,
LAB0037350,,,,,,,,,,
LAB0037351,,,,,,,,,,
LAB0037352,,,,,,,,,,
LAB0037353,,,,,,,,,,
LAB0037354,,,,,,,,,,
LAB0037355,,,,,,,,,,
LAB0037356,,,,,,,,,,
LAB0037357,,,,,,,,,,
LAB0037358,,,,,,,,,,
LAB0037359,,,,,,,,,,
LAB0037360,,,,,,,,,,
LAB0037361,,,,,,,,,,
LAB0037362,,,,,,,,,,
LAB0037363,,,,,,,,,,
LAB0037364,,,,,,,,,,
LAB0037365,,,,,,,,,,
LAB0037366,,,,,,,,,,
LAB0037367,,,,,,,,,,
LAB0037368,,,,,,,,,,
LAB0037369,,,,,,,,,,
LAB0037370,,,,,,,,,,
LAB0037371,,,,,,,,,,
LAB0037372,,,,,,,,,,
LAB0037373,,,,,,,,,,
LAB0037374,,,,,,,,,,
LAB0037375,,,,,,,,,,
LAB0037376,,,,,,,,,,
LAB0037377,,,,,,,,,,
LAB0037378,,,,,,,,,,
LAB0037379,,,,,,,,,,
LAB0037380,,,,,,,,,,
LAB0037381,,,,,,,,,,
LAB0037382,,,,,,,,,,
LAB0037383,,,,,,,,,,
LAB0037384,,,,,,,,,,
LAB0037385,,,,,,,,,,
LAB0037386,,,,,,,,,,
LAB0037387,,,,,,,,,,
LAB0037388,,,,,,,,,,
LAB0037389,,,,,,,,,,
LAB0037390,,,,,,,,,,
LAB0037391,,,,,,,,,,
LAB0037392,,,,,,,,,,
LAB0037393,,,,,,,,,,
LAB0037394,,,,,,,,,,
LAB0037395,,,,,,,,,,
LAB0037396,,,,,,,,,,
LAB0037397,,,,,,,,,,
LAB0037398,,,,,,,,,,
LAB0037399,,,,,,,,,,
LAB0037400,,,,,,,,,,
LAB0037401,,,,,,,,,,
LAB0037402,,,,,,,,,,
LAB0037403,,,,,,,,,,
LAB0037404,,,,,,,,,,
LAB0037405,,,,,,,,,,
LAB0037406,,,,,,,,,,
LAB0037407,,,,,,,,,,
LAB0037408,,,,,,,,,,
LAB0037409,,,,,,,,,,
LAB0037410,,,,,,,,,,
LAB0037411,,,,,,,,,,
LAB0037412,,,,,,,,,,
LAB0037413,,,,,,,,,,
LAB0037414,,,,,,,,,,
LAB0037415,,,,,,,,,,
LAB0037416,,,,,,,,,,
LAB0037417,,,,,,,,,,
LAB0037418,,,,,,,,,,
LAB0037419,,,,,,,,,,
LAB0037420,,,,,,,,,,
LAB0037421,,,,,,,,,,
LAB0037422,,,,,,,,,,
LAB0037423,,,,,,,,,,
LAB0037424,,,,,,,,,,
LAB0037425,,,,,,,,,,
LAB0037426,,,,,,,,,,
LAB0037427,,,,,,,,,,
LAB0037428,,,,,,,,,,
LAB0037429,,,,,,,,,,
LAB0037430,,,,,,,,,,
LAB0037431,,,,,,,,,,
LAB0037432,,,,,,,,,,
LAB0037433,,,,,,,,,,
LAB0037434,,,,,,,,,,
LAB0037435,,,,,,,,,,
LAB0037436,,,,,,,,,,
LAB0037437,,,,,,,,,,
LAB0037438,,,,,,,,,,
LAB0037439,,,,,,,,,,
LAB0037440,,,,,,,,,,
LAB0037441,,,,,,,,,,
LAB0037442,,,,,,,,,,
LAB0037443,,,,,,,,,,
LAB0037444,,,,,,,,,,
LAB0037445,,,,,,,,,,
LAB0037446,,,,,,,,,,
LAB0037447,,,,,,,,,,
LAB0037448,,,,,,,,,,
LAB0037449,,,,,,,,,,
LAB0037450,,,,,,,,,,
LAB0037451,,,,,,,,,,
LAB0037452,,,,,,,,,,
LAB0037453,,,,,,,,,,
LAB0037454,,,,,,,,,,
LAB0037455,,,,,,,,,,
LAB0037456,,,,,,,,,,
LAB0037457,,,,,,,,,,
LAB0037458,,,,,,,,,,
LAB0037459,,,,,,,,,,
LAB0037460,,,,,,,,,,
LAB0037461,,,,,,,,,,
LAB0037462,,,,,,,,,,
LAB0037463,,,,,,,,,,
LAB0037464,,,,,,,,,,
LAB0037465,,,,,,,,,,
LAB0037466,,,,,,,,,,
LAB0037467,,,,,,,,,,
LAB0037468,,,,,,,,,,
LAB0037469,,,,,,,,,,
LAB0037470,,,,,,,,,,
LAB0037471,,,,,,,,,,
LAB0037472,,,,,,,,,,
LAB0037473,,,,,,,,,,
LAB0037474,,,,,,,,,,
LAB0037475,,,,,,,,,,
LAB0037476,,,,,,,,,,
LAB0037477,,,,,,,,,,
LAB0037478,,,,,,,,,,
LAB0037479,,,,,,,,,,
LAB0037480,,,,,,,,,,
LAB0037481,,,,,,,,,,
LAB0037482,,,,,,,,,,
LAB0037483,,,,,,,,,,
LAB0037484,,,,,,,,,,
LAB0037485,,,,,,,,,,
LAB0037486,,,,,,,,,,
LAB0037487,,,,,,,,,,
LAB0037488,,,,,,,,,,
LAB0037489,,,,,,,,,,
LAB0037490,,,,,,,,,,
LAB0037491,,,,,,,,,,
LAB0037492,,,,,,,,,,
LAB0037493,,,,,,,,,,
LAB0037494,,,,,,,,,,
LAB0037495,,,,,,,,,,
LAB0037496,,,,,,,,,,
LAB0037497,,,,,,,,,,
LAB0037498,,,,,,,,,,
LAB0037499,,,,,,,,,,
LAB0037500,,,,,,,,,,
LAB0037501,,,,,,,,,,
LAB0037502,,,,,,,,,,
LAB0037503,,,,,,,,,,
LAB0037504,,,,,,,,,,
LAB0037505,,,,,,,,,,
LAB0037506,,,,,,,,,,
LAB0037507,,,,,,,,,,
LAB0037508,,,,,,,,,,
LAB0037509,,,,,,,,,,
LAB0037510,,,,,,,,,,
LAB0037511,,,,,,,,,,
LAB0037512,,,,,,,,,,
LAB0037513,,,,,,,,,,
LAB0037514,,,,,,,,,,
LAB0037515,,,,,,,,,,
LAB0037516,,,,,,,,,,
LAB0037517,,,,,,,,,,
LAB0037518,,,,,,,,,,
LAB0037519,,,,,,,,,,
LAB0037520,,,,,,,,,,
LAB0037521,,,,,,,,,,
LAB0037522,,,,,,,,,,
LAB0037523,,,,,,,,,,
LAB0037524,,,,,,,,,,
LAB0037525,,,,,,,,,,
LAB0037526,,,,,,,,,,
LAB0037527,,,,,,,,,,
LAB0037528,,,,,,,,,,
LAB0037529,,,,,,,,,,
LAB0037530,,,,,,,,,,
LAB0037531,,,,,,,,,,
LAB0037532,,,,,,,,,,
LAB0037533,,,,,,,,,,
LAB0037534,,,,,,,,,,
LAB0037535,,,,,,,,,,
LAB0037536,,,,,,,,,,
LAB0037537,,,,,,,,,,
LAB0037538,,,,,,,,,,
LAB0037539,,,,,,,,,,
LAB0037540,,,,,,,,,,
LAB0037541,,,,,,,,,,
LAB0037542,,,,,,,,,,
LAB0037543,,,,,,,,,,
LAB0037544,,,,,,,,,,
LAB0037545,,,,,,,,,,
LAB0037546,,,,,,,,,,
LAB0037547,,,,,,,,,,
LAB0037548,,,,,,,,,,
LAB0037549,,,,,,,,,,
LAB0037550,,,,,,,,,,
LAB0037551,,,,,,,,,,
LAB0037552,,,,,,,,,,
LAB0037553,,,,,,,,,,
LAB0037554,,,,,,,,,,
LAB0037555,,,,,,,,,,
LAB0037556,,,,,,,,,,
LAB0037557,,,,,,,,,,
LAB0037558,,,,,,,,,,
LAB0037559,,,,,,,,,,
LAB0037560,,,,,,,,,,
LAB0037561,,,,,,,,,,
LAB0037562,,,,,,,,,,
LAB0037563,,,,,,,,,,
LAB0037564,,,,,,,,,,
LAB0037565,,,,,,,,,,
LAB0037566,,,,,,,,,,
LAB0037567,,,,,,,,,,
LAB0037568,,,,,,,,,,
LAB0037569,,,,,,,,,,
LAB0037570,,,,,,,,,,
LAB0037571,,,,,,,,,,
LAB0037572,,,,,,,,,,
LAB0037573,,,,,,,,,,
LAB0037574,,,,,,,,,,
LAB0037575,,,,,,,,,,
LAB0037576,,,,,,,,,,
LAB0037577,,,,,,,,,,
LAB0037578,,,,,,,,,,
LAB0037579,,,,,,,,,,
LAB0037580,,,,,,,,,,
LAB0037581,,,,,,,,,,
LAB0037582,,,,,,,,,,
LAB0037583,,,,,,,,,,
LAB0037584,,,,,,,,,,
LAB0037585,,,,,,,,,,
LAB0037586,,,,,,,,,,
LAB0037587,,,,,,,,,,
LAB0037588,,,,,,,,,,
LAB0037589,,,,,,,,,,
LAB0037590,,,,,,,,,,
LAB0037591,,,,,,,,,,
LAB0037592,,,,,,,,,,
LAB0037593,,,,,,,,,,
LAB0037594,,,,,,,,,,
LAB0037595,,,,,,,,,,
LAB0037596,,,,,,,,,,
LAB0037597,,,,,,,,,,
LAB0037598,,,,,,,,,,
LAB0037599,,,,,,,,,,
LAB0037600,,,,,,,,,,
LAB0037601,,,,,,,,,,
LAB0037602,,,,,,,,,,
LAB0037603,,,,,,,,,,
LAB0037604,,,,,,,,,,
LAB0037605,,,,,,,,,,
LAB0037606,,,,,,,,,,
LAB0037607,,,,,,,,,,
LAB0037608,,,,,,,,,,
LAB0037609,,,,,,,,,,
LAB0037610,,,,,,,,,,
LAB0037611,,,,,,,,,,
LAB0037612,,,,,,,,,,
LAB0037613,,,,,,,,,,
LAB0037614,,,,,,,,,,
LAB0037615,,,,,,,,,,
LAB0037616,,,,,,,,,,
LAB0037617,,,,,,,,,,
LAB0037618,,,,,,,,,,
LAB0037619,,,,,,,,,,
LAB0037620,,,,,,,,,,
LAB0037621,,,,,,,,,,
LAB0037622,,,,,,,,,,
LAB0037623,,,,,,,,,,
LAB0037624,,,,,,,,,,
LAB0037625,,,,,,,,,,
LAB0037626,,,,,,,,,,
LAB0037627,,,,,,,,,,
LAB0037628,,,,,,,,,,
LAB0037629,,,,,,,,,,
LAB0037630,,,,,,,,,,
LAB0037631,,,,,,,,,,
LAB0037632,,,,,,,,,,
LAB0037633,,,,,,,,,,
LAB0037634,,,,,,,,,,
LAB0037635,,,,,,,,,,
LAB0037636,,,,,,,,,,
LAB0037637,,,,,,,,,,
LAB0037638,,,,,,,,,,
LAB0037639,,,,,,,,,,
LAB0037640,,,,,,,,,,
LAB0037641,,,,,,,,,,
LAB0037642,,,,,,,,,,
LAB0037643,,,,,,,,,,
LAB0037644,,,,,,,,,,
LAB0037645,,,,,,,,,,
LAB0037646,,,,,,,,,,
LAB0037647,,,,,,,,,,
LAB0037648,,,,,,,,,,
LAB0037649,,,,,,,,,,
LAB0037650,,,,,,,,,,
LAB0037651,,,,,,,,,,
LAB0037652,,,,,,,,,,
LAB0037653,,,,,,,,,,
LAB0037654,,,,,,,,,,
LAB0037655,,,,,,,,,,
LAB0037656,,,,,,,,,,
LAB0037657,,,,,,,,,,
LAB0037658,,,,,,,,,,
LAB0037659,,,,,,,,,,
LAB0037660,,,,,,,,,,
LAB0037661,,,,,,,,,,
LAB0037662,,,,,,,,,,
LAB0037663,,,,,,,,,,
LAB0037664,,,,,,,,,,
LAB0037665,,,,,,,,,,
LAB0037666,,,,,,,,,,
LAB0037667,,,,,,,,,,
LAB0037668,,,,,,,,,,
LAB0037669,,,,,,,,,,
LAB0037670,,,,,,,,,,
LAB0037671,,,,,,,,,,
LAB0037672,,,,,,,,,,
LAB0037673,,,,,,,,,,
LAB0037674,,,,,,,,,,
LAB0037675,,,,,,,,,,
LAB0037676,,,,,,,,,,
LAB0037677,,,,,,,,,,
LAB0037678,,,,,,,,,,
LAB0037679,,,,,,,,,,
LAB0037680,,,,,,,,,,
LAB0037681,,,,,,,,,,
LAB0037682,,,,,,,,,,
LAB0037683,,,,,,,,,,
LAB0037684,,,,,,,,,,
LAB0037685,,,,,,,,,,
LAB0037686,,,,,,,,,,
LAB0037687,,,,,,,,,,
LAB0037688,,,,,,,,,,
LAB0037689,,,,,,,,,,
LAB0037690,,,,,,,,,,
LAB0037691,,,,,,,,,,
LAB0037692,,,,,,,,,,
LAB0037693,,,,,,,,,,
LAB0037694,,,,,,,,,,
LAB0037695,,,,,,,,,,
LAB0037696,,,,,,,,,,
LAB0037697,,,,,,,,,,
LAB0037698,,,,,,,,,,
LAB0037699,,,,,,,,,,
LAB0037700,,,,,,,,,,
LAB0037701,,,,,,,,,,
LAB0037702,,,,,,,,,,
LAB0037703,,,,,,,,,,
LAB0037704,,,,,,,,,,
LAB0037705,,,,,,,,,,
LAB0037706,,,,,,,,,,
LAB0037707,,,,,,,,,,
LAB0037708,,,,,,,,,,
LAB0037709,,,,,,,,,,
LAB0037710,,,,,,,,,,
LAB0037711,,,,,,,,,,
LAB0037712,,,,,,,,,,
LAB0037713,,,,,,,,,,
LAB0037714,,,,,,,,,,
LAB0037715,,,,,,,,,,
LAB0037716,,,,,,,,,,
LAB0037717,,,,,,,,,,
LAB0037718,,,,,,,,,,
LAB0037719,,,,,,,,,,
LAB0037720,,,,,,,,,,
LAB0037721,,,,,,,,,,
LAB0037722,,,,,,,,,,
LAB0037723,,,,,,,,,,
LAB0037724,,,,,,,,,,
LAB0037725,,,,,,,,,,
LAB0037726,,,,,,,,,,
LAB0037727,,,,,,,,,,
LAB0037728,,,,,,,,,,
LAB0037729,,,,,,,,,,
LAB0037730,,,,,,,,,,
LAB0037731,,,,,,,,,,
LAB0037732,,,,,,,,,,
LAB0037733,,,,,,,,,,
LAB0037734,,,,,,,,,,
LAB0037735,,,,,,,,,,
LAB0037736,,,,,,,,,,
LAB0037737,,,,,,,,,,
LAB0037738,,,,,,,,,,
LAB0037739,,,,,,,,,,
LAB0037740,,,,,,,,,,
LAB0037741,,,,,,,,,,
LAB0037742,,,,,,,,,,
LAB0037743,,,,,,,,,,
LAB0037744,,,,,,,,,,
LAB0037745,,,,,,,,,,
LAB0037746,,,,,,,,,,
LAB0037747,,,,,,,,,,
LAB0037748,,,,,,,,,,
LAB0037749,,,,,,,,,,
LAB0037750,,,,,,,,,,
LAB0037751,,,,,,,,,,
LAB0037752,,,,,,,,,,
LAB0037753,,,,,,,,,,
LAB0037754,,,,,,,,,,
LAB0037755,,,,,,,,,,
LAB0037756,,,,,,,,,,
LAB0037757,,,,,,,,,,
LAB0037758,,,,,,,,,,
LAB0037759,,,,,,,,,,
LAB0037760,,,,,,,,,,
LAB0037761,,,,,,,,,,
LAB0037762,,,,,,,,,,
LAB0037763,,,,,,,,,,
LAB0037764,,,,,,,,,,
LAB0037765,,,,,,,,,,
LAB0037766,,,,,,,,,,
LAB0037767,,,,,,,,,,
LAB0037768,,,,,,,,,,
LAB0037769,,,,,,,,,,
LAB0037770,,,,,,,,,,
LAB0037771,,,,,,,,,,
LAB0037772,,,,,,,,,,
LAB0037773,,,,,,,,,,
LAB0037774,,,,,,,,,,
LAB0037775,,,,,,,,,,
LAB0037776,,,,,,,,,,
LAB0037777,,,,,,,,,,
LAB0037778,,,,,,,,,,
LAB0037779,,,,,,,,,,
LAB0037780,,,,,,,,,,
LAB0037781,,,,,,,,,,
LAB0037782,,,,,,,,,,
LAB0037783,,,,,,,,,,
LAB0037784,,,,,,,,,,
LAB0037785,,,,,,,,,,
LAB0037786,,,,,,,,,,
LAB0037787,,,,,,,,,,
LAB0037788,,,,,,,,,,
LAB0037789,,,,,,,,,,
LAB0037790,,,,,,,,,,
LAB0037791,,,,,,,,,,
LAB0037792,,,,,,,,,,
LAB0037793,,,,,,,,,,
LAB0037794,,,,,,,,,,
LAB0037795,,,,,,,,,,
LAB0037796,,,,,,,,,,
LAB0037797,,,,,,,,,,
LAB0037798,,,,,,,,,,
LAB0037799,,,,,,,,,,
LAB0037800,,,,,,,,,,
LAB0037801,,,,,,,,,,
LAB0037802,,,,,,,,,,
LAB0037803,,,,,,,,,,
LAB0037804,,,,,,,,,,
LAB0037805,,,,,,,,,,
LAB0037806,,,,,,,,,,
LAB0037807,,,,,,,,,,
LAB0037808,,,,,,,,,,
LAB0037809,,,,,,,,,,
LAB0037810,,,,,,,,,,
LAB0037811,,,,,,,,,,
LAB0037812,,,,,,,,,,
LAB0037813,,,,,,,,,,
LAB0037814,,,,,,,,,,
LAB0037815,,,,,,,,,,
LAB0037816,,,,,,,,,,
LAB0037817,,,,,,,,,,
LAB0037818,,,,,,,,,,
LAB0037819,,,,,,,,,,
LAB0037820,,,,,,,,,,
LAB0037821,,,,,,,,,,
LAB0037822,,,,,,,,,,
LAB0037823,,,,,,,,,,
LAB0037824,,,,,,,,,,
LAB0037825,,,,,,,,,,
LAB0037826,,,,,,,,,,
LAB0037827,,,,,,,,,,
LAB0037828,,,,,,,,,,
LAB0037829,,,,,,,,,,
LAB0037830,,,,,,,,,,
LAB0037831,,,,,,,,,,
LAB0037832,,,,,,,,,,
LAB0037833,,,,,,,,,,
LAB0037834,,,,,,,,,,
LAB0037835,,,,,,,,,,
LAB0037836,,,,,,,,,,
LAB0037837,,,,,,,,,,
LAB0037838,,,,,,,,,,
LAB0037839,,,,,,,,,,
LAB0037840,,,,,,,,,,
LAB0037841,,,,,,,,,,
LAB0037842,,,,,,,,,,
LAB0037843,,,,,,,,,,
LAB0037844,,,,,,,,,,
LAB0037845,,,,,,,,,,
LAB0037846,,,,,,,,,,
LAB0037847,,,,,,,,,,
LAB0037848,,,,,,,,,,
LAB0037849,,,,,,,,,,
LAB0037850,,,,,,,,,,
LAB0037851,,,,,,,,,,
LAB0037852,,,,,,,,,,
LAB0037853,,,,,,,,,,
LAB0037854,,,,,,,,,,
LAB0037855,,,,,,,,,,
LAB0037856,,,,,,,,,,
LAB0037857,,,,,,,,,,
LAB0037858,,,,,,,,,,
LAB0037859,,,,,,,,,,
LAB0037860,,,,,,,,,,
LAB0037861,,,,,,,,,,
LAB0037862,,,,,,,,,,
LAB0037863,,,,,,,,,,
LAB0037864,,,,,,,,,,
LAB0037865,,,,,,,,,,
LAB0037866,,,,,,,,,,
LAB0037867,,,,,,,,,,
LAB0037868,,,,,,,,,,
LAB0037869,,,,,,,,,,
LAB0037870,,,,,,,,,,
LAB0037871,,,,,,,,,,
LAB0037872,,,,,,,,,,
LAB0037873,,,,,,,,,,
LAB0037874,,,,,,,,,,
LAB0037875,,,,,,,,,,
LAB0037876,,,,,,,,,,
LAB0037877,,,,,,,,,,
LAB0037878,,,,,,,,,,
LAB0037879,,,,,,,,,,
LAB0037880,,,,,,,,,,
LAB0037881,,,,,,,,,,
LAB0037882,,,,,,,,,,
LAB0037883,,,,,,,,,,
LAB0037884,,,,,,,,,,
LAB0037885,,,,,,,,,,
LAB0037886,,,,,,,,,,
LAB0037887,,,,,,,,,,
LAB0037888,,,,,,,,,,
LAB0037889,,,,,,,,,,
LAB0037890,,,,,,,,,,
LAB0037891,,,,,,,,,,
LAB0037892,,,,,,,,,,
LAB0037893,,,,,,,,,,
LAB0037894,,,,,,,,,,
LAB0037895,,,,,,,,,,
LAB0037896,,,,,,,,,,
LAB0037897,,,,,,,,,,
LAB0037898,,,,,,,,,,
LAB0037899,,,,,,,,,,
LAB0037900,,,,,,,,,,
LAB0037901,,,,,,,,,,
LAB0037902,,,,,,,,,,
LAB0037903,,,,,,,,,,
LAB0037904,,,,,,,,,,
LAB0037905,,,,,,,,,,
LAB0037906,,,,,,,,,,
LAB0037907,,,,,,,,,,
LAB0037908,,,,,,,,,,
LAB0037909,,,,,,,,,,
LAB0037910,,,,,,,,,,
LAB0037911,,,,,,,,,,
LAB0037912,,,,,,,,,,
LAB0037913,,,,,,,,,,
LAB0037914,,,,,,,,,,
LAB0037915,,,,,,,,,,
LAB0037916,,,,,,,,,,
LAB0037917,,,,,,,,,,
LAB0037918,,,,,,,,,,
LAB0037919,,,,,,,,,,
LAB0037920,,,,,,,,,,
LAB0037921,,,,,,,,,,
LAB0037922,,,,,,,,,,
LAB0037923,,,,,,,,,,
LAB0037924,,,,,,,,,,
LAB0037925,,,,,,,,,,
LAB0037926,,,,,,,,,,
LAB0037927,,,,,,,,,,
LAB0037928,,,,,,,,,,
LAB0037929,,,,,,,,,,
LAB0037930,,,,,,,,,,
LAB0037931,,,,,,,,,,
LAB0037932,,,,,,,,,,
LAB0037933,,,,,,,,,,
LAB0037934,,,,,,,,,,
LAB0037935,,,,,,,,,,
LAB0037936,,,,,,,,,,
LAB0037937,,,,,,,,,,
LAB0037938,,,,,,,,,,
LAB0037939,,,,,,,,,,
LAB0037940,,,,,,,,,,
LAB0037941,,,,,,,,,,
LAB0037942,,,,,,,,,,
LAB0037943,,,,,,,,,,
LAB0037944,,,,,,,,,,
LAB0037945,,,,,,,,,,
LAB0037946,,,,,,,,,,
LAB0037947,,,,,,,,,,
LAB0037948,,,,,,,,,,
LAB0037949,,,,,,,,,,
LAB0037950,,,,,,,,,,
LAB0037951,,,,,,,,,,
LAB0037952,,,,,,,,,,
LAB0037953,,,,,,,,,,
LAB0037954,,,,,,,,,,
LAB0037955,,,,,,,,,,
LAB0037956,,,,,,,,,,
LAB0037957,,,,,,,,,,
LAB0037958,,,,,,,,,,
LAB0037959,,,,,,,,,,
LAB0037960,,,,,,,,,,
LAB0037961,,,,,,,,,,
LAB0037962,,,,,,,,,,
LAB0037963,,,,,,,,,,
LAB0037964,,,,,,,,,,
LAB0037965,,,,,,,,,,
LAB0037966,,,,,,,,,,
LAB0037967,,,,,,,,,,
LAB0037968,,,,,,,,,,
LAB0037969,,,,,,,,,,
LAB0037970,,,,,,,,,,
LAB0037971,,,,,,,,,,
LAB0037972,,,,,,,,,,
LAB0037973,,,,,,,,,,
LAB0037974,,,,,,,,,,
LAB0037975,,,,,,,,,,
LAB0037976,,,,,,,,,,
LAB0037977,,,,,,,,,,
LAB0037978,,,,,,,,,,
LAB0037979,,,,,,,,,,
LAB0037980,,,,,,,,,,
LAB0037981,,,,,,,,,,
LAB0037982,,,,,,,,,,
LAB0037983,,,,,,,,,,
LAB0037984,,,,,,,,,,
LAB0037985,,,,,,,,,,
LAB0037986,,,,,,,,,,
LAB0037987,,,,,,,,,,
LAB0037988,,,,,,,,,,
LAB0037989,,,,,,,,,,
LAB0037990,,,,,,,,,,
LAB0037991,,,,,,,,,,
LAB0037992,,,,,,,,,,
LAB0037993,,,,,,,,,,
LAB0037994,,,,,,,,,,
LAB0037995,,,,,,,,,,
LAB0037996,,,,,,,,,,
LAB0037997,,,,,,,,,,
LAB0037998,,,,,,,,,,
LAB0037999,,,,,,,,,,
LAB0038000,,,,,,,,,,
LAB0038001,,,,,,,,,,
LAB0038002,,,,,,,,,,
LAB0038003,,,,,,,,,,
LAB0038004,,,,,,,,,,
LAB0038005,,,,,,,,,,
LAB0038006,,,,,,,,,,
LAB0038007,,,,,,,,,,
LAB0038008,,,,,,,,,,
LAB0038009,,,,,,,,,,
LAB0038010,,,,,,,,,,
LAB0038011,,,,,,,,,,
LAB0038012,,,,,,,,,,
LAB0038013,,,,,,,,,,
LAB0038014,,,,,,,,,,
LAB0038015,,,,,,,,,,
LAB0038016,,,,,,,,,,
LAB0038017,,,,,,,,,,
LAB0038018,,,,,,,,,,
LAB0038019,,,,,,,,,,
LAB0038020,,,,,,,,,,
LAB0038021,,,,,,,,,,
LAB0038022,,,,,,,,,,
LAB0038023,,,,,,,,,,
LAB0038024,,,,,,,,,,
LAB0038025,,,,,,,,,,
LAB0038026,,,,,,,,,,
LAB0038027,,,,,,,,,,
LAB0038028,,,,,,,,,,
LAB0038029,,,,,,,,,,
LAB0038030,,,,,,,,,,
LAB0038031,,,,,,,,,,
LAB0038032,,,,,,,,,,
LAB0038033,,,,,,,,,,
LAB0038034,,,,,,,,,,
LAB0038035,,,,,,,,,,
LAB0038036,,,,,,,,,,
LAB0038037,,,,,,,,,,
LAB0038038,,,,,,,,,,
LAB0038039,,,,,,,,,,
LAB0038040,,,,,,,,,,
LAB0038041,,,,,,,,,,
LAB0038042,,,,,,,,,,
LAB0038043,,,,,,,,,,
LAB0038044,,,,,,,,,,
LAB0038045,,,,,,,,,,
LAB0038046,,,,,,,,,,
LAB0038047,,,,,,,,,,
LAB0038048,,,,,,,,,,
LAB0038049,,,,,,,,,,
LAB0038050,,,,,,,,,,
LAB0038051,,,,,,,,,,
LAB0038052,,,,,,,,,,
LAB0038053,,,,,,,,,,
LAB0038054,,,,,,,,,,
LAB0038055,,,,,,,,,,
LAB0038056,,,,,,,,,,
LAB0038057,,,,,,,,,,
LAB0038058,,,,,,,,,,
LAB0038059,,,,,,,,,,
LAB0038060,,,,,,,,,,
LAB0038061,,,,,,,,,,
LAB0038062,,,,,,,,,,
LAB0038063,,,,,,,,,,
LAB0038064,,,,,,,,,,
LAB0038065,,,,,,,,,,
LAB0038066,,,,,,,,,,
LAB0038067,,,,,,,,,,
LAB0038068,,,,,,,,,,
LAB0038069,,,,,,,,,,
LAB0038070,,,,,,,,,,
LAB0038071,,,,,,,,,,
LAB0038072,,,,,,,,,,
LAB0038073,,,,,,,,,,
LAB0038074,,,,,,,,,,
LAB0038075,,,,,,,,,,
LAB0038076,,,,,,,,,,
LAB0038077,,,,,,,,,,
LAB0038078,,,,,,,,,,
LAB0038079,,,,,,,,,,
LAB0038080,,,,,,,,,,
LAB0038081,,,,,,,,,,
LAB0038082,,,,,,,,,,
LAB0038083,,,,,,,,,,
LAB0038084,,,,,,,,,,
LAB0038085,,,,,,,,,,
LAB0038086,,,,,,,,,,
LAB0038087,,,,,,,,,,
LAB0038088,,,,,,,,,,
LAB0038089,,,,,,,,,,
LAB0038090,,,,,,,,,,
LAB0038091,,,,,,,,,,
LAB0038092,,,,,,,,,,
LAB0038093,,,,,,,,,,
LAB0038094,,,,,,,,,,
LAB0038095,,,,,,,,,,
LAB0038096,,,,,,,,,,
LAB0038097,,,,,,,,,,
LAB0038098,,,,,,,,,,
LAB0038099,,,,,,,,,,
LAB0038100,,,,,,,,,,
LAB0038101,,,,,,,,,,
LAB0038102,,,,,,,,,,
LAB0038103,,,,,,,,,,
LAB0038104,,,,,,,,,,
LAB0038105,,,,,,,,,,
LAB0038106,,,,,,,,,,
LAB0038107,,,,,,,,,,
LAB0038108,,,,,,,,,,
LAB0038109,,,,,,,,,,
LAB0038110,,,,,,,,,,
LAB0038111,,,,,,,,,,
LAB0038112,,,,,,,,,,
LAB0038113,,,,,,,,,,
LAB0038114,,,,,,,,,,
LAB0038115,,,,,,,,,,
LAB0038116,,,,,,,,,,
LAB0038117,,,,,,,,,,
LAB0038118,,,,,,,,,,
LAB0038119,,,,,,,,,,
LAB0038120,,,,,,,,,,
LAB0038121,,,,,,,,,,
LAB0038122,,,,,,,,,,
LAB0038123,,,,,,,,,,
LAB0038124,,,,,,,,,,
LAB0038125,,,,,,,,,,
LAB0038126,,,,,,,,,,
LAB0038127,,,,,,,,,,
LAB0038128,,,,,,,,,,
LAB0038129,,,,,,,,,,
LAB0038130,,,,,,,,,,
LAB0038131,,,,,,,,,,
LAB0038132,,,,,,,,,,
LAB0038133,,,,,,,,,,
LAB0038134,,,,,,,,,,
LAB0038135,,,,,,,,,,
LAB0038136,,,,,,,,,,
LAB0038137,,,,,,,,,,
LAB0038138,,,,,,,,,,
LAB0038139,,,,,,,,,,
LAB0038140,,,,,,,,,,
LAB0038141,,,,,,,,,,
LAB0038142,,,,,,,,,,
LAB0038143,,,,,,,,,,
LAB0038144,,,,,,,,,,
LAB0038145,,,,,,,,,,
LAB0038146,,,,,,,,,,
LAB0038147,,,,,,,,,,
LAB0038148,,,,,,,,,,
LAB0038149,,,,,,,,,,
LAB0038150,,,,,,,,,,
LAB0038151,,,,,,,,,,
LAB0038152,,,,,,,,,,
LAB0038153,,,,,,,,,,
LAB0038154,,,,,,,,,,
LAB0038155,,,,,,,,,,
LAB0038156,,,,,,,,,,
LAB0038157,,,,,,,,,,
LAB0038158,,,,,,,,,,
LAB0038159,,,,,,,,,,
LAB0038160,,,,,,,,,,
LAB0038161,,,,,,,,,,
LAB0038162,,,,,,,,,,
LAB0038163,,,,,,,,,,
LAB0038164,,,,,,,,,,
LAB0038165,,,,,,,,,,
LAB0038166,,,,,,,,,,
LAB0038167,,,,,,,,,,
LAB0038168,,,,,,,,,,
LAB0038169,,,,,,,,,,
LAB0038170,,,,,,,,,,
LAB0038171,,,,,,,,,,
LAB0038172,,,,,,,,,,
LAB0038173,,,,,,,,,,
LAB0038174,,,,,,,,,,
LAB0038175,,,,,,,,,,
LAB0038176,,,,,,,,,,
LAB0038177,,,,,,,,,,
LAB0038178,,,,,,,,,,
LAB0038179,,,,,,,,,,
LAB0038180,,,,,,,,,,
LAB0038181,,,,,,,,,,
LAB0038182,,,,,,,,,,
LAB0038183,,,,,,,,,,
LAB0038184,,,,,,,,,,
LAB0038185,,,,,,,,,,
LAB0038186,,,,,,,,,,
LAB0038187,,,,,,,,,,
LAB0038188,,,,,,,,,,
LAB0038189,,,,,,,,,,
LAB0038190,,,,,,,,,,
LAB0038191,,,,,,,,,,
LAB0038192,,,,,,,,,,
LAB0038193,,,,,,,,,,
LAB0038194,,,,,,,,,,
LAB0038195,,,,,,,,,,
LAB0038196,,,,,,,,,,
LAB0038197,,,,,,,,,,
LAB0038198,,,,,,,,,,
LAB0038199,,,,,,,,,,
LAB0038200,,,,,,,,,,
LAB0038201,,,,,,,,,,
LAB0038202,,,,,,,,,,
LAB0038203,,,,,,,,,,
LAB0038204,,,,,,,,,,
LAB0038205,,,,,,,,,,
LAB0038206,,,,,,,,,,
LAB0038207,,,,,,,,,,
LAB0038208,,,,,,,,,,
LAB0038209,,,,,,,,,,
LAB0038210,,,,,,,,,,
LAB0038211,,,,,,,,,,
LAB0038212,,,,,,,,,,
LAB0038213,,,,,,,,,,
LAB0038214,,,,,,,,,,
LAB0038215,,,,,,,,,,
LAB0038216,,,,,,,,,,
LAB0038217,,,,,,,,,,
LAB0038218,,,,,,,,,,
LAB0038219,,,,,,,,,,
LAB0038220,,,,,,,,,,
LAB0038221,,,,,,,,,,
LAB0038222,,,,,,,,,,
LAB0038223,,,,,,,,,,
LAB0038224,,,,,,,,,,
LAB0038225,,,,,,,,,,
LAB0038226,,,,,,,,,,
LAB0038227,,,,,,,,,,
LAB0038228,,,,,,,,,,
LAB0038229,,,,,,,,,,
LAB0038230,,,,,,,,,,
LAB0038231,,,,,,,,,,
LAB0038232,,,,,,,,,,
LAB0038233,,,,,,,,,,
LAB0038234,,,,,,,,,,
LAB0038235,,,,,,,,,,
LAB0038236,,,,,,,,,,
LAB0038237,,,,,,,,,,
LAB0038238,,,,,,,,,,
LAB0038239,,,,,,,,,,
LAB0038240,,,,,,,,,,
LAB0038241,,,,,,,,,,
LAB0038242,,,,,,,,,,
LAB0038243,,,,,,,,,,
LAB0038244,,,,,,,,,,
LAB0038245,,,,,,,,,,
LAB0038246,,,,,,,,,,
LAB0038247,,,,,,,,,,
LAB0038248,,,,,,,,,,
LAB0038249,,,,,,,,,,
LAB0038250,,,,,,,,,,
LAB0038251,,,,,,,,,,
LAB0038252,,,,,,,,,,
LAB0038253,,,,,,,,,,
LAB0038254,,,,,,,,,,
LAB0038255,,,,,,,,,,
LAB0038256,,,,,,,,,,
LAB0038257,,,,,,,,,,
LAB0038258,,,,,,,,,,
LAB0038259,,,,,,,,,,
LAB0038260,,,,,,,,,,
LAB0038261,,,,,,,,,,
LAB0038262,,,,,,,,,,
LAB0038263,,,,,,,,,,
LAB0038264,,,,,,,,,,
LAB0038265,,,,,,,,,,
LAB0038266,,,,,,,,,,
LAB0038267,,,,,,,,,,
LAB0038268,,,,,,,,,,
LAB0038269,,,,,,,,,,
LAB0038270,,,,,,,,,,
LAB0038271,,,,,,,,,,
LAB0038272,,,,,,,,,,
LAB0038273,,,,,,,,,,
LAB0038274,,,,,,,,,,
LAB0038275,,,,,,,,,,
LAB0038276,,,,,,,,,,
LAB0038277,,,,,,,,,,
LAB0038278,,,,,,,,,,
LAB0038279,,,,,,,,,,
LAB0038280,,,,,,,,,,
LAB0038281,,,,,,,,,,
LAB0038282,,,,,,,,,,
LAB0038283,,,,,,,,,,
LAB0038284,,,,,,,,,,
LAB0038285,,,,,,,,,,
LAB0038286,,,,,,,,,,
LAB0038287,,,,,,,,,,
LAB0038288,,,,,,,,,,
LAB0038289,,,,,,,,,,
LAB0038290,,,,,,,,,,
LAB0038291,,,,,,,,,,
LAB0038292,,,,,,,,,,
LAB0038293,,,,,,,,,,
LAB0038294,,,,,,,,,,
LAB0038295,,,,,,,,,,
LAB0038296,,,,,,,,,,
LAB0038297,,,,,,,,,,
LAB0038298,,,,,,,,,,
LAB0038299,,,,,,,,,,
LAB0038300,,,,,,,,,,
LAB0038301,,,,,,,,,,
LAB0038302,,,,,,,,,,
LAB0038303,,,,,,,,,,
LAB0038304,,,,,,,,,,
LAB0038305,,,,,,,,,,
LAB0038306,,,,,,,,,,
LAB0038307,,,,,,,,,,
LAB0038308,,,,,,,,,,
LAB0038309,,,,,,,,,,
LAB0038310,,,,,,,,,,
LAB0038311,,,,,,,,,,
LAB0038312,,,,,,,,,,
LAB0038313,,,,,,,,,,
LAB0038314,,,,,,,,,,
LAB0038315,,,,,,,,,,
LAB0038316,,,,,,,,,,
LAB0038317,,,,,,,,,,
LAB0038318,,,,,,,,,,
LAB0038319,,,,,,,,,,
LAB0038320,,,,,,,,,,
LAB0038321,,,,,,,,,,
LAB0038322,,,,,,,,,,
LAB0038323,,,,,,,,,,
LAB0038324,,,,,,,,,,
LAB0038325,,,,,,,,,,
LAB0038326,,,,,,,,,,
LAB0038327,,,,,,,,,,
LAB0038328,,,,,,,,,,
LAB0038329,,,,,,,,,,
LAB0038330,,,,,,,,,,
LAB0038331,,,,,,,,,,
LAB0038332,,,,,,,,,,
LAB0038333,,,,,,,,,,
LAB0038334,,,,,,,,,,
LAB0038335,,,,,,,,,,
LAB0038336,,,,,,,,,,
LAB0038337,,,,,,,,,,
LAB0038338,,,,,,,,,,
LAB0038339,,,,,,,,,,
LAB0038340,,,,,,,,,,
LAB0038341,,,,,,,,,,
LAB0038342,,,,,,,,,,
LAB0038343,,,,,,,,,,
LAB0038344,,,,,,,,,,
LAB0038345,,,,,,,,,,
LAB0038346,,,,,,,,,,
LAB0038347,,,,,,,,,,
LAB0038348,,,,,,,,,,
LAB0038349,,,,,,,,,,
LAB0038350,,,,,,,,,,
LAB0038351,,,,,,,,,,
LAB0038352,,,,,,,,,,
LAB0038353,,,,,,,,,,
LAB0038354,,,,,,,,,,
LAB0038355,,,,,,,,,,
LAB0038356,,,,,,,,,,
LAB0038357,,,,,,,,,,
LAB0038358,,,,,,,,,,
LAB0038359,,,,,,,,,,
LAB0038360,,,,,,,,,,
LAB0038361,,,,,,,,,,
LAB0038362,,,,,,,,,,
LAB0038363,,,,,,,,,,
LAB0038364,,,,,,,,,,
LAB0038365,,,,,,,,,,
LAB0038366,,,,,,,,,,
LAB0038367,,,,,,,,,,
LAB0038368,,,,,,,,,,
LAB0038369,,,,,,,,,,
LAB0038370,,,,,,,,,,
LAB0038371,,,,,,,,,,
LAB0038372,,,,,,,,,,
LAB0038373,,,,,,,,,,
LAB0038374,,,,,,,,,,
LAB0038375,,,,,,,,,,
LAB0038376,,,,,,,,,,
LAB0038377,,,,,,,,,,
LAB0038378,,,,,,,,,,
LAB0038379,,,,,,,,,,
LAB0038380,,,,,,,,,,
LAB0038381,,,,,,,,,,
LAB0038382,,,,,,,,,,
LAB0038383,,,,,,,,,,
LAB0038384,,,,,,,,,,
LAB0038385,,,,,,,,,,
LAB0038386,,,,,,,,,,
LAB0038387,,,,,,,,,,
LAB0038388,,,,,,,,,,
LAB0038389,,,,,,,,,,
LAB0038390,,,,,,,,,,
LAB0038391,,,,,,,,,,
LAB0038392,,,,,,,,,,
LAB0038393,,,,,,,,,,
LAB0038394,,,,,,,,,,
LAB0038395,,,,,,,,,,
LAB0038396,,,,,,,,,,
LAB0038397,,,,,,,,,,
LAB0038398,,,,,,,,,,
LAB0038399,,,,,,,,,,
LAB0038400,,,,,,,,,,
LAB0038401,,,,,,,,,,
LAB0038402,,,,,,,,,,
LAB0038403,,,,,,,,,,
LAB0038404,,,,,,,,,,
LAB0038405,,,,,,,,,,
LAB0038406,,,,,,,,,,
LAB0038407,,,,,,,,,,
LAB0038408,,,,,,,,,,
LAB0038409,,,,,,,,,,
LAB0038410,,,,,,,,,,
LAB0038411,,,,,,,,,,
LAB0038412,,,,,,,,,,
LAB0038413,,,,,,,,,,
LAB0038414,,,,,,,,,,
LAB0038415,,,,,,,,,,
LAB0038416,,,,,,,,,,
LAB0038417,,,,,,,,,,
LAB0038418,,,,,,,,,,
LAB0038419,,,,,,,,,,
LAB0038420,,,,,,,,,,
LAB0038421,,,,,,,,,,
LAB0038422,,,,,,,,,,
LAB0038423,,,,,,,,,,
LAB0038424,,,,,,,,,,
LAB0038425,,,,,,,,,,
LAB0038426,,,,,,,,,,
LAB0038427,,,,,,,,,,
LAB0038428,,,,,,,,,,
LAB0038429,,,,,,,,,,
LAB0038430,,,,,,,,,,
LAB0038431,,,,,,,,,,
LAB0038432,,,,,,,,,,
LAB0038433,,,,,,,,,,
LAB0038434,,,,,,,,,,
LAB0038435,,,,,,,,,,
LAB0038436,,,,,,,,,,
LAB0038437,,,,,,,,,,
LAB0038438,,,,,,,,,,
LAB0038439,,,,,,,,,,
LAB0038440,,,,,,,,,,
LAB0038441,,,,,,,,,,
LAB0038442,,,,,,,,,,
LAB0038443,,,,,,,,,,
LAB0038444,,,,,,,,,,
LAB0038445,,,,,,,,,,
LAB0038446,,,,,,,,,,
LAB0038447,,,,,,,,,,
LAB0038448,,,,,,,,,,
LAB0038449,,,,,,,,,,
LAB0038450,,,,,,,,,,
LAB0038451,,,,,,,,,,
LAB0038452,,,,,,,,,,
LAB0038453,,,,,,,,,,
LAB0038454,,,,,,,,,,
LAB0038455,,,,,,,,,,
LAB0038456,,,,,,,,,,
LAB0038457,,,,,,,,,,
LAB0038458,,,,,,,,,,
LAB0038459,,,,,,,,,,
LAB0038460,,,,,,,,,,
LAB0038461,,,,,,,,,,
LAB0038462,,,,,,,,,,
LAB0038463,,,,,,,,,,
LAB0038464,,,,,,,,,,
LAB0038465,,,,,,,,,,
LAB0038466,,,,,,,,,,
LAB0038467,,,,,,,,,,
LAB0038468,,,,,,,,,,
LAB0038469,,,,,,,,,,
LAB0038470,,,,,,,,,,
LAB0038471,,,,,,,,,,
LAB0038472,,,,,,,,,,
LAB0038473,,,,,,,,,,
LAB0038474,,,,,,,,,,
LAB0038475,,,,,,,,,,
LAB0038476,,,,,,,,,,
LAB0038477,,,,,,,,,,
LAB0038478,,,,,,,,,,
LAB0038479,,,,,,,,,,
LAB0038480,,,,,,,,,,
LAB0038481,,,,,,,,,,
LAB0038482,,,,,,,,,,
LAB0038483,,,,,,,,,,
LAB0038484,,,,,,,,,,
LAB0038485,,,,,,,,,,
LAB0038486,,,,,,,,,,
LAB0038487,,,,,,,,,,
LAB0038488,,,,,,,,,,
LAB0038489,,,,,,,,,,
LAB0038490,,,,,,,,,,
LAB0038491,,,,,,,,,,
LAB0038492,,,,,,,,,,
LAB0038493,,,,,,,,,,
LAB0038494,,,,,,,,,,
LAB0038495,,,,,,,,,,
LAB0038496,,,,,,,,,,
LAB0038497,,,,,,,,,,
LAB0038498,,,,,,,,,,
LAB0038499,,,,,,,,,,
LAB0038500,,,,,,,,,,
LAB0038501,,,,,,,,,,
LAB0038502,,,,,,,,,,
LAB0038503,,,,,,,,,,
LAB0038504,,,,,,,,,,
LAB0038505,,,,,,,,,,
LAB0038506,,,,,,,,,,
LAB0038507,,,,,,,,,,
LAB0038508,,,,,,,,,,
LAB0038509,,,,,,,,,,
LAB0038510,,,,,,,,,,
LAB0038511,,,,,,,,,,
LAB0038512,,,,,,,,,,
LAB0038513,,,,,,,,,,
LAB0038514,,,,,,,,,,
LAB0038515,,,,,,,,,,
LAB0038516,,,,,,,,,,
LAB0038517,,,,,,,,,,
LAB0038518,,,,,,,,,,
LAB0038519,,,,,,,,,,
LAB0038520,,,,,,,,,,
LAB0038521,,,,,,,,,,
LAB0038522,,,,,,,,,,
LAB0038523,,,,,,,,,,
LAB0038524,,,,,,,,,,
LAB0038525,,,,,,,,,,
LAB0038526,,,,,,,,,,
LAB0038527,,,,,,,,,,
LAB0038528,,,,,,,,,,
LAB0038529,,,,,,,,,,
LAB0038530,,,,,,,,,,
LAB0038531,,,,,,,,,,
LAB0038532,,,,,,,,,,
LAB0038533,,,,,,,,,,
LAB0038534,,,,,,,,,,
LAB0038535,,,,,,,,,,
LAB0038536,,,,,,,,,,
LAB0038537,,,,,,,,,,
LAB0038538,,,,,,,,,,
LAB0038539,,,,,,,,,,
LAB0038540,,,,,,,,,,
LAB0038541,,,,,,,,,,
LAB0038542,,,,,,,,,,
LAB0038543,,,,,,,,,,
LAB0038544,,,,,,,,,,
LAB0038545,,,,,,,,,,
LAB0038546,,,,,,,,,,
LAB0038547,,,,,,,,,,
LAB0038548,,,,,,,,,,
LAB0038549,,,,,,,,,,
LAB0038550,,,,,,,,,,
LAB0038551,,,,,,,,,,
LAB0038552,,,,,,,,,,
LAB0038553,,,,,,,,,,
LAB0038554,,,,,,,,,,
LAB0038555,,,,,,,,,,
LAB0038556,,,,,,,,,,
LAB0038557,,,,,,,,,,
LAB0038558,,,,,,,,,,
LAB0038559,,,,,,,,,,
LAB0038560,,,,,,,,,,
LAB0038561,,,,,,,,,,
LAB0038562,,,,,,,,,,
LAB0038563,,,,,,,,,,
LAB0038564,,,,,,,,,,
LAB0038565,,,,,,,,,,
LAB0038566,,,,,,,,,,
LAB0038567,,,,,,,,,,
LAB0038568,,,,,,,,,,
LAB0038569,,,,,,,,,,
LAB0038570,,,,,,,,,,
LAB0038571,,,,,,,,,,
LAB0038572,,,,,,,,,,
LAB0038573,,,,,,,,,,
LAB0038574,,,,,,,,,,
LAB0038575,,,,,,,,,,
LAB0038576,,,,,,,,,,
LAB0038577,,,,,,,,,,
LAB0038578,,,,,,,,,,
LAB0038579,,,,,,,,,,
LAB0038580,,,,,,,,,,
LAB0038581,,,,,,,,,,
LAB0038582,,,,,,,,,,
LAB0038583,,,,,,,,,,
LAB0038584,,,,,,,,,,
LAB0038585,,,,,,,,,,
LAB0038586,,,,,,,,,,
LAB0038587,,,,,,,,,,
LAB0038588,,,,,,,,,,
LAB0038589,,,,,,,,,,
LAB0038590,,,,,,,,,,
LAB0038591,,,,,,,,,,
LAB0038592,,,,,,,,,,
LAB0038593,,,,,,,,,,
LAB0038594,,,,,,,,,,
LAB0038595,,,,,,,,,,
LAB0038596,,,,,,,,,,
LAB0038597,,,,,,,,,,
LAB0038598,,,,,,,,,,
LAB0038599,,,,,,,,,,
LAB0038600,,,,,,,,,,
LAB0038601,,,,,,,,,,
LAB0038602,,,,,,,,,,
LAB0038603,,,,,,,,,,
LAB0038604,,,,,,,,,,
LAB0038605,,,,,,,,,,
LAB0038606,,,,,,,,,,
LAB0038607,,,,,,,,,,
LAB0038608,,,,,,,,,,
LAB0038609,,,,,,,,,,
LAB0038610,,,,,,,,,,
LAB0038611,,,,,,,,,,
LAB0038612,,,,,,,,,,
LAB0038613,,,,,,,,,,
LAB0038614,,,,,,,,,,
LAB0038615,,,,,,,,,,
LAB0038616,,,,,,,,,,
LAB0038617,,,,,,,,,,
LAB0038618,,,,,,,,,,
LAB0038619,,,,,,,,,,
LAB0038620,,,,,,,,,,
LAB0038621,,,,,,,,,,
LAB0038622,,,,,,,,,,
LAB0038623,,,,,,,,,,
LAB0038624,,,,,,,,,,
LAB0038625,,,,,,,,,,
LAB0038626,,,,,,,,,,
LAB0038627,,,,,,,,,,
LAB0038628,,,,,,,,,,
LAB0038629,,,,,,,,,,
LAB0038630,,,,,,,,,,
LAB0038631,,,,,,,,,,
LAB0038632,,,,,,,,,,
LAB0038633,,,,,,,,,,
LAB0038634,,,,,,,,,,
LAB0038635,,,,,,,,,,
LAB0038636,,,,,,,,,,
LAB0038637,,,,,,,,,,
LAB0038638,,,,,,,,,,
LAB0038639,,,,,,,,,,
LAB0038640,,,,,,,,,,
LAB0038641,,,,,,,,,,
LAB0038642,,,,,,,,,,
LAB0038643,,,,,,,,,,
LAB0038644,,,,,,,,,,
LAB0038645,,,,,,,,,,
LAB0038646,,,,,,,,,,
LAB0038647,,,,,,,,,,
LAB0038648,,,,,,,,,,
LAB0038649,,,,,,,,,,
LAB0038650,,,,,,,,,,
LAB0038651,,,,,,,,,,
LAB0038652,,,,,,,,,,
LAB0038653,,,,,,,,,,
LAB0038654,,,,,,,,,,
LAB0038655,,,,,,,,,,
LAB0038656,,,,,,,,,,
LAB0038657,,,,,,,,,,
LAB0038658,,,,,,,,,,
LAB0038659,,,,,,,,,,
LAB0038660,,,,,,,,,,
LAB0038661,,,,,,,,,,
LAB0038662,,,,,,,,,,
LAB0038663,,,,,,,,,,
LAB0038664,,,,,,,,,,
LAB0038665,,,,,,,,,,
LAB0038666,,,,,,,,,,
LAB0038667,,,,,,,,,,
LAB0038668,,,,,,,,,,
LAB0038669,,,,,,,,,,
LAB0038670,,,,,,,,,,
LAB0038671,,,,,,,,,,
LAB0038672,,,,,,,,,,
LAB0038673,,,,,,,,,,
LAB0038674,,,,,,,,,,
LAB0038675,,,,,,,,,,
LAB0038676,,,,,,,,,,
LAB0038677,,,,,,,,,,
LAB0038678,,,,,,,,,,
LAB0038679,,,,,,,,,,
LAB0038680,,,,,,,,,,
LAB0038681,,,,,,,,,,
LAB0038682,,,,,,,,,,
LAB0038683,,,,,,,,,,
LAB0038684,,,,,,,,,,
LAB0038685,,,,,,,,,,
LAB0038686,,,,,,,,,,
LAB0038687,,,,,,,,,,
LAB0038688,,,,,,,,,,
LAB0038689,,,,,,,,,,
LAB0038690,,,,,,,,,,
LAB0038691,,,,,,,,,,
LAB0038692,,,,,,,,,,
LAB0038693,,,,,,,,,,
LAB0038694,,,,,,,,,,
LAB0038695,,,,,,,,,,
LAB0038696,,,,,,,,,,
LAB0038697,,,,,,,,,,
LAB0038698,,,,,,,,,,
LAB0038699,,,,,,,,,,
LAB0038700,,,,,,,,,,
LAB0038701,,,,,,,,,,
LAB0038702,,,,,,,,,,
LAB0038703,,,,,,,,,,
LAB0038704,,,,,,,,,,
LAB0038705,,,,,,,,,,
LAB0038706,,,,,,,,,,
LAB0038707,,,,,,,,,,
LAB0038708,,,,,,,,,,
LAB0038709,,,,,,,,,,
LAB0038710,,,,,,,,,,
LAB0038711,,,,,,,,,,
LAB0038712,,,,,,,,,,
LAB0038713,,,,,,,,,,
LAB0038714,,,,,,,,,,
LAB0038715,,,,,,,,,,
LAB0038716,,,,,,,,,,
LAB0038717,,,,,,,,,,
LAB0038718,,,,,,,,,,
LAB0038719,,,,,,,,,,
LAB0038720,,,,,,,,,,
LAB0038721,,,,,,,,,,
LAB0038722,,,,,,,,,,
LAB0038723,,,,,,,,,,
LAB0038724,,,,,,,,,,
LAB0038725,,,,,,,,,,
LAB0038726,,,,,,,,,,
LAB0038727,,,,,,,,,,
LAB0038728,,,,,,,,,,
LAB0038729,,,,,,,,,,
LAB0038730,,,,,,,,,,
LAB0038731,,,,,,,,,,
LAB0038732,,,,,,,,,,
LAB0038733,,,,,,,,,,
LAB0038734,,,,,,,,,,
LAB0038735,,,,,,,,,,
LAB0038736,,,,,,,,,,
LAB0038737,,,,,,,,,,
LAB0038738,,,,,,,,,,
LAB0038739,,,,,,,,,,
LAB0038740,,,,,,,,,,
LAB0038741,,,,,,,,,,
LAB0038742,,,,,,,,,,
LAB0038743,,,,,,,,,,
LAB0038744,,,,,,,,,,
LAB0038745,,,,,,,,,,
LAB0038746,,,,,,,,,,
LAB0038747,,,,,,,,,,
LAB0038748,,,,,,,,,,
LAB0038749,,,,,,,,,,
LAB0038750,,,,,,,,,,
LAB0038751,,,,,,,,,,
LAB0038752,,,,,,,,,,
LAB0038753,,,,,,,,,,
LAB0038754,,,,,,,,,,
LAB0038755,,,,,,,,,,
LAB0038756,,,,,,,,,,
LAB0038757,,,,,,,,,,
LAB0038758,,,,,,,,,,
LAB0038759,,,,,,,,,,
LAB0038760,,,,,,,,,,
LAB0038761,,,,,,,,,,
LAB0038762,,,,,,,,,,
LAB0038763,,,,,,,,,,
LAB0038764,,,,,,,,,,
LAB0038765,,,,,,,,,,
LAB0038766,,,,,,,,,,
LAB0038767,,,,,,,,,,
LAB0038768,,,,,,,,,,
LAB0038769,,,,,,,,,,
LAB0038770,,,,,,,,,,
LAB0038771,,,,,,,,,,
LAB0038772,,,,,,,,,,
LAB0038773,,,,,,,,,,
LAB0038774,,,,,,,,,,
LAB0038775,,,,,,,,,,
LAB0038776,,,,,,,,,,
LAB0038777,,,,,,,,,,
LAB0038778,,,,,,,,,,
LAB0038779,,,,,,,,,,
LAB0038780,,,,,,,,,,
LAB0038781,,,,,,,,,,
LAB0038782,,,,,,,,,,
LAB0038783,,,,,,,,,,
LAB0038784,,,,,,,,,,
LAB0038785,,,,,,,,,,
LAB0038786,,,,,,,,,,
LAB0038787,,,,,,,,,,
LAB0038788,,,,,,,,,,
LAB0038789,,,,,,,,,,
LAB0038790,,,,,,,,,,
LAB0038791,,,,,,,,,,
LAB0038792,,,,,,,,,,
LAB0038793,,,,,,,,,,
LAB0038794,,,,,,,,,,
LAB0038795,,,,,,,,,,
LAB0038796,,,,,,,,,,
LAB0038797,,,,,,,,,,
LAB0038798,,,,,,,,,,
LAB0038799,,,,,,,,,,
LAB0038800,,,,,,,,,,
LAB0038801,,,,,,,,,,
LAB0038802,,,,,,,,,,
LAB0038803,,,,,,,,,,
LAB0038804,,,,,,,,,,
LAB0038805,,,,,,,,,,
LAB0038806,,,,,,,,,,
LAB0038807,,,,,,,,,,
LAB0038808,,,,,,,,,,
LAB0038809,,,,,,,,,,
LAB0038810,,,,,,,,,,
LAB0038811,,,,,,,,,,
LAB0038812,,,,,,,,,,
LAB0038813,,,,,,,,,,
LAB0038814,,,,,,,,,,
LAB0038815,,,,,,,,,,
LAB0038816,,,,,,,,,,
LAB0038817,,,,,,,,,,
LAB0038818,,,,,,,,,,
LAB0038819,,,,,,,,,,
LAB0038820,,,,,,,,,,
LAB0038821,,,,,,,,,,
LAB0038822,,,,,,,,,,
LAB0038823,,,,,,,,,,
LAB0038824,,,,,,,,,,
LAB0038825,,,,,,,,,,
LAB0038826,,,,,,,,,,
LAB0038827,,,,,,,,,,
LAB0038828,,,,,,,,,,
LAB0038829,,,,,,,,,,
LAB0038830,,,,,,,,,,
LAB0038831,,,,,,,,,,
LAB0038832,,,,,,,,,,
LAB0038833,,,,,,,,,,
LAB0038834,,,,,,,,,,
LAB0038835,,,,,,,,,,
LAB0038836,,,,,,,,,,
LAB0038837,,,,,,,,,,
LAB0038838,,,,,,,,,,
LAB0038839,,,,,,,,,,
LAB0038840,,,,,,,,,,
LAB0038841,,,,,,,,,,
LAB0038842,,,,,,,,,,
LAB0038843,,,,,,,,,,
LAB0038844,,,,,,,,,,
LAB0038845,,,,,,,,,,
LAB0038846,,,,,,,,,,
LAB0038847,,,,,,,,,,
LAB0038848,,,,,,,,,,
LAB0038849,,,,,,,,,,
LAB0038850,,,,,,,,,,
LAB0038851,,,,,,,,,,
LAB0038852,,,,,,,,,,
LAB0038853,,,,,,,,,,
LAB0038854,,,,,,,,,,
LAB0038855,,,,,,,,,,
LAB0038856,,,,,,,,,,
LAB0038857,,,,,,,,,,
LAB0038858,,,,,,,,,,
LAB0038859,,,,,,,,,,
LAB0038860,,,,,,,,,,
LAB0038861,,,,,,,,,,
LAB0038862,,,,,,,,,,
LAB0038863,,,,,,,,,,
LAB0038864,,,,,,,,,,
LAB0038865,,,,,,,,,,
LAB0038866,,,,,,,,,,
LAB0038867,,,,,,,,,,
LAB0038868,,,,,,,,,,
LAB0038869,,,,,,,,,,
LAB0038870,,,,,,,,,,
LAB0038871,,,,,,,,,,
LAB0038872,,,,,,,,,,
LAB0038873,,,,,,,,,,
LAB0038874,,,,,,,,,,
LAB0038875,,,,,,,,,,
LAB0038876,,,,,,,,,,
LAB0038877,,,,,,,,,,
LAB0038878,,,,,,,,,,
LAB0038879,,,,,,,,,,
LAB0038880,,,,,,,,,,
LAB0038881,,,,,,,,,,
LAB0038882,,,,,,,,,,
LAB0038883,,,,,,,,,,
LAB0038884,,,,,,,,,,
LAB0038885,,,,,,,,,,
LAB0038886,,,,,,,,,,
LAB0038887,,,,,,,,,,
LAB0038888,,,,,,,,,,
LAB0038889,,,,,,,,,,
LAB0038890,,,,,,,,,,
LAB0038891,,,,,,,,,,
LAB0038892,,,,,,,,,,
LAB0038893,,,,,,,,,,
LAB0038894,,,,,,,,,,
LAB0038895,,,,,,,,,,
LAB0038896,,,,,,,,,,
LAB0038897,,,,,,,,,,
LAB0038898,,,,,,,,,,
LAB0038899,,,,,,,,,,
LAB0038900,,,,,,,,,,
LAB0038901,,,,,,,,,,
LAB0038902,,,,,,,,,,
LAB0038903,,,,,,,,,,
LAB0038904,,,,,,,,,,
LAB0038905,,,,,,,,,,
LAB0038906,,,,,,,,,,
LAB0038907,,,,,,,,,,
LAB0038908,,,,,,,,,,
LAB0038909,,,,,,,,,,
LAB0038910,,,,,,,,,,
LAB0038911,,,,,,,,,,
LAB0038912,,,,,,,,,,
LAB0038913,,,,,,,,,,
LAB0038914,,,,,,,,,,
LAB0038915,,,,,,,,,,
LAB0038916,,,,,,,,,,
LAB0038917,,,,,,,,,,
LAB0038918,,,,,,,,,,
LAB0038919,,,,,,,,,,
LAB0038920,,,,,,,,,,
LAB0038921,,,,,,,,,,
LAB0038922,,,,,,,,,,
LAB0038923,,,,,,,,,,
LAB0038924,,,,,,,,,,
LAB0038925,,,,,,,,,,
LAB0038926,,,,,,,,,,
LAB0038927,,,,,,,,,,
LAB0038928,,,,,,,,,,
LAB0038929,,,,,,,,,,
LAB0038930,,,,,,,,,,
LAB0038931,,,,,,,,,,
LAB0038932,,,,,,,,,,
LAB0038933,,,,,,,,,,
LAB0038934,,,,,,,,,,
LAB0038935,,,,,,,,,,
LAB0038936,,,,,,,,,,
LAB0038937,,,,,,,,,,
LAB0038938,,,,,,,,,,
LAB0038939,,,,,,,,,,
LAB0038940,,,,,,,,,,
LAB0038941,,,,,,,,,,
LAB0038942,,,,,,,,,,
LAB0038943,,,,,,,,,,
LAB0038944,,,,,,,,,,
LAB0038945,,,,,,,,,,
LAB0038946,,,,,,,,,,
LAB0038947,,,,,,,,,,
LAB0038948,,,,,,,,,,
LAB0038949,,,,,,,,,,
LAB0038950,,,,,,,,,,
LAB0038951,,,,,,,,,,
LAB0038952,,,,,,,,,,
LAB0038953,,,,,,,,,,
LAB0038954,,,,,,,,,,
LAB0038955,,,,,,,,,,
LAB0038956,,,,,,,,,,
LAB0038957,,,,,,,,,,
LAB0038958,,,,,,,,,,
LAB0038959,,,,,,,,,,
LAB0038960,,,,,,,,,,
LAB0038961,,,,,,,,,,
LAB0038962,,,,,,,,,,
LAB0038963,,,,,,,,,,
LAB0038964,,,,,,,,,,
LAB0038965,,,,,,,,,,
LAB0038966,,,,,,,,,,
LAB0038967,,,,,,,,,,
LAB0038968,,,,,,,,,,
LAB0038969,,,,,,,,,,
LAB0038970,,,,,,,,,,
LAB0038971,,,,,,,,,,
LAB0038972,,,,,,,,,,
LAB0038973,,,,,,,,,,
LAB0038974,,,,,,,,,,
LAB0038975,,,,,,,,,,
LAB0038976,,,,,,,,,,
LAB0038977,,,,,,,,,,
LAB0038978,,,,,,,,,,
LAB0038979,,,,,,,,,,
LAB0038980,,,,,,,,,,
LAB0038981,,,,,,,,,,
LAB0038982,,,,,,,,,,
LAB0038983,,,,,,,,,,
LAB0038984,,,,,,,,,,
LAB0038985,,,,,,,,,,
LAB0038986,,,,,,,,,,
LAB0038987,,,,,,,,,,
LAB0038988,,,,,,,,,,
LAB0038989,,,,,,,,,,
LAB0038990,,,,,,,,,,
LAB0038991,,,,,,,,,,
LAB0038992,,,,,,,,,,
LAB0038993,,,,,,,,,,
LAB0038994,,,,,,,,,,
LAB0038995,,,,,,,,,,
LAB0038996,,,,,,,,,,
LAB0038997,,,,,,,,,,
LAB0038998,,,,,,,,,,
LAB0038999,,,,,,,,,,
LAB0039000,,,,,,,,,,
LAB0039001,,,,,,,,,,
LAB0039002,,,,,,,,,,
LAB0039003,,,,,,,,,,
LAB0039004,,,,,,,,,,
LAB0039005,,,,,,,,,,
LAB0039006,,,,,,,,,,
LAB0039007,,,,,,,,,,
LAB0039008,,,,,,,,,,
LAB0039009,,,,,,,,,,
LAB0039010,,,,,,,,,,
LAB0039011,,,,,,,,,,
LAB0039012,,,,,,,,,,
LAB0039013,,,,,,,,,,
LAB0039014,,,,,,,,,,
LAB0039015,,,,,,,,,,
LAB0039016,,,,,,,,,,
LAB0039017,,,,,,,,,,
LAB0039018,,,,,,,,,,
LAB0039019,,,,,,,,,,
LAB0039020,,,,,,,,,,
LAB0039021,,,,,,,,,,
LAB0039022,,,,,,,,,,
LAB0039023,,,,,,,,,,
LAB0039024,,,,,,,,,,
LAB0039025,,,,,,,,,,
LAB0039026,,,,,,,,,,
LAB0039027,,,,,,,,,,
LAB0039028,,,,,,,,,,
LAB0039029,,,,,,,,,,
LAB0039030,,,,,,,,,,
LAB0039031,,,,,,,,,,
LAB0039032,,,,,,,,,,
LAB0039033,,,,,,,,,,
LAB0039034,,,,,,,,,,
LAB0039035,,,,,,,,,,
LAB0039036,,,,,,,,,,
LAB0039037,,,,,,,,,,
LAB0039038,,,,,,,,,,
LAB0039039,,,,,,,,,,
LAB0039040,,,,,,,,,,
LAB0039041,,,,,,,,,,
LAB0039042,,,,,,,,,,
LAB0039043,,,,,,,,,,
LAB0039044,,,,,,,,,,
LAB0039045,,,,,,,,,,
LAB0039046,,,,,,,,,,
LAB0039047,,,,,,,,,,
LAB0039048,,,,,,,,,,
LAB0039049,,,,,,,,,,
LAB0039050,,,,,,,,,,
LAB0039051,,,,,,,,,,
LAB0039052,,,,,,,,,,
LAB0039053,,,,,,,,,,
LAB0039054,,,,,,,,,,
LAB0039055,,,,,,,,,,
LAB0039056,,,,,,,,,,
LAB0039057,,,,,,,,,,
LAB0039058,,,,,,,,,,
LAB0039059,,,,,,,,,,
LAB0039060,,,,,,,,,,
LAB0039061,,,,,,,,,,
LAB0039062,,,,,,,,,,
LAB0039063,,,,,,,,,,
LAB0039064,,,,,,,,,,
LAB0039065,,,,,,,,,,
LAB0039066,,,,,,,,,,
LAB0039067,,,,,,,,,,
LAB0039068,,,,,,,,,,
LAB0039069,,,,,,,,,,
LAB0039070,,,,,,,,,,
LAB0039071,,,,,,,,,,
LAB0039072,,,,,,,,,,
LAB0039073,,,,,,,,,,
LAB0039074,,,,,,,,,,
LAB0039075,,,,,,,,,,
LAB0039076,,,,,,,,,,
LAB0039077,,,,,,,,,,
LAB0039078,,,,,,,,,,
LAB0039079,,,,,,,,,,
LAB0039080,,,,,,,,,,
LAB0039081,,,,,,,,,,
LAB0039082,,,,,,,,,,
LAB0039083,,,,,,,,,,
LAB0039084,,,,,,,,,,
LAB0039085,,,,,,,,,,
LAB0039086,,,,,,,,,,
LAB0039087,,,,,,,,,,
LAB0039088,,,,,,,,,,
LAB0039089,,,,,,,,,,
LAB0039090,,,,,,,,,,
LAB0039091,,,,,,,,,,
LAB0039092,,,,,,,,,,
LAB0039093,,,,,,,,,,
LAB0039094,,,,,,,,,,
LAB0039095,,,,,,,,,,
LAB0039096,,,,,,,,,,
LAB0039097,,,,,,,,,,
LAB0039098,,,,,,,,,,
LAB0039099,,,,,,,,,,
LAB0039100,,,,,,,,,,
LAB0039101,,,,,,,,,,
LAB0039102,,,,,,,,,,
LAB0039103,,,,,,,,,,
LAB0039104,,,,,,,,,,
LAB0039105,,,,,,,,,,
LAB0039106,,,,,,,,,,
LAB0039107,,,,,,,,,,
LAB0039108,,,,,,,,,,
LAB0039109,,,,,,,,,,
LAB0039110,,,,,,,,,,
LAB0039111,,,,,,,,,,
LAB0039112,,,,,,,,,,
LAB0039113,,,,,,,,,,
LAB0039114,,,,,,,,,,
LAB0039115,,,,,,,,,,
LAB0039116,,,,,,,,,,
LAB0039117,,,,,,,,,,
LAB0039118,,,,,,,,,,
LAB0039119,,,,,,,,,,
LAB0039120,,,,,,,,,,
LAB0039121,,,,,,,,,,
LAB0039122,,,,,,,,,,
LAB0039123,,,,,,,,,,
LAB0039124,,,,,,,,,,
LAB0039125,,,,,,,,,,
LAB0039126,,,,,,,,,,
LAB0039127,,,,,,,,,,
LAB0039128,,,,,,,,,,
LAB0039129,,,,,,,,,,
LAB0039130,,,,,,,,,,
LAB0039131,,,,,,,,,,
LAB0039132,,,,,,,,,,
LAB0039133,,,,,,,,,,
LAB0039134,,,,,,,,,,
LAB0039135,,,,,,,,,,
LAB0039136,,,,,,,,,,
LAB0039137,,,,,,,,,,
LAB0039138,,,,,,,,,,
LAB0039139,,,,,,,,,,
LAB0039140,,,,,,,,,,
LAB0039141,,,,,,,,,,
LAB0039142,,,,,,,,,,
LAB0039143,,,,,,,,,,
LAB0039144,,,,,,,,,,
LAB0039145,,,,,,,,,,
LAB0039146,,,,,,,,,,
LAB0039147,,,,,,,,,,
LAB0039148,,,,,,,,,,
LAB0039149,,,,,,,,,,
LAB0039150,,,,,,,,,,
LAB0039151,,,,,,,,,,
LAB0039152,,,,,,,,,,
LAB0039153,,,,,,,,,,
LAB0039154,,,,,,,,,,
LAB0039155,,,,,,,,,,
LAB0039156,,,,,,,,,,
LAB0039157,,,,,,,,,,
LAB0039158,,,,,,,,,,
LAB0039159,,,,,,,,,,
LAB0039160,,,,,,,,,,
LAB0039161,,,,,,,,,,
LAB0039162,,,,,,,,,,
LAB0039163,,,,,,,,,,
LAB0039164,,,,,,,,,,
LAB0039165,,,,,,,,,,
LAB0039166,,,,,,,,,,
LAB0039167,,,,,,,,,,
LAB0039168,,,,,,,,,,
LAB0039169,,,,,,,,,,
LAB0039170,,,,,,,,,,
LAB0039171,,,,,,,,,,
LAB0039172,,,,,,,,,,
LAB0039173,,,,,,,,,,
LAB0039174,,,,,,,,,,
LAB0039175,,,,,,,,,,
LAB0039176,,,,,,,,,,
LAB0039177,,,,,,,,,,
LAB0039178,,,,,,,,,,
LAB0039179,,,,,,,,,,
LAB0039180,,,,,,,,,,
LAB0039181,,,,,,,,,,
LAB0039182,,,,,,,,,,
LAB0039183,,,,,,,,,,
LAB0039184,,,,,,,,,,
LAB0039185,,,,,,,,,,
LAB0039186,,,,,,,,,,
LAB0039187,,,,,,,,,,
LAB0039188,,,,,,,,,,
LAB0039189,,,,,,,,,,
LAB0039190,,,,,,,,,,
LAB0039191,,,,,,,,,,
LAB0039192,,,,,,,,,,
LAB0039193,,,,,,,,,,
LAB0039194,,,,,,,,,,
LAB0039195,,,,,,,,,,
LAB0039196,,,,,,,,,,
LAB0039197,,,,,,,,,,
LAB0039198,,,,,,,,,,
LAB0039199,,,,,,,,,,
LAB0039200,,,,,,,,,,
LAB0039201,,,,,,,,,,
LAB0039202,,,,,,,,,,
LAB0039203,,,,,,,,,,
LAB0039204,,,,,,,,,,
LAB0039205,,,,,,,,,,
LAB0039206,,,,,,,,,,
LAB0039207,,,,,,,,,,
LAB0039208,,,,,,,,,,
LAB0039209,,,,,,,,,,
LAB0039210,,,,,,,,,,
LAB0039211,,,,,,,,,,
LAB0039212,,,,,,,,,,
LAB0039213,,,,,,,,,,
LAB0039214,,,,,,,,,,
LAB0039215,,,,,,,,,,
LAB0039216,,,,,,,,,,
LAB0039217,,,,,,,,,,
LAB0039218,,,,,,,,,,
LAB0039219,,,,,,,,,,
LAB0039220,,,,,,,,,,
LAB0039221,,,,,,,,,,
LAB0039222,,,,,,,,,,
LAB0039223,,,,,,,,,,
LAB0039224,,,,,,,,,,
LAB0039225,,,,,,,,,,
LAB0039226,,,,,,,,,,
LAB0039227,,,,,,,,,,
LAB0039228,,,,,,,,,,
LAB0039229,,,,,,,,,,
LAB0039230,,,,,,,,,,
LAB0039231,,,,,,,,,,
LAB0039232,,,,,,,,,,
LAB0039233,,,,,,,,,,
LAB0039234,,,,,,,,,,
LAB0039235,,,,,,,,,,
LAB0039236,,,,,,,,,,
LAB0039237,,,,,,,,,,
LAB0039238,,,,,,,,,,
LAB0039239,,,,,,,,,,
LAB0039240,,,,,,,,,,
LAB0039241,,,,,,,,,,
LAB0039242,,,,,,,,,,
LAB0039243,,,,,,,,,,
LAB0039244,,,,,,,,,,
LAB0039245,,,,,,,,,,
LAB0039246,,,,,,,,,,
LAB0039247,,,,,,,,,,
LAB0039248,,,,,,,,,,
LAB0039249,,,,,,,,,,
LAB0039250,,,,,,,,,,
LAB0039251,,,,,,,,,,
LAB0039252,,,,,,,,,,
LAB0039253,,,,,,,,,,
LAB0039254,,,,,,,,,,
LAB0039255,,,,,,,,,,
LAB0039256,,,,,,,,,,
LAB0039257,,,,,,,,,,
LAB0039258,,,,,,,,,,
LAB0039259,,,,,,,,,,
LAB0039260,,,,,,,,,,
LAB0039261,,,,,,,,,,
LAB0039262,,,,,,,,,,
LAB0039263,,,,,,,,,,
LAB0039264,,,,,,,,,,
LAB0039265,,,,,,,,,,
LAB0039266,,,,,,,,,,
LAB0039267,,,,,,,,,,
LAB0039268,,,,,,,,,,
LAB0039269,,,,,,,,,,
LAB0039270,,,,,,,,,,
LAB0039271,,,,,,,,,,
LAB0039272,,,,,,,,,,
LAB0039273,,,,,,,,,,
LAB0039274,,,,,,,,,,
LAB0039275,,,,,,,,,,
LAB0039276,,,,,,,,,,
LAB0039277,,,,,,,,,,
LAB0039278,,,,,,,,,,
LAB0039279,,,,,,,,,,
LAB0039280,,,,,,,,,,
LAB0039281,,,,,,,,,,
LAB0039282,,,,,,,,,,
LAB0039283,,,,,,,,,,
LAB0039284,,,,,,,,,,
LAB0039285,,,,,,,,,,
LAB0039286,,,,,,,,,,
LAB0039287,,,,,,,,,,
LAB0039288,,,,,,,,,,
LAB0039289,,,,,,,,,,
LAB0039290,,,,,,,,,,
LAB0039291,,,,,,,,,,
LAB0039292,,,,,,,,,,
LAB0039293,,,,,,,,,,
LAB0039294,,,,,,,,,,
LAB0039295,,,,,,,,,,
LAB0039296,,,,,,,,,,
LAB0039297,,,,,,,,,,
LAB0039298,,,,,,,,,,
LAB0039299,,,,,,,,,,
LAB0039300,,,,,,,,,,
LAB0039301,,,,,,,,,,
LAB0039302,,,,,,,,,,
LAB0039303,,,,,,,,,,
LAB0039304,,,,,,,,,,
LAB0039305,,,,,,,,,,
LAB0039306,,,,,,,,,,
LAB0039307,,,,,,,,,,
LAB0039308,,,,,,,,,,
LAB0039309,,,,,,,,,,
LAB0039310,,,,,,,,,,
LAB0039311,,,,,,,,,,
LAB0039312,,,,,,,,,,
LAB0039313,,,,,,,,,,
LAB0039314,,,,,,,,,,
LAB0039315,,,,,,,,,,
LAB0039316,,,,,,,,,,
LAB0039317,,,,,,,,,,
LAB0039318,,,,,,,,,,
LAB0039319,,,,,,,,,,
LAB0039320,,,,,,,,,,
LAB0039321,,,,,,,,,,
LAB0039322,,,,,,,,,,
LAB0039323,,,,,,,,,,
LAB0039324,,,,,,,,,,
LAB0039325,,,,,,,,,,
LAB0039326,,,,,,,,,,
LAB0039327,,,,,,,,,,
LAB0039328,,,,,,,,,,
LAB0039329,,,,,,,,,,
LAB0039330,,,,,,,,,,
LAB0039331,,,,,,,,,,
LAB0039332,,,,,,,,,,
LAB0039333,,,,,,,,,,
LAB0039334,,,,,,,,,,
LAB0039335,,,,,,,,,,
LAB0039336,,,,,,,,,,
LAB0039337,,,,,,,,,,
LAB0039338,,,,,,,,,,
LAB0039339,,,,,,,,,,
LAB0039340,,,,,,,,,,
LAB0039341,,,,,,,,,,
LAB0039342,,,,,,,,,,
LAB0039343,,,,,,,,,,
LAB0039344,,,,,,,,,,
LAB0039345,,,,,,,,,,
LAB0039346,,,,,,,,,,
LAB0039347,,,,,,,,,,
LAB0039348,,,,,,,,,,
LAB0039349,,,,,,,,,,
LAB0039350,,,,,,,,,,
LAB0039351,,,,,,,,,,
LAB0039352,,,,,,,,,,
LAB0039353,,,,,,,,,,
LAB0039354,,,,,,,,,,
LAB0039355,,,,,,,,,,
LAB0039356,,,,,,,,,,
LAB0039357,,,,,,,,,,
LAB0039358,,,,,,,,,,
LAB0039359,,,,,,,,,,
LAB0039360,,,,,,,,,,
LAB0039361,,,,,,,,,,
LAB0039362,,,,,,,,,,
LAB0039363,,,,,,,,,,
LAB0039364,,,,,,,,,,
LAB0039365,,,,,,,,,,
LAB0039366,,,,,,,,,,
LAB0039367,,,,,,,,,,
LAB0039368,,,,,,,,,,
LAB0039369,,,,,,,,,,
LAB0039370,,,,,,,,,,
LAB0039371,,,,,,,,,,
LAB0039372,,,,,,,,,,
LAB0039373,,,,,,,,,,
LAB0039374,,,,,,,,,,
LAB0039375,,,,,,,,,,
LAB0039376,,,,,,,,,,
LAB0039377,,,,,,,,,,
LAB0039378,,,,,,,,,,
LAB0039379,,,,,,,,,,
LAB0039380,,,,,,,,,,
LAB0039381,,,,,,,,,,
LAB0039382,,,,,,,,,,
LAB0039383,,,,,,,,,,
LAB0039384,,,,,,,,,,
LAB0039385,,,,,,,,,,
LAB0039386,,,,,,,,,,
LAB0039387,,,,,,,,,,
LAB0039388,,,,,,,,,,
LAB0039389,,,,,,,,,,
LAB0039390,,,,,,,,,,
LAB0039391,,,,,,,,,,
LAB0039392,,,,,,,,,,
LAB0039393,,,,,,,,,,
LAB0039394,,,,,,,,,,
LAB0039395,,,,,,,,,,
LAB0039396,,,,,,,,,,
LAB0039397,,,,,,,,,,
LAB0039398,,,,,,,,,,
LAB0039399,,,,,,,,,,
LAB0039400,,,,,,,,,,
LAB0039401,,,,,,,,,,
LAB0039402,,,,,,,,,,
LAB0039403,,,,,,,,,,
LAB0039404,,,,,,,,,,
LAB0039405,,,,,,,,,,
LAB0039406,,,,,,,,,,
LAB0039407,,,,,,,,,,
LAB0039408,,,,,,,,,,
LAB0039409,,,,,,,,,,
LAB0039410,,,,,,,,,,
LAB0039411,,,,,,,,,,
LAB0039412,,,,,,,,,,
LAB0039413,,,,,,,,,,
LAB0039414,,,,,,,,,,
LAB0039415,,,,,,,,,,
LAB0039416,,,,,,,,,,
LAB0039417,,,,,,,,,,
LAB0039418,,,,,,,,,,
LAB0039419,,,,,,,,,,
LAB0039420,,,,,,,,,,
LAB0039421,,,,,,,,,,
LAB0039422,,,,,,,,,,
LAB0039423,,,,,,,,,,
LAB0039424,,,,,,,,,,
LAB0039425,,,,,,,,,,
LAB0039426,,,,,,,,,,
LAB0039427,,,,,,,,,,
LAB0039428,,,,,,,,,,
LAB0039429,,,,,,,,,,
LAB0039430,,,,,,,,,,
LAB0039431,,,,,,,,,,
LAB0039432,,,,,,,,,,
LAB0039433,,,,,,,,,,
LAB0039434,,,,,,,,,,
LAB0039435,,,,,,,,,,
LAB0039436,,,,,,,,,,
LAB0039437,,,,,,,,,,
LAB0039438,,,,,,,,,,
LAB0039439,,,,,,,,,,
LAB0039440,,,,,,,,,,
LAB0039441,,,,,,,,,,
LAB0039442,,,,,,,,,,
LAB0039443,,,,,,,,,,
LAB0039444,,,,,,,,,,
LAB0039445,,,,,,,,,,
LAB0039446,,,,,,,,,,
LAB0039447,,,,,,,,,,
LAB0039448,,,,,,,,,,
LAB0039449,,,,,,,,,,
LAB0039450,,,,,,,,,,
LAB0039451,,,,,,,,,,
LAB0039452,,,,,,,,,,
LAB0039453,,,,,,,,,,
LAB0039454,,,,,,,,,,
LAB0039455,,,,,,,,,,
LAB0039456,,,,,,,,,,
LAB0039457,,,,,,,,,,
LAB0039458,,,,,,,,,,
LAB0039459,,,,,,,,,,
LAB0039460,,,,,,,,,,
LAB0039461,,,,,,,,,,
LAB0039462,,,,,,,,,,
LAB0039463,,,,,,,,,,
LAB0039464,,,,,,,,,,
LAB0039465,,,,,,,,,,
LAB0039466,,,,,,,,,,
LAB0039467,,,,,,,,,,
LAB0039468,,,,,,,,,,
LAB0039469,,,,,,,,,,
LAB0039470,,,,,,,,,,
LAB0039471,,,,,,,,,,
LAB0039472,,,,,,,,,,
LAB0039473,,,,,,,,,,
LAB0039474,,,,,,,,,,
LAB0039475,,,,,,,,,,
LAB0039476,,,,,,,,,,
LAB0039477,,,,,,,,,,
LAB0039478,,,,,,,,,,
LAB0039479,,,,,,,,,,
LAB0039480,,,,,,,,,,
LAB0039481,,,,,,,,,,
LAB0039482,,,,,,,,,,
LAB0039483,,,,,,,,,,
LAB0039484,,,,,,,,,,
LAB0039485,,,,,,,,,,
LAB0039486,,,,,,,,,,
LAB0039487,,,,,,,,,,
LAB0039488,,,,,,,,,,
LAB0039489,,,,,,,,,,
LAB0039490,,,,,,,,,,
LAB0039491,,,,,,,,,,
LAB0039492,,,,,,,,,,
LAB0039493,,,,,,,,,,
LAB0039494,,,,,,,,,,
LAB0039495,,,,,,,,,,
LAB0039496,,,,,,,,,,
LAB0039497,,,,,,,,,,
LAB0039498,,,,,,,,,,
LAB0039499,,,,,,,,,,
LAB0039500,,,,,,,,,,
LAB0039501,,,,,,,,,,
LAB0039502,,,,,,,,,,
LAB0039503,,,,,,,,,,
LAB0039504,,,,,,,,,,
LAB0039505,,,,,,,,,,
LAB0039506,,,,,,,,,,
LAB0039507,,,,,,,,,,
LAB0039508,,,,,,,,,,
LAB0039509,,,,,,,,,,
LAB0039510,,,,,,,,,,
LAB0039511,,,,,,,,,,
LAB0039512,,,,,,,,,,
LAB0039513,,,,,,,,,,
LAB0039514,,,,,,,,,,
LAB0039515,,,,,,,,,,
LAB0039516,,,,,,,,,,
LAB0039517,,,,,,,,,,
LAB0039518,,,,,,,,,,
LAB0039519,,,,,,,,,,
LAB0039520,,,,,,,,,,
LAB0039521,,,,,,,,,,
LAB0039522,,,,,,,,,,
LAB0039523,,,,,,,,,,
LAB0039524,,,,,,,,,,
LAB0039525,,,,,,,,,,
LAB0039526,,,,,,,,,,
LAB0039527,,,,,,,,,,
LAB0039528,,,,,,,,,,
LAB0039529,,,,,,,,,,
LAB0039530,,,,,,,,,,
LAB0039531,,,,,,,,,,
LAB0039532,,,,,,,,,,
LAB0039533,,,,,,,,,,
LAB0039534,,,,,,,,,,
LAB0039535,,,,,,,,,,
LAB0039536,,,,,,,,,,
LAB0039537,,,,,,,,,,
LAB0039538,,,,,,,,,,
LAB0039539,,,,,,,,,,
LAB0039540,,,,,,,,,,
LAB0039541,,,,,,,,,,
LAB0039542,,,,,,,,,,
LAB0039543,,,,,,,,,,
LAB0039544,,,,,,,,,,
LAB0039545,,,,,,,,,,
LAB0039546,,,,,,,,,,
LAB0039547,,,,,,,,,,
LAB0039548,,,,,,,,,,
LAB0039549,,,,,,,,,,
LAB0039550,,,,,,,,,,
LAB0039551,,,,,,,,,,
LAB0039552,,,,,,,,,,
LAB0039553,,,,,,,,,,
LAB0039554,,,,,,,,,,
LAB0039555,,,,,,,,,,
LAB0039556,,,,,,,,,,
LAB0039557,,,,,,,,,,
LAB0039558,,,,,,,,,,
LAB0039559,,,,,,,,,,
LAB0039560,,,,,,,,,,
LAB0039561,,,,,,,,,,
LAB0039562,,,,,,,,,,
LAB0039563,,,,,,,,,,
LAB0039564,,,,,,,,,,
LAB0039565,,,,,,,,,,
LAB0039566,,,,,,,,,,
LAB0039567,,,,,,,,,,
LAB0039568,,,,,,,,,,
LAB0039569,,,,,,,,,,
LAB0039570,,,,,,,,,,
LAB0039571,,,,,,,,,,
LAB0039572,,,,,,,,,,
LAB0039573,,,,,,,,,,
LAB0039574,,,,,,,,,,
LAB0039575,,,,,,,,,,
LAB0039576,,,,,,,,,,
LAB0039577,,,,,,,,,,
LAB0039578,,,,,,,,,,
LAB0039579,,,,,,,,,,
LAB0039580,,,,,,,,,,
LAB0039581,,,,,,,,,,
LAB0039582,,,,,,,,,,
LAB0039583,,,,,,,,,,
LAB0039584,,,,,,,,,,
LAB0039585,,,,,,,,,,
LAB0039586,,,,,,,,,,
LAB0039587,,,,,,,,,,
LAB0039588,,,,,,,,,,
LAB0039589,,,,,,,,,,
LAB0039590,,,,,,,,,,
LAB0039591,,,,,,,,,,
LAB0039592,,,,,,,,,,
LAB0039593,,,,,,,,,,
LAB0039594,,,,,,,,,,
LAB0039595,,,,,,,,,,
LAB0039596,,,,,,,,,,
LAB0039597,,,,,,,,,,
LAB0039598,,,,,,,,,,
LAB0039599,,,,,,,,,,
LAB0039600,,,,,,,,,,
LAB0039601,,,,,,,,,,
LAB0039602,,,,,,,,,,
LAB0039603,,,,,,,,,,
LAB0039604,,,,,,,,,,
LAB0039605,,,,,,,,,,
LAB0039606,,,,,,,,,,
LAB0039607,,,,,,,,,,
LAB0039608,,,,,,,,,,
LAB0039609,,,,,,,,,,
LAB0039610,,,,,,,,,,
LAB0039611,,,,,,,,,,
LAB0039612,,,,,,,,,,
LAB0039613,,,,,,,,,,
LAB0039614,,,,,,,,,,
LAB0039615,,,,,,,,,,
LAB0039616,,,,,,,,,,
LAB0039617,,,,,,,,,,
LAB0039618,,,,,,,,,,
LAB0039619,,,,,,,,,,
LAB0039620,,,,,,,,,,
LAB0039621,,,,,,,,,,
LAB0039622,,,,,,,,,,
LAB0039623,,,,,,,,,,
LAB0039624,,,,,,,,,,
LAB0039625,,,,,,,,,,
LAB0039626,,,,,,,,,,
LAB0039627,,,,,,,,,,
LAB0039628,,,,,,,,,,
LAB0039629,,,,,,,,,,
LAB0039630,,,,,,,,,,
LAB0039631,,,,,,,,,,
LAB0039632,,,,,,,,,,
LAB0039633,,,,,,,,,,
LAB0039634,,,,,,,,,,
LAB0039635,,,,,,,,,,
LAB0039636,,,,,,,,,,
LAB0039637,,,,,,,,,,
LAB0039638,,,,,,,,,,
LAB0039639,,,,,,,,,,
LAB0039640,,,,,,,,,,
LAB0039641,,,,,,,,,,
LAB0039642,,,,,,,,,,
LAB0039643,,,,,,,,,,
LAB0039644,,,,,,,,,,
LAB0039645,,,,,,,,,,
LAB0039646,,,,,,,,,,
LAB0039647,,,,,,,,,,
LAB0039648,,,,,,,,,,
LAB0039649,,,,,,,,,,
LAB0039650,,,,,,,,,,
LAB0039651,,,,,,,,,,
LAB0039652,,,,,,,,,,
LAB0039653,,,,,,,,,,
LAB0039654,,,,,,,,,,
LAB0039655,,,,,,,,,,
LAB0039656,,,,,,,,,,
LAB0039657,,,,,,,,,,
LAB0039658,,,,,,,,,,
LAB0039659,,,,,,,,,,
LAB0039660,,,,,,,,,,
LAB0039661,,,,,,,,,,
LAB0039662,,,,,,,,,,
LAB0039663,,,,,,,,,,
LAB0039664,,,,,,,,,,
LAB0039665,,,,,,,,,,
LAB0039666,,,,,,,,,,
LAB0039667,,,,,,,,,,
LAB0039668,,,,,,,,,,
LAB0039669,,,,,,,,,,
LAB0039670,,,,,,,,,,
LAB0039671,,,,,,,,,,
LAB0039672,,,,,,,,,,
LAB0039673,,,,,,,,,,
LAB0039674,,,,,,,,,,
LAB0039675,,,,,,,,,,
LAB0039676,,,,,,,,,,
LAB0039677,,,,,,,,,,
LAB0039678,,,,,,,,,,
LAB0039679,,,,,,,,,,
LAB0039680,,,,,,,,,,
LAB0039681,,,,,,,,,,
LAB0039682,,,,,,,,,,
LAB0039683,,,,,,,,,,
LAB0039684,,,,,,,,,,
LAB0039685,,,,,,,,,,
LAB0039686,,,,,,,,,,
LAB0039687,,,,,,,,,,
LAB0039688,,,,,,,,,,
LAB0039689,,,,,,,,,,
LAB0039690,,,,,,,,,,
LAB0039691,,,,,,,,,,
LAB0039692,,,,,,,,,,
LAB0039693,,,,,,,,,,
LAB0039694,,,,,,,,,,
LAB0039695,,,,,,,,,,
LAB0039696,,,,,,,,,,
LAB0039697,,,,,,,,,,
LAB0039698,,,,,,,,,,
LAB0039699,,,,,,,,,,
LAB0039700,,,,,,,,,,
LAB0039701,,,,,,,,,,
LAB0039702,,,,,,,,,,
LAB0039703,,,,,,,,,,
LAB0039704,,,,,,,,,,
LAB0039705,,,,,,,,,,
LAB0039706,,,,,,,,,,
LAB0039707,,,,,,,,,,
LAB0039708,,,,,,,,,,
LAB0039709,,,,,,,,,,
LAB0039710,,,,,,,,,,
LAB0039711,,,,,,,,,,
LAB0039712,,,,,,,,,,
LAB0039713,,,,,,,,,,
LAB0039714,,,,,,,,,,
LAB0039715,,,,,,,,,,
LAB0039716,,,,,,,,,,
LAB0039717,,,,,,,,,,
LAB0039718,,,,,,,,,,
LAB0039719,,,,,,,,,,
LAB0039720,,,,,,,,,,
LAB0039721,,,,,,,,,,
LAB0039722,,,,,,,,,,
LAB0039723,,,,,,,,,,
LAB0039724,,,,,,,,,,
LAB0039725,,,,,,,,,,
LAB0039726,,,,,,,,,,
LAB0039727,,,,,,,,,,
LAB0039728,,,,,,,,,,
LAB0039729,,,,,,,,,,
LAB0039730,,,,,,,,,,
LAB0039731,,,,,,,,,,
LAB0039732,,,,,,,,,,
LAB0039733,,,,,,,,,,
LAB0039734,,,,,,,,,,
LAB0039735,,,,,,,,,,
LAB0039736,,,,,,,,,,
LAB0039737,,,,,,,,,,
LAB0039738,,,,,,,,,,
LAB0039739,,,,,,,,,,
LAB0039740,,,,,,,,,,
LAB0039741,,,,,,,,,,
LAB0039742,,,,,,,,,,
LAB0039743,,,,,,,,,,
LAB0039744,,,,,,,,,,
LAB0039745,,,,,,,,,,
LAB0039746,,,,,,,,,,
LAB0039747,,,,,,,,,,
LAB0039748,,,,,,,,,,
LAB0039749,,,,,,,,,,
LAB0039750,,,,,,,,,,
LAB0039751,,,,,,,,,,
LAB0039752,,,,,,,,,,
LAB0039753,,,,,,,,,,
LAB0039754,,,,,,,,,,
LAB0039755,,,,,,,,,,
LAB0039756,,,,,,,,,,
LAB0039757,,,,,,,,,,
LAB0039758,,,,,,,,,,
LAB0039759,,,,,,,,,,
LAB0039760,,,,,,,,,,
LAB0039761,,,,,,,,,,
LAB0039762,,,,,,,,,,
LAB0039763,,,,,,,,,,
LAB0039764,,,,,,,,,,
LAB0039765,,,,,,,,,,
LAB0039766,,,,,,,,,,
LAB0039767,,,,,,,,,,
LAB0039768,,,,,,,,,,
LAB0039769,,,,,,,,,,
LAB0039770,,,,,,,,,,
LAB0039771,,,,,,,,,,
LAB0039772,,,,,,,,,,
LAB0039773,,,,,,,,,,
LAB0039774,,,,,,,,,,
LAB0039775,,,,,,,,,,
LAB0039776,,,,,,,,,,
LAB0039777,,,,,,,,,,
LAB0039778,,,,,,,,,,
LAB0039779,,,,,,,,,,
LAB0039780,,,,,,,,,,
LAB0039781,,,,,,,,,,
LAB0039782,,,,,,,,,,
LAB0039783,,,,,,,,,,
LAB0039784,,,,,,,,,,
LAB0039785,,,,,,,,,,
LAB0039786,,,,,,,,,,
LAB0039787,,,,,,,,,,
LAB0039788,,,,,,,,,,
LAB0039789,,,,,,,,,,
LAB0039790,,,,,,,,,,
LAB0039791,,,,,,,,,,
LAB0039792,,,,,,,,,,
LAB0039793,,,,,,,,,,
LAB0039794,,,,,,,,,,
LAB0039795,,,,,,,,,,
LAB0039796,,,,,,,,,,
LAB0039797,,,,,,,,,,
LAB0039798,,,,,,,,,,
LAB0039799,,,,,,,,,,
LAB0039800,,,,,,,,,,
LAB0039801,,,,,,,,,,
LAB0039802,,,,,,,,,,
LAB0039803,,,,,,,,,,
LAB0039804,,,,,,,,,,
LAB0039805,,,,,,,,,,
LAB0039806,,,,,,,,,,
LAB0039807,,,,,,,,,,
LAB0039808,,,,,,,,,,
LAB0039809,,,,,,,,,,
LAB0039810,,,,,,,,,,
LAB0039811,,,,,,,,,,
LAB0039812,,,,,,,,,,
LAB0039813,,,,,,,,,,
LAB0039814,,,,,,,,,,
LAB0039815,,,,,,,,,,
LAB0039816,,,,,,,,,,
LAB0039817,,,,,,,,,,
LAB0039818,,,,,,,,,,
LAB0039819,,,,,,,,,,
LAB0039820,,,,,,,,,,
LAB0039821,,,,,,,,,,
LAB0039822,,,,,,,,,,
LAB0039823,,,,,,,,,,
LAB0039824,,,,,,,,,,
LAB0039825,,,,,,,,,,
LAB0039826,,,,,,,,,,
LAB0039827,,,,,,,,,,
LAB0039828,,,,,,,,,,
LAB0039829,,,,,,,,,,
LAB0039830,,,,,,,,,,
LAB0039831,,,,,,,,,,
LAB0039832,,,,,,,,,,
LAB0039833,,,,,,,,,,
LAB0039834,,,,,,,,,,
LAB0039835,,,,,,,,,,
LAB0039836,,,,,,,,,,
LAB0039837,,,,,,,,,,
LAB0039838,,,,,,,,,,
LAB0039839,,,,,,,,,,
LAB0039840,,,,,,,,,,
LAB0039841,,,,,,,,,,
LAB0039842,,,,,,,,,,
LAB0039843,,,,,,,,,,
LAB0039844,,,,,,,,,,
LAB0039845,,,,,,,,,,
LAB0039846,,,,,,,,,,
LAB0039847,,,,,,,,,,
LAB0039848,,,,,,,,,,
LAB0039849,,,,,,,,,,
LAB0039850,,,,,,,,,,
LAB0039851,,,,,,,,,,
LAB0039852,,,,,,,,,,
LAB0039853,,,,,,,,,,
LAB0039854,,,,,,,,,,
LAB0039855,,,,,,,,,,
LAB0039856,,,,,,,,,,
LAB0039857,,,,,,,,,,
LAB0039858,,,,,,,,,,
LAB0039859,,,,,,,,,,
LAB0039860,,,,,,,,,,
LAB0039861,,,,,,,,,,
LAB0039862,,,,,,,,,,
LAB0039863,,,,,,,,,,
LAB0039864,,,,,,,,,,
LAB0039865,,,,,,,,,,
LAB0039866,,,,,,,,,,
LAB0039867,,,,,,,,,,
LAB0039868,,,,,,,,,,
LAB0039869,,,,,,,,,,
LAB0039870,,,,,,,,,,
LAB0039871,,,,,,,,,,
LAB0039872,,,,,,,,,,
LAB0039873,,,,,,,,,,
LAB0039874,,,,,,,,,,
LAB0039875,,,,,,,,,,
LAB0039876,,,,,,,,,,
LAB0039877,,,,,,,,,,
LAB0039878,,,,,,,,,,
LAB0039879,,,,,,,,,,
LAB0039880,,,,,,,,,,
LAB0039881,,,,,,,,,,
LAB0039882,,,,,,,,,,
LAB0039883,,,,,,,,,,
LAB0039884,,,,,,,,,,
LAB0039885,,,,,,,,,,
LAB0039886,,,,,,,,,,
LAB0039887,,,,,,,,,,
LAB0039888,,,,,,,,,,
LAB0039889,,,,,,,,,,
LAB0039890,,,,,,,,,,
LAB0039891,,,,,,,,,,
LAB0039892,,,,,,,,,,
LAB0039893,,,,,,,,,,
LAB0039894,,,,,,,,,,
LAB0039895,,,,,,,,,,
LAB0039896,,,,,,,,,,
LAB0039897,,,,,,,,,,
LAB0039898,,,,,,,,,,
LAB0039899,,,,,,,,,,
LAB0039900,,,,,,,,,,
LAB0039901,,,,,,,,,,
LAB0039902,,,,,,,,,,
LAB0039903,,,,,,,,,,
LAB0039904,,,,,,,,,,
LAB0039905,,,,,,,,,,
LAB0039906,,,,,,,,,,
LAB0039907,,,,,,,,,,
LAB0039908,,,,,,,,,,
LAB0039909,,,,,,,,,,
LAB0039910,,,,,,,,,,
LAB0039911,,,,,,,,,,
LAB0039912,,,,,,,,,,
LAB0039913,,,,,,,,,,
LAB0039914,,,,,,,,,,
LAB0039915,,,,,,,,,,
LAB0039916,,,,,,,,,,
LAB0039917,,,,,,,,,,
LAB0039918,,,,,,,,,,
LAB0039919,,,,,,,,,,
LAB0039920,,,,,,,,,,
LAB0039921,,,,,,,,,,
LAB0039922,,,,,,,,,,
LAB0039923,,,,,,,,,,
LAB0039924,,,,,,,,,,
LAB0039925,,,,,,,,,,
LAB0039926,,,,,,,,,,
LAB0039927,,,,,,,,,,
LAB0039928,,,,,,,,,,
LAB0039929,,,,,,,,,,
LAB0039930,,,,,,,,,,
LAB0039931,,,,,,,,,,
LAB0039932,,,,,,,,,,
LAB0039933,,,,,,,,,,
LAB0039934,,,,,,,,,,
LAB0039935,,,,,,,,,,
LAB0039936,,,,,,,,,,
LAB0039937,,,,,,,,,,
LAB0039938,,,,,,,,,,
LAB0039939,,,,,,,,,,
LAB0039940,,,,,,,,,,
LAB0039941,,,,,,,,,,
LAB0039942,,,,,,,,,,
LAB0039943,,,,,,,,,,
LAB0039944,,,,,,,,,,
LAB0039945,,,,,,,,,,
LAB0039946,,,,,,,,,,
LAB0039947,,,,,,,,,,
LAB0039948,,,,,,,,,,
LAB0039949,,,,,,,,,,
LAB0039950,,,,,,,,,,
LAB0039951,,,,,,,,,,
LAB0039952,,,,,,,,,,
LAB0039953,,,,,,,,,,
LAB0039954,,,,,,,,,,
LAB0039955,,,,,,,,,,
LAB0039956,,,,,,,,,,
LAB0039957,,,,,,,,,,
LAB0039958,,,,,,,,,,
LAB0039959,,,,,,,,,,
LAB0039960,,,,,,,,,,
LAB0039961,,,,,,,,,,
LAB0039962,,,,,,,,,,
LAB0039963,,,,,,,,,,
LAB0039964,,,,,,,,,,
LAB0039965,,,,,,,,,,
LAB0039966,,,,,,,,,,
LAB0039967,,,,,,,,,,
LAB0039968,,,,,,,,,,
LAB0039969,,,,,,,,,,
LAB0039970,,,,,,,,,,
LAB0039971,,,,,,,,,,
LAB0039972,,,,,,,,,,
LAB0039973,,,,,,,,,,
LAB0039974,,,,,,,,,,
LAB0039975,,,,,,,,,,
LAB0039976,,,,,,,,,,
LAB0039977,,,,,,,,,,
LAB0039978,,,,,,,,,,
LAB0039979,,,,,,,,,,
LAB0039980,,,,,,,,,,
LAB0039981,,,,,,,,,,
LAB0039982,,,,,,,,,,
LAB0039983,,,,,,,,,,
LAB0039984,,,,,,,,,,
LAB0039985,,,,,,,,,,
LAB0039986,,,,,,,,,,
LAB0039987,,,,,,,,,,
LAB0039988,,,,,,,,,,
LAB0039989,,,,,,,,,,
LAB0039990,,,,,,,,,,
LAB0039991,,,,,,,,,,
LAB0039992,,,,,,,,,,
LAB0039993,,,,,,,,,,
LAB0039994,,,,,,,,,,
LAB0039995,,,,,,,,,,
LAB0039996,,,,,,,,,,
LAB0039997,,,,,,,,,,
LAB0039998,,,,,,,,,,
LAB0039999,,,,,,,,,,
LAB0040000,,,,,,,,,,
LAB0040001,,,,,,,,,,
LAB0040002,,,,,,,,,,
LAB0040003,,,,,,,,,,
LAB0040004,,,,,,,,,,
LAB0040005,,,,,,,,,,
LAB0040006,,,,,,,,,,
LAB0040007,,,,,,,,,,
LAB0040008,,,,,,,,,,
LAB0040009,,,,,,,,,,
LAB0040010,,,,,,,,,,
LAB0040011,,,,,,,,,,
LAB0040012,,,,,,,,,,
LAB0040013,,,,,,,,,,
LAB0040014,,,,,,,,,,
LAB0040015,,,,,,,,,,
LAB0040016,,,,,,,,,,
LAB0040017,,,,,,,,,,
LAB0040018,,,,,,,,,,
LAB0040019,,,,,,,,,,
LAB0040020,,,,,,,,,,
LAB0040021,,,,,,,,,,
LAB0040022,,,,,,,,,,
LAB0040023,,,,,,,,,,
LAB0040024,,,,,,,,,,
LAB0040025,,,,,,,,,,
LAB0040026,,,,,,,,,,
LAB0040027,,,,,,,,,,
LAB0040028,,,,,,,,,,
LAB0040029,,,,,,,,,,
LAB0040030,,,,,,,,,,
LAB0040031,,,,,,,,,,
LAB0040032,,,,,,,,,,
LAB0040033,,,,,,,,,,
LAB0040034,,,,,,,,,,
LAB0040035,,,,,,,,,,
LAB0040036,,,,,,,,,,
LAB0040037,,,,,,,,,,
LAB0040038,,,,,,,,,,
LAB0040039,,,,,,,,,,
LAB0040040,,,,,,,,,,
LAB0040041,,,,,,,,,,
LAB0040042,,,,,,,,,,
LAB0040043,,,,,,,,,,
LAB0040044,,,,,,,,,,
LAB0040045,,,,,,,,,,
LAB0040046,,,,,,,,,,
LAB0040047,,,,,,,,,,
LAB0040048,,,,,,,,,,
LAB0040049,,,,,,,,,,
LAB0040050,,,,,,,,,,
LAB0040051,,,,,,,,,,
LAB0040052,,,,,,,,,,
LAB0040053,,,,,,,,,,
LAB0040054,,,,,,,,,,
LAB0040055,,,,,,,,,,
LAB0040056,,,,,,,,,,
LAB0040057,,,,,,,,,,
LAB0040058,,,,,,,,,,
LAB0040059,,,,,,,,,,
LAB0040060,,,,,,,,,,
LAB0040061,,,,,,,,,,
LAB0040062,,,,,,,,,,
LAB0040063,,,,,,,,,,
LAB0040064,,,,,,,,,,
LAB0040065,,,,,,,,,,
LAB0040066,,,,,,,,,,
LAB0040067,,,,,,,,,,
LAB0040068,,,,,,,,,,
LAB0040069,,,,,,,,,,
LAB0040070,,,,,,,,,,
LAB0040071,,,,,,,,,,
LAB0040072,,,,,,,,,,
LAB0040073,,,,,,,,,,
LAB0040074,,,,,,,,,,
LAB0040075,,,,,,,,,,
LAB0040076,,,,,,,,,,
LAB0040077,,,,,,,,,,
LAB0040078,,,,,,,,,,
LAB0040079,,,,,,,,,,
LAB0040080,,,,,,,,,,
LAB0040081,,,,,,,,,,
LAB0040082,,,,,,,,,,
LAB0040083,,,,,,,,,,
LAB0040084,,,,,,,,,,
LAB0040085,,,,,,,,,,
LAB0040086,,,,,,,,,,
LAB0040087,,,,,,,,,,
LAB0040088,,,,,,,,,,
LAB0040089,,,,,,,,,,
LAB0040090,,,,,,,,,,
LAB0040091,,,,,,,,,,
LAB0040092,,,,,,,,,,
LAB0040093,,,,,,,,,,
LAB0040094,,,,,,,,,,
LAB0040095,,,,,,,,,,
LAB0040096,,,,,,,,,,
LAB0040097,,,,,,,,,,
LAB0040098,,,,,,,,,,
LAB0040099,,,,,,,,,,
LAB0040100,,,,,,,,,,
LAB0040101,,,,,,,,,,
LAB0040102,,,,,,,,,,
LAB0040103,,,,,,,,,,
LAB0040104,,,,,,,,,,
LAB0040105,,,,,,,,,,
LAB0040106,,,,,,,,,,
LAB0040107,,,,,,,,,,
LAB0040108,,,,,,,,,,
LAB0040109,,,,,,,,,,
LAB0040110,,,,,,,,,,
LAB0040111,,,,,,,,,,
LAB0040112,,,,,,,,,,
LAB0040113,,,,,,,,,,
LAB0040114,,,,,,,,,,
LAB0040115,,,,,,,,,,
LAB0040116,,,,,,,,,,
LAB0040117,,,,,,,,,,
LAB0040118,,,,,,,,,,
LAB0040119,,,,,,,,,,
LAB0040120,,,,,,,,,,
LAB0040121,,,,,,,,,,
LAB0040122,,,,,,,,,,
LAB0040123,,,,,,,,,,
LAB0040124,,,,,,,,,,
LAB0040125,,,,,,,,,,
LAB0040126,,,,,,,,,,
LAB0040127,,,,,,,,,,
LAB0040128,,,,,,,,,,
LAB0040129,,,,,,,,,,
LAB0040130,,,,,,,,,,
LAB0040131,,,,,,,,,,
LAB0040132,,,,,,,,,,
LAB0040133,,,,,,,,,,
LAB0040134,,,,,,,,,,
LAB0040135,,,,,,,,,,
LAB0040136,,,,,,,,,,
LAB0040137,,,,,,,,,,
LAB0040138,,,,,,,,,,
LAB0040139,,,,,,,,,,
LAB0040140,,,,,,,,,,
LAB0040141,,,,,,,,,,
LAB0040142,,,,,,,,,,
LAB0040143,,,,,,,,,,
LAB0040144,,,,,,,,,,
LAB0040145,,,,,,,,,,
LAB0040146,,,,,,,,,,
LAB0040147,,,,,,,,,,
LAB0040148,,,,,,,,,,
LAB0040149,,,,,,,,,,
LAB0040150,,,,,,,,,,
LAB0040151,,,,,,,,,,
LAB0040152,,,,,,,,,,
LAB0040153,,,,,,,,,,
LAB0040154,,,,,,,,,,
LAB0040155,,,,,,,,,,
LAB0040156,,,,,,,,,,
LAB0040157,,,,,,,,,,
LAB0040158,,,,,,,,,,
LAB0040159,,,,,,,,,,
LAB0040160,,,,,,,,,,
LAB0040161,,,,,,,,,,
LAB0040162,,,,,,,,,,
LAB0040163,,,,,,,,,,
LAB0040164,,,,,,,,,,
LAB0040165,,,,,,,,,,
LAB0040166,,,,,,,,,,
LAB0040167,,,,,,,,,,
LAB0040168,,,,,,,,,,
LAB0040169,,,,,,,,,,
LAB0040170,,,,,,,,,,
LAB0040171,,,,,,,,,,
LAB0040172,,,,,,,,,,
LAB0040173,,,,,,,,,,
LAB0040174,,,,,,,,,,
LAB0040175,,,,,,,,,,
LAB0040176,,,,,,,,,,
LAB0040177,,,,,,,,,,
LAB0040178,,,,,,,,,,
LAB0040179,,,,,,,,,,
LAB0040180,,,,,,,,,,
LAB0040181,,,,,,,,,,
LAB0040182,,,,,,,,,,
LAB0040183,,,,,,,,,,
LAB0040184,,,,,,,,,,
LAB0040185,,,,,,,,,,
LAB0040186,,,,,,,,,,
LAB0040187,,,,,,,,,,
LAB0040188,,,,,,,,,,
LAB0040189,,,,,,,,,,
LAB0040190,,,,,,,,,,
LAB0040191,,,,,,,,,,
LAB0040192,,,,,,,,,,
LAB0040193,,,,,,,,,,
LAB0040194,,,,,,,,,,
LAB0040195,,,,,,,,,,
LAB0040196,,,,,,,,,,
LAB0040197,,,,,,,,,,
LAB0040198,,,,,,,,,,
LAB0040199,,,,,,,,,,
LAB0040200,,,,,,,,,,
LAB0040201,,,,,,,,,,
LAB0040202,,,,,,,,,,
LAB0040203,,,,,,,,,,
LAB0040204,,,,,,,,,,
LAB0040205,,,,,,,,,,
LAB0040206,,,,,,,,,,
LAB0040207,,,,,,,,,,
LAB0040208,,,,,,,,,,
LAB0040209,,,,,,,,,,
LAB0040210,,,,,,,,,,
LAB0040211,,,,,,,,,,
LAB0040212,,,,,,,,,,
LAB0040213,,,,,,,,,,
LAB0040214,,,,,,,,,,
LAB0040215,,,,,,,,,,
LAB0040216,,,,,,,,,,
LAB0040217,,,,,,,,,,
LAB0040218,,,,,,,,,,
LAB0040219,,,,,,,,,,
LAB0040220,,,,,,,,,,
LAB0040221,,,,,,,,,,
LAB0040222,,,,,,,,,,
LAB0040223,,,,,,,,,,
LAB0040224,,,,,,,,,,
LAB0040225,,,,,,,,,,
LAB0040226,,,,,,,,,,
LAB0040227,,,,,,,,,,
LAB0040228,,,,,,,,,,
LAB0040229,,,,,,,,,,
LAB0040230,,,,,,,,,,
LAB0040231,,,,,,,,,,
LAB0040232,,,,,,,,,,
LAB0040233,,,,,,,,,,
LAB0040234,,,,,,,,,,
LAB0040235,,,,,,,,,,
LAB0040236,,,,,,,,,,
LAB0040237,,,,,,,,,,
LAB0040238,,,,,,,,,,
LAB0040239,,,,,,,,,,
LAB0040240,,,,,,,,,,
LAB0040241,,,,,,,,,,
LAB0040242,,,,,,,,,,
LAB0040243,,,,,,,,,,
LAB0040244,,,,,,,,,,
LAB0040245,,,,,,,,,,
LAB0040246,,,,,,,,,,
LAB0040247,,,,,,,,,,
LAB0040248,,,,,,,,,,
LAB0040249,,,,,,,,,,
LAB0040250,,,,,,,,,,
LAB0040251,,,,,,,,,,
LAB0040252,,,,,,,,,,
LAB0040253,,,,,,,,,,
LAB0040254,,,,,,,,,,
LAB0040255,,,,,,,,,,
LAB0040256,,,,,,,,,,
LAB0040257,,,,,,,,,,
LAB0040258,,,,,,,,,,
LAB0040259,,,,,,,,,,
LAB0040260,,,,,,,,,,
LAB0040261,,,,,,,,,,
LAB0040262,,,,,,,,,,
LAB0040263,,,,,,,,,,
LAB0040264,,,,,,,,,,
LAB0040265,,,,,,,,,,
LAB0040266,,,,,,,,,,
LAB0040267,,,,,,,,,,
LAB0040268,,,,,,,,,,
LAB0040269,,,,,,,,,,
LAB0040270,,,,,,,,,,
LAB0040271,,,,,,,,,,
LAB0040272,,,,,,,,,,
LAB0040273,,,,,,,,,,
LAB0040274,,,,,,,,,,
LAB0040275,,,,,,,,,,
LAB0040276,,,,,,,,,,
LAB0040277,,,,,,,,,,
LAB0040278,,,,,,,,,,
LAB0040279,,,,,,,,,,
LAB0040280,,,,,,,,,,
LAB0040281,,,,,,,,,,
LAB0040282,,,,,,,,,,
LAB0040283,,,,,,,,,,
LAB0040284,,,,,,,,,,
LAB0040285,,,,,,,,,,
LAB0040286,,,,,,,,,,
LAB0040287,,,,,,,,,,
LAB0040288,,,,,,,,,,
LAB0040289,,,,,,,,,,
LAB0040290,,,,,,,,,,
LAB0040291,,,,,,,,,,
LAB0040292,,,,,,,,,,
LAB0040293,,,,,,,,,,
LAB0040294,,,,,,,,,,
LAB0040295,,,,,,,,,,
LAB0040296,,,,,,,,,,
LAB0040297,,,,,,,,,,
LAB0040298,,,,,,,,,,
LAB0040299,,,,,,,,,,
LAB0040300,,,,,,,,,,
LAB0040301,,,,,,,,,,
LAB0040302,,,,,,,,,,
LAB0040303,,,,,,,,,,
LAB0040304,,,,,,,,,,
LAB0040305,,,,,,,,,,
LAB0040306,,,,,,,,,,
LAB0040307,,,,,,,,,,
LAB0040308,,,,,,,,,,
LAB0040309,,,,,,,,,,
LAB0040310,,,,,,,,,,
LAB0040311,,,,,,,,,,
LAB0040312,,,,,,,,,,
LAB0040313,,,,,,,,,,
LAB0040314,,,,,,,,,,
LAB0040315,,,,,,,,,,
LAB0040316,,,,,,,,,,
LAB0040317,,,,,,,,,,
LAB0040318,,,,,,,,,,
LAB0040319,,,,,,,,,,
LAB0040320,,,,,,,,,,
LAB0040321,,,,,,,,,,
LAB0040322,,,,,,,,,,
LAB0040323,,,,,,,,,,
LAB0040324,,,,,,,,,,
LAB0040325,,,,,,,,,,
LAB0040326,,,,,,,,,,
LAB0040327,,,,,,,,,,
LAB0040328,,,,,,,,,,
LAB0040329,,,,,,,,,,
LAB0040330,,,,,,,,,,
LAB0040331,,,,,,,,,,
LAB0040332,,,,,,,,,,
LAB0040333,,,,,,,,,,
LAB0040334,,,,,,,,,,
LAB0040335,,,,,,,,,,
LAB0040336,,,,,,,,,,
LAB0040337,,,,,,,,,,
LAB0040338,,,,,,,,,,
LAB0040339,,,,,,,,,,
LAB0040340,,,,,,,,,,
LAB0040341,,,,,,,,,,
LAB0040342,,,,,,,,,,
LAB0040343,,,,,,,,,,
LAB0040344,,,,,,,,,,
LAB0040345,,,,,,,,,,
LAB0040346,,,,,,,,,,
LAB0040347,,,,,,,,,,
LAB0040348,,,,,,,,,,
LAB0040349,,,,,,,,,,
LAB0040350,,,,,,,,,,
LAB0040351,,,,,,,,,,
LAB0040352,,,,,,,,,,
LAB0040353,,,,,,,,,,
LAB0040354,,,,,,,,,,
LAB0040355,,,,,,,,,,
LAB0040356,,,,,,,,,,
LAB0040357,,,,,,,,,,
LAB0040358,,,,,,,,,,
LAB0040359,,,,,,,,,,
LAB0040360,,,,,,,,,,
LAB0040361,,,,,,,,,,
LAB0040362,,,,,,,,,,
LAB0040363,,,,,,,,,,
LAB0040364,,,,,,,,,,
LAB0040365,,,,,,,,,,
LAB0040366,,,,,,,,,,
LAB0040367,,,,,,,,,,
LAB0040368,,,,,,,,,,
LAB0040369,,,,,,,,,,
LAB0040370,,,,,,,,,,
LAB0040371,,,,,,,,,,
LAB0040372,,,,,,,,,,
LAB0040373,,,,,,,,,,
LAB0040374,,,,,,,,,,
LAB0040375,,,,,,,,,,
LAB0040376,,,,,,,,,,
LAB0040377,,,,,,,,,,
LAB0040378,,,,,,,,,,
LAB0040379,,,,,,,,,,
LAB0040380,,,,,,,,,,
LAB0040381,,,,,,,,,,
LAB0040382,,,,,,,,,,
LAB0040383,,,,,,,,,,
LAB0040384,,,,,,,,,,
LAB0040385,,,,,,,,,,
LAB0040386,,,,,,,,,,
LAB0040387,,,,,,,,,,
LAB0040388,,,,,,,,,,
LAB0040389,,,,,,,,,,
LAB0040390,,,,,,,,,,
LAB0040391,,,,,,,,,,
LAB0040392,,,,,,,,,,
LAB0040393,,,,,,,,,,
LAB0040394,,,,,,,,,,
LAB0040395,,,,,,,,,,
LAB0040396,,,,,,,,,,
LAB0040397,,,,,,,,,,
LAB0040398,,,,,,,,,,
LAB0040399,,,,,,,,,,
LAB0040400,,,,,,,,,,
LAB0040401,,,,,,,,,,
LAB0040402,,,,,,,,,,
LAB0040403,,,,,,,,,,
LAB0040404,,,,,,,,,,
LAB0040405,,,,,,,,,,
LAB0040406,,,,,,,,,,
LAB0040407,,,,,,,,,,
LAB0040408,,,,,,,,,,
LAB0040409,,,,,,,,,,
LAB0040410,,,,,,,,,,
LAB0040411,,,,,,,,,,
LAB0040412,,,,,,,,,,
LAB0040413,,,,,,,,,,
LAB0040414,,,,,,,,,,
LAB0040415,,,,,,,,,,
LAB0040416,,,,,,,,,,
LAB0040417,,,,,,,,,,
LAB0040418,,,,,,,,,,
LAB0040419,,,,,,,,,,
LAB0040420,,,,,,,,,,
LAB0040421,,,,,,,,,,
LAB0040422,,,,,,,,,,
LAB0040423,,,,,,,,,,
LAB0040424,,,,,,,,,,
LAB0040425,,,,,,,,,,
LAB0040426,,,,,,,,,,
LAB0040427,,,,,,,,,,
LAB0040428,,,,,,,,,,
LAB0040429,,,,,,,,,,
LAB0040430,,,,,,,,,,
LAB0040431,,,,,,,,,,
LAB0040432,,,,,,,,,,
LAB0040433,,,,,,,,,,
LAB0040434,,,,,,,,,,
LAB0040435,,,,,,,,,,
LAB0040436,,,,,,,,,,
LAB0040437,,,,,,,,,,
LAB0040438,,,,,,,,,,
LAB0040439,,,,,,,,,,
LAB0040440,,,,,,,,,,
LAB0040441,,,,,,,,,,
LAB0040442,,,,,,,,,,
LAB0040443,,,,,,,,,,
LAB0040444,,,,,,,,,,
LAB0040445,,,,,,,,,,
LAB0040446,,,,,,,,,,
LAB0040447,,,,,,,,,,
LAB0040448,,,,,,,,,,
LAB0040449,,,,,,,,,,
LAB0040450,,,,,,,,,,
LAB0040451,,,,,,,,,,
LAB0040452,,,,,,,,,,
LAB0040453,,,,,,,,,,
LAB0040454,,,,,,,,,,
LAB0040455,,,,,,,,,,
LAB0040456,,,,,,,,,,
LAB0040457,,,,,,,,,,
LAB0040458,,,,,,,,,,
LAB0040459,,,,,,,,,,
LAB0040460,,,,,,,,,,
LAB0040461,,,,,,,,,,
LAB0040462,,,,,,,,,,
LAB0040463,,,,,,,,,,
LAB0040464,,,,,,,,,,
LAB0040465,,,,,,,,,,
LAB0040466,,,,,,,,,,
LAB0040467,,,,,,,,,,
LAB0040468,,,,,,,,,,
LAB0040469,,,,,,,,,,
LAB0040470,,,,,,,,,,
LAB0040471,,,,,,,,,,
LAB0040472,,,,,,,,,,
LAB0040473,,,,,,,,,,
LAB0040474,,,,,,,,,,
LAB0040475,,,,,,,,,,
LAB0040476,,,,,,,,,,
LAB0040477,,,,,,,,,,
LAB0040478,,,,,,,,,,
LAB0040479,,,,,,,,,,
LAB0040480,,,,,,,,,,
LAB0040481,,,,,,,,,,
LAB0040482,,,,,,,,,,
LAB0040483,,,,,,,,,,
LAB0040484,,,,,,,,,,
LAB0040485,,,,,,,,,,
LAB0040486,,,,,,,,,,
LAB0040487,,,,,,,,,,
LAB0040488,,,,,,,,,,
LAB0040489,,,,,,,,,,
LAB0040490,,,,,,,,,,
LAB0040491,,,,,,,,,,
LAB0040492,,,,,,,,,,
LAB0040493,,,,,,,,,,
LAB0040494,,,,,,,,,,
LAB0040495,,,,,,,,,,
LAB0040496,,,,,,,,,,
LAB0040497,,,,,,,,,,
LAB0040498,,,,,,,,,,
LAB0040499,,,,,,,,,,
LAB0040500,,,,,,,,,,
LAB0040501,,,,,,,,,,
LAB0040502,,,,,,,,,,
LAB0040503,,,,,,,,,,
LAB0040504,,,,,,,,,,
LAB0040505,,,,,,,,,,
LAB0040506,,,,,,,,,,
LAB0040507,,,,,,,,,,
LAB0040508,,,,,,,,,,
LAB0040509,,,,,,,,,,
LAB0040510,,,,,,,,,,
LAB0040511,,,,,,,,,,
LAB0040512,,,,,,,,,,
LAB0040513,,,,,,,,,,
LAB0040514,,,,,,,,,,
LAB0040515,,,,,,,,,,
LAB0040516,,,,,,,,,,
LAB0040517,,,,,,,,,,
LAB0040518,,,,,,,,,,
LAB0040519,,,,,,,,,,
LAB0040520,,,,,,,,,,
LAB0040521,,,,,,,,,,
LAB0040522,,,,,,,,,,
LAB0040523,,,,,,,,,,
LAB0040524,,,,,,,,,,
LAB0040525,,,,,,,,,,
LAB0040526,,,,,,,,,,
LAB0040527,,,,,,,,,,
LAB0040528,,,,,,,,,,
LAB0040529,,,,,,,,,,
LAB0040530,,,,,,,,,,
LAB0040531,,,,,,,,,,
LAB0040532,,,,,,,,,,
LAB0040533,,,,,,,,,,
LAB0040534,,,,,,,,,,
LAB0040535,,,,,,,,,,
LAB0040536,,,,,,,,,,
LAB0040537,,,,,,,,,,
LAB0040538,,,,,,,,,,
LAB0040539,,,,,,,,,,
LAB0040540,,,,,,,,,,
LAB0040541,,,,,,,,,,
LAB0040542,,,,,,,,,,
LAB0040543,,,,,,,,,,
LAB0040544,,,,,,,,,,
LAB0040545,,,,,,,,,,
LAB0040546,,,,,,,,,,
LAB0040547,,,,,,,,,,
LAB0040548,,,,,,,,,,
LAB0040549,,,,,,,,,,
LAB0040550,,,,,,,,,,
LAB0040551,,,,,,,,,,
LAB0040552,,,,,,,,,,
LAB0040553,,,,,,,,,,
LAB0040554,,,,,,,,,,
LAB0040555,,,,,,,,,,
LAB0040556,,,,,,,,,,
LAB0040557,,,,,,,,,,
LAB0040558,,,,,,,,,,
LAB0040559,,,,,,,,,,
LAB0040560,,,,,,,,,,
LAB0040561,,,,,,,,,,
LAB0040562,,,,,,,,,,
LAB0040563,,,,,,,,,,
LAB0040564,,,,,,,,,,
LAB0040565,,,,,,,,,,
LAB0040566,,,,,,,,,,
LAB0040567,,,,,,,,,,
LAB0040568,,,,,,,,,,
LAB0040569,,,,,,,,,,
LAB0040570,,,,,,,,,,
LAB0040571,,,,,,,,,,
LAB0040572,,,,,,,,,,
LAB0040573,,,,,,,,,,
LAB0040574,,,,,,,,,,
LAB0040575,,,,,,,,,,
LAB0040576,,,,,,,,,,
LAB0040577,,,,,,,,,,
LAB0040578,,,,,,,,,,
LAB0040579,,,,,,,,,,
LAB0040580,,,,,,,,,,
LAB0040581,,,,,,,,,,
LAB0040582,,,,,,,,,,
LAB0040583,,,,,,,,,,
LAB0040584,,,,,,,,,,
LAB0040585,,,,,,,,,,
LAB0040586,,,,,,,,,,
LAB0040587,,,,,,,,,,
LAB0040588,,,,,,,,,,
LAB0040589,,,,,,,,,,
LAB0040590,,,,,,,,,,
LAB0040591,,,,,,,,,,
LAB0040592,,,,,,,,,,
LAB0040593,,,,,,,,,,
LAB0040594,,,,,,,,,,
LAB0040595,,,,,,,,,,
LAB0040596,,,,,,,,,,
LAB0040597,,,,,,,,,,
LAB0040598,,,,,,,,,,
LAB0040599,,,,,,,,,,
LAB0040600,,,,,,,,,,
LAB0040601,,,,,,,,,,
LAB0040602,,,,,,,,,,
LAB0040603,,,,,,,,,,
LAB0040604,,,,,,,,,,
LAB0040605,,,,,,,,,,
LAB0040606,,,,,,,,,,
LAB0040607,,,,,,,,,,
LAB0040608,,,,,,,,,,
LAB0040609,,,,,,,,,,
LAB0040610,,,,,,,,,,
LAB0040611,,,,,,,,,,
LAB0040612,,,,,,,,,,
LAB0040613,,,,,,,,,,
LAB0040614,,,,,,,,,,
LAB0040615,,,,,,,,,,
LAB0040616,,,,,,,,,,
LAB0040617,,,,,,,,,,
LAB0040618,,,,,,,,,,
LAB0040619,,,,,,,,,,
LAB0040620,,,,,,,,,,
LAB0040621,,,,,,,,,,
LAB0040622,,,,,,,,,,
LAB0040623,,,,,,,,,,
LAB0040624,,,,,,,,,,
LAB0040625,,,,,,,,,,
LAB0040626,,,,,,,,,,
LAB0040627,,,,,,,,,,
LAB0040628,,,,,,,,,,
LAB0040629,,,,,,,,,,
LAB0040630,,,,,,,,,,
LAB0040631,,,,,,,,,,
LAB0040632,,,,,,,,,,
LAB0040633,,,,,,,,,,
LAB0040634,,,,,,,,,,
LAB0040635,,,,,,,,,,
LAB0040636,,,,,,,,,,
LAB0040637,,,,,,,,,,
LAB0040638,,,,,,,,,,
LAB0040639,,,,,,,,,,
LAB0040640,,,,,,,,,,
LAB0040641,,,,,,,,,,
LAB0040642,,,,,,,,,,
LAB0040643,,,,,,,,,,
LAB0040644,,,,,,,,,,
LAB0040645,,,,,,,,,,
LAB0040646,,,,,,,,,,
LAB0040647,,,,,,,,,,
LAB0040648,,,,,,,,,,
LAB0040649,,,,,,,,,,
LAB0040650,,,,,,,,,,
LAB0040651,,,,,,,,,,
LAB0040652,,,,,,,,,,
LAB0040653,,,,,,,,,,
LAB0040654,,,,,,,,,,
LAB0040655,,,,,,,,,,
LAB0040656,,,,,,,,,,
LAB0040657,,,,,,,,,,
LAB0040658,,,,,,,,,,
LAB0040659,,,,,,,,,,
LAB0040660,,,,,,,,,,
LAB0040661,,,,,,,,,,
LAB0040662,,,,,,,,,,
LAB0040663,,,,,,,,,,
LAB0040664,,,,,,,,,,
LAB0040665,,,,,,,,,,
LAB0040666,,,,,,,,,,
LAB0040667,,,,,,,,,,
LAB0040668,,,,,,,,,,
LAB0040669,,,,,,,,,,
LAB0040670,,,,,,,,,,
LAB0040671,,,,,,,,,,
LAB0040672,,,,,,,,,,
LAB0040673,,,,,,,,,,
LAB0040674,,,,,,,,,,
LAB0040675,,,,,,,,,,
LAB0040676,,,,,,,,,,
LAB0040677,,,,,,,,,,
LAB0040678,,,,,,,,,,
LAB0040679,,,,,,,,,,
LAB0040680,,,,,,,,,,
LAB0040681,,,,,,,,,,
LAB0040682,,,,,,,,,,
LAB0040683,,,,,,,,,,
LAB0040684,,,,,,,,,,
LAB0040685,,,,,,,,,,
LAB0040686,,,,,,,,,,
LAB0040687,,,,,,,,,,
LAB0040688,,,,,,,,,,
LAB0040689,,,,,,,,,,
LAB0040690,,,,,,,,,,
LAB0040691,,,,,,,,,,
LAB0040692,,,,,,,,,,
LAB0040693,,,,,,,,,,
LAB0040694,,,,,,,,,,
LAB0040695,,,,,,,,,,
LAB0040696,,,,,,,,,,
LAB0040697,,,,,,,,,,
LAB0040698,,,,,,,,,,
LAB0040699,,,,,,,,,,
LAB0040700,,,,,,,,,,
LAB0040701,,,,,,,,,,
LAB0040702,,,,,,,,,,
LAB0040703,,,,,,,,,,
LAB0040704,,,,,,,,,,
LAB0040705,,,,,,,,,,
LAB0040706,,,,,,,,,,
LAB0040707,,,,,,,,,,
LAB0040708,,,,,,,,,,
LAB0040709,,,,,,,,,,
LAB0040710,,,,,,,,,,
LAB0040711,,,,,,,,,,
LAB0040712,,,,,,,,,,
LAB0040713,,,,,,,,,,
LAB0040714,,,,,,,,,,
LAB0040715,,,,,,,,,,
LAB0040716,,,,,,,,,,
LAB0040717,,,,,,,,,,
LAB0040718,,,,,,,,,,
LAB0040719,,,,,,,,,,
LAB0040720,,,,,,,,,,
LAB0040721,,,,,,,,,,
LAB0040722,,,,,,,,,,
LAB0040723,,,,,,,,,,
LAB0040724,,,,,,,,,,
LAB0040725,,,,,,,,,,
LAB0040726,,,,,,,,,,
LAB0040727,,,,,,,,,,
LAB0040728,,,,,,,,,,
LAB0040729,,,,,,,,,,
LAB0040730,,,,,,,,,,
LAB0040731,,,,,,,,,,
LAB0040732,,,,,,,,,,
LAB0040733,,,,,,,,,,
LAB0040734,,,,,,,,,,
LAB0040735,,,,,,,,,,
LAB0040736,,,,,,,,,,
LAB0040737,,,,,,,,,,
LAB0040738,,,,,,,,,,
LAB0040739,,,,,,,,,,
LAB0040740,,,,,,,,,,
LAB0040741,,,,,,,,,,
LAB0040742,,,,,,,,,,
LAB0040743,,,,,,,,,,
LAB0040744,,,,,,,,,,
LAB0040745,,,,,,,,,,
LAB0040746,,,,,,,,,,
LAB0040747,,,,,,,,,,
LAB0040748,,,,,,,,,,
LAB0040749,,,,,,,,,,
LAB0040750,,,,,,,,,,
LAB0040751,,,,,,,,,,
LAB0040752,,,,,,,,,,
LAB0040753,,,,,,,,,,
LAB0040754,,,,,,,,,,
LAB0040755,,,,,,,,,,
LAB0040756,,,,,,,,,,
LAB0040757,,,,,,,,,,
LAB0040758,,,,,,,,,,
LAB0040759,,,,,,,,,,
LAB0040760,,,,,,,,,,
LAB0040761,,,,,,,,,,
LAB0040762,,,,,,,,,,
LAB0040763,,,,,,,,,,
LAB0040764,,,,,,,,,,
LAB0040765,,,,,,,,,,
LAB0040766,,,,,,,,,,
LAB0040767,,,,,,,,,,
LAB0040768,,,,,,,,,,
LAB0040769,,,,,,,,,,
LAB0040770,,,,,,,,,,
LAB0040771,,,,,,,,,,
LAB0040772,,,,,,,,,,
LAB0040773,,,,,,,,,,
LAB0040774,,,,,,,,,,
LAB0040775,,,,,,,,,,
LAB0040776,,,,,,,,,,
LAB0040777,,,,,,,,,,
LAB0040778,,,,,,,,,,
LAB0040779,,,,,,,,,,
LAB0040780,,,,,,,,,,
LAB0040781,,,,,,,,,,
LAB0040782,,,,,,,,,,
LAB0040783,,,,,,,,,,
LAB0040784,,,,,,,,,,
LAB0040785,,,,,,,,,,
LAB0040786,,,,,,,,,,
LAB0040787,,,,,,,,,,
LAB0040788,,,,,,,,,,
LAB0040789,,,,,,,,,,
LAB0040790,,,,,,,,,,
LAB0040791,,,,,,,,,,
LAB0040792,,,,,,,,,,
LAB0040793,,,,,,,,,,
LAB0040794,,,,,,,,,,
LAB0040795,,,,,,,,,,
LAB0040796,,,,,,,,,,
LAB0040797,,,,,,,,,,
LAB0040798,,,,,,,,,,
LAB0040799,,,,,,,,,,
LAB0040800,,,,,,,,,,
LAB0040801,,,,,,,,,,
LAB0040802,,,,,,,,,,
LAB0040803,,,,,,,,,,
LAB0040804,,,,,,,,,,
LAB0040805,,,,,,,,,,
LAB0040806,,,,,,,,,,
LAB0040807,,,,,,,,,,
LAB0040808,,,,,,,,,,
LAB0040809,,,,,,,,,,
LAB0040810,,,,,,,,,,
LAB0040811,,,,,,,,,,
LAB0040812,,,,,,,,,,
LAB0040813,,,,,,,,,,
LAB0040814,,,,,,,,,,
LAB0040815,,,,,,,,,,
LAB0040816,,,,,,,,,,
LAB0040817,,,,,,,,,,
LAB0040818,,,,,,,,,,
LAB0040819,,,,,,,,,,
LAB0040820,,,,,,,,,,
LAB0040821,,,,,,,,,,
LAB0040822,,,,,,,,,,
LAB0040823,,,,,,,,,,
LAB0040824,,,,,,,,,,
LAB0040825,,,,,,,,,,
LAB0040826,,,,,,,,,,
LAB0040827,,,,,,,,,,
LAB0040828,,,,,,,,,,
LAB0040829,,,,,,,,,,
LAB0040830,,,,,,,,,,
LAB0040831,,,,,,,,,,
LAB0040832,,,,,,,,,,
LAB0040833,,,,,,,,,,
LAB0040834,,,,,,,,,,
LAB0040835,,,,,,,,,,
LAB0040836,,,,,,,,,,
LAB0040837,,,,,,,,,,
LAB0040838,,,,,,,,,,
LAB0040839,,,,,,,,,,
LAB0040840,,,,,,,,,,
LAB0040841,,,,,,,,,,
LAB0040842,,,,,,,,,,
LAB0040843,,,,,,,,,,
LAB0040844,,,,,,,,,,
LAB0040845,,,,,,,,,,
LAB0040846,,,,,,,,,,
LAB0040847,,,,,,,,,,
LAB0040848,,,,,,,,,,
LAB0040849,,,,,,,,,,
LAB0040850,,,,,,,,,,
LAB0040851,,,,,,,,,,
LAB0040852,,,,,,,,,,
LAB0040853,,,,,,,,,,
LAB0040854,,,,,,,,,,
LAB0040855,,,,,,,,,,
LAB0040856,,,,,,,,,,
LAB0040857,,,,,,,,,,
LAB0040858,,,,,,,,,,
LAB0040859,,,,,,,,,,
LAB0040860,,,,,,,,,,
LAB0040861,,,,,,,,,,
LAB0040862,,,,,,,,,,
LAB0040863,,,,,,,,,,
LAB0040864,,,,,,,,,,
LAB0040865,,,,,,,,,,
LAB0040866,,,,,,,,,,
LAB0040867,,,,,,,,,,
LAB0040868,,,,,,,,,,
LAB0040869,,,,,,,,,,
LAB0040870,,,,,,,,,,
LAB0040871,,,,,,,,,,
LAB0040872,,,,,,,,,,
LAB0040873,,,,,,,,,,
LAB0040874,,,,,,,,,,
LAB0040875,,,,,,,,,,
LAB0040876,,,,,,,,,,
LAB0040877,,,,,,,,,,
LAB0040878,,,,,,,,,,
LAB0040879,,,,,,,,,,
LAB0040880,,,,,,,,,,
LAB0040881,,,,,,,,,,
LAB0040882,,,,,,,,,,
LAB0040883,,,,,,,,,,
LAB0040884,,,,,,,,,,
LAB0040885,,,,,,,,,,
LAB0040886,,,,,,,,,,
LAB0040887,,,,,,,,,,
LAB0040888,,,,,,,,,,
LAB0040889,,,,,,,,,,
LAB0040890,,,,,,,,,,
LAB0040891,,,,,,,,,,
LAB0040892,,,,,,,,,,
LAB0040893,,,,,,,,,,
LAB0040894,,,,,,,,,,
LAB0040895,,,,,,,,,,
LAB0040896,,,,,,,,,,
LAB0040897,,,,,,,,,,
LAB0040898,,,,,,,,,,
LAB0040899,,,,,,,,,,
LAB0040900,,,,,,,,,,
LAB0040901,,,,,,,,,,
LAB0040902,,,,,,,,,,
LAB0040903,,,,,,,,,,
LAB0040904,,,,,,,,,,
LAB0040905,,,,,,,,,,
LAB0040906,,,,,,,,,,
LAB0040907,,,,,,,,,,
LAB0040908,,,,,,,,,,
LAB0040909,,,,,,,,,,
LAB0040910,,,,,,,,,,
LAB0040911,,,,,,,,,,
LAB0040912,,,,,,,,,,
LAB0040913,,,,,,,,,,
LAB0040914,,,,,,,,,,
LAB0040915,,,,,,,,,,
LAB0040916,,,,,,,,,,
LAB0040917,,,,,,,,,,
LAB0040918,,,,,,,,,,
LAB0040919,,,,,,,,,,
LAB0040920,,,,,,,,,,
LAB0040921,,,,,,,,,,
LAB0040922,,,,,,,,,,
LAB0040923,,,,,,,,,,
LAB0040924,,,,,,,,,,
LAB0040925,,,,,,,,,,
LAB0040926,,,,,,,,,,
LAB0040927,,,,,,,,,,
LAB0040928,,,,,,,,,,
LAB0040929,,,,,,,,,,
LAB0040930,,,,,,,,,,
LAB0040931,,,,,,,,,,
LAB0040932,,,,,,,,,,
LAB0040933,,,,,,,,,,
LAB0040934,,,,,,,,,,
LAB0040935,,,,,,,,,,
LAB0040936,,,,,,,,,,
LAB0040937,,,,,,,,,,
LAB0040938,,,,,,,,,,
LAB0040939,,,,,,,,,,
LAB0040940,,,,,,,,,,
LAB0040941,,,,,,,,,,
LAB0040942,,,,,,,,,,
LAB0040943,,,,,,,,,,
LAB0040944,,,,,,,,,,
LAB0040945,,,,,,,,,,
LAB0040946,,,,,,,,,,
LAB0040947,,,,,,,,,,
LAB0040948,,,,,,,,,,
LAB0040949,,,,,,,,,,
LAB0040950,,,,,,,,,,
LAB0040951,,,,,,,,,,
LAB0040952,,,,,,,,,,
LAB0040953,,,,,,,,,,
LAB0040954,,,,,,,,,,
LAB0040955,,,,,,,,,,
LAB0040956,,,,,,,,,,
LAB0040957,,,,,,,,,,
LAB0040958,,,,,,,,,,
LAB0040959,,,,,,,,,,
LAB0040960,,,,,,,,,,
LAB0040961,,,,,,,,,,
LAB0040962,,,,,,,,,,
LAB0040963,,,,,,,,,,
LAB0040964,,,,,,,,,,
LAB0040965,,,,,,,,,,
LAB0040966,,,,,,,,,,
LAB0040967,,,,,,,,,,
LAB0040968,,,,,,,,,,
LAB0040969,,,,,,,,,,
LAB0040970,,,,,,,,,,
LAB0040971,,,,,,,,,,
LAB0040972,,,,,,,,,,
LAB0040973,,,,,,,,,,
LAB0040974,,,,,,,,,,
LAB0040975,,,,,,,,,,
LAB0040976,,,,,,,,,,
LAB0040977,,,,,,,,,,
LAB0040978,,,,,,,,,,
LAB0040979,,,,,,,,,,
LAB0040980,,,,,,,,,,
LAB0040981,,,,,,,,,,
LAB0040982,,,,,,,,,,
LAB0040983,,,,,,,,,,
LAB0040984,,,,,,,,,,
LAB0040985,,,,,,,,,,
LAB0040986,,,,,,,,,,
LAB0040987,,,,,,,,,,
LAB0040988,,,,,,,,,,
LAB0040989,,,,,,,,,,
LAB0040990,,,,,,,,,,
LAB0040991,,,,,,,,,,
LAB0040992,,,,,,,,,,
LAB0040993,,,,,,,,,,
LAB0040994,,,,,,,,,,
LAB0040995,,,,,,,,,,
LAB0040996,,,,,,,,,,
LAB0040997,,,,,,,,,,
LAB0040998,,,,,,,,,,
LAB0040999,,,,,,,,,,
LAB0041000,,,,,,,,,,
LAB0041001,,,,,,,,,,
LAB0041002,,,,,,,,,,
LAB0041003,,,,,,,,,,
LAB0041004,,,,,,,,,,
LAB0041005,,,,,,,,,,
LAB0041006,,,,,,,,,,
LAB0041007,,,,,,,,,,
LAB0041008,,,,,,,,,,
LAB0041009,,,,,,,,,,
LAB0041010,,,,,,,,,,
LAB0041011,,,,,,,,,,
LAB0041012,,,,,,,,,,
LAB0041013,,,,,,,,,,
LAB0041014,,,,,,,,,,
LAB0041015,,,,,,,,,,
LAB0041016,,,,,,,,,,
LAB0041017,,,,,,,,,,
LAB0041018,,,,,,,,,,
LAB0041019,,,,,,,,,,
LAB0041020,,,,,,,,,,
LAB0041021,,,,,,,,,,
LAB0041022,,,,,,,,,,
LAB0041023,,,,,,,,,,
LAB0041024,,,,,,,,,,
LAB0041025,,,,,,,,,,
LAB0041026,,,,,,,,,,
LAB0041027,,,,,,,,,,
LAB0041028,,,,,,,,,,
LAB0041029,,,,,,,,,,
LAB0041030,,,,,,,,,,
LAB0041031,,,,,,,,,,
LAB0041032,,,,,,,,,,
LAB0041033,,,,,,,,,,
LAB0041034,,,,,,,,,,
LAB0041035,,,,,,,,,,
LAB0041036,,,,,,,,,,
LAB0041037,,,,,,,,,,
LAB0041038,,,,,,,,,,
LAB0041039,,,,,,,,,,
LAB0041040,,,,,,,,,,
LAB0041041,,,,,,,,,,
LAB0041042,,,,,,,,,,
LAB0041043,,,,,,,,,,
LAB0041044,,,,,,,,,,
LAB0041045,,,,,,,,,,
LAB0041046,,,,,,,,,,
LAB0041047,,,,,,,,,,
LAB0041048,,,,,,,,,,
LAB0041049,,,,,,,,,,
LAB0041050,,,,,,,,,,
LAB0041051,,,,,,,,,,
LAB0041052,,,,,,,,,,
LAB0041053,,,,,,,,,,
LAB0041054,,,,,,,,,,
LAB0041055,,,,,,,,,,
LAB0041056,,,,,,,,,,
LAB0041057,,,,,,,,,,
LAB0041058,,,,,,,,,,
LAB0041059,,,,,,,,,,
LAB0041060,,,,,,,,,,
LAB0041061,,,,,,,,,,
LAB0041062,,,,,,,,,,
LAB0041063,,,,,,,,,,
LAB0041064,,,,,,,,,,
LAB0041065,,,,,,,,,,
LAB0041066,,,,,,,,,,
LAB0041067,,,,,,,,,,
LAB0041068,,,,,,,,,,
LAB0041069,,,,,,,,,,
LAB0041070,,,,,,,,,,
LAB0041071,,,,,,,,,,
LAB0041072,,,,,,,,,,
LAB0041073,,,,,,,,,,
LAB0041074,,,,,,,,,,
LAB0041075,,,,,,,,,,
LAB0041076,,,,,,,,,,
LAB0041077,,,,,,,,,,
LAB0041078,,,,,,,,,,
LAB0041079,,,,,,,,,,
LAB0041080,,,,,,,,,,
LAB0041081,,,,,,,,,,
LAB0041082,,,,,,,,,,
LAB0041083,,,,,,,,,,
LAB0041084,,,,,,,,,,
LAB0041085,,,,,,,,,,
LAB0041086,,,,,,,,,,
LAB0041087,,,,,,,,,,
LAB0041088,,,,,,,,,,
LAB0041089,,,,,,,,,,
LAB0041090,,,,,,,,,,
LAB0041091,,,,,,,,,,
LAB0041092,,,,,,,,,,
LAB0041093,,,,,,,,,,
LAB0041094,,,,,,,,,,
LAB0041095,,,,,,,,,,
LAB0041096,,,,,,,,,,
LAB0041097,,,,,,,,,,
LAB0041098,,,,,,,,,,
LAB0041099,,,,,,,,,,
LAB0041100,,,,,,,,,,
LAB0041101,,,,,,,,,,
LAB0041102,,,,,,,,,,
LAB0041103,,,,,,,,,,
LAB0041104,,,,,,,,,,
LAB0041105,,,,,,,,,,
LAB0041106,,,,,,,,,,
LAB0041107,,,,,,,,,,
LAB0041108,,,,,,,,,,
LAB0041109,,,,,,,,,,
LAB0041110,,,,,,,,,,
LAB0041111,,,,,,,,,,
LAB0041112,,,,,,,,,,
LAB0041113,,,,,,,,,,
LAB0041114,,,,,,,,,,
LAB0041115,,,,,,,,,,
LAB0041116,,,,,,,,,,
LAB0041117,,,,,,,,,,
LAB0041118,,,,,,,,,,
LAB0041119,,,,,,,,,,
LAB0041120,,,,,,,,,,
LAB0041121,,,,,,,,,,
LAB0041122,,,,,,,,,,
LAB0041123,,,,,,,,,,
LAB0041124,,,,,,,,,,
LAB0041125,,,,,,,,,,
LAB0041126,,,,,,,,,,
LAB0041127,,,,,,,,,,
LAB0041128,,,,,,,,,,
LAB0041129,,,,,,,,,,
LAB0041130,,,,,,,,,,
LAB0041131,,,,,,,,,,
LAB0041132,,,,,,,,,,
LAB0041133,,,,,,,,,,
LAB0041134,,,,,,,,,,
LAB0041135,,,,,,,,,,
LAB0041136,,,,,,,,,,
LAB0041137,,,,,,,,,,
LAB0041138,,,,,,,,,,
LAB0041139,,,,,,,,,,
LAB0041140,,,,,,,,,,
LAB0041141,,,,,,,,,,
LAB0041142,,,,,,,,,,
LAB0041143,,,,,,,,,,
LAB0041144,,,,,,,,,,
LAB0041145,,,,,,,,,,
LAB0041146,,,,,,,,,,
LAB0041147,,,,,,,,,,
LAB0041148,,,,,,,,,,
LAB0041149,,,,,,,,,,
LAB0041150,,,,,,,,,,
LAB0041151,,,,,,,,,,
LAB0041152,,,,,,,,,,
LAB0041153,,,,,,,,,,
LAB0041154,,,,,,,,,,
LAB0041155,,,,,,,,,,
LAB0041156,,,,,,,,,,
LAB0041157,,,,,,,,,,
LAB0041158,,,,,,,,,,
LAB0041159,,,,,,,,,,
LAB0041160,,,,,,,,,,
LAB0041161,,,,,,,,,,
LAB0041162,,,,,,,,,,
LAB0041163,,,,,,,,,,
LAB0041164,,,,,,,,,,
LAB0041165,,,,,,,,,,
LAB0041166,,,,,,,,,,
LAB0041167,,,,,,,,,,
LAB0041168,,,,,,,,,,
LAB0041169,,,,,,,,,,
LAB0041170,,,,,,,,,,
LAB0041171,,,,,,,,,,
LAB0041172,,,,,,,,,,
LAB0041173,,,,,,,,,,
LAB0041174,,,,,,,,,,
LAB0041175,,,,,,,,,,
LAB0041176,,,,,,,,,,
LAB0041177,,,,,,,,,,
LAB0041178,,,,,,,,,,
LAB0041179,,,,,,,,,,
LAB0041180,,,,,,,,,,
LAB0041181,,,,,,,,,,
LAB0041182,,,,,,,,,,
LAB0041183,,,,,,,,,,
LAB0041184,,,,,,,,,,
LAB0041185,,,,,,,,,,
LAB0041186,,,,,,,,,,
LAB0041187,,,,,,,,,,
LAB0041188,,,,,,,,,,
LAB0041189,,,,,,,,,,
LAB0041190,,,,,,,,,,
LAB0041191,,,,,,,,,,
LAB0041192,,,,,,,,,,
LAB0041193,,,,,,,,,,
LAB0041194,,,,,,,,,,
LAB0041195,,,,,,,,,,
LAB0041196,,,,,,,,,,
LAB0041197,,,,,,,,,,
LAB0041198,,,,,,,,,,
LAB0041199,,,,,,,,,,
LAB0041200,,,,,,,,,,
LAB0041201,,,,,,,,,,
LAB0041202,,,,,,,,,,
LAB0041203,,,,,,,,,,
LAB0041204,,,,,,,,,,
LAB0041205,,,,,,,,,,
LAB0041206,,,,,,,,,,
LAB0041207,,,,,,,,,,
LAB0041208,,,,,,,,,,
LAB0041209,,,,,,,,,,
LAB0041210,,,,,,,,,,
LAB0041211,,,,,,,,,,
LAB0041212,,,,,,,,,,
LAB0041213,,,,,,,,,,
LAB0041214,,,,,,,,,,
LAB0041215,,,,,,,,,,
LAB0041216,,,,,,,,,,
LAB0041217,,,,,,,,,,
LAB0041218,,,,,,,,,,
LAB0041219,,,,,,,,,,
LAB0041220,,,,,,,,,,
LAB0041221,,,,,,,,,,
LAB0041222,,,,,,,,,,
LAB0041223,,,,,,,,,,
LAB0041224,,,,,,,,,,
LAB0041225,,,,,,,,,,
LAB0041226,,,,,,,,,,
LAB0041227,,,,,,,,,,
LAB0041228,,,,,,,,,,
LAB0041229,,,,,,,,,,
LAB0041230,,,,,,,,,,
LAB0041231,,,,,,,,,,
LAB0041232,,,,,,,,,,
LAB0041233,,,,,,,,,,
LAB0041234,,,,,,,,,,
LAB0041235,,,,,,,,,,
LAB0041236,,,,,,,,,,
LAB0041237,,,,,,,,,,
LAB0041238,,,,,,,,,,
LAB0041239,,,,,,,,,,
LAB0041240,,,,,,,,,,
LAB0041241,,,,,,,,,,
LAB0041242,,,,,,,,,,
LAB0041243,,,,,,,,,,
LAB0041244,,,,,,,,,,
LAB0041245,,,,,,,,,,
LAB0041246,,,,,,,,,,
LAB0041247,,,,,,,,,,
LAB0041248,,,,,,,,,,
LAB0041249,,,,,,,,,,
LAB0041250,,,,,,,,,,
LAB0041251,,,,,,,,,,
LAB0041252,,,,,,,,,,
LAB0041253,,,,,,,,,,
LAB0041254,,,,,,,,,,
LAB0041255,,,,,,,,,,
LAB0041256,,,,,,,,,,
LAB0041257,,,,,,,,,,
LAB0041258,,,,,,,,,,
LAB0041259,,,,,,,,,,
LAB0041260,,,,,,,,,,
LAB0041261,,,,,,,,,,
LAB0041262,,,,,,,,,,
LAB0041263,,,,,,,,,,
LAB0041264,,,,,,,,,,
LAB0041265,,,,,,,,,,
LAB0041266,,,,,,,,,,
LAB0041267,,,,,,,,,,
LAB0041268,,,,,,,,,,
LAB0041269,,,,,,,,,,
LAB0041270,,,,,,,,,,
LAB0041271,,,,,,,,,,
LAB0041272,,,,,,,,,,
LAB0041273,,,,,,,,,,
LAB0041274,,,,,,,,,,
LAB0041275,,,,,,,,,,
LAB0041276,,,,,,,,,,
LAB0041277,,,,,,,,,,
LAB0041278,,,,,,,,,,
LAB0041279,,,,,,,,,,
LAB0041280,,,,,,,,,,
LAB0041281,,,,,,,,,,
LAB0041282,,,,,,,,,,
LAB0041283,,,,,,,,,,
LAB0041284,,,,,,,,,,
LAB0041285,,,,,,,,,,
LAB0041286,,,,,,,,,,
LAB0041287,,,,,,,,,,
LAB0041288,,,,,,,,,,
LAB0041289,,,,,,,,,,
LAB0041290,,,,,,,,,,
LAB0041291,,,,,,,,,,
LAB0041292,,,,,,,,,,
LAB0041293,,,,,,,,,,
LAB0041294,,,,,,,,,,
LAB0041295,,,,,,,,,,
LAB0041296,,,,,,,,,,
LAB0041297,,,,,,,,,,
LAB0041298,,,,,,,,,,
LAB0041299,,,,,,,,,,
LAB0041300,,,,,,,,,,
LAB0041301,,,,,,,,,,
LAB0041302,,,,,,,,,,
LAB0041303,,,,,,,,,,
LAB0041304,,,,,,,,,,
LAB0041305,,,,,,,,,,
LAB0041306,,,,,,,,,,
LAB0041307,,,,,,,,,,
LAB0041308,,,,,,,,,,
LAB0041309,,,,,,,,,,
LAB0041310,,,,,,,,,,
LAB0041311,,,,,,,,,,
LAB0041312,,,,,,,,,,
LAB0041313,,,,,,,,,,
LAB0041314,,,,,,,,,,
LAB0041315,,,,,,,,,,
LAB0041316,,,,,,,,,,
LAB0041317,,,,,,,,,,
LAB0041318,,,,,,,,,,
LAB0041319,,,,,,,,,,
LAB0041320,,,,,,,,,,
LAB0041321,,,,,,,,,,
LAB0041322,,,,,,,,,,
LAB0041323,,,,,,,,,,
LAB0041324,,,,,,,,,,
LAB0041325,,,,,,,,,,
LAB0041326,,,,,,,,,,
LAB0041327,,,,,,,,,,
LAB0041328,,,,,,,,,,
LAB0041329,,,,,,,,,,
LAB0041330,,,,,,,,,,
LAB0041331,,,,,,,,,,
LAB0041332,,,,,,,,,,
LAB0041333,,,,,,,,,,
LAB0041334,,,,,,,,,,
LAB0041335,,,,,,,,,,
LAB0041336,,,,,,,,,,
LAB0041337,,,,,,,,,,
LAB0041338,,,,,,,,,,
LAB0041339,,,,,,,,,,
LAB0041340,,,,,,,,,,
LAB0041341,,,,,,,,,,
LAB0041342,,,,,,,,,,
LAB0041343,,,,,,,,,,
LAB0041344,,,,,,,,,,
LAB0041345,,,,,,,,,,
LAB0041346,,,,,,,,,,
LAB0041347,,,,,,,,,,
LAB0041348,,,,,,,,,,
LAB0041349,,,,,,,,,,
LAB0041350,,,,,,,,,,
LAB0041351,,,,,,,,,,
LAB0041352,,,,,,,,,,
LAB0041353,,,,,,,,,,
LAB0041354,,,,,,,,,,
LAB0041355,,,,,,,,,,
LAB0041356,,,,,,,,,,
LAB0041357,,,,,,,,,,
LAB0041358,,,,,,,,,,
LAB0041359,,,,,,,,,,
LAB0041360,,,,,,,,,,
LAB0041361,,,,,,,,,,
LAB0041362,,,,,,,,,,
LAB0041363,,,,,,,,,,
LAB0041364,,,,,,,,,,
LAB0041365,,,,,,,,,,
LAB0041366,,,,,,,,,,
LAB0041367,,,,,,,,,,
LAB0041368,,,,,,,,,,
LAB0041369,,,,,,,,,,
LAB0041370,,,,,,,,,,
LAB0041371,,,,,,,,,,
LAB0041372,,,,,,,,,,
LAB0041373,,,,,,,,,,
LAB0041374,,,,,,,,,,
LAB0041375,,,,,,,,,,
LAB0041376,,,,,,,,,,
LAB0041377,,,,,,,,,,
LAB0041378,,,,,,,,,,
LAB0041379,,,,,,,,,,
LAB0041380,,,,,,,,,,
LAB0041381,,,,,,,,,,
LAB0041382,,,,,,,,,,
LAB0041383,,,,,,,,,,
LAB0041384,,,,,,,,,,
LAB0041385,,,,,,,,,,
LAB0041386,,,,,,,,,,
LAB0041387,,,,,,,,,,
LAB0041388,,,,,,,,,,
LAB0041389,,,,,,,,,,
LAB0041390,,,,,,,,,,
LAB0041391,,,,,,,,,,
LAB0041392,,,,,,,,,,
LAB0041393,,,,,,,,,,
LAB0041394,,,,,,,,,,
LAB0041395,,,,,,,,,,
LAB0041396,,,,,,,,,,
LAB0041397,,,,,,,,,,
LAB0041398,,,,,,,,,,
LAB0041399,,,,,,,,,,
LAB0041400,,,,,,,,,,
LAB0041401,,,,,,,,,,
LAB0041402,,,,,,,,,,
LAB0041403,,,,,,,,,,
LAB0041404,,,,,,,,,,
LAB0041405,,,,,,,,,,
LAB0041406,,,,,,,,,,
LAB0041407,,,,,,,,,,
LAB0041408,,,,,,,,,,
LAB0041409,,,,,,,,,,
LAB0041410,,,,,,,,,,
LAB0041411,,,,,,,,,,
LAB0041412,,,,,,,,,,
LAB0041413,,,,,,,,,,
LAB0041414,,,,,,,,,,
LAB0041415,,,,,,,,,,
LAB0041416,,,,,,,,,,
LAB0041417,,,,,,,,,,
LAB0041418,,,,,,,,,,
LAB0041419,,,,,,,,,,
LAB0041420,,,,,,,,,,
LAB0041421,,,,,,,,,,
LAB0041422,,,,,,,,,,
LAB0041423,,,,,,,,,,
LAB0041424,,,,,,,,,,
LAB0041425,,,,,,,,,,
LAB0041426,,,,,,,,,,
LAB0041427,,,,,,,,,,
LAB0041428,,,,,,,,,,
LAB0041429,,,,,,,,,,
LAB0041430,,,,,,,,,,
LAB0041431,,,,,,,,,,
LAB0041432,,,,,,,,,,
LAB0041433,,,,,,,,,,
LAB0041434,,,,,,,,,,
LAB0041435,,,,,,,,,,
LAB0041436,,,,,,,,,,
LAB0041437,,,,,,,,,,
LAB0041438,,,,,,,,,,
LAB0041439,,,,,,,,,,
LAB0041440,,,,,,,,,,
LAB0041441,,,,,,,,,,
LAB0041442,,,,,,,,,,
LAB0041443,,,,,,,,,,
LAB0041444,,,,,,,,,,
LAB0041445,,,,,,,,,,
LAB0041446,,,,,,,,,,
LAB0041447,,,,,,,,,,
LAB0041448,,,,,,,,,,
LAB0041449,,,,,,,,,,
LAB0041450,,,,,,,,,,
LAB0041451,,,,,,,,,,
LAB0041452,,,,,,,,,,
LAB0041453,,,,,,,,,,
LAB0041454,,,,,,,,,,
LAB0041455,,,,,,,,,,
LAB0041456,,,,,,,,,,
LAB0041457,,,,,,,,,,
LAB0041458,,,,,,,,,,
LAB0041459,,,,,,,,,,
LAB0041460,,,,,,,,,,
LAB0041461,,,,,,,,,,
LAB0041462,,,,,,,,,,
LAB0041463,,,,,,,,,,
LAB0041464,,,,,,,,,,
LAB0041465,,,,,,,,,,
LAB0041466,,,,,,,,,,
LAB0041467,,,,,,,,,,
LAB0041468,,,,,,,,,,
LAB0041469,,,,,,,,,,
LAB0041470,,,,,,,,,,
LAB0041471,,,,,,,,,,
LAB0041472,,,,,,,,,,
LAB0041473,,,,,,,,,,
LAB0041474,,,,,,,,,,
LAB0041475,,,,,,,,,,
LAB0041476,,,,,,,,,,
LAB0041477,,,,,,,,,,
LAB0041478,,,,,,,,,,
LAB0041479,,,,,,,,,,
LAB0041480,,,,,,,,,,
LAB0041481,,,,,,,,,,
LAB0041482,,,,,,,,,,
LAB0041483,,,,,,,,,,
LAB0041484,,,,,,,,,,
LAB0041485,,,,,,,,,,
LAB0041486,,,,,,,,,,
LAB0041487,,,,,,,,,,
LAB0041488,,,,,,,,,,
LAB0041489,,,,,,,,,,
LAB0041490,,,,,,,,,,
LAB0041491,,,,,,,,,,
LAB0041492,,,,,,,,,,
LAB0041493,,,,,,,,,,
LAB0041494,,,,,,,,,,
LAB0041495,,,,,,,,,,
LAB0041496,,,,,,,,,,
LAB0041497,,,,,,,,,,
LAB0041498,,,,,,,,,,
LAB0041499,,,,,,,,,,
LAB0041500,,,,,,,,,,
LAB0041501,,,,,,,,,,
LAB0041502,,,,,,,,,,
LAB0041503,,,,,,,,,,
LAB0041504,,,,,,,,,,
LAB0041505,,,,,,,,,,
LAB0041506,,,,,,,,,,
LAB0041507,,,,,,,,,,
LAB0041508,,,,,,,,,,
LAB0041509,,,,,,,,,,
LAB0041510,,,,,,,,,,
LAB0041511,,,,,,,,,,
LAB0041512,,,,,,,,,,
LAB0041513,,,,,,,,,,
LAB0041514,,,,,,,,,,
LAB0041515,,,,,,,,,,
LAB0041516,,,,,,,,,,
LAB0041517,,,,,,,,,,
LAB0041518,,,,,,,,,,
LAB0041519,,,,,,,,,,
LAB0041520,,,,,,,,,,
LAB0041521,,,,,,,,,,
LAB0041522,,,,,,,,,,
LAB0041523,,,,,,,,,,
LAB0041524,,,,,,,,,,
LAB0041525,,,,,,,,,,
LAB0041526,,,,,,,,,,
LAB0041527,,,,,,,,,,
LAB0041528,,,,,,,,,,
LAB0041529,,,,,,,,,,
LAB0041530,,,,,,,,,,
LAB0041531,,,,,,,,,,
LAB0041532,,,,,,,,,,
LAB0041533,,,,,,,,,,
LAB0041534,,,,,,,,,,
LAB0041535,,,,,,,,,,
LAB0041536,,,,,,,,,,
LAB0041537,,,,,,,,,,
LAB0041538,,,,,,,,,,
LAB0041539,,,,,,,,,,
LAB0041540,,,,,,,,,,
LAB0041541,,,,,,,,,,
LAB0041542,,,,,,,,,,
LAB0041543,,,,,,,,,,
LAB0041544,,,,,,,,,,
LAB0041545,,,,,,,,,,
LAB0041546,,,,,,,,,,
LAB0041547,,,,,,,,,,
LAB0041548,,,,,,,,,,
LAB0041549,,,,,,,,,,
LAB0041550,,,,,,,,,,
LAB0041551,,,,,,,,,,
LAB0041552,,,,,,,,,,
LAB0041553,,,,,,,,,,
LAB0041554,,,,,,,,,,
LAB0041555,,,,,,,,,,
LAB0041556,,,,,,,,,,
LAB0041557,,,,,,,,,,
LAB0041558,,,,,,,,,,
LAB0041559,,,,,,,,,,
LAB0041560,,,,,,,,,,
LAB0041561,,,,,,,,,,
LAB0041562,,,,,,,,,,
LAB0041563,,,,,,,,,,
LAB0041564,,,,,,,,,,
LAB0041565,,,,,,,,,,
LAB0041566,,,,,,,,,,
LAB0041567,,,,,,,,,,
LAB0041568,,,,,,,,,,
LAB0041569,,,,,,,,,,
LAB0041570,,,,,,,,,,
LAB0041571,,,,,,,,,,
LAB0041572,,,,,,,,,,
LAB0041573,,,,,,,,,,
LAB0041574,,,,,,,,,,
LAB0041575,,,,,,,,,,
LAB0041576,,,,,,,,,,
LAB0041577,,,,,,,,,,
LAB0041578,,,,,,,,,,
LAB0041579,,,,,,,,,,
LAB0041580,,,,,,,,,,
LAB0041581,,,,,,,,,,
LAB0041582,,,,,,,,,,
LAB0041583,,,,,,,,,,
LAB0041584,,,,,,,,,,
LAB0041585,,,,,,,,,,
LAB0041586,,,,,,,,,,
LAB0041587,,,,,,,,,,
LAB0041588,,,,,,,,,,
LAB0041589,,,,,,,,,,
LAB0041590,,,,,,,,,,
LAB0041591,,,,,,,,,,
LAB0041592,,,,,,,,,,
LAB0041593,,,,,,,,,,
LAB0041594,,,,,,,,,,
LAB0041595,,,,,,,,,,
LAB0041596,,,,,,,,,,
LAB0041597,,,,,,,,,,
LAB0041598,,,,,,,,,,
LAB0041599,,,,,,,,,,
LAB0041600,,,,,,,,,,
LAB0041601,,,,,,,,,,
LAB0041602,,,,,,,,,,
LAB0041603,,,,,,,,,,
LAB0041604,,,,,,,,,,
LAB0041605,,,,,,,,,,
LAB0041606,,,,,,,,,,
LAB0041607,,,,,,,,,,
LAB0041608,,,,,,,,,,
LAB0041609,,,,,,,,,,
LAB0041610,,,,,,,,,,
LAB0041611,,,,,,,,,,
LAB0041612,,,,,,,,,,
LAB0041613,,,,,,,,,,
LAB0041614,,,,,,,,,,
LAB0041615,,,,,,,,,,
LAB0041616,,,,,,,,,,
LAB0041617,,,,,,,,,,
LAB0041618,,,,,,,,,,
LAB0041619,,,,,,,,,,
LAB0041620,,,,,,,,,,
LAB0041621,,,,,,,,,,
LAB0041622,,,,,,,,,,
LAB0041623,,,,,,,,,,
LAB0041624,,,,,,,,,,
LAB0041625,,,,,,,,,,
LAB0041626,,,,,,,,,,
LAB0041627,,,,,,,,,,
LAB0041628,,,,,,,,,,
LAB0041629,,,,,,,,,,
LAB0041630,,,,,,,,,,
LAB0041631,,,,,,,,,,
LAB0041632,,,,,,,,,,
LAB0041633,,,,,,,,,,
LAB0041634,,,,,,,,,,
LAB0041635,,,,,,,,,,
LAB0041636,,,,,,,,,,
LAB0041637,,,,,,,,,,
LAB0041638,,,,,,,,,,
LAB0041639,,,,,,,,,,
LAB0041640,,,,,,,,,,
LAB0041641,,,,,,,,,,
LAB0041642,,,,,,,,,,
LAB0041643,,,,,,,,,,
LAB0041644,,,,,,,,,,
LAB0041645,,,,,,,,,,
LAB0041646,,,,,,,,,,
LAB0041647,,,,,,,,,,
LAB0041648,,,,,,,,,,
LAB0041649,,,,,,,,,,
LAB0041650,,,,,,,,,,
LAB0041651,,,,,,,,,,
LAB0041652,,,,,,,,,,
LAB0041653,,,,,,,,,,
LAB0041654,,,,,,,,,,
LAB0041655,,,,,,,,,,
LAB0041656,,,,,,,,,,
LAB0041657,,,,,,,,,,
LAB0041658,,,,,,,,,,
LAB0041659,,,,,,,,,,
LAB0041660,,,,,,,,,,
LAB0041661,,,,,,,,,,
LAB0041662,,,,,,,,,,
LAB0041663,,,,,,,,,,
LAB0041664,,,,,,,,,,
LAB0041665,,,,,,,,,,
LAB0041666,,,,,,,,,,
LAB0041667,,,,,,,,,,
LAB0041668,,,,,,,,,,
LAB0041669,,,,,,,,,,
LAB0041670,,,,,,,,,,
LAB0041671,,,,,,,,,,
LAB0041672,,,,,,,,,,
LAB0041673,,,,,,,,,,
LAB0041674,,,,,,,,,,
LAB0041675,,,,,,,,,,
LAB0041676,,,,,,,,,,
LAB0041677,,,,,,,,,,
LAB0041678,,,,,,,,,,
LAB0041679,,,,,,,,,,
LAB0041680,,,,,,,,,,
LAB0041681,,,,,,,,,,
LAB0041682,,,,,,,,,,
LAB0041683,,,,,,,,,,
LAB0041684,,,,,,,,,,
LAB0041685,,,,,,,,,,
LAB0041686,,,,,,,,,,
LAB0041687,,,,,,,,,,
LAB0041688,,,,,,,,,,
LAB0041689,,,,,,,,,,
LAB0041690,,,,,,,,,,
LAB0041691,,,,,,,,,,
LAB0041692,,,,,,,,,,
LAB0041693,,,,,,,,,,
LAB0041694,,,,,,,,,,
LAB0041695,,,,,,,,,,
LAB0041696,,,,,,,,,,
LAB0041697,,,,,,,,,,
LAB0041698,,,,,,,,,,
LAB0041699,,,,,,,,,,
LAB0041700,,,,,,,,,,
LAB0041701,,,,,,,,,,
LAB0041702,,,,,,,,,,
LAB0041703,,,,,,,,,,
LAB0041704,,,,,,,,,,
LAB0041705,,,,,,,,,,
LAB0041706,,,,,,,,,,
LAB0041707,,,,,,,,,,
LAB0041708,,,,,,,,,,
LAB0041709,,,,,,,,,,
LAB0041710,,,,,,,,,,
LAB0041711,,,,,,,,,,
LAB0041712,,,,,,,,,,
LAB0041713,,,,,,,,,,
LAB0041714,,,,,,,,,,
LAB0041715,,,,,,,,,,
LAB0041716,,,,,,,,,,
LAB0041717,,,,,,,,,,
LAB0041718,,,,,,,,,,
LAB0041719,,,,,,,,,,
LAB0041720,,,,,,,,,,
LAB0041721,,,,,,,,,,
LAB0041722,,,,,,,,,,
LAB0041723,,,,,,,,,,
LAB0041724,,,,,,,,,,
LAB0041725,,,,,,,,,,
LAB0041726,,,,,,,,,,
LAB0041727,,,,,,,,,,
LAB0041728,,,,,,,,,,
LAB0041729,,,,,,,,,,
LAB0041730,,,,,,,,,,
LAB0041731,,,,,,,,,,
LAB0041732,,,,,,,,,,
LAB0041733,,,,,,,,,,
LAB0041734,,,,,,,,,,
LAB0041735,,,,,,,,,,
LAB0041736,,,,,,,,,,
LAB0041737,,,,,,,,,,
LAB0041738,,,,,,,,,,
LAB0041739,,,,,,,,,,
LAB0041740,,,,,,,,,,
LAB0041741,,,,,,,,,,
LAB0041742,,,,,,,,,,
LAB0041743,,,,,,,,,,
LAB0041744,,,,,,,,,,
LAB0041745,,,,,,,,,,
LAB0041746,,,,,,,,,,
LAB0041747,,,,,,,,,,
LAB0041748,,,,,,,,,,
LAB0041749,,,,,,,,,,
LAB0041750,,,,,,,,,,
LAB0041751,,,,,,,,,,
LAB0041752,,,,,,,,,,
LAB0041753,,,,,,,,,,
LAB0041754,,,,,,,,,,
LAB0041755,,,,,,,,,,
LAB0041756,,,,,,,,,,
LAB0041757,,,,,,,,,,
LAB0041758,,,,,,,,,,
LAB0041759,,,,,,,,,,
LAB0041760,,,,,,,,,,
LAB0041761,,,,,,,,,,
LAB0041762,,,,,,,,,,
LAB0041763,,,,,,,,,,
LAB0041764,,,,,,,,,,
LAB0041765,,,,,,,,,,
LAB0041766,,,,,,,,,,
LAB0041767,,,,,,,,,,
LAB0041768,,,,,,,,,,
LAB0041769,,,,,,,,,,
LAB0041770,,,,,,,,,,
LAB0041771,,,,,,,,,,
LAB0041772,,,,,,,,,,
LAB0041773,,,,,,,,,,
LAB0041774,,,,,,,,,,
LAB0041775,,,,,,,,,,
LAB0041776,,,,,,,,,,
LAB0041777,,,,,,,,,,
LAB0041778,,,,,,,,,,
LAB0041779,,,,,,,,,,
LAB0041780,,,,,,,,,,
LAB0041781,,,,,,,,,,
LAB0041782,,,,,,,,,,
LAB0041783,,,,,,,,,,
LAB0041784,,,,,,,,,,
LAB0041785,,,,,,,,,,
LAB0041786,,,,,,,,,,
LAB0041787,,,,,,,,,,
LAB0041788,,,,,,,,,,
LAB0041789,,,,,,,,,,
LAB0041790,,,,,,,,,,
LAB0041791,,,,,,,,,,
LAB0041792,,,,,,,,,,
LAB0041793,,,,,,,,,,
LAB0041794,,,,,,,,,,
LAB0041795,,,,,,,,,,
LAB0041796,,,,,,,,,,
LAB0041797,,,,,,,,,,
LAB0041798,,,,,,,,,,
LAB0041799,,,,,,,,,,
LAB0041800,,,,,,,,,,
LAB0041801,,,,,,,,,,
LAB0041802,,,,,,,,,,
LAB0041803,,,,,,,,,,
LAB0041804,,,,,,,,,,
LAB0041805,,,,,,,,,,
LAB0041806,,,,,,,,,,
LAB0041807,,,,,,,,,,
LAB0041808,,,,,,,,,,
LAB0041809,,,,,,,,,,
LAB0041810,,,,,,,,,,
LAB0041811,,,,,,,,,,
LAB0041812,,,,,,,,,,
LAB0041813,,,,,,,,,,
LAB0041814,,,,,,,,,,
LAB0041815,,,,,,,,,,
LAB0041816,,,,,,,,,,
LAB0041817,,,,,,,,,,
LAB0041818,,,,,,,,,,
LAB0041819,,,,,,,,,,
LAB0041820,,,,,,,,,,
LAB0041821,,,,,,,,,,
LAB0041822,,,,,,,,,,
LAB0041823,,,,,,,,,,
LAB0041824,,,,,,,,,,
LAB0041825,,,,,,,,,,
LAB0041826,,,,,,,,,,
LAB0041827,,,,,,,,,,
LAB0041828,,,,,,,,,,
LAB0041829,,,,,,,,,,
LAB0041830,,,,,,,,,,
LAB0041831,,,,,,,,,,
LAB0041832,,,,,,,,,,
LAB0041833,,,,,,,,,,
LAB0041834,,,,,,,,,,
LAB0041835,,,,,,,,,,
LAB0041836,,,,,,,,,,
LAB0041837,,,,,,,,,,
LAB0041838,,,,,,,,,,
LAB0041839,,,,,,,,,,
LAB0041840,,,,,,,,,,
LAB0041841,,,,,,,,,,
LAB0041842,,,,,,,,,,
LAB0041843,,,,,,,,,,
LAB0041844,,,,,,,,,,
LAB0041845,,,,,,,,,,
LAB0041846,,,,,,,,,,
LAB0041847,,,,,,,,,,
LAB0041848,,,,,,,,,,
LAB0041849,,,,,,,,,,
LAB0041850,,,,,,,,,,
LAB0041851,,,,,,,,,,
LAB0041852,,,,,,,,,,
LAB0041853,,,,,,,,,,
LAB0041854,,,,,,,,,,
LAB0041855,,,,,,,,,,
LAB0041856,,,,,,,,,,
LAB0041857,,,,,,,,,,
LAB0041858,,,,,,,,,,
LAB0041859,,,,,,,,,,
LAB0041860,,,,,,,,,,
LAB0041861,,,,,,,,,,
LAB0041862,,,,,,,,,,
LAB0041863,,,,,,,,,,
LAB0041864,,,,,,,,,,
LAB0041865,,,,,,,,,,
LAB0041866,,,,,,,,,,
LAB0041867,,,,,,,,,,
LAB0041868,,,,,,,,,,
LAB0041869,,,,,,,,,,
LAB0041870,,,,,,,,,,
LAB0041871,,,,,,,,,,
LAB0041872,,,,,,,,,,
LAB0041873,,,,,,,,,,
LAB0041874,,,,,,,,,,
LAB0041875,,,,,,,,,,
LAB0041876,,,,,,,,,,
LAB0041877,,,,,,,,,,
LAB0041878,,,,,,,,,,
LAB0041879,,,,,,,,,,
LAB0041880,,,,,,,,,,
LAB0041881,,,,,,,,,,
LAB0041882,,,,,,,,,,
LAB0041883,,,,,,,,,,
LAB0041884,,,,,,,,,,
LAB0041885,,,,,,,,,,
LAB0041886,,,,,,,,,,
LAB0041887,,,,,,,,,,
LAB0041888,,,,,,,,,,
LAB0041889,,,,,,,,,,
LAB0041890,,,,,,,,,,
LAB0041891,,,,,,,,,,
LAB0041892,,,,,,,,,,
LAB0041893,,,,,,,,,,
LAB0041894,,,,,,,,,,
LAB0041895,,,,,,,,,,
LAB0041896,,,,,,,,,,
LAB0041897,,,,,,,,,,
LAB0041898,,,,,,,,,,
LAB0041899,,,,,,,,,,
LAB0041900,,,,,,,,,,
LAB0041901,,,,,,,,,,
LAB0041902,,,,,,,,,,
LAB0041903,,,,,,,,,,
LAB0041904,,,,,,,,,,
LAB0041905,,,,,,,,,,
LAB0041906,,,,,,,,,,
LAB0041907,,,,,,,,,,
LAB0041908,,,,,,,,,,
LAB0041909,,,,,,,,,,
LAB0041910,,,,,,,,,,
LAB0041911,,,,,,,,,,
LAB0041912,,,,,,,,,,
LAB0041913,,,,,,,,,,
LAB0041914,,,,,,,,,,
LAB0041915,,,,,,,,,,
LAB0041916,,,,,,,,,,
LAB0041917,,,,,,,,,,
LAB0041918,,,,,,,,,,
LAB0041919,,,,,,,,,,
LAB0041920,,,,,,,,,,
LAB0041921,,,,,,,,,,
LAB0041922,,,,,,,,,,
LAB0041923,,,,,,,,,,
LAB0041924,,,,,,,,,,
LAB0041925,,,,,,,,,,
LAB0041926,,,,,,,,,,
LAB0041927,,,,,,,,,,
LAB0041928,,,,,,,,,,
LAB0041929,,,,,,,,,,
LAB0041930,,,,,,,,,,
LAB0041931,,,,,,,,,,
LAB0041932,,,,,,,,,,
LAB0041933,,,,,,,,,,
LAB0041934,,,,,,,,,,
LAB0041935,,,,,,,,,,
LAB0041936,,,,,,,,,,
LAB0041937,,,,,,,,,,
LAB0041938,,,,,,,,,,
LAB0041939,,,,,,,,,,
LAB0041940,,,,,,,,,,
LAB0041941,,,,,,,,,,
LAB0041942,,,,,,,,,,
LAB0041943,,,,,,,,,,
LAB0041944,,,,,,,,,,
LAB0041945,,,,,,,,,,
LAB0041946,,,,,,,,,,
LAB0041947,,,,,,,,,,
LAB0041948,,,,,,,,,,
LAB0041949,,,,,,,,,,
LAB0041950,,,,,,,,,,
LAB0041951,,,,,,,,,,
LAB0041952,,,,,,,,,,
LAB0041953,,,,,,,,,,
LAB0041954,,,,,,,,,,
LAB0041955,,,,,,,,,,
LAB0041956,,,,,,,,,,
LAB0041957,,,,,,,,,,
LAB0041958,,,,,,,,,,
LAB0041959,,,,,,,,,,
LAB0041960,,,,,,,,,,
LAB0041961,,,,,,,,,,
LAB0041962,,,,,,,,,,
LAB0041963,,,,,,,,,,
LAB0041964,,,,,,,,,,
LAB0041965,,,,,,,,,,
LAB0041966,,,,,,,,,,
LAB0041967,,,,,,,,,,
LAB0041968,,,,,,,,,,
LAB0041969,,,,,,,,,,
LAB0041970,,,,,,,,,,
LAB0041971,,,,,,,,,,
LAB0041972,,,,,,,,,,
LAB0041973,,,,,,,,,,
LAB0041974,,,,,,,,,,
LAB0041975,,,,,,,,,,
LAB0041976,,,,,,,,,,
LAB0041977,,,,,,,,,,
LAB0041978,,,,,,,,,,
LAB0041979,,,,,,,,,,
LAB0041980,,,,,,,,,,
LAB0041981,,,,,,,,,,
LAB0041982,,,,,,,,,,
LAB0041983,,,,,,,,,,
LAB0041984,,,,,,,,,,
LAB0041985,,,,,,,,,,
LAB0041986,,,,,,,,,,
LAB0041987,,,,,,,,,,
LAB0041988,,,,,,,,,,
LAB0041989,,,,,,,,,,
LAB0041990,,,,,,,,,,
LAB0041991,,,,,,,,,,
LAB0041992,,,,,,,,,,
LAB0041993,,,,,,,,,,
LAB0041994,,,,,,,,,,
LAB0041995,,,,,,,,,,
LAB0041996,,,,,,,,,,
LAB0041997,,,,,,,,,,
LAB0041998,,,,,,,,,,
LAB0041999,,,,,,,,,,
LAB0042000,ENC0043362,PAT014164,2025-05-12,LDL Cholesterol,Lipid,10.056,mg/dL,Pending,Hospital Lab,Verified
