Patient_ID,First_Name,Last_Name,Gender,Date_of_Birth,Nationality,Emirate,City,Blood_Group,Chronic_Condition_Flag,Allergy_Flag,Patient_Status
PAT000001,,,,,,,,,,,
PAT000002,,,,,,,,,,,
PAT000003,,,,,,,,,,,
PAT000004,,,,,,,,,,,
PAT000005,,,,,,,,,,,
PAT000006,,,,,,,,,,,
PAT000007,,,,,,,,,,,
PAT000008,,,,,,,,,,,
PAT000009,,,,,,,,,,,
PAT000010,,,,,,,,,,,
PAT000011,,,,,,,,,,,
PAT000012,,,,,,,,,,,
PAT000013,,,,,,,,,,,
PAT000014,,,,,,,,,,,
PAT000015,,,,,,,,,,,
PAT000016,,,,,,,,,,,
PAT000017,,,,,,,,,,,
PAT000018,,,,,,,,,,,
PAT000019,,,,,,,,,,,
PAT000020,,,,,,,,,,,
PAT000021,,,,,,,,,,,
PAT000022,,,,,,,,,,,
PAT000023,,,,,,,,,,,
PAT000024,,,,,,,,,,,
PAT000025,,,,,,,,,,,
PAT000026,,,,,,,,,,,
PAT000027,,,,,,,,,,,
PAT000028,,,,,,,,,,,
PAT000029,,,,,,,,,,,
PAT000030,,,,,,,,,,,
PAT000031,,,,,,,,,,,
PAT000032,,,,,,,,,,,
PAT000033,,,,,,,,,,,
PAT000034,,,,,,,,,,,
PAT000035,,,,,,,,,,,
PAT000036,,,,,,,,,,,
PAT000037,,,,,,,,,,,
PAT000038,,,,,,,,,,,
PAT000039,,,,,,,,,,,
PAT000040,,,,,,,,,,,
PAT000041,,,,,,,,,,,
PAT000042,,,,,,,,,,,
PAT000043,,,,,,,,,,,
PAT000044,,,,,,,,,,,
PAT000045,,,,,,,,,,,
PAT000046,,,,,,,,,,,
PAT000047,,,,,,,,,,,
PAT000048,,,,,,,,,,,
PAT000049,,,,,,,,,,,
PAT000050,,,,,,,,,,,
PAT000051,,,,,,,,,,,
PAT000052,,,,,,,,,,,
PAT000053,,,,,,,,,,,
PAT000054,,,,,,,,,,,
PAT000055,,,,,,,,,,,
PAT000056,,,,,,,,,,,
PAT000057,,,,,,,,,,,
PAT000058,,,,,,,,,,,
PAT000059,,,,,,,,,,,
PAT000060,,,,,,,,,,,
PAT000061,,,,,,,,,,,
PAT000062,,,,,,,,,,,
PAT000063,,,,,,,,,,,
PAT000064,,,,,,,,,,,
PAT000065,,,,,,,,,,,
PAT000066,,,,,,,,,,,
PAT000067,,,,,,,,,,,
PAT000068,,,,,,,,,,,
PAT000069,,,,,,,,,,,
PAT000070,,,,,,,,,,,
PAT000071,,,,,,,,,,,
PAT000072,,,,,,,,,,,
PAT000073,,,,,,,,,,,
PAT000074,,,,,,,,,,,
PAT000075,,,,,,,,,,,
PAT000076,,,,,,,,,,,
PAT000077,,,,,,,,,,,
PAT000078,,,,,,,,,,,
PAT000079,,,,,,,,,,,
PAT000080,,,,,,,,,,,
PAT000081,,,,,,,,,,,
PAT000082,,,,,,,,,,,
PAT000083,,,,,,,,,,,
PAT000084,,,,,,,,,,,
PAT000085,,,,,,,,,,,
PAT000086,,,,,,,,,,,
PAT000087,,,,,,,,,,,
PAT000088,,,,,,,,,,,
PAT000089,,,,,,,,,,,
PAT000090,,,,,,,,,,,
PAT000091,,,,,,,,,,,
PAT000092,,,,,,,,,,,
PAT000093,,,,,,,,,,,
PAT000094,,,,,,,,,,,
PAT000095,,,,,,,,,,,
PAT000096,,,,,,,,,,,
PAT000097,,,,,,,,,,,
PAT000098,,,,,,,,,,,
PAT000099,,,,,,,,,,,
PAT000100,,,,,,,,,,,
PAT000101,,,,,,,,,,,
PAT000102,,,,,,,,,,,
PAT000103,,,,,,,,,,,
PAT000104,,,,,,,,,,,
PAT000105,,,,,,,,,,,
PAT000106,,,,,,,,,,,
PAT000107,,,,,,,,,,,
PAT000108,,,,,,,,,,,
PAT000109,,,,,,,,,,,
PAT000110,,,,,,,,,,,
PAT000111,,,,,,,,,,,
PAT000112,,,,,,,,,,,
PAT000113,,,,,,,,,,,
PAT000114,,,,,,,,,,,
PAT000115,,,,,,,,,,,
PAT000116,,,,,,,,,,,
PAT000117,,,,,,,,,,,
PAT000118,,,,,,,,,,,
PAT000119,,,,,,,,,,,
PAT000120,,,,,,,,,,,
PAT000121,,,,,,,,,,,
PAT000122,,,,,,,,,,,
PAT000123,,,,,,,,,,,
PAT000124,,,,,,,,,,,
PAT000125,,,,,,,,,,,
PAT000126,,,,,,,,,,,
PAT000127,,,,,,,,,,,
PAT000128,,,,,,,,,,,
PAT000129,,,,,,,,,,,
PAT000130,,,,,,,,,,,
PAT000131,,,,,,,,,,,
PAT000132,,,,,,,,,,,
PAT000133,,,,,,,,,,,
PAT000134,,,,,,,,,,,
PAT000135,,,,,,,,,,,
PAT000136,,,,,,,,,,,
PAT000137,,,,,,,,,,,
PAT000138,,,,,,,,,,,
PAT000139,,,,,,,,,,,
PAT000140,,,,,,,,,,,
PAT000141,,,,,,,,,,,
PAT000142,,,,,,,,,,,
PAT000143,,,,,,,,,,,
PAT000144,,,,,,,,,,,
PAT000145,,,,,,,,,,,
PAT000146,,,,,,,,,,,
PAT000147,,,,,,,,,,,
PAT000148,,,,,,,,,,,
PAT000149,,,,,,,,,,,
PAT000150,,,,,,,,,,,
PAT000151,,,,,,,,,,,
PAT000152,,,,,,,,,,,
PAT000153,,,,,,,,,,,
PAT000154,,,,,,,,,,,
PAT000155,,,,,,,,,,,
PAT000156,,,,,,,,,,,
PAT000157,,,,,,,,,,,
PAT000158,,,,,,,,,,,
PAT000159,,,,,,,,,,,
PAT000160,,,,,,,,,,,
PAT000161,,,,,,,,,,,
PAT000162,,,,,,,,,,,
PAT000163,,,,,,,,,,,
PAT000164,,,,,,,,,,,
PAT000165,,,,,,,,,,,
PAT000166,,,,,,,,,,,
PAT000167,,,,,,,,,,,
PAT000168,,,,,,,,,,,
PAT000169,,,,,,,,,,,
PAT000170,,,,,,,,,,,
PAT000171,,,,,,,,,,,
PAT000172,,,,,,,,,,,
PAT000173,,,,,,,,,,,
PAT000174,,,,,,,,,,,
PAT000175,,,,,,,,,,,
PAT000176,,,,,,,,,,,
PAT000177,,,,,,,,,,,
PAT000178,,,,,,,,,,,
PAT000179,,,,,,,,,,,
PAT000180,,,,,,,,,,,
PAT000181,,,,,,,,,,,
PAT000182,,,,,,,,,,,
PAT000183,,,,,,,,,,,
PAT000184,,,,,,,,,,,
PAT000185,,,,,,,,,,,
PAT000186,,,,,,,,,,,
PAT000187,,,,,,,,,,,
PAT000188,,,,,,,,,,,
PAT000189,,,,,,,,,,,
PAT000190,,,,,,,,,,,
PAT000191,,,,,,,,,,,
PAT000192,,,,,,,,,,,
PAT000193,,,,,,,,,,,
PAT000194,,,,,,,,,,,
PAT000195,,,,,,,,,,,
PAT000196,,,,,,,,,,,
PAT000197,,,,,,,,,,,
PAT000198,,,,,,,,,,,
PAT000199,,,,,,,,,,,
PAT000200,,,,,,,,,,,
PAT000201,,,,,,,,,,,
PAT000202,,,,,,,,,,,
PAT000203,,,,,,,,,,,
PAT000204,,,,,,,,,,,
PAT000205,,,,,,,,,,,
PAT000206,,,,,,,,,,,
PAT000207,,,,,,,,,,,
PAT000208,,,,,,,,,,,
PAT000209,,,,,,,,,,,
PAT000210,,,,,,,,,,,
PAT000211,,,,,,,,,,,
PAT000212,,,,,,,,,,,
PAT000213,,,,,,,,,,,
PAT000214,,,,,,,,,,,
PAT000215,,,,,,,,,,,
PAT000216,,,,,,,,,,,
PAT000217,,,,,,,,,,,
PAT000218,,,,,,,,,,,
PAT000219,,,,,,,,,,,
PAT000220,,,,,,,,,,,
PAT000221,,,,,,,,,,,
PAT000222,,,,,,,,,,,
PAT000223,,,,,,,,,,,
PAT000224,,,,,,,,,,,
PAT000225,,,,,,,,,,,
PAT000226,,,,,,,,,,,
PAT000227,,,,,,,,,,,
PAT000228,,,,,,,,,,,
PAT000229,,,,,,,,,,,
PAT000230,,,,,,,,,,,
PAT000231,,,,,,,,,,,
PAT000232,,,,,,,,,,,
PAT000233,,,,,,,,,,,
PAT000234,,,,,,,,,,,
PAT000235,,,,,,,,,,,
PAT000236,,,,,,,,,,,
PAT000237,,,,,,,,,,,
PAT000238,,,,,,,,,,,
PAT000239,,,,,,,,,,,
PAT000240,,,,,,,,,,,
PAT000241,,,,,,,,,,,
PAT000242,,,,,,,,,,,
PAT000243,,,,,,,,,,,
PAT000244,,,,,,,,,,,
PAT000245,,,,,,,,,,,
PAT000246,,,,,,,,,,,
PAT000247,,,,,,,,,,,
PAT000248,,,,,,,,,,,
PAT000249,,,,,,,,,,,
PAT000250,,,,,,,,,,,
PAT000251,,,,,,,,,,,
PAT000252,,,,,,,,,,,
PAT000253,,,,,,,,,,,
PAT000254,,,,,,,,,,,
PAT000255,,,,,,,,,,,
PAT000256,,,,,,,,,,,
PAT000257,,,,,,,,,,,
PAT000258,,,,,,,,,,,
PAT000259,,,,,,,,,,,
PAT000260,,,,,,,,,,,
PAT000261,,,,,,,,,,,
PAT000262,,,,,,,,,,,
PAT000263,,,,,,,,,,,
PAT000264,,,,,,,,,,,
PAT000265,,,,,,,,,,,
PAT000266,,,,,,,,,,,
PAT000267,,,,,,,,,,,
PAT000268,,,,,,,,,,,
PAT000269,,,,,,,,,,,
PAT000270,,,,,,,,,,,
PAT000271,,,,,,,,,,,
PAT000272,,,,,,,,,,,
PAT000273,,,,,,,,,,,
PAT000274,,,,,,,,,,,
PAT000275,,,,,,,,,,,
PAT000276,,,,,,,,,,,
PAT000277,,,,,,,,,,,
PAT000278,,,,,,,,,,,
PAT000279,,,,,,,,,,,
PAT000280,,,,,,,,,,,
PAT000281,,,,,,,,,,,
PAT000282,,,,,,,,,,,
PAT000283,,,,,,,,,,,
PAT000284,,,,,,,,,,,
PAT000285,,,,,,,,,,,
PAT000286,,,,,,,,,,,
PAT000287,,,,,,,,,,,
PAT000288,,,,,,,,,,,
PAT000289,,,,,,,,,,,
PAT000290,,,,,,,,,,,
PAT000291,,,,,,,,,,,
PAT000292,,,,,,,,,,,
PAT000293,,,,,,,,,,,
PAT000294,,,,,,,,,,,
PAT000295,,,,,,,,,,,
PAT000296,,,,,,,,,,,
PAT000297,,,,,,,,,,,
PAT000298,,,,,,,,,,,
PAT000299,,,,,,,,,,,
PAT000300,,,,,,,,,,,
PAT000301,,,,,,,,,,,
PAT000302,,,,,,,,,,,
PAT000303,,,,,,,,,,,
PAT000304,,,,,,,,,,,
PAT000305,,,,,,,,,,,
PAT000306,,,,,,,,,,,
PAT000307,,,,,,,,,,,
PAT000308,,,,,,,,,,,
PAT000309,,,,,,,,,,,
PAT000310,,,,,,,,,,,
PAT000311,,,,,,,,,,,
PAT000312,,,,,,,,,,,
PAT000313,,,,,,,,,,,
PAT000314,,,,,,,,,,,
PAT000315,,,,,,,,,,,
PAT000316,,,,,,,,,,,
PAT000317,,,,,,,,,,,
PAT000318,,,,,,,,,,,
PAT000319,,,,,,,,,,,
PAT000320,,,,,,,,,,,
PAT000321,,,,,,,,,,,
PAT000322,,,,,,,,,,,
PAT000323,,,,,,,,,,,
PAT000324,,,,,,,,,,,
PAT000325,,,,,,,,,,,
PAT000326,,,,,,,,,,,
PAT000327,,,,,,,,,,,
PAT000328,,,,,,,,,,,
PAT000329,,,,,,,,,,,
PAT000330,,,,,,,,,,,
PAT000331,,,,,,,,,,,
PAT000332,,,,,,,,,,,
PAT000333,,,,,,,,,,,
PAT000334,,,,,,,,,,,
PAT000335,,,,,,,,,,,
PAT000336,,,,,,,,,,,
PAT000337,,,,,,,,,,,
PAT000338,,,,,,,,,,,
PAT000339,,,,,,,,,,,
PAT000340,,,,,,,,,,,
PAT000341,,,,,,,,,,,
PAT000342,,,,,,,,,,,
PAT000343,,,,,,,,,,,
PAT000344,,,,,,,,,,,
PAT000345,,,,,,,,,,,
PAT000346,,,,,,,,,,,
PAT000347,,,,,,,,,,,
PAT000348,,,,,,,,,,,
PAT000349,,,,,,,,,,,
PAT000350,,,,,,,,,,,
PAT000351,,,,,,,,,,,
PAT000352,,,,,,,,,,,
PAT000353,,,,,,,,,,,
PAT000354,,,,,,,,,,,
PAT000355,,,,,,,,,,,
PAT000356,,,,,,,,,,,
PAT000357,,,,,,,,,,,
PAT000358,,,,,,,,,,,
PAT000359,,,,,,,,,,,
PAT000360,,,,,,,,,,,
PAT000361,,,,,,,,,,,
PAT000362,,,,,,,,,,,
PAT000363,,,,,,,,,,,
PAT000364,,,,,,,,,,,
PAT000365,,,,,,,,,,,
PAT000366,,,,,,,,,,,
PAT000367,,,,,,,,,,,
PAT000368,,,,,,,,,,,
PAT000369,,,,,,,,,,,
PAT000370,,,,,,,,,,,
PAT000371,,,,,,,,,,,
PAT000372,,,,,,,,,,,
PAT000373,,,,,,,,,,,
PAT000374,,,,,,,,,,,
PAT000375,,,,,,,,,,,
PAT000376,,,,,,,,,,,
PAT000377,,,,,,,,,,,
PAT000378,,,,,,,,,,,
PAT000379,,,,,,,,,,,
PAT000380,,,,,,,,,,,
PAT000381,,,,,,,,,,,
PAT000382,,,,,,,,,,,
PAT000383,,,,,,,,,,,
PAT000384,,,,,,,,,,,
PAT000385,,,,,,,,,,,
PAT000386,,,,,,,,,,,
PAT000387,,,,,,,,,,,
PAT000388,,,,,,,,,,,
PAT000389,,,,,,,,,,,
PAT000390,,,,,,,,,,,
PAT000391,,,,,,,,,,,
PAT000392,,,,,,,,,,,
PAT000393,,,,,,,,,,,
PAT000394,,,,,,,,,,,
PAT000395,,,,,,,,,,,
PAT000396,,,,,,,,,,,
PAT000397,,,,,,,,,,,
PAT000398,,,,,,,,,,,
PAT000399,,,,,,,,,,,
PAT000400,,,,,,,,,,,
PAT000401,,,,,,,,,,,
PAT000402,,,,,,,,,,,
PAT000403,,,,,,,,,,,
PAT000404,,,,,,,,,,,
PAT000405,,,,,,,,,,,
PAT000406,,,,,,,,,,,
PAT000407,,,,,,,,,,,
PAT000408,,,,,,,,,,,
PAT000409,,,,,,,,,,,
PAT000410,,,,,,,,,,,
PAT000411,,,,,,,,,,,
PAT000412,,,,,,,,,,,
PAT000413,,,,,,,,,,,
PAT000414,,,,,,,,,,,
PAT000415,,,,,,,,,,,
PAT000416,,,,,,,,,,,
PAT000417,,,,,,,,,,,
PAT000418,,,,,,,,,,,
PAT000419,,,,,,,,,,,
PAT000420,,,,,,,,,,,
PAT000421,,,,,,,,,,,
PAT000422,,,,,,,,,,,
PAT000423,,,,,,,,,,,
PAT000424,,,,,,,,,,,
PAT000425,,,,,,,,,,,
PAT000426,,,,,,,,,,,
PAT000427,,,,,,,,,,,
PAT000428,,,,,,,,,,,
PAT000429,,,,,,,,,,,
PAT000430,,,,,,,,,,,
PAT000431,,,,,,,,,,,
PAT000432,,,,,,,,,,,
PAT000433,,,,,,,,,,,
PAT000434,,,,,,,,,,,
PAT000435,,,,,,,,,,,
PAT000436,,,,,,,,,,,
PAT000437,,,,,,,,,,,
PAT000438,,,,,,,,,,,
PAT000439,,,,,,,,,,,
PAT000440,,,,,,,,,,,
PAT000441,,,,,,,,,,,
PAT000442,,,,,,,,,,,
PAT000443,,,,,,,,,,,
PAT000444,,,,,,,,,,,
PAT000445,,,,,,,,,,,
PAT000446,,,,,,,,,,,
PAT000447,,,,,,,,,,,
PAT000448,,,,,,,,,,,
PAT000449,,,,,,,,,,,
PAT000450,,,,,,,,,,,
PAT000451,,,,,,,,,,,
PAT000452,,,,,,,,,,,
PAT000453,,,,,,,,,,,
PAT000454,,,,,,,,,,,
PAT000455,,,,,,,,,,,
PAT000456,,,,,,,,,,,
PAT000457,,,,,,,,,,,
PAT000458,,,,,,,,,,,
PAT000459,,,,,,,,,,,
PAT000460,,,,,,,,,,,
PAT000461,,,,,,,,,,,
PAT000462,,,,,,,,,,,
PAT000463,,,,,,,,,,,
PAT000464,,,,,,,,,,,
PAT000465,,,,,,,,,,,
PAT000466,,,,,,,,,,,
PAT000467,,,,,,,,,,,
PAT000468,,,,,,,,,,,
PAT000469,,,,,,,,,,,
PAT000470,,,,,,,,,,,
PAT000471,,,,,,,,,,,
PAT000472,,,,,,,,,,,
PAT000473,,,,,,,,,,,
PAT000474,,,,,,,,,,,
PAT000475,,,,,,,,,,,
PAT000476,,,,,,,,,,,
PAT000477,,,,,,,,,,,
PAT000478,,,,,,,,,,,
PAT000479,,,,,,,,,,,
PAT000480,,,,,,,,,,,
PAT000481,,,,,,,,,,,
PAT000482,,,,,,,,,,,
PAT000483,,,,,,,,,,,
PAT000484,,,,,,,,,,,
PAT000485,,,,,,,,,,,
PAT000486,,,,,,,,,,,
PAT000487,,,,,,,,,,,
PAT000488,,,,,,,,,,,
PAT000489,,,,,,,,,,,
PAT000490,,,,,,,,,,,
PAT000491,,,,,,,,,,,
PAT000492,,,,,,,,,,,
PAT000493,,,,,,,,,,,
PAT000494,,,,,,,,,,,
PAT000495,,,,,,,,,,,
PAT000496,,,,,,,,,,,
PAT000497,,,,,,,,,,,
PAT000498,,,,,,,,,,,
PAT000499,,,,,,,,,,,
PAT000500,,,,,,,,,,,
PAT000501,,,,,,,,,,,
PAT000502,,,,,,,,,,,
PAT000503,,,,,,,,,,,
PAT000504,,,,,,,,,,,
PAT000505,,,,,,,,,,,
PAT000506,,,,,,,,,,,
PAT000507,,,,,,,,,,,
PAT000508,,,,,,,,,,,
PAT000509,,,,,,,,,,,
PAT000510,,,,,,,,,,,
PAT000511,,,,,,,,,,,
PAT000512,,,,,,,,,,,
PAT000513,,,,,,,,,,,
PAT000514,,,,,,,,,,,
PAT000515,,,,,,,,,,,
PAT000516,,,,,,,,,,,
PAT000517,,,,,,,,,,,
PAT000518,,,,,,,,,,,
PAT000519,,,,,,,,,,,
PAT000520,,,,,,,,,,,
PAT000521,,,,,,,,,,,
PAT000522,,,,,,,,,,,
PAT000523,,,,,,,,,,,
PAT000524,,,,,,,,,,,
PAT000525,,,,,,,,,,,
PAT000526,,,,,,,,,,,
PAT000527,,,,,,,,,,,
PAT000528,,,,,,,,,,,
PAT000529,,,,,,,,,,,
PAT000530,,,,,,,,,,,
PAT000531,,,,,,,,,,,
PAT000532,,,,,,,,,,,
PAT000533,,,,,,,,,,,
PAT000534,,,,,,,,,,,
PAT000535,,,,,,,,,,,
PAT000536,,,,,,,,,,,
PAT000537,,,,,,,,,,,
PAT000538,,,,,,,,,,,
PAT000539,,,,,,,,,,,
PAT000540,,,,,,,,,,,
PAT000541,,,,,,,,,,,
PAT000542,,,,,,,,,,,
PAT000543,,,,,,,,,,,
PAT000544,,,,,,,,,,,
PAT000545,,,,,,,,,,,
PAT000546,,,,,,,,,,,
PAT000547,,,,,,,,,,,
PAT000548,,,,,,,,,,,
PAT000549,,,,,,,,,,,
PAT000550,,,,,,,,,,,
PAT000551,,,,,,,,,,,
PAT000552,,,,,,,,,,,
PAT000553,,,,,,,,,,,
PAT000554,,,,,,,,,,,
PAT000555,,,,,,,,,,,
PAT000556,,,,,,,,,,,
PAT000557,,,,,,,,,,,
PAT000558,,,,,,,,,,,
PAT000559,,,,,,,,,,,
PAT000560,,,,,,,,,,,
PAT000561,,,,,,,,,,,
PAT000562,,,,,,,,,,,
PAT000563,,,,,,,,,,,
PAT000564,,,,,,,,,,,
PAT000565,,,,,,,,,,,
PAT000566,,,,,,,,,,,
PAT000567,,,,,,,,,,,
PAT000568,,,,,,,,,,,
PAT000569,,,,,,,,,,,
PAT000570,,,,,,,,,,,
PAT000571,,,,,,,,,,,
PAT000572,,,,,,,,,,,
PAT000573,,,,,,,,,,,
PAT000574,,,,,,,,,,,
PAT000575,,,,,,,,,,,
PAT000576,,,,,,,,,,,
PAT000577,,,,,,,,,,,
PAT000578,,,,,,,,,,,
PAT000579,,,,,,,,,,,
PAT000580,,,,,,,,,,,
PAT000581,,,,,,,,,,,
PAT000582,,,,,,,,,,,
PAT000583,,,,,,,,,,,
PAT000584,,,,,,,,,,,
PAT000585,,,,,,,,,,,
PAT000586,,,,,,,,,,,
PAT000587,,,,,,,,,,,
PAT000588,,,,,,,,,,,
PAT000589,,,,,,,,,,,
PAT000590,,,,,,,,,,,
PAT000591,,,,,,,,,,,
PAT000592,,,,,,,,,,,
PAT000593,,,,,,,,,,,
PAT000594,,,,,,,,,,,
PAT000595,,,,,,,,,,,
PAT000596,,,,,,,,,,,
PAT000597,,,,,,,,,,,
PAT000598,,,,,,,,,,,
PAT000599,,,,,,,,,,,
PAT000600,,,,,,,,,,,
PAT000601,,,,,,,,,,,
PAT000602,,,,,,,,,,,
PAT000603,,,,,,,,,,,
PAT000604,,,,,,,,,,,
PAT000605,,,,,,,,,,,
PAT000606,,,,,,,,,,,
PAT000607,,,,,,,,,,,
PAT000608,,,,,,,,,,,
PAT000609,,,,,,,,,,,
PAT000610,,,,,,,,,,,
PAT000611,,,,,,,,,,,
PAT000612,,,,,,,,,,,
PAT000613,,,,,,,,,,,
PAT000614,,,,,,,,,,,
PAT000615,,,,,,,,,,,
PAT000616,,,,,,,,,,,
PAT000617,,,,,,,,,,,
PAT000618,,,,,,,,,,,
PAT000619,,,,,,,,,,,
PAT000620,,,,,,,,,,,
PAT000621,,,,,,,,,,,
PAT000622,,,,,,,,,,,
PAT000623,,,,,,,,,,,
PAT000624,,,,,,,,,,,
PAT000625,,,,,,,,,,,
PAT000626,,,,,,,,,,,
PAT000627,,,,,,,,,,,
PAT000628,,,,,,,,,,,
PAT000629,,,,,,,,,,,
PAT000630,,,,,,,,,,,
PAT000631,,,,,,,,,,,
PAT000632,,,,,,,,,,,
PAT000633,,,,,,,,,,,
PAT000634,,,,,,,,,,,
PAT000635,,,,,,,,,,,
PAT000636,,,,,,,,,,,
PAT000637,,,,,,,,,,,
PAT000638,,,,,,,,,,,
PAT000639,,,,,,,,,,,
PAT000640,,,,,,,,,,,
PAT000641,,,,,,,,,,,
PAT000642,,,,,,,,,,,
PAT000643,,,,,,,,,,,
PAT000644,,,,,,,,,,,
PAT000645,,,,,,,,,,,
PAT000646,,,,,,,,,,,
PAT000647,,,,,,,,,,,
PAT000648,,,,,,,,,,,
PAT000649,,,,,,,,,,,
PAT000650,,,,,,,,,,,
PAT000651,,,,,,,,,,,
PAT000652,,,,,,,,,,,
PAT000653,,,,,,,,,,,
PAT000654,,,,,,,,,,,
PAT000655,,,,,,,,,,,
PAT000656,,,,,,,,,,,
PAT000657,,,,,,,,,,,
PAT000658,,,,,,,,,,,
PAT000659,,,,,,,,,,,
PAT000660,,,,,,,,,,,
PAT000661,,,,,,,,,,,
PAT000662,,,,,,,,,,,
PAT000663,,,,,,,,,,,
PAT000664,,,,,,,,,,,
PAT000665,,,,,,,,,,,
PAT000666,,,,,,,,,,,
PAT000667,,,,,,,,,,,
PAT000668,,,,,,,,,,,
PAT000669,,,,,,,,,,,
PAT000670,,,,,,,,,,,
PAT000671,,,,,,,,,,,
PAT000672,,,,,,,,,,,
PAT000673,,,,,,,,,,,
PAT000674,,,,,,,,,,,
PAT000675,,,,,,,,,,,
PAT000676,,,,,,,,,,,
PAT000677,,,,,,,,,,,
PAT000678,,,,,,,,,,,
PAT000679,,,,,,,,,,,
PAT000680,,,,,,,,,,,
PAT000681,,,,,,,,,,,
PAT000682,,,,,,,,,,,
PAT000683,,,,,,,,,,,
PAT000684,,,,,,,,,,,
PAT000685,,,,,,,,,,,
PAT000686,,,,,,,,,,,
PAT000687,,,,,,,,,,,
PAT000688,,,,,,,,,,,
PAT000689,,,,,,,,,,,
PAT000690,,,,,,,,,,,
PAT000691,,,,,,,,,,,
PAT000692,,,,,,,,,,,
PAT000693,,,,,,,,,,,
PAT000694,,,,,,,,,,,
PAT000695,,,,,,,,,,,
PAT000696,,,,,,,,,,,
PAT000697,,,,,,,,,,,
PAT000698,,,,,,,,,,,
PAT000699,,,,,,,,,,,
PAT000700,,,,,,,,,,,
PAT000701,,,,,,,,,,,
PAT000702,,,,,,,,,,,
PAT000703,,,,,,,,,,,
PAT000704,,,,,,,,,,,
PAT000705,,,,,,,,,,,
PAT000706,,,,,,,,,,,
PAT000707,,,,,,,,,,,
PAT000708,,,,,,,,,,,
PAT000709,,,,,,,,,,,
PAT000710,,,,,,,,,,,
PAT000711,,,,,,,,,,,
PAT000712,,,,,,,,,,,
PAT000713,,,,,,,,,,,
PAT000714,,,,,,,,,,,
PAT000715,,,,,,,,,,,
PAT000716,,,,,,,,,,,
PAT000717,,,,,,,,,,,
PAT000718,,,,,,,,,,,
PAT000719,,,,,,,,,,,
PAT000720,,,,,,,,,,,
PAT000721,,,,,,,,,,,
PAT000722,,,,,,,,,,,
PAT000723,,,,,,,,,,,
PAT000724,,,,,,,,,,,
PAT000725,,,,,,,,,,,
PAT000726,,,,,,,,,,,
PAT000727,,,,,,,,,,,
PAT000728,,,,,,,,,,,
PAT000729,,,,,,,,,,,
PAT000730,,,,,,,,,,,
PAT000731,,,,,,,,,,,
PAT000732,,,,,,,,,,,
PAT000733,,,,,,,,,,,
PAT000734,,,,,,,,,,,
PAT000735,,,,,,,,,,,
PAT000736,,,,,,,,,,,
PAT000737,,,,,,,,,,,
PAT000738,,,,,,,,,,,
PAT000739,,,,,,,,,,,
PAT000740,,,,,,,,,,,
PAT000741,,,,,,,,,,,
PAT000742,,,,,,,,,,,
PAT000743,,,,,,,,,,,
PAT000744,,,,,,,,,,,
PAT000745,,,,,,,,,,,
PAT000746,,,,,,,,,,,
PAT000747,,,,,,,,,,,
PAT000748,,,,,,,,,,,
PAT000749,,,,,,,,,,,
PAT000750,,,,,,,,,,,
PAT000751,,,,,,,,,,,
PAT000752,,,,,,,,,,,
PAT000753,,,,,,,,,,,
PAT000754,,,,,,,,,,,
PAT000755,,,,,,,,,,,
PAT000756,,,,,,,,,,,
PAT000757,,,,,,,,,,,
PAT000758,,,,,,,,,,,
PAT000759,,,,,,,,,,,
PAT000760,,,,,,,,,,,
PAT000761,,,,,,,,,,,
PAT000762,,,,,,,,,,,
PAT000763,,,,,,,,,,,
PAT000764,,,,,,,,,,,
PAT000765,,,,,,,,,,,
PAT000766,,,,,,,,,,,
PAT000767,,,,,,,,,,,
PAT000768,,,,,,,,,,,
PAT000769,,,,,,,,,,,
PAT000770,,,,,,,,,,,
PAT000771,,,,,,,,,,,
PAT000772,,,,,,,,,,,
PAT000773,,,,,,,,,,,
PAT000774,,,,,,,,,,,
PAT000775,,,,,,,,,,,
PAT000776,,,,,,,,,,,
PAT000777,,,,,,,,,,,
PAT000778,,,,,,,,,,,
PAT000779,,,,,,,,,,,
PAT000780,,,,,,,,,,,
PAT000781,,,,,,,,,,,
PAT000782,,,,,,,,,,,
PAT000783,,,,,,,,,,,
PAT000784,,,,,,,,,,,
PAT000785,,,,,,,,,,,
PAT000786,,,,,,,,,,,
PAT000787,,,,,,,,,,,
PAT000788,,,,,,,,,,,
PAT000789,,,,,,,,,,,
PAT000790,,,,,,,,,,,
PAT000791,,,,,,,,,,,
PAT000792,,,,,,,,,,,
PAT000793,,,,,,,,,,,
PAT000794,,,,,,,,,,,
PAT000795,,,,,,,,,,,
PAT000796,,,,,,,,,,,
PAT000797,,,,,,,,,,,
PAT000798,,,,,,,,,,,
PAT000799,,,,,,,,,,,
PAT000800,,,,,,,,,,,
PAT000801,,,,,,,,,,,
PAT000802,,,,,,,,,,,
PAT000803,,,,,,,,,,,
PAT000804,,,,,,,,,,,
PAT000805,,,,,,,,,,,
PAT000806,,,,,,,,,,,
PAT000807,,,,,,,,,,,
PAT000808,,,,,,,,,,,
PAT000809,,,,,,,,,,,
PAT000810,,,,,,,,,,,
PAT000811,,,,,,,,,,,
PAT000812,,,,,,,,,,,
PAT000813,,,,,,,,,,,
PAT000814,,,,,,,,,,,
PAT000815,,,,,,,,,,,
PAT000816,,,,,,,,,,,
PAT000817,,,,,,,,,,,
PAT000818,,,,,,,,,,,
PAT000819,,,,,,,,,,,
PAT000820,,,,,,,,,,,
PAT000821,,,,,,,,,,,
PAT000822,,,,,,,,,,,
PAT000823,,,,,,,,,,,
PAT000824,,,,,,,,,,,
PAT000825,,,,,,,,,,,
PAT000826,,,,,,,,,,,
PAT000827,,,,,,,,,,,
PAT000828,,,,,,,,,,,
PAT000829,,,,,,,,,,,
PAT000830,,,,,,,,,,,
PAT000831,,,,,,,,,,,
PAT000832,,,,,,,,,,,
PAT000833,,,,,,,,,,,
PAT000834,,,,,,,,,,,
PAT000835,,,,,,,,,,,
PAT000836,,,,,,,,,,,
PAT000837,,,,,,,,,,,
PAT000838,,,,,,,,,,,
PAT000839,,,,,,,,,,,
PAT000840,,,,,,,,,,,
PAT000841,,,,,,,,,,,
PAT000842,,,,,,,,,,,
PAT000843,,,,,,,,,,,
PAT000844,,,,,,,,,,,
PAT000845,,,,,,,,,,,
PAT000846,,,,,,,,,,,
PAT000847,,,,,,,,,,,
PAT000848,,,,,,,,,,,
PAT000849,,,,,,,,,,,
PAT000850,,,,,,,,,,,
PAT000851,,,,,,,,,,,
PAT000852,,,,,,,,,,,
PAT000853,,,,,,,,,,,
PAT000854,,,,,,,,,,,
PAT000855,,,,,,,,,,,
PAT000856,,,,,,,,,,,
PAT000857,,,,,,,,,,,
PAT000858,,,,,,,,,,,
PAT000859,,,,,,,,,,,
PAT000860,,,,,,,,,,,
PAT000861,,,,,,,,,,,
PAT000862,,,,,,,,,,,
PAT000863,,,,,,,,,,,
PAT000864,,,,,,,,,,,
PAT000865,,,,,,,,,,,
PAT000866,,,,,,,,,,,
PAT000867,,,,,,,,,,,
PAT000868,,,,,,,,,,,
PAT000869,,,,,,,,,,,
PAT000870,,,,,,,,,,,
PAT000871,,,,,,,,,,,
PAT000872,,,,,,,,,,,
PAT000873,,,,,,,,,,,
PAT000874,,,,,,,,,,,
PAT000875,,,,,,,,,,,
PAT000876,,,,,,,,,,,
PAT000877,,,,,,,,,,,
PAT000878,,,,,,,,,,,
PAT000879,,,,,,,,,,,
PAT000880,,,,,,,,,,,
PAT000881,,,,,,,,,,,
PAT000882,,,,,,,,,,,
PAT000883,,,,,,,,,,,
PAT000884,,,,,,,,,,,
PAT000885,,,,,,,,,,,
PAT000886,,,,,,,,,,,
PAT000887,,,,,,,,,,,
PAT000888,,,,,,,,,,,
PAT000889,,,,,,,,,,,
PAT000890,,,,,,,,,,,
PAT000891,,,,,,,,,,,
PAT000892,,,,,,,,,,,
PAT000893,,,,,,,,,,,
PAT000894,,,,,,,,,,,
PAT000895,,,,,,,,,,,
PAT000896,,,,,,,,,,,
PAT000897,,,,,,,,,,,
PAT000898,,,,,,,,,,,
PAT000899,,,,,,,,,,,
PAT000900,,,,,,,,,,,
PAT000901,,,,,,,,,,,
PAT000902,,,,,,,,,,,
PAT000903,,,,,,,,,,,
PAT000904,,,,,,,,,,,
PAT000905,,,,,,,,,,,
PAT000906,,,,,,,,,,,
PAT000907,,,,,,,,,,,
PAT000908,,,,,,,,,,,
PAT000909,,,,,,,,,,,
PAT000910,,,,,,,,,,,
PAT000911,,,,,,,,,,,
PAT000912,,,,,,,,,,,
PAT000913,,,,,,,,,,,
PAT000914,,,,,,,,,,,
PAT000915,,,,,,,,,,,
PAT000916,,,,,,,,,,,
PAT000917,,,,,,,,,,,
PAT000918,,,,,,,,,,,
PAT000919,,,,,,,,,,,
PAT000920,,,,,,,,,,,
PAT000921,,,,,,,,,,,
PAT000922,,,,,,,,,,,
PAT000923,,,,,,,,,,,
PAT000924,,,,,,,,,,,
PAT000925,,,,,,,,,,,
PAT000926,,,,,,,,,,,
PAT000927,,,,,,,,,,,
PAT000928,,,,,,,,,,,
PAT000929,,,,,,,,,,,
PAT000930,,,,,,,,,,,
PAT000931,,,,,,,,,,,
PAT000932,,,,,,,,,,,
PAT000933,,,,,,,,,,,
PAT000934,,,,,,,,,,,
PAT000935,,,,,,,,,,,
PAT000936,,,,,,,,,,,
PAT000937,,,,,,,,,,,
PAT000938,,,,,,,,,,,
PAT000939,,,,,,,,,,,
PAT000940,,,,,,,,,,,
PAT000941,,,,,,,,,,,
PAT000942,,,,,,,,,,,
PAT000943,,,,,,,,,,,
PAT000944,,,,,,,,,,,
PAT000945,,,,,,,,,,,
PAT000946,,,,,,,,,,,
PAT000947,,,,,,,,,,,
PAT000948,,,,,,,,,,,
PAT000949,,,,,,,,,,,
PAT000950,,,,,,,,,,,
PAT000951,,,,,,,,,,,
PAT000952,,,,,,,,,,,
PAT000953,,,,,,,,,,,
PAT000954,,,,,,,,,,,
PAT000955,,,,,,,,,,,
PAT000956,,,,,,,,,,,
PAT000957,,,,,,,,,,,
PAT000958,,,,,,,,,,,
PAT000959,,,,,,,,,,,
PAT000960,,,,,,,,,,,
PAT000961,,,,,,,,,,,
PAT000962,,,,,,,,,,,
PAT000963,,,,,,,,,,,
PAT000964,,,,,,,,,,,
PAT000965,,,,,,,,,,,
PAT000966,,,,,,,,,,,
PAT000967,,,,,,,,,,,
PAT000968,,,,,,,,,,,
PAT000969,,,,,,,,,,,
PAT000970,,,,,,,,,,,
PAT000971,,,,,,,,,,,
PAT000972,,,,,,,,,,,
PAT000973,,,,,,,,,,,
PAT000974,,,,,,,,,,,
PAT000975,,,,,,,,,,,
PAT000976,,,,,,,,,,,
PAT000977,,,,,,,,,,,
PAT000978,,,,,,,,,,,
PAT000979,,,,,,,,,,,
PAT000980,,,,,,,,,,,
PAT000981,,,,,,,,,,,
PAT000982,,,,,,,,,,,
PAT000983,,,,,,,,,,,
PAT000984,,,,,,,,,,,
PAT000985,,,,,,,,,,,
PAT000986,,,,,,,,,,,
PAT000987,,,,,,,,,,,
PAT000988,,,,,,,,,,,
PAT000989,,,,,,,,,,,
PAT000990,,,,,,,,,,,
PAT000991,,,,,,,,,,,
PAT000992,,,,,,,,,,,
PAT000993,,,,,,,,,,,
PAT000994,,,,,,,,,,,
PAT000995,,,,,,,,,,,
PAT000996,,,,,,,,,,,
PAT000997,,,,,,,,,,,
PAT000998,,,,,,,,,,,
PAT000999,,,,,,,,,,,
PAT001000,,,,,,,,,,,
PAT001001,,,,,,,,,,,
PAT001002,,,,,,,,,,,
PAT001003,,,,,,,,,,,
PAT001004,,,,,,,,,,,
PAT001005,,,,,,,,,,,
PAT001006,,,,,,,,,,,
PAT001007,,,,,,,,,,,
PAT001008,,,,,,,,,,,
PAT001009,,,,,,,,,,,
PAT001010,,,,,,,,,,,
PAT001011,,,,,,,,,,,
PAT001012,,,,,,,,,,,
PAT001013,,,,,,,,,,,
PAT001014,,,,,,,,,,,
PAT001015,,,,,,,,,,,
PAT001016,,,,,,,,,,,
PAT001017,,,,,,,,,,,
PAT001018,,,,,,,,,,,
PAT001019,,,,,,,,,,,
PAT001020,,,,,,,,,,,
PAT001021,,,,,,,,,,,
PAT001022,,,,,,,,,,,
PAT001023,,,,,,,,,,,
PAT001024,,,,,,,,,,,
PAT001025,,,,,,,,,,,
PAT001026,,,,,,,,,,,
PAT001027,,,,,,,,,,,
PAT001028,,,,,,,,,,,
PAT001029,,,,,,,,,,,
PAT001030,,,,,,,,,,,
PAT001031,,,,,,,,,,,
PAT001032,,,,,,,,,,,
PAT001033,,,,,,,,,,,
PAT001034,,,,,,,,,,,
PAT001035,,,,,,,,,,,
PAT001036,,,,,,,,,,,
PAT001037,,,,,,,,,,,
PAT001038,,,,,,,,,,,
PAT001039,,,,,,,,,,,
PAT001040,,,,,,,,,,,
PAT001041,,,,,,,,,,,
PAT001042,,,,,,,,,,,
PAT001043,,,,,,,,,,,
PAT001044,,,,,,,,,,,
PAT001045,,,,,,,,,,,
PAT001046,,,,,,,,,,,
PAT001047,,,,,,,,,,,
PAT001048,,,,,,,,,,,
PAT001049,,,,,,,,,,,
PAT001050,,,,,,,,,,,
PAT001051,,,,,,,,,,,
PAT001052,,,,,,,,,,,
PAT001053,,,,,,,,,,,
PAT001054,,,,,,,,,,,
PAT001055,,,,,,,,,,,
PAT001056,,,,,,,,,,,
PAT001057,,,,,,,,,,,
PAT001058,,,,,,,,,,,
PAT001059,,,,,,,,,,,
PAT001060,,,,,,,,,,,
PAT001061,,,,,,,,,,,
PAT001062,,,,,,,,,,,
PAT001063,,,,,,,,,,,
PAT001064,,,,,,,,,,,
PAT001065,,,,,,,,,,,
PAT001066,,,,,,,,,,,
PAT001067,,,,,,,,,,,
PAT001068,,,,,,,,,,,
PAT001069,,,,,,,,,,,
PAT001070,,,,,,,,,,,
PAT001071,,,,,,,,,,,
PAT001072,,,,,,,,,,,
PAT001073,,,,,,,,,,,
PAT001074,,,,,,,,,,,
PAT001075,,,,,,,,,,,
PAT001076,,,,,,,,,,,
PAT001077,,,,,,,,,,,
PAT001078,,,,,,,,,,,
PAT001079,,,,,,,,,,,
PAT001080,,,,,,,,,,,
PAT001081,,,,,,,,,,,
PAT001082,,,,,,,,,,,
PAT001083,,,,,,,,,,,
PAT001084,,,,,,,,,,,
PAT001085,,,,,,,,,,,
PAT001086,,,,,,,,,,,
PAT001087,,,,,,,,,,,
PAT001088,,,,,,,,,,,
PAT001089,,,,,,,,,,,
PAT001090,,,,,,,,,,,
PAT001091,,,,,,,,,,,
PAT001092,,,,,,,,,,,
PAT001093,,,,,,,,,,,
PAT001094,,,,,,,,,,,
PAT001095,,,,,,,,,,,
PAT001096,,,,,,,,,,,
PAT001097,,,,,,,,,,,
PAT001098,,,,,,,,,,,
PAT001099,,,,,,,,,,,
PAT001100,,,,,,,,,,,
PAT001101,,,,,,,,,,,
PAT001102,,,,,,,,,,,
PAT001103,,,,,,,,,,,
PAT001104,,,,,,,,,,,
PAT001105,,,,,,,,,,,
PAT001106,,,,,,,,,,,
PAT001107,,,,,,,,,,,
PAT001108,,,,,,,,,,,
PAT001109,,,,,,,,,,,
PAT001110,,,,,,,,,,,
PAT001111,,,,,,,,,,,
PAT001112,,,,,,,,,,,
PAT001113,,,,,,,,,,,
PAT001114,,,,,,,,,,,
PAT001115,,,,,,,,,,,
PAT001116,,,,,,,,,,,
PAT001117,,,,,,,,,,,
PAT001118,,,,,,,,,,,
PAT001119,,,,,,,,,,,
PAT001120,,,,,,,,,,,
PAT001121,,,,,,,,,,,
PAT001122,,,,,,,,,,,
PAT001123,,,,,,,,,,,
PAT001124,,,,,,,,,,,
PAT001125,,,,,,,,,,,
PAT001126,,,,,,,,,,,
PAT001127,,,,,,,,,,,
PAT001128,,,,,,,,,,,
PAT001129,,,,,,,,,,,
PAT001130,,,,,,,,,,,
PAT001131,,,,,,,,,,,
PAT001132,,,,,,,,,,,
PAT001133,,,,,,,,,,,
PAT001134,,,,,,,,,,,
PAT001135,,,,,,,,,,,
PAT001136,,,,,,,,,,,
PAT001137,,,,,,,,,,,
PAT001138,,,,,,,,,,,
PAT001139,,,,,,,,,,,
PAT001140,,,,,,,,,,,
PAT001141,,,,,,,,,,,
PAT001142,,,,,,,,,,,
PAT001143,,,,,,,,,,,
PAT001144,,,,,,,,,,,
PAT001145,,,,,,,,,,,
PAT001146,,,,,,,,,,,
PAT001147,,,,,,,,,,,
PAT001148,,,,,,,,,,,
PAT001149,,,,,,,,,,,
PAT001150,,,,,,,,,,,
PAT001151,,,,,,,,,,,
PAT001152,,,,,,,,,,,
PAT001153,,,,,,,,,,,
PAT001154,,,,,,,,,,,
PAT001155,,,,,,,,,,,
PAT001156,,,,,,,,,,,
PAT001157,,,,,,,,,,,
PAT001158,,,,,,,,,,,
PAT001159,,,,,,,,,,,
PAT001160,,,,,,,,,,,
PAT001161,,,,,,,,,,,
PAT001162,,,,,,,,,,,
PAT001163,,,,,,,,,,,
PAT001164,,,,,,,,,,,
PAT001165,,,,,,,,,,,
PAT001166,,,,,,,,,,,
PAT001167,,,,,,,,,,,
PAT001168,,,,,,,,,,,
PAT001169,,,,,,,,,,,
PAT001170,,,,,,,,,,,
PAT001171,,,,,,,,,,,
PAT001172,,,,,,,,,,,
PAT001173,,,,,,,,,,,
PAT001174,,,,,,,,,,,
PAT001175,,,,,,,,,,,
PAT001176,,,,,,,,,,,
PAT001177,,,,,,,,,,,
PAT001178,,,,,,,,,,,
PAT001179,,,,,,,,,,,
PAT001180,,,,,,,,,,,
PAT001181,,,,,,,,,,,
PAT001182,,,,,,,,,,,
PAT001183,,,,,,,,,,,
PAT001184,,,,,,,,,,,
PAT001185,,,,,,,,,,,
PAT001186,,,,,,,,,,,
PAT001187,,,,,,,,,,,
PAT001188,,,,,,,,,,,
PAT001189,,,,,,,,,,,
PAT001190,,,,,,,,,,,
PAT001191,,,,,,,,,,,
PAT001192,,,,,,,,,,,
PAT001193,,,,,,,,,,,
PAT001194,,,,,,,,,,,
PAT001195,,,,,,,,,,,
PAT001196,,,,,,,,,,,
PAT001197,,,,,,,,,,,
PAT001198,,,,,,,,,,,
PAT001199,,,,,,,,,,,
PAT001200,,,,,,,,,,,
PAT001201,,,,,,,,,,,
PAT001202,,,,,,,,,,,
PAT001203,,,,,,,,,,,
PAT001204,,,,,,,,,,,
PAT001205,,,,,,,,,,,
PAT001206,,,,,,,,,,,
PAT001207,,,,,,,,,,,
PAT001208,,,,,,,,,,,
PAT001209,,,,,,,,,,,
PAT001210,,,,,,,,,,,
PAT001211,,,,,,,,,,,
PAT001212,,,,,,,,,,,
PAT001213,,,,,,,,,,,
PAT001214,,,,,,,,,,,
PAT001215,,,,,,,,,,,
PAT001216,,,,,,,,,,,
PAT001217,,,,,,,,,,,
PAT001218,,,,,,,,,,,
PAT001219,,,,,,,,,,,
PAT001220,,,,,,,,,,,
PAT001221,,,,,,,,,,,
PAT001222,,,,,,,,,,,
PAT001223,,,,,,,,,,,
PAT001224,,,,,,,,,,,
PAT001225,,,,,,,,,,,
PAT001226,,,,,,,,,,,
PAT001227,,,,,,,,,,,
PAT001228,,,,,,,,,,,
PAT001229,,,,,,,,,,,
PAT001230,,,,,,,,,,,
PAT001231,,,,,,,,,,,
PAT001232,,,,,,,,,,,
PAT001233,,,,,,,,,,,
PAT001234,,,,,,,,,,,
PAT001235,,,,,,,,,,,
PAT001236,,,,,,,,,,,
PAT001237,,,,,,,,,,,
PAT001238,,,,,,,,,,,
PAT001239,,,,,,,,,,,
PAT001240,,,,,,,,,,,
PAT001241,,,,,,,,,,,
PAT001242,,,,,,,,,,,
PAT001243,,,,,,,,,,,
PAT001244,,,,,,,,,,,
PAT001245,,,,,,,,,,,
PAT001246,,,,,,,,,,,
PAT001247,,,,,,,,,,,
PAT001248,,,,,,,,,,,
PAT001249,,,,,,,,,,,
PAT001250,,,,,,,,,,,
PAT001251,,,,,,,,,,,
PAT001252,,,,,,,,,,,
PAT001253,,,,,,,,,,,
PAT001254,,,,,,,,,,,
PAT001255,,,,,,,,,,,
PAT001256,,,,,,,,,,,
PAT001257,,,,,,,,,,,
PAT001258,,,,,,,,,,,
PAT001259,,,,,,,,,,,
PAT001260,,,,,,,,,,,
PAT001261,,,,,,,,,,,
PAT001262,,,,,,,,,,,
PAT001263,,,,,,,,,,,
PAT001264,,,,,,,,,,,
PAT001265,,,,,,,,,,,
PAT001266,,,,,,,,,,,
PAT001267,,,,,,,,,,,
PAT001268,,,,,,,,,,,
PAT001269,,,,,,,,,,,
PAT001270,,,,,,,,,,,
PAT001271,,,,,,,,,,,
PAT001272,,,,,,,,,,,
PAT001273,,,,,,,,,,,
PAT001274,,,,,,,,,,,
PAT001275,,,,,,,,,,,
PAT001276,,,,,,,,,,,
PAT001277,,,,,,,,,,,
PAT001278,,,,,,,,,,,
PAT001279,,,,,,,,,,,
PAT001280,,,,,,,,,,,
PAT001281,,,,,,,,,,,
PAT001282,,,,,,,,,,,
PAT001283,,,,,,,,,,,
PAT001284,,,,,,,,,,,
PAT001285,,,,,,,,,,,
PAT001286,,,,,,,,,,,
PAT001287,,,,,,,,,,,
PAT001288,,,,,,,,,,,
PAT001289,,,,,,,,,,,
PAT001290,,,,,,,,,,,
PAT001291,,,,,,,,,,,
PAT001292,,,,,,,,,,,
PAT001293,,,,,,,,,,,
PAT001294,,,,,,,,,,,
PAT001295,,,,,,,,,,,
PAT001296,,,,,,,,,,,
PAT001297,,,,,,,,,,,
PAT001298,,,,,,,,,,,
PAT001299,,,,,,,,,,,
PAT001300,,,,,,,,,,,
PAT001301,,,,,,,,,,,
PAT001302,,,,,,,,,,,
PAT001303,,,,,,,,,,,
PAT001304,,,,,,,,,,,
PAT001305,,,,,,,,,,,
PAT001306,,,,,,,,,,,
PAT001307,,,,,,,,,,,
PAT001308,,,,,,,,,,,
PAT001309,,,,,,,,,,,
PAT001310,,,,,,,,,,,
PAT001311,,,,,,,,,,,
PAT001312,,,,,,,,,,,
PAT001313,,,,,,,,,,,
PAT001314,,,,,,,,,,,
PAT001315,,,,,,,,,,,
PAT001316,,,,,,,,,,,
PAT001317,,,,,,,,,,,
PAT001318,,,,,,,,,,,
PAT001319,,,,,,,,,,,
PAT001320,,,,,,,,,,,
PAT001321,,,,,,,,,,,
PAT001322,,,,,,,,,,,
PAT001323,,,,,,,,,,,
PAT001324,,,,,,,,,,,
PAT001325,,,,,,,,,,,
PAT001326,,,,,,,,,,,
PAT001327,,,,,,,,,,,
PAT001328,,,,,,,,,,,
PAT001329,,,,,,,,,,,
PAT001330,,,,,,,,,,,
PAT001331,,,,,,,,,,,
PAT001332,,,,,,,,,,,
PAT001333,,,,,,,,,,,
PAT001334,,,,,,,,,,,
PAT001335,,,,,,,,,,,
PAT001336,,,,,,,,,,,
PAT001337,,,,,,,,,,,
PAT001338,,,,,,,,,,,
PAT001339,,,,,,,,,,,
PAT001340,,,,,,,,,,,
PAT001341,,,,,,,,,,,
PAT001342,,,,,,,,,,,
PAT001343,,,,,,,,,,,
PAT001344,,,,,,,,,,,
PAT001345,,,,,,,,,,,
PAT001346,,,,,,,,,,,
PAT001347,,,,,,,,,,,
PAT001348,,,,,,,,,,,
PAT001349,,,,,,,,,,,
PAT001350,,,,,,,,,,,
PAT001351,,,,,,,,,,,
PAT001352,,,,,,,,,,,
PAT001353,,,,,,,,,,,
PAT001354,,,,,,,,,,,
PAT001355,,,,,,,,,,,
PAT001356,,,,,,,,,,,
PAT001357,,,,,,,,,,,
PAT001358,,,,,,,,,,,
PAT001359,,,,,,,,,,,
PAT001360,,,,,,,,,,,
PAT001361,,,,,,,,,,,
PAT001362,,,,,,,,,,,
PAT001363,,,,,,,,,,,
PAT001364,,,,,,,,,,,
PAT001365,,,,,,,,,,,
PAT001366,,,,,,,,,,,
PAT001367,,,,,,,,,,,
PAT001368,,,,,,,,,,,
PAT001369,,,,,,,,,,,
PAT001370,,,,,,,,,,,
PAT001371,,,,,,,,,,,
PAT001372,,,,,,,,,,,
PAT001373,,,,,,,,,,,
PAT001374,,,,,,,,,,,
PAT001375,,,,,,,,,,,
PAT001376,,,,,,,,,,,
PAT001377,,,,,,,,,,,
PAT001378,,,,,,,,,,,
PAT001379,,,,,,,,,,,
PAT001380,,,,,,,,,,,
PAT001381,,,,,,,,,,,
PAT001382,,,,,,,,,,,
PAT001383,,,,,,,,,,,
PAT001384,,,,,,,,,,,
PAT001385,,,,,,,,,,,
PAT001386,,,,,,,,,,,
PAT001387,,,,,,,,,,,
PAT001388,,,,,,,,,,,
PAT001389,,,,,,,,,,,
PAT001390,,,,,,,,,,,
PAT001391,,,,,,,,,,,
PAT001392,,,,,,,,,,,
PAT001393,,,,,,,,,,,
PAT001394,,,,,,,,,,,
PAT001395,,,,,,,,,,,
PAT001396,,,,,,,,,,,
PAT001397,,,,,,,,,,,
PAT001398,,,,,,,,,,,
PAT001399,,,,,,,,,,,
PAT001400,,,,,,,,,,,
PAT001401,,,,,,,,,,,
PAT001402,,,,,,,,,,,
PAT001403,,,,,,,,,,,
PAT001404,,,,,,,,,,,
PAT001405,,,,,,,,,,,
PAT001406,,,,,,,,,,,
PAT001407,,,,,,,,,,,
PAT001408,,,,,,,,,,,
PAT001409,,,,,,,,,,,
PAT001410,,,,,,,,,,,
PAT001411,,,,,,,,,,,
PAT001412,,,,,,,,,,,
PAT001413,,,,,,,,,,,
PAT001414,,,,,,,,,,,
PAT001415,,,,,,,,,,,
PAT001416,,,,,,,,,,,
PAT001417,,,,,,,,,,,
PAT001418,,,,,,,,,,,
PAT001419,,,,,,,,,,,
PAT001420,,,,,,,,,,,
PAT001421,,,,,,,,,,,
PAT001422,,,,,,,,,,,
PAT001423,,,,,,,,,,,
PAT001424,,,,,,,,,,,
PAT001425,,,,,,,,,,,
PAT001426,,,,,,,,,,,
PAT001427,,,,,,,,,,,
PAT001428,,,,,,,,,,,
PAT001429,,,,,,,,,,,
PAT001430,,,,,,,,,,,
PAT001431,,,,,,,,,,,
PAT001432,,,,,,,,,,,
PAT001433,,,,,,,,,,,
PAT001434,,,,,,,,,,,
PAT001435,,,,,,,,,,,
PAT001436,,,,,,,,,,,
PAT001437,,,,,,,,,,,
PAT001438,,,,,,,,,,,
PAT001439,,,,,,,,,,,
PAT001440,,,,,,,,,,,
PAT001441,,,,,,,,,,,
PAT001442,,,,,,,,,,,
PAT001443,,,,,,,,,,,
PAT001444,,,,,,,,,,,
PAT001445,,,,,,,,,,,
PAT001446,,,,,,,,,,,
PAT001447,,,,,,,,,,,
PAT001448,,,,,,,,,,,
PAT001449,,,,,,,,,,,
PAT001450,,,,,,,,,,,
PAT001451,,,,,,,,,,,
PAT001452,,,,,,,,,,,
PAT001453,,,,,,,,,,,
PAT001454,,,,,,,,,,,
PAT001455,,,,,,,,,,,
PAT001456,,,,,,,,,,,
PAT001457,,,,,,,,,,,
PAT001458,,,,,,,,,,,
PAT001459,,,,,,,,,,,
PAT001460,,,,,,,,,,,
PAT001461,,,,,,,,,,,
PAT001462,,,,,,,,,,,
PAT001463,,,,,,,,,,,
PAT001464,,,,,,,,,,,
PAT001465,,,,,,,,,,,
PAT001466,,,,,,,,,,,
PAT001467,,,,,,,,,,,
PAT001468,,,,,,,,,,,
PAT001469,,,,,,,,,,,
PAT001470,,,,,,,,,,,
PAT001471,,,,,,,,,,,
PAT001472,,,,,,,,,,,
PAT001473,,,,,,,,,,,
PAT001474,,,,,,,,,,,
PAT001475,,,,,,,,,,,
PAT001476,,,,,,,,,,,
PAT001477,,,,,,,,,,,
PAT001478,,,,,,,,,,,
PAT001479,,,,,,,,,,,
PAT001480,,,,,,,,,,,
PAT001481,,,,,,,,,,,
PAT001482,,,,,,,,,,,
PAT001483,,,,,,,,,,,
PAT001484,,,,,,,,,,,
PAT001485,,,,,,,,,,,
PAT001486,,,,,,,,,,,
PAT001487,,,,,,,,,,,
PAT001488,,,,,,,,,,,
PAT001489,,,,,,,,,,,
PAT001490,,,,,,,,,,,
PAT001491,,,,,,,,,,,
PAT001492,,,,,,,,,,,
PAT001493,,,,,,,,,,,
PAT001494,,,,,,,,,,,
PAT001495,,,,,,,,,,,
PAT001496,,,,,,,,,,,
PAT001497,,,,,,,,,,,
PAT001498,,,,,,,,,,,
PAT001499,,,,,,,,,,,
PAT001500,,,,,,,,,,,
PAT001501,,,,,,,,,,,
PAT001502,,,,,,,,,,,
PAT001503,,,,,,,,,,,
PAT001504,,,,,,,,,,,
PAT001505,,,,,,,,,,,
PAT001506,,,,,,,,,,,
PAT001507,,,,,,,,,,,
PAT001508,,,,,,,,,,,
PAT001509,,,,,,,,,,,
PAT001510,,,,,,,,,,,
PAT001511,,,,,,,,,,,
PAT001512,,,,,,,,,,,
PAT001513,,,,,,,,,,,
PAT001514,,,,,,,,,,,
PAT001515,,,,,,,,,,,
PAT001516,,,,,,,,,,,
PAT001517,,,,,,,,,,,
PAT001518,,,,,,,,,,,
PAT001519,,,,,,,,,,,
PAT001520,,,,,,,,,,,
PAT001521,,,,,,,,,,,
PAT001522,,,,,,,,,,,
PAT001523,,,,,,,,,,,
PAT001524,,,,,,,,,,,
PAT001525,,,,,,,,,,,
PAT001526,,,,,,,,,,,
PAT001527,,,,,,,,,,,
PAT001528,,,,,,,,,,,
PAT001529,,,,,,,,,,,
PAT001530,,,,,,,,,,,
PAT001531,,,,,,,,,,,
PAT001532,,,,,,,,,,,
PAT001533,,,,,,,,,,,
PAT001534,,,,,,,,,,,
PAT001535,,,,,,,,,,,
PAT001536,,,,,,,,,,,
PAT001537,,,,,,,,,,,
PAT001538,,,,,,,,,,,
PAT001539,,,,,,,,,,,
PAT001540,,,,,,,,,,,
PAT001541,,,,,,,,,,,
PAT001542,,,,,,,,,,,
PAT001543,,,,,,,,,,,
PAT001544,,,,,,,,,,,
PAT001545,,,,,,,,,,,
PAT001546,,,,,,,,,,,
PAT001547,,,,,,,,,,,
PAT001548,,,,,,,,,,,
PAT001549,,,,,,,,,,,
PAT001550,,,,,,,,,,,
PAT001551,,,,,,,,,,,
PAT001552,,,,,,,,,,,
PAT001553,,,,,,,,,,,
PAT001554,,,,,,,,,,,
PAT001555,,,,,,,,,,,
PAT001556,,,,,,,,,,,
PAT001557,,,,,,,,,,,
PAT001558,,,,,,,,,,,
PAT001559,,,,,,,,,,,
PAT001560,,,,,,,,,,,
PAT001561,,,,,,,,,,,
PAT001562,,,,,,,,,,,
PAT001563,,,,,,,,,,,
PAT001564,,,,,,,,,,,
PAT001565,,,,,,,,,,,
PAT001566,,,,,,,,,,,
PAT001567,,,,,,,,,,,
PAT001568,,,,,,,,,,,
PAT001569,,,,,,,,,,,
PAT001570,,,,,,,,,,,
PAT001571,,,,,,,,,,,
PAT001572,,,,,,,,,,,
PAT001573,,,,,,,,,,,
PAT001574,,,,,,,,,,,
PAT001575,,,,,,,,,,,
PAT001576,,,,,,,,,,,
PAT001577,,,,,,,,,,,
PAT001578,,,,,,,,,,,
PAT001579,,,,,,,,,,,
PAT001580,,,,,,,,,,,
PAT001581,,,,,,,,,,,
PAT001582,,,,,,,,,,,
PAT001583,,,,,,,,,,,
PAT001584,,,,,,,,,,,
PAT001585,,,,,,,,,,,
PAT001586,,,,,,,,,,,
PAT001587,,,,,,,,,,,
PAT001588,,,,,,,,,,,
PAT001589,,,,,,,,,,,
PAT001590,,,,,,,,,,,
PAT001591,,,,,,,,,,,
PAT001592,,,,,,,,,,,
PAT001593,,,,,,,,,,,
PAT001594,,,,,,,,,,,
PAT001595,,,,,,,,,,,
PAT001596,,,,,,,,,,,
PAT001597,,,,,,,,,,,
PAT001598,,,,,,,,,,,
PAT001599,,,,,,,,,,,
PAT001600,,,,,,,,,,,
PAT001601,,,,,,,,,,,
PAT001602,,,,,,,,,,,
PAT001603,,,,,,,,,,,
PAT001604,,,,,,,,,,,
PAT001605,,,,,,,,,,,
PAT001606,,,,,,,,,,,
PAT001607,,,,,,,,,,,
PAT001608,,,,,,,,,,,
PAT001609,,,,,,,,,,,
PAT001610,,,,,,,,,,,
PAT001611,,,,,,,,,,,
PAT001612,,,,,,,,,,,
PAT001613,,,,,,,,,,,
PAT001614,,,,,,,,,,,
PAT001615,,,,,,,,,,,
PAT001616,,,,,,,,,,,
PAT001617,,,,,,,,,,,
PAT001618,,,,,,,,,,,
PAT001619,,,,,,,,,,,
PAT001620,,,,,,,,,,,
PAT001621,,,,,,,,,,,
PAT001622,,,,,,,,,,,
PAT001623,,,,,,,,,,,
PAT001624,,,,,,,,,,,
PAT001625,,,,,,,,,,,
PAT001626,,,,,,,,,,,
PAT001627,,,,,,,,,,,
PAT001628,,,,,,,,,,,
PAT001629,,,,,,,,,,,
PAT001630,,,,,,,,,,,
PAT001631,,,,,,,,,,,
PAT001632,,,,,,,,,,,
PAT001633,,,,,,,,,,,
PAT001634,,,,,,,,,,,
PAT001635,,,,,,,,,,,
PAT001636,,,,,,,,,,,
PAT001637,,,,,,,,,,,
PAT001638,,,,,,,,,,,
PAT001639,,,,,,,,,,,
PAT001640,,,,,,,,,,,
PAT001641,,,,,,,,,,,
PAT001642,,,,,,,,,,,
PAT001643,,,,,,,,,,,
PAT001644,,,,,,,,,,,
PAT001645,,,,,,,,,,,
PAT001646,,,,,,,,,,,
PAT001647,,,,,,,,,,,
PAT001648,,,,,,,,,,,
PAT001649,,,,,,,,,,,
PAT001650,,,,,,,,,,,
PAT001651,,,,,,,,,,,
PAT001652,,,,,,,,,,,
PAT001653,,,,,,,,,,,
PAT001654,,,,,,,,,,,
PAT001655,,,,,,,,,,,
PAT001656,,,,,,,,,,,
PAT001657,,,,,,,,,,,
PAT001658,,,,,,,,,,,
PAT001659,,,,,,,,,,,
PAT001660,,,,,,,,,,,
PAT001661,,,,,,,,,,,
PAT001662,,,,,,,,,,,
PAT001663,,,,,,,,,,,
PAT001664,,,,,,,,,,,
PAT001665,,,,,,,,,,,
PAT001666,,,,,,,,,,,
PAT001667,,,,,,,,,,,
PAT001668,,,,,,,,,,,
PAT001669,,,,,,,,,,,
PAT001670,,,,,,,,,,,
PAT001671,,,,,,,,,,,
PAT001672,,,,,,,,,,,
PAT001673,,,,,,,,,,,
PAT001674,,,,,,,,,,,
PAT001675,,,,,,,,,,,
PAT001676,,,,,,,,,,,
PAT001677,,,,,,,,,,,
PAT001678,,,,,,,,,,,
PAT001679,,,,,,,,,,,
PAT001680,,,,,,,,,,,
PAT001681,,,,,,,,,,,
PAT001682,,,,,,,,,,,
PAT001683,,,,,,,,,,,
PAT001684,,,,,,,,,,,
PAT001685,,,,,,,,,,,
PAT001686,,,,,,,,,,,
PAT001687,,,,,,,,,,,
PAT001688,,,,,,,,,,,
PAT001689,,,,,,,,,,,
PAT001690,,,,,,,,,,,
PAT001691,,,,,,,,,,,
PAT001692,,,,,,,,,,,
PAT001693,,,,,,,,,,,
PAT001694,,,,,,,,,,,
PAT001695,,,,,,,,,,,
PAT001696,,,,,,,,,,,
PAT001697,,,,,,,,,,,
PAT001698,,,,,,,,,,,
PAT001699,,,,,,,,,,,
PAT001700,,,,,,,,,,,
PAT001701,,,,,,,,,,,
PAT001702,,,,,,,,,,,
PAT001703,,,,,,,,,,,
PAT001704,,,,,,,,,,,
PAT001705,,,,,,,,,,,
PAT001706,,,,,,,,,,,
PAT001707,,,,,,,,,,,
PAT001708,,,,,,,,,,,
PAT001709,,,,,,,,,,,
PAT001710,,,,,,,,,,,
PAT001711,,,,,,,,,,,
PAT001712,,,,,,,,,,,
PAT001713,,,,,,,,,,,
PAT001714,,,,,,,,,,,
PAT001715,,,,,,,,,,,
PAT001716,,,,,,,,,,,
PAT001717,,,,,,,,,,,
PAT001718,,,,,,,,,,,
PAT001719,,,,,,,,,,,
PAT001720,,,,,,,,,,,
PAT001721,,,,,,,,,,,
PAT001722,,,,,,,,,,,
PAT001723,,,,,,,,,,,
PAT001724,,,,,,,,,,,
PAT001725,,,,,,,,,,,
PAT001726,,,,,,,,,,,
PAT001727,,,,,,,,,,,
PAT001728,,,,,,,,,,,
PAT001729,,,,,,,,,,,
PAT001730,,,,,,,,,,,
PAT001731,,,,,,,,,,,
PAT001732,,,,,,,,,,,
PAT001733,,,,,,,,,,,
PAT001734,,,,,,,,,,,
PAT001735,,,,,,,,,,,
PAT001736,,,,,,,,,,,
PAT001737,,,,,,,,,,,
PAT001738,,,,,,,,,,,
PAT001739,,,,,,,,,,,
PAT001740,,,,,,,,,,,
PAT001741,,,,,,,,,,,
PAT001742,,,,,,,,,,,
PAT001743,,,,,,,,,,,
PAT001744,,,,,,,,,,,
PAT001745,,,,,,,,,,,
PAT001746,,,,,,,,,,,
PAT001747,,,,,,,,,,,
PAT001748,,,,,,,,,,,
PAT001749,,,,,,,,,,,
PAT001750,,,,,,,,,,,
PAT001751,,,,,,,,,,,
PAT001752,,,,,,,,,,,
PAT001753,,,,,,,,,,,
PAT001754,,,,,,,,,,,
PAT001755,,,,,,,,,,,
PAT001756,,,,,,,,,,,
PAT001757,,,,,,,,,,,
PAT001758,,,,,,,,,,,
PAT001759,,,,,,,,,,,
PAT001760,,,,,,,,,,,
PAT001761,,,,,,,,,,,
PAT001762,,,,,,,,,,,
PAT001763,,,,,,,,,,,
PAT001764,,,,,,,,,,,
PAT001765,,,,,,,,,,,
PAT001766,,,,,,,,,,,
PAT001767,,,,,,,,,,,
PAT001768,,,,,,,,,,,
PAT001769,,,,,,,,,,,
PAT001770,,,,,,,,,,,
PAT001771,,,,,,,,,,,
PAT001772,,,,,,,,,,,
PAT001773,,,,,,,,,,,
PAT001774,,,,,,,,,,,
PAT001775,,,,,,,,,,,
PAT001776,,,,,,,,,,,
PAT001777,,,,,,,,,,,
PAT001778,,,,,,,,,,,
PAT001779,,,,,,,,,,,
PAT001780,,,,,,,,,,,
PAT001781,,,,,,,,,,,
PAT001782,,,,,,,,,,,
PAT001783,,,,,,,,,,,
PAT001784,,,,,,,,,,,
PAT001785,,,,,,,,,,,
PAT001786,,,,,,,,,,,
PAT001787,,,,,,,,,,,
PAT001788,,,,,,,,,,,
PAT001789,,,,,,,,,,,
PAT001790,,,,,,,,,,,
PAT001791,,,,,,,,,,,
PAT001792,,,,,,,,,,,
PAT001793,,,,,,,,,,,
PAT001794,,,,,,,,,,,
PAT001795,,,,,,,,,,,
PAT001796,,,,,,,,,,,
PAT001797,,,,,,,,,,,
PAT001798,,,,,,,,,,,
PAT001799,,,,,,,,,,,
PAT001800,,,,,,,,,,,
PAT001801,,,,,,,,,,,
PAT001802,,,,,,,,,,,
PAT001803,,,,,,,,,,,
PAT001804,,,,,,,,,,,
PAT001805,,,,,,,,,,,
PAT001806,,,,,,,,,,,
PAT001807,,,,,,,,,,,
PAT001808,,,,,,,,,,,
PAT001809,,,,,,,,,,,
PAT001810,,,,,,,,,,,
PAT001811,,,,,,,,,,,
PAT001812,,,,,,,,,,,
PAT001813,,,,,,,,,,,
PAT001814,,,,,,,,,,,
PAT001815,,,,,,,,,,,
PAT001816,,,,,,,,,,,
PAT001817,,,,,,,,,,,
PAT001818,,,,,,,,,,,
PAT001819,,,,,,,,,,,
PAT001820,,,,,,,,,,,
PAT001821,,,,,,,,,,,
PAT001822,,,,,,,,,,,
PAT001823,,,,,,,,,,,
PAT001824,,,,,,,,,,,
PAT001825,,,,,,,,,,,
PAT001826,,,,,,,,,,,
PAT001827,,,,,,,,,,,
PAT001828,,,,,,,,,,,
PAT001829,,,,,,,,,,,
PAT001830,,,,,,,,,,,
PAT001831,,,,,,,,,,,
PAT001832,,,,,,,,,,,
PAT001833,,,,,,,,,,,
PAT001834,,,,,,,,,,,
PAT001835,,,,,,,,,,,
PAT001836,,,,,,,,,,,
PAT001837,,,,,,,,,,,
PAT001838,,,,,,,,,,,
PAT001839,,,,,,,,,,,
PAT001840,,,,,,,,,,,
PAT001841,,,,,,,,,,,
PAT001842,,,,,,,,,,,
PAT001843,,,,,,,,,,,
PAT001844,,,,,,,,,,,
PAT001845,,,,,,,,,,,
PAT001846,,,,,,,,,,,
PAT001847,,,,,,,,,,,
PAT001848,,,,,,,,,,,
PAT001849,,,,,,,,,,,
PAT001850,,,,,,,,,,,
PAT001851,,,,,,,,,,,
PAT001852,,,,,,,,,,,
PAT001853,,,,,,,,,,,
PAT001854,,,,,,,,,,,
PAT001855,,,,,,,,,,,
PAT001856,,,,,,,,,,,
PAT001857,,,,,,,,,,,
PAT001858,,,,,,,,,,,
PAT001859,,,,,,,,,,,
PAT001860,,,,,,,,,,,
PAT001861,,,,,,,,,,,
PAT001862,,,,,,,,,,,
PAT001863,,,,,,,,,,,
PAT001864,,,,,,,,,,,
PAT001865,,,,,,,,,,,
PAT001866,,,,,,,,,,,
PAT001867,,,,,,,,,,,
PAT001868,,,,,,,,,,,
PAT001869,,,,,,,,,,,
PAT001870,,,,,,,,,,,
PAT001871,,,,,,,,,,,
PAT001872,,,,,,,,,,,
PAT001873,,,,,,,,,,,
PAT001874,,,,,,,,,,,
PAT001875,,,,,,,,,,,
PAT001876,,,,,,,,,,,
PAT001877,,,,,,,,,,,
PAT001878,,,,,,,,,,,
PAT001879,,,,,,,,,,,
PAT001880,,,,,,,,,,,
PAT001881,,,,,,,,,,,
PAT001882,,,,,,,,,,,
PAT001883,,,,,,,,,,,
PAT001884,,,,,,,,,,,
PAT001885,,,,,,,,,,,
PAT001886,,,,,,,,,,,
PAT001887,,,,,,,,,,,
PAT001888,,,,,,,,,,,
PAT001889,,,,,,,,,,,
PAT001890,,,,,,,,,,,
PAT001891,,,,,,,,,,,
PAT001892,,,,,,,,,,,
PAT001893,,,,,,,,,,,
PAT001894,,,,,,,,,,,
PAT001895,,,,,,,,,,,
PAT001896,,,,,,,,,,,
PAT001897,,,,,,,,,,,
PAT001898,,,,,,,,,,,
PAT001899,,,,,,,,,,,
PAT001900,,,,,,,,,,,
PAT001901,,,,,,,,,,,
PAT001902,,,,,,,,,,,
PAT001903,,,,,,,,,,,
PAT001904,,,,,,,,,,,
PAT001905,,,,,,,,,,,
PAT001906,,,,,,,,,,,
PAT001907,,,,,,,,,,,
PAT001908,,,,,,,,,,,
PAT001909,,,,,,,,,,,
PAT001910,,,,,,,,,,,
PAT001911,,,,,,,,,,,
PAT001912,,,,,,,,,,,
PAT001913,,,,,,,,,,,
PAT001914,,,,,,,,,,,
PAT001915,,,,,,,,,,,
PAT001916,,,,,,,,,,,
PAT001917,,,,,,,,,,,
PAT001918,,,,,,,,,,,
PAT001919,,,,,,,,,,,
PAT001920,,,,,,,,,,,
PAT001921,,,,,,,,,,,
PAT001922,,,,,,,,,,,
PAT001923,,,,,,,,,,,
PAT001924,,,,,,,,,,,
PAT001925,,,,,,,,,,,
PAT001926,,,,,,,,,,,
PAT001927,,,,,,,,,,,
PAT001928,,,,,,,,,,,
PAT001929,,,,,,,,,,,
PAT001930,,,,,,,,,,,
PAT001931,,,,,,,,,,,
PAT001932,,,,,,,,,,,
PAT001933,,,,,,,,,,,
PAT001934,,,,,,,,,,,
PAT001935,,,,,,,,,,,
PAT001936,,,,,,,,,,,
PAT001937,,,,,,,,,,,
PAT001938,,,,,,,,,,,
PAT001939,,,,,,,,,,,
PAT001940,,,,,,,,,,,
PAT001941,,,,,,,,,,,
PAT001942,,,,,,,,,,,
PAT001943,,,,,,,,,,,
PAT001944,,,,,,,,,,,
PAT001945,,,,,,,,,,,
PAT001946,,,,,,,,,,,
PAT001947,,,,,,,,,,,
PAT001948,,,,,,,,,,,
PAT001949,,,,,,,,,,,
PAT001950,,,,,,,,,,,
PAT001951,,,,,,,,,,,
PAT001952,,,,,,,,,,,
PAT001953,,,,,,,,,,,
PAT001954,,,,,,,,,,,
PAT001955,,,,,,,,,,,
PAT001956,,,,,,,,,,,
PAT001957,,,,,,,,,,,
PAT001958,,,,,,,,,,,
PAT001959,,,,,,,,,,,
PAT001960,,,,,,,,,,,
PAT001961,,,,,,,,,,,
PAT001962,,,,,,,,,,,
PAT001963,,,,,,,,,,,
PAT001964,,,,,,,,,,,
PAT001965,,,,,,,,,,,
PAT001966,,,,,,,,,,,
PAT001967,,,,,,,,,,,
PAT001968,,,,,,,,,,,
PAT001969,,,,,,,,,,,
PAT001970,,,,,,,,,,,
PAT001971,,,,,,,,,,,
PAT001972,,,,,,,,,,,
PAT001973,,,,,,,,,,,
PAT001974,,,,,,,,,,,
PAT001975,,,,,,,,,,,
PAT001976,,,,,,,,,,,
PAT001977,,,,,,,,,,,
PAT001978,,,,,,,,,,,
PAT001979,,,,,,,,,,,
PAT001980,,,,,,,,,,,
PAT001981,,,,,,,,,,,
PAT001982,,,,,,,,,,,
PAT001983,,,,,,,,,,,
PAT001984,,,,,,,,,,,
PAT001985,,,,,,,,,,,
PAT001986,,,,,,,,,,,
PAT001987,,,,,,,,,,,
PAT001988,,,,,,,,,,,
PAT001989,,,,,,,,,,,
PAT001990,,,,,,,,,,,
PAT001991,,,,,,,,,,,
PAT001992,,,,,,,,,,,
PAT001993,,,,,,,,,,,
PAT001994,,,,,,,,,,,
PAT001995,,,,,,,,,,,
PAT001996,,,,,,,,,,,
PAT001997,,,,,,,,,,,
PAT001998,,,,,,,,,,,
PAT001999,,,,,,,,,,,
PAT002000,,,,,,,,,,,
PAT002001,,,,,,,,,,,
PAT002002,,,,,,,,,,,
PAT002003,,,,,,,,,,,
PAT002004,,,,,,,,,,,
PAT002005,,,,,,,,,,,
PAT002006,,,,,,,,,,,
PAT002007,,,,,,,,,,,
PAT002008,,,,,,,,,,,
PAT002009,,,,,,,,,,,
PAT002010,,,,,,,,,,,
PAT002011,,,,,,,,,,,
PAT002012,,,,,,,,,,,
PAT002013,,,,,,,,,,,
PAT002014,,,,,,,,,,,
PAT002015,,,,,,,,,,,
PAT002016,,,,,,,,,,,
PAT002017,,,,,,,,,,,
PAT002018,,,,,,,,,,,
PAT002019,,,,,,,,,,,
PAT002020,,,,,,,,,,,
PAT002021,,,,,,,,,,,
PAT002022,,,,,,,,,,,
PAT002023,,,,,,,,,,,
PAT002024,,,,,,,,,,,
PAT002025,,,,,,,,,,,
PAT002026,,,,,,,,,,,
PAT002027,,,,,,,,,,,
PAT002028,,,,,,,,,,,
PAT002029,,,,,,,,,,,
PAT002030,,,,,,,,,,,
PAT002031,,,,,,,,,,,
PAT002032,,,,,,,,,,,
PAT002033,,,,,,,,,,,
PAT002034,,,,,,,,,,,
PAT002035,,,,,,,,,,,
PAT002036,,,,,,,,,,,
PAT002037,,,,,,,,,,,
PAT002038,,,,,,,,,,,
PAT002039,,,,,,,,,,,
PAT002040,,,,,,,,,,,
PAT002041,,,,,,,,,,,
PAT002042,,,,,,,,,,,
PAT002043,,,,,,,,,,,
PAT002044,,,,,,,,,,,
PAT002045,,,,,,,,,,,
PAT002046,,,,,,,,,,,
PAT002047,,,,,,,,,,,
PAT002048,,,,,,,,,,,
PAT002049,,,,,,,,,,,
PAT002050,,,,,,,,,,,
PAT002051,,,,,,,,,,,
PAT002052,,,,,,,,,,,
PAT002053,,,,,,,,,,,
PAT002054,,,,,,,,,,,
PAT002055,,,,,,,,,,,
PAT002056,,,,,,,,,,,
PAT002057,,,,,,,,,,,
PAT002058,,,,,,,,,,,
PAT002059,,,,,,,,,,,
PAT002060,,,,,,,,,,,
PAT002061,,,,,,,,,,,
PAT002062,,,,,,,,,,,
PAT002063,,,,,,,,,,,
PAT002064,,,,,,,,,,,
PAT002065,,,,,,,,,,,
PAT002066,,,,,,,,,,,
PAT002067,,,,,,,,,,,
PAT002068,,,,,,,,,,,
PAT002069,,,,,,,,,,,
PAT002070,,,,,,,,,,,
PAT002071,,,,,,,,,,,
PAT002072,,,,,,,,,,,
PAT002073,,,,,,,,,,,
PAT002074,,,,,,,,,,,
PAT002075,,,,,,,,,,,
PAT002076,,,,,,,,,,,
PAT002077,,,,,,,,,,,
PAT002078,,,,,,,,,,,
PAT002079,,,,,,,,,,,
PAT002080,,,,,,,,,,,
PAT002081,,,,,,,,,,,
PAT002082,,,,,,,,,,,
PAT002083,,,,,,,,,,,
PAT002084,,,,,,,,,,,
PAT002085,,,,,,,,,,,
PAT002086,,,,,,,,,,,
PAT002087,,,,,,,,,,,
PAT002088,,,,,,,,,,,
PAT002089,,,,,,,,,,,
PAT002090,,,,,,,,,,,
PAT002091,,,,,,,,,,,
PAT002092,,,,,,,,,,,
PAT002093,,,,,,,,,,,
PAT002094,,,,,,,,,,,
PAT002095,,,,,,,,,,,
PAT002096,,,,,,,,,,,
PAT002097,,,,,,,,,,,
PAT002098,,,,,,,,,,,
PAT002099,,,,,,,,,,,
PAT002100,,,,,,,,,,,
PAT002101,,,,,,,,,,,
PAT002102,,,,,,,,,,,
PAT002103,,,,,,,,,,,
PAT002104,,,,,,,,,,,
PAT002105,,,,,,,,,,,
PAT002106,,,,,,,,,,,
PAT002107,,,,,,,,,,,
PAT002108,,,,,,,,,,,
PAT002109,,,,,,,,,,,
PAT002110,,,,,,,,,,,
PAT002111,,,,,,,,,,,
PAT002112,,,,,,,,,,,
PAT002113,,,,,,,,,,,
PAT002114,,,,,,,,,,,
PAT002115,,,,,,,,,,,
PAT002116,,,,,,,,,,,
PAT002117,,,,,,,,,,,
PAT002118,,,,,,,,,,,
PAT002119,,,,,,,,,,,
PAT002120,,,,,,,,,,,
PAT002121,,,,,,,,,,,
PAT002122,,,,,,,,,,,
PAT002123,,,,,,,,,,,
PAT002124,,,,,,,,,,,
PAT002125,,,,,,,,,,,
PAT002126,,,,,,,,,,,
PAT002127,,,,,,,,,,,
PAT002128,,,,,,,,,,,
PAT002129,,,,,,,,,,,
PAT002130,,,,,,,,,,,
PAT002131,,,,,,,,,,,
PAT002132,,,,,,,,,,,
PAT002133,,,,,,,,,,,
PAT002134,,,,,,,,,,,
PAT002135,,,,,,,,,,,
PAT002136,,,,,,,,,,,
PAT002137,,,,,,,,,,,
PAT002138,,,,,,,,,,,
PAT002139,,,,,,,,,,,
PAT002140,,,,,,,,,,,
PAT002141,,,,,,,,,,,
PAT002142,,,,,,,,,,,
PAT002143,,,,,,,,,,,
PAT002144,,,,,,,,,,,
PAT002145,,,,,,,,,,,
PAT002146,,,,,,,,,,,
PAT002147,,,,,,,,,,,
PAT002148,,,,,,,,,,,
PAT002149,,,,,,,,,,,
PAT002150,,,,,,,,,,,
PAT002151,,,,,,,,,,,
PAT002152,,,,,,,,,,,
PAT002153,,,,,,,,,,,
PAT002154,,,,,,,,,,,
PAT002155,,,,,,,,,,,
PAT002156,,,,,,,,,,,
PAT002157,,,,,,,,,,,
PAT002158,,,,,,,,,,,
PAT002159,,,,,,,,,,,
PAT002160,,,,,,,,,,,
PAT002161,,,,,,,,,,,
PAT002162,,,,,,,,,,,
PAT002163,,,,,,,,,,,
PAT002164,,,,,,,,,,,
PAT002165,,,,,,,,,,,
PAT002166,,,,,,,,,,,
PAT002167,,,,,,,,,,,
PAT002168,,,,,,,,,,,
PAT002169,,,,,,,,,,,
PAT002170,,,,,,,,,,,
PAT002171,,,,,,,,,,,
PAT002172,,,,,,,,,,,
PAT002173,,,,,,,,,,,
PAT002174,,,,,,,,,,,
PAT002175,,,,,,,,,,,
PAT002176,,,,,,,,,,,
PAT002177,,,,,,,,,,,
PAT002178,,,,,,,,,,,
PAT002179,,,,,,,,,,,
PAT002180,,,,,,,,,,,
PAT002181,,,,,,,,,,,
PAT002182,,,,,,,,,,,
PAT002183,,,,,,,,,,,
PAT002184,,,,,,,,,,,
PAT002185,,,,,,,,,,,
PAT002186,,,,,,,,,,,
PAT002187,,,,,,,,,,,
PAT002188,,,,,,,,,,,
PAT002189,,,,,,,,,,,
PAT002190,,,,,,,,,,,
PAT002191,,,,,,,,,,,
PAT002192,,,,,,,,,,,
PAT002193,,,,,,,,,,,
PAT002194,,,,,,,,,,,
PAT002195,,,,,,,,,,,
PAT002196,,,,,,,,,,,
PAT002197,,,,,,,,,,,
PAT002198,,,,,,,,,,,
PAT002199,,,,,,,,,,,
PAT002200,,,,,,,,,,,
PAT002201,,,,,,,,,,,
PAT002202,,,,,,,,,,,
PAT002203,,,,,,,,,,,
PAT002204,,,,,,,,,,,
PAT002205,,,,,,,,,,,
PAT002206,,,,,,,,,,,
PAT002207,,,,,,,,,,,
PAT002208,,,,,,,,,,,
PAT002209,,,,,,,,,,,
PAT002210,,,,,,,,,,,
PAT002211,,,,,,,,,,,
PAT002212,,,,,,,,,,,
PAT002213,,,,,,,,,,,
PAT002214,,,,,,,,,,,
PAT002215,,,,,,,,,,,
PAT002216,,,,,,,,,,,
PAT002217,,,,,,,,,,,
PAT002218,,,,,,,,,,,
PAT002219,,,,,,,,,,,
PAT002220,,,,,,,,,,,
PAT002221,,,,,,,,,,,
PAT002222,,,,,,,,,,,
PAT002223,,,,,,,,,,,
PAT002224,,,,,,,,,,,
PAT002225,,,,,,,,,,,
PAT002226,,,,,,,,,,,
PAT002227,,,,,,,,,,,
PAT002228,,,,,,,,,,,
PAT002229,,,,,,,,,,,
PAT002230,,,,,,,,,,,
PAT002231,,,,,,,,,,,
PAT002232,,,,,,,,,,,
PAT002233,,,,,,,,,,,
PAT002234,,,,,,,,,,,
PAT002235,,,,,,,,,,,
PAT002236,,,,,,,,,,,
PAT002237,,,,,,,,,,,
PAT002238,,,,,,,,,,,
PAT002239,,,,,,,,,,,
PAT002240,,,,,,,,,,,
PAT002241,,,,,,,,,,,
PAT002242,,,,,,,,,,,
PAT002243,,,,,,,,,,,
PAT002244,,,,,,,,,,,
PAT002245,,,,,,,,,,,
PAT002246,,,,,,,,,,,
PAT002247,,,,,,,,,,,
PAT002248,,,,,,,,,,,
PAT002249,,,,,,,,,,,
PAT002250,,,,,,,,,,,
PAT002251,,,,,,,,,,,
PAT002252,,,,,,,,,,,
PAT002253,,,,,,,,,,,
PAT002254,,,,,,,,,,,
PAT002255,,,,,,,,,,,
PAT002256,,,,,,,,,,,
PAT002257,,,,,,,,,,,
PAT002258,,,,,,,,,,,
PAT002259,,,,,,,,,,,
PAT002260,,,,,,,,,,,
PAT002261,,,,,,,,,,,
PAT002262,,,,,,,,,,,
PAT002263,,,,,,,,,,,
PAT002264,,,,,,,,,,,
PAT002265,,,,,,,,,,,
PAT002266,,,,,,,,,,,
PAT002267,,,,,,,,,,,
PAT002268,,,,,,,,,,,
PAT002269,,,,,,,,,,,
PAT002270,,,,,,,,,,,
PAT002271,,,,,,,,,,,
PAT002272,,,,,,,,,,,
PAT002273,,,,,,,,,,,
PAT002274,,,,,,,,,,,
PAT002275,,,,,,,,,,,
PAT002276,,,,,,,,,,,
PAT002277,,,,,,,,,,,
PAT002278,,,,,,,,,,,
PAT002279,,,,,,,,,,,
PAT002280,,,,,,,,,,,
PAT002281,,,,,,,,,,,
PAT002282,,,,,,,,,,,
PAT002283,,,,,,,,,,,
PAT002284,,,,,,,,,,,
PAT002285,,,,,,,,,,,
PAT002286,,,,,,,,,,,
PAT002287,,,,,,,,,,,
PAT002288,,,,,,,,,,,
PAT002289,,,,,,,,,,,
PAT002290,,,,,,,,,,,
PAT002291,,,,,,,,,,,
PAT002292,,,,,,,,,,,
PAT002293,,,,,,,,,,,
PAT002294,,,,,,,,,,,
PAT002295,,,,,,,,,,,
PAT002296,,,,,,,,,,,
PAT002297,,,,,,,,,,,
PAT002298,,,,,,,,,,,
PAT002299,,,,,,,,,,,
PAT002300,,,,,,,,,,,
PAT002301,,,,,,,,,,,
PAT002302,,,,,,,,,,,
PAT002303,,,,,,,,,,,
PAT002304,,,,,,,,,,,
PAT002305,,,,,,,,,,,
PAT002306,,,,,,,,,,,
PAT002307,,,,,,,,,,,
PAT002308,,,,,,,,,,,
PAT002309,,,,,,,,,,,
PAT002310,,,,,,,,,,,
PAT002311,,,,,,,,,,,
PAT002312,,,,,,,,,,,
PAT002313,,,,,,,,,,,
PAT002314,,,,,,,,,,,
PAT002315,,,,,,,,,,,
PAT002316,,,,,,,,,,,
PAT002317,,,,,,,,,,,
PAT002318,,,,,,,,,,,
PAT002319,,,,,,,,,,,
PAT002320,,,,,,,,,,,
PAT002321,,,,,,,,,,,
PAT002322,,,,,,,,,,,
PAT002323,,,,,,,,,,,
PAT002324,,,,,,,,,,,
PAT002325,,,,,,,,,,,
PAT002326,,,,,,,,,,,
PAT002327,,,,,,,,,,,
PAT002328,,,,,,,,,,,
PAT002329,,,,,,,,,,,
PAT002330,,,,,,,,,,,
PAT002331,,,,,,,,,,,
PAT002332,,,,,,,,,,,
PAT002333,,,,,,,,,,,
PAT002334,,,,,,,,,,,
PAT002335,,,,,,,,,,,
PAT002336,,,,,,,,,,,
PAT002337,,,,,,,,,,,
PAT002338,,,,,,,,,,,
PAT002339,,,,,,,,,,,
PAT002340,,,,,,,,,,,
PAT002341,,,,,,,,,,,
PAT002342,,,,,,,,,,,
PAT002343,,,,,,,,,,,
PAT002344,,,,,,,,,,,
PAT002345,,,,,,,,,,,
PAT002346,,,,,,,,,,,
PAT002347,,,,,,,,,,,
PAT002348,,,,,,,,,,,
PAT002349,,,,,,,,,,,
PAT002350,,,,,,,,,,,
PAT002351,,,,,,,,,,,
PAT002352,,,,,,,,,,,
PAT002353,,,,,,,,,,,
PAT002354,,,,,,,,,,,
PAT002355,,,,,,,,,,,
PAT002356,,,,,,,,,,,
PAT002357,,,,,,,,,,,
PAT002358,,,,,,,,,,,
PAT002359,,,,,,,,,,,
PAT002360,,,,,,,,,,,
PAT002361,,,,,,,,,,,
PAT002362,,,,,,,,,,,
PAT002363,,,,,,,,,,,
PAT002364,,,,,,,,,,,
PAT002365,,,,,,,,,,,
PAT002366,,,,,,,,,,,
PAT002367,,,,,,,,,,,
PAT002368,,,,,,,,,,,
PAT002369,,,,,,,,,,,
PAT002370,,,,,,,,,,,
PAT002371,,,,,,,,,,,
PAT002372,,,,,,,,,,,
PAT002373,,,,,,,,,,,
PAT002374,,,,,,,,,,,
PAT002375,,,,,,,,,,,
PAT002376,,,,,,,,,,,
PAT002377,,,,,,,,,,,
PAT002378,,,,,,,,,,,
PAT002379,,,,,,,,,,,
PAT002380,,,,,,,,,,,
PAT002381,,,,,,,,,,,
PAT002382,,,,,,,,,,,
PAT002383,,,,,,,,,,,
PAT002384,,,,,,,,,,,
PAT002385,,,,,,,,,,,
PAT002386,,,,,,,,,,,
PAT002387,,,,,,,,,,,
PAT002388,,,,,,,,,,,
PAT002389,,,,,,,,,,,
PAT002390,,,,,,,,,,,
PAT002391,,,,,,,,,,,
PAT002392,,,,,,,,,,,
PAT002393,,,,,,,,,,,
PAT002394,,,,,,,,,,,
PAT002395,,,,,,,,,,,
PAT002396,,,,,,,,,,,
PAT002397,,,,,,,,,,,
PAT002398,,,,,,,,,,,
PAT002399,,,,,,,,,,,
PAT002400,,,,,,,,,,,
PAT002401,,,,,,,,,,,
PAT002402,,,,,,,,,,,
PAT002403,,,,,,,,,,,
PAT002404,,,,,,,,,,,
PAT002405,,,,,,,,,,,
PAT002406,,,,,,,,,,,
PAT002407,,,,,,,,,,,
PAT002408,,,,,,,,,,,
PAT002409,,,,,,,,,,,
PAT002410,,,,,,,,,,,
PAT002411,,,,,,,,,,,
PAT002412,,,,,,,,,,,
PAT002413,,,,,,,,,,,
PAT002414,,,,,,,,,,,
PAT002415,,,,,,,,,,,
PAT002416,,,,,,,,,,,
PAT002417,,,,,,,,,,,
PAT002418,,,,,,,,,,,
PAT002419,,,,,,,,,,,
PAT002420,,,,,,,,,,,
PAT002421,,,,,,,,,,,
PAT002422,,,,,,,,,,,
PAT002423,,,,,,,,,,,
PAT002424,,,,,,,,,,,
PAT002425,,,,,,,,,,,
PAT002426,,,,,,,,,,,
PAT002427,,,,,,,,,,,
PAT002428,,,,,,,,,,,
PAT002429,,,,,,,,,,,
PAT002430,,,,,,,,,,,
PAT002431,,,,,,,,,,,
PAT002432,,,,,,,,,,,
PAT002433,,,,,,,,,,,
PAT002434,,,,,,,,,,,
PAT002435,,,,,,,,,,,
PAT002436,,,,,,,,,,,
PAT002437,,,,,,,,,,,
PAT002438,,,,,,,,,,,
PAT002439,,,,,,,,,,,
PAT002440,,,,,,,,,,,
PAT002441,,,,,,,,,,,
PAT002442,,,,,,,,,,,
PAT002443,,,,,,,,,,,
PAT002444,,,,,,,,,,,
PAT002445,,,,,,,,,,,
PAT002446,,,,,,,,,,,
PAT002447,,,,,,,,,,,
PAT002448,,,,,,,,,,,
PAT002449,,,,,,,,,,,
PAT002450,,,,,,,,,,,
PAT002451,,,,,,,,,,,
PAT002452,,,,,,,,,,,
PAT002453,,,,,,,,,,,
PAT002454,,,,,,,,,,,
PAT002455,,,,,,,,,,,
PAT002456,,,,,,,,,,,
PAT002457,,,,,,,,,,,
PAT002458,,,,,,,,,,,
PAT002459,,,,,,,,,,,
PAT002460,,,,,,,,,,,
PAT002461,,,,,,,,,,,
PAT002462,,,,,,,,,,,
PAT002463,,,,,,,,,,,
PAT002464,,,,,,,,,,,
PAT002465,,,,,,,,,,,
PAT002466,,,,,,,,,,,
PAT002467,,,,,,,,,,,
PAT002468,,,,,,,,,,,
PAT002469,,,,,,,,,,,
PAT002470,,,,,,,,,,,
PAT002471,,,,,,,,,,,
PAT002472,,,,,,,,,,,
PAT002473,,,,,,,,,,,
PAT002474,,,,,,,,,,,
PAT002475,,,,,,,,,,,
PAT002476,,,,,,,,,,,
PAT002477,,,,,,,,,,,
PAT002478,,,,,,,,,,,
PAT002479,,,,,,,,,,,
PAT002480,,,,,,,,,,,
PAT002481,,,,,,,,,,,
PAT002482,,,,,,,,,,,
PAT002483,,,,,,,,,,,
PAT002484,,,,,,,,,,,
PAT002485,,,,,,,,,,,
PAT002486,,,,,,,,,,,
PAT002487,,,,,,,,,,,
PAT002488,,,,,,,,,,,
PAT002489,,,,,,,,,,,
PAT002490,,,,,,,,,,,
PAT002491,,,,,,,,,,,
PAT002492,,,,,,,,,,,
PAT002493,,,,,,,,,,,
PAT002494,,,,,,,,,,,
PAT002495,,,,,,,,,,,
PAT002496,,,,,,,,,,,
PAT002497,,,,,,,,,,,
PAT002498,,,,,,,,,,,
PAT002499,,,,,,,,,,,
PAT002500,,,,,,,,,,,
PAT002501,,,,,,,,,,,
PAT002502,,,,,,,,,,,
PAT002503,,,,,,,,,,,
PAT002504,,,,,,,,,,,
PAT002505,,,,,,,,,,,
PAT002506,,,,,,,,,,,
PAT002507,,,,,,,,,,,
PAT002508,,,,,,,,,,,
PAT002509,,,,,,,,,,,
PAT002510,,,,,,,,,,,
PAT002511,,,,,,,,,,,
PAT002512,,,,,,,,,,,
PAT002513,,,,,,,,,,,
PAT002514,,,,,,,,,,,
PAT002515,,,,,,,,,,,
PAT002516,,,,,,,,,,,
PAT002517,,,,,,,,,,,
PAT002518,,,,,,,,,,,
PAT002519,,,,,,,,,,,
PAT002520,,,,,,,,,,,
PAT002521,,,,,,,,,,,
PAT002522,,,,,,,,,,,
PAT002523,,,,,,,,,,,
PAT002524,,,,,,,,,,,
PAT002525,,,,,,,,,,,
PAT002526,,,,,,,,,,,
PAT002527,,,,,,,,,,,
PAT002528,,,,,,,,,,,
PAT002529,,,,,,,,,,,
PAT002530,,,,,,,,,,,
PAT002531,,,,,,,,,,,
PAT002532,,,,,,,,,,,
PAT002533,,,,,,,,,,,
PAT002534,,,,,,,,,,,
PAT002535,,,,,,,,,,,
PAT002536,,,,,,,,,,,
PAT002537,,,,,,,,,,,
PAT002538,,,,,,,,,,,
PAT002539,,,,,,,,,,,
PAT002540,,,,,,,,,,,
PAT002541,,,,,,,,,,,
PAT002542,,,,,,,,,,,
PAT002543,,,,,,,,,,,
PAT002544,,,,,,,,,,,
PAT002545,,,,,,,,,,,
PAT002546,,,,,,,,,,,
PAT002547,,,,,,,,,,,
PAT002548,,,,,,,,,,,
PAT002549,,,,,,,,,,,
PAT002550,,,,,,,,,,,
PAT002551,,,,,,,,,,,
PAT002552,,,,,,,,,,,
PAT002553,,,,,,,,,,,
PAT002554,,,,,,,,,,,
PAT002555,,,,,,,,,,,
PAT002556,,,,,,,,,,,
PAT002557,,,,,,,,,,,
PAT002558,,,,,,,,,,,
PAT002559,,,,,,,,,,,
PAT002560,,,,,,,,,,,
PAT002561,,,,,,,,,,,
PAT002562,,,,,,,,,,,
PAT002563,,,,,,,,,,,
PAT002564,,,,,,,,,,,
PAT002565,,,,,,,,,,,
PAT002566,,,,,,,,,,,
PAT002567,,,,,,,,,,,
PAT002568,,,,,,,,,,,
PAT002569,,,,,,,,,,,
PAT002570,,,,,,,,,,,
PAT002571,,,,,,,,,,,
PAT002572,,,,,,,,,,,
PAT002573,,,,,,,,,,,
PAT002574,,,,,,,,,,,
PAT002575,,,,,,,,,,,
PAT002576,,,,,,,,,,,
PAT002577,,,,,,,,,,,
PAT002578,,,,,,,,,,,
PAT002579,,,,,,,,,,,
PAT002580,,,,,,,,,,,
PAT002581,,,,,,,,,,,
PAT002582,,,,,,,,,,,
PAT002583,,,,,,,,,,,
PAT002584,,,,,,,,,,,
PAT002585,,,,,,,,,,,
PAT002586,,,,,,,,,,,
PAT002587,,,,,,,,,,,
PAT002588,,,,,,,,,,,
PAT002589,,,,,,,,,,,
PAT002590,,,,,,,,,,,
PAT002591,,,,,,,,,,,
PAT002592,,,,,,,,,,,
PAT002593,,,,,,,,,,,
PAT002594,,,,,,,,,,,
PAT002595,,,,,,,,,,,
PAT002596,,,,,,,,,,,
PAT002597,,,,,,,,,,,
PAT002598,,,,,,,,,,,
PAT002599,,,,,,,,,,,
PAT002600,,,,,,,,,,,
PAT002601,,,,,,,,,,,
PAT002602,,,,,,,,,,,
PAT002603,,,,,,,,,,,
PAT002604,,,,,,,,,,,
PAT002605,,,,,,,,,,,
PAT002606,,,,,,,,,,,
PAT002607,,,,,,,,,,,
PAT002608,,,,,,,,,,,
PAT002609,,,,,,,,,,,
PAT002610,,,,,,,,,,,
PAT002611,,,,,,,,,,,
PAT002612,,,,,,,,,,,
PAT002613,,,,,,,,,,,
PAT002614,,,,,,,,,,,
PAT002615,,,,,,,,,,,
PAT002616,,,,,,,,,,,
PAT002617,,,,,,,,,,,
PAT002618,,,,,,,,,,,
PAT002619,,,,,,,,,,,
PAT002620,,,,,,,,,,,
PAT002621,,,,,,,,,,,
PAT002622,,,,,,,,,,,
PAT002623,,,,,,,,,,,
PAT002624,,,,,,,,,,,
PAT002625,,,,,,,,,,,
PAT002626,,,,,,,,,,,
PAT002627,,,,,,,,,,,
PAT002628,,,,,,,,,,,
PAT002629,,,,,,,,,,,
PAT002630,,,,,,,,,,,
PAT002631,,,,,,,,,,,
PAT002632,,,,,,,,,,,
PAT002633,,,,,,,,,,,
PAT002634,,,,,,,,,,,
PAT002635,,,,,,,,,,,
PAT002636,,,,,,,,,,,
PAT002637,,,,,,,,,,,
PAT002638,,,,,,,,,,,
PAT002639,,,,,,,,,,,
PAT002640,,,,,,,,,,,
PAT002641,,,,,,,,,,,
PAT002642,,,,,,,,,,,
PAT002643,,,,,,,,,,,
PAT002644,,,,,,,,,,,
PAT002645,,,,,,,,,,,
PAT002646,,,,,,,,,,,
PAT002647,,,,,,,,,,,
PAT002648,,,,,,,,,,,
PAT002649,,,,,,,,,,,
PAT002650,,,,,,,,,,,
PAT002651,,,,,,,,,,,
PAT002652,,,,,,,,,,,
PAT002653,,,,,,,,,,,
PAT002654,,,,,,,,,,,
PAT002655,,,,,,,,,,,
PAT002656,,,,,,,,,,,
PAT002657,,,,,,,,,,,
PAT002658,,,,,,,,,,,
PAT002659,,,,,,,,,,,
PAT002660,,,,,,,,,,,
PAT002661,,,,,,,,,,,
PAT002662,,,,,,,,,,,
PAT002663,,,,,,,,,,,
PAT002664,,,,,,,,,,,
PAT002665,,,,,,,,,,,
PAT002666,,,,,,,,,,,
PAT002667,,,,,,,,,,,
PAT002668,,,,,,,,,,,
PAT002669,,,,,,,,,,,
PAT002670,,,,,,,,,,,
PAT002671,,,,,,,,,,,
PAT002672,,,,,,,,,,,
PAT002673,,,,,,,,,,,
PAT002674,,,,,,,,,,,
PAT002675,,,,,,,,,,,
PAT002676,,,,,,,,,,,
PAT002677,,,,,,,,,,,
PAT002678,,,,,,,,,,,
PAT002679,,,,,,,,,,,
PAT002680,,,,,,,,,,,
PAT002681,,,,,,,,,,,
PAT002682,,,,,,,,,,,
PAT002683,,,,,,,,,,,
PAT002684,,,,,,,,,,,
PAT002685,,,,,,,,,,,
PAT002686,,,,,,,,,,,
PAT002687,,,,,,,,,,,
PAT002688,,,,,,,,,,,
PAT002689,,,,,,,,,,,
PAT002690,,,,,,,,,,,
PAT002691,,,,,,,,,,,
PAT002692,,,,,,,,,,,
PAT002693,,,,,,,,,,,
PAT002694,,,,,,,,,,,
PAT002695,,,,,,,,,,,
PAT002696,,,,,,,,,,,
PAT002697,,,,,,,,,,,
PAT002698,,,,,,,,,,,
PAT002699,,,,,,,,,,,
PAT002700,,,,,,,,,,,
PAT002701,,,,,,,,,,,
PAT002702,,,,,,,,,,,
PAT002703,,,,,,,,,,,
PAT002704,,,,,,,,,,,
PAT002705,,,,,,,,,,,
PAT002706,,,,,,,,,,,
PAT002707,,,,,,,,,,,
PAT002708,,,,,,,,,,,
PAT002709,,,,,,,,,,,
PAT002710,,,,,,,,,,,
PAT002711,,,,,,,,,,,
PAT002712,,,,,,,,,,,
PAT002713,,,,,,,,,,,
PAT002714,,,,,,,,,,,
PAT002715,,,,,,,,,,,
PAT002716,,,,,,,,,,,
PAT002717,,,,,,,,,,,
PAT002718,,,,,,,,,,,
PAT002719,,,,,,,,,,,
PAT002720,,,,,,,,,,,
PAT002721,,,,,,,,,,,
PAT002722,,,,,,,,,,,
PAT002723,,,,,,,,,,,
PAT002724,,,,,,,,,,,
PAT002725,,,,,,,,,,,
PAT002726,,,,,,,,,,,
PAT002727,,,,,,,,,,,
PAT002728,,,,,,,,,,,
PAT002729,,,,,,,,,,,
PAT002730,,,,,,,,,,,
PAT002731,,,,,,,,,,,
PAT002732,,,,,,,,,,,
PAT002733,,,,,,,,,,,
PAT002734,,,,,,,,,,,
PAT002735,,,,,,,,,,,
PAT002736,,,,,,,,,,,
PAT002737,,,,,,,,,,,
PAT002738,,,,,,,,,,,
PAT002739,,,,,,,,,,,
PAT002740,,,,,,,,,,,
PAT002741,,,,,,,,,,,
PAT002742,,,,,,,,,,,
PAT002743,,,,,,,,,,,
PAT002744,,,,,,,,,,,
PAT002745,,,,,,,,,,,
PAT002746,,,,,,,,,,,
PAT002747,,,,,,,,,,,
PAT002748,,,,,,,,,,,
PAT002749,,,,,,,,,,,
PAT002750,,,,,,,,,,,
PAT002751,,,,,,,,,,,
PAT002752,,,,,,,,,,,
PAT002753,,,,,,,,,,,
PAT002754,,,,,,,,,,,
PAT002755,,,,,,,,,,,
PAT002756,,,,,,,,,,,
PAT002757,,,,,,,,,,,
PAT002758,,,,,,,,,,,
PAT002759,,,,,,,,,,,
PAT002760,,,,,,,,,,,
PAT002761,,,,,,,,,,,
PAT002762,,,,,,,,,,,
PAT002763,,,,,,,,,,,
PAT002764,,,,,,,,,,,
PAT002765,,,,,,,,,,,
PAT002766,,,,,,,,,,,
PAT002767,,,,,,,,,,,
PAT002768,,,,,,,,,,,
PAT002769,,,,,,,,,,,
PAT002770,,,,,,,,,,,
PAT002771,,,,,,,,,,,
PAT002772,,,,,,,,,,,
PAT002773,,,,,,,,,,,
PAT002774,,,,,,,,,,,
PAT002775,,,,,,,,,,,
PAT002776,,,,,,,,,,,
PAT002777,,,,,,,,,,,
PAT002778,,,,,,,,,,,
PAT002779,,,,,,,,,,,
PAT002780,,,,,,,,,,,
PAT002781,,,,,,,,,,,
PAT002782,,,,,,,,,,,
PAT002783,,,,,,,,,,,
PAT002784,,,,,,,,,,,
PAT002785,,,,,,,,,,,
PAT002786,,,,,,,,,,,
PAT002787,,,,,,,,,,,
PAT002788,,,,,,,,,,,
PAT002789,,,,,,,,,,,
PAT002790,,,,,,,,,,,
PAT002791,,,,,,,,,,,
PAT002792,,,,,,,,,,,
PAT002793,,,,,,,,,,,
PAT002794,,,,,,,,,,,
PAT002795,,,,,,,,,,,
PAT002796,,,,,,,,,,,
PAT002797,,,,,,,,,,,
PAT002798,,,,,,,,,,,
PAT002799,,,,,,,,,,,
PAT002800,,,,,,,,,,,
PAT002801,,,,,,,,,,,
PAT002802,,,,,,,,,,,
PAT002803,,,,,,,,,,,
PAT002804,,,,,,,,,,,
PAT002805,,,,,,,,,,,
PAT002806,,,,,,,,,,,
PAT002807,,,,,,,,,,,
PAT002808,,,,,,,,,,,
PAT002809,,,,,,,,,,,
PAT002810,,,,,,,,,,,
PAT002811,,,,,,,,,,,
PAT002812,,,,,,,,,,,
PAT002813,,,,,,,,,,,
PAT002814,,,,,,,,,,,
PAT002815,,,,,,,,,,,
PAT002816,,,,,,,,,,,
PAT002817,,,,,,,,,,,
PAT002818,,,,,,,,,,,
PAT002819,,,,,,,,,,,
PAT002820,,,,,,,,,,,
PAT002821,,,,,,,,,,,
PAT002822,,,,,,,,,,,
PAT002823,,,,,,,,,,,
PAT002824,,,,,,,,,,,
PAT002825,,,,,,,,,,,
PAT002826,,,,,,,,,,,
PAT002827,,,,,,,,,,,
PAT002828,,,,,,,,,,,
PAT002829,,,,,,,,,,,
PAT002830,,,,,,,,,,,
PAT002831,,,,,,,,,,,
PAT002832,,,,,,,,,,,
PAT002833,,,,,,,,,,,
PAT002834,,,,,,,,,,,
PAT002835,,,,,,,,,,,
PAT002836,,,,,,,,,,,
PAT002837,,,,,,,,,,,
PAT002838,,,,,,,,,,,
PAT002839,,,,,,,,,,,
PAT002840,,,,,,,,,,,
PAT002841,,,,,,,,,,,
PAT002842,,,,,,,,,,,
PAT002843,,,,,,,,,,,
PAT002844,,,,,,,,,,,
PAT002845,,,,,,,,,,,
PAT002846,,,,,,,,,,,
PAT002847,,,,,,,,,,,
PAT002848,,,,,,,,,,,
PAT002849,,,,,,,,,,,
PAT002850,,,,,,,,,,,
PAT002851,,,,,,,,,,,
PAT002852,,,,,,,,,,,
PAT002853,,,,,,,,,,,
PAT002854,,,,,,,,,,,
PAT002855,,,,,,,,,,,
PAT002856,,,,,,,,,,,
PAT002857,,,,,,,,,,,
PAT002858,,,,,,,,,,,
PAT002859,,,,,,,,,,,
PAT002860,,,,,,,,,,,
PAT002861,,,,,,,,,,,
PAT002862,,,,,,,,,,,
PAT002863,,,,,,,,,,,
PAT002864,,,,,,,,,,,
PAT002865,,,,,,,,,,,
PAT002866,,,,,,,,,,,
PAT002867,,,,,,,,,,,
PAT002868,,,,,,,,,,,
PAT002869,,,,,,,,,,,
PAT002870,,,,,,,,,,,
PAT002871,,,,,,,,,,,
PAT002872,,,,,,,,,,,
PAT002873,,,,,,,,,,,
PAT002874,,,,,,,,,,,
PAT002875,,,,,,,,,,,
PAT002876,,,,,,,,,,,
PAT002877,,,,,,,,,,,
PAT002878,,,,,,,,,,,
PAT002879,,,,,,,,,,,
PAT002880,,,,,,,,,,,
PAT002881,,,,,,,,,,,
PAT002882,,,,,,,,,,,
PAT002883,,,,,,,,,,,
PAT002884,,,,,,,,,,,
PAT002885,,,,,,,,,,,
PAT002886,,,,,,,,,,,
PAT002887,,,,,,,,,,,
PAT002888,,,,,,,,,,,
PAT002889,,,,,,,,,,,
PAT002890,,,,,,,,,,,
PAT002891,,,,,,,,,,,
PAT002892,,,,,,,,,,,
PAT002893,,,,,,,,,,,
PAT002894,,,,,,,,,,,
PAT002895,,,,,,,,,,,
PAT002896,,,,,,,,,,,
PAT002897,,,,,,,,,,,
PAT002898,,,,,,,,,,,
PAT002899,,,,,,,,,,,
PAT002900,,,,,,,,,,,
PAT002901,,,,,,,,,,,
PAT002902,,,,,,,,,,,
PAT002903,,,,,,,,,,,
PAT002904,,,,,,,,,,,
PAT002905,,,,,,,,,,,
PAT002906,,,,,,,,,,,
PAT002907,,,,,,,,,,,
PAT002908,,,,,,,,,,,
PAT002909,,,,,,,,,,,
PAT002910,,,,,,,,,,,
PAT002911,,,,,,,,,,,
PAT002912,,,,,,,,,,,
PAT002913,,,,,,,,,,,
PAT002914,,,,,,,,,,,
PAT002915,,,,,,,,,,,
PAT002916,,,,,,,,,,,
PAT002917,,,,,,,,,,,
PAT002918,,,,,,,,,,,
PAT002919,,,,,,,,,,,
PAT002920,,,,,,,,,,,
PAT002921,,,,,,,,,,,
PAT002922,,,,,,,,,,,
PAT002923,,,,,,,,,,,
PAT002924,,,,,,,,,,,
PAT002925,,,,,,,,,,,
PAT002926,,,,,,,,,,,
PAT002927,,,,,,,,,,,
PAT002928,,,,,,,,,,,
PAT002929,,,,,,,,,,,
PAT002930,,,,,,,,,,,
PAT002931,,,,,,,,,,,
PAT002932,,,,,,,,,,,
PAT002933,,,,,,,,,,,
PAT002934,,,,,,,,,,,
PAT002935,,,,,,,,,,,
PAT002936,,,,,,,,,,,
PAT002937,,,,,,,,,,,
PAT002938,,,,,,,,,,,
PAT002939,,,,,,,,,,,
PAT002940,,,,,,,,,,,
PAT002941,,,,,,,,,,,
PAT002942,,,,,,,,,,,
PAT002943,,,,,,,,,,,
PAT002944,,,,,,,,,,,
PAT002945,,,,,,,,,,,
PAT002946,,,,,,,,,,,
PAT002947,,,,,,,,,,,
PAT002948,,,,,,,,,,,
PAT002949,,,,,,,,,,,
PAT002950,,,,,,,,,,,
PAT002951,,,,,,,,,,,
PAT002952,,,,,,,,,,,
PAT002953,,,,,,,,,,,
PAT002954,,,,,,,,,,,
PAT002955,,,,,,,,,,,
PAT002956,,,,,,,,,,,
PAT002957,,,,,,,,,,,
PAT002958,,,,,,,,,,,
PAT002959,,,,,,,,,,,
PAT002960,,,,,,,,,,,
PAT002961,,,,,,,,,,,
PAT002962,,,,,,,,,,,
PAT002963,,,,,,,,,,,
PAT002964,,,,,,,,,,,
PAT002965,,,,,,,,,,,
PAT002966,,,,,,,,,,,
PAT002967,,,,,,,,,,,
PAT002968,,,,,,,,,,,
PAT002969,,,,,,,,,,,
PAT002970,,,,,,,,,,,
PAT002971,,,,,,,,,,,
PAT002972,,,,,,,,,,,
PAT002973,,,,,,,,,,,
PAT002974,,,,,,,,,,,
PAT002975,,,,,,,,,,,
PAT002976,,,,,,,,,,,
PAT002977,,,,,,,,,,,
PAT002978,,,,,,,,,,,
PAT002979,,,,,,,,,,,
PAT002980,,,,,,,,,,,
PAT002981,,,,,,,,,,,
PAT002982,,,,,,,,,,,
PAT002983,,,,,,,,,,,
PAT002984,,,,,,,,,,,
PAT002985,,,,,,,,,,,
PAT002986,,,,,,,,,,,
PAT002987,,,,,,,,,,,
PAT002988,,,,,,,,,,,
PAT002989,,,,,,,,,,,
PAT002990,,,,,,,,,,,
PAT002991,,,,,,,,,,,
PAT002992,,,,,,,,,,,
PAT002993,,,,,,,,,,,
PAT002994,,,,,,,,,,,
PAT002995,,,,,,,,,,,
PAT002996,,,,,,,,,,,
PAT002997,,,,,,,,,,,
PAT002998,,,,,,,,,,,
PAT002999,,,,,,,,,,,
PAT003000,,,,,,,,,,,
PAT003001,,,,,,,,,,,
PAT003002,,,,,,,,,,,
PAT003003,,,,,,,,,,,
PAT003004,,,,,,,,,,,
PAT003005,,,,,,,,,,,
PAT003006,,,,,,,,,,,
PAT003007,,,,,,,,,,,
PAT003008,,,,,,,,,,,
PAT003009,,,,,,,,,,,
PAT003010,,,,,,,,,,,
PAT003011,,,,,,,,,,,
PAT003012,,,,,,,,,,,
PAT003013,,,,,,,,,,,
PAT003014,,,,,,,,,,,
PAT003015,,,,,,,,,,,
PAT003016,,,,,,,,,,,
PAT003017,,,,,,,,,,,
PAT003018,,,,,,,,,,,
PAT003019,,,,,,,,,,,
PAT003020,,,,,,,,,,,
PAT003021,,,,,,,,,,,
PAT003022,,,,,,,,,,,
PAT003023,,,,,,,,,,,
PAT003024,,,,,,,,,,,
PAT003025,,,,,,,,,,,
PAT003026,,,,,,,,,,,
PAT003027,,,,,,,,,,,
PAT003028,,,,,,,,,,,
PAT003029,,,,,,,,,,,
PAT003030,,,,,,,,,,,
PAT003031,,,,,,,,,,,
PAT003032,,,,,,,,,,,
PAT003033,,,,,,,,,,,
PAT003034,,,,,,,,,,,
PAT003035,,,,,,,,,,,
PAT003036,,,,,,,,,,,
PAT003037,,,,,,,,,,,
PAT003038,,,,,,,,,,,
PAT003039,,,,,,,,,,,
PAT003040,,,,,,,,,,,
PAT003041,,,,,,,,,,,
PAT003042,,,,,,,,,,,
PAT003043,,,,,,,,,,,
PAT003044,,,,,,,,,,,
PAT003045,,,,,,,,,,,
PAT003046,,,,,,,,,,,
PAT003047,,,,,,,,,,,
PAT003048,,,,,,,,,,,
PAT003049,,,,,,,,,,,
PAT003050,,,,,,,,,,,
PAT003051,,,,,,,,,,,
PAT003052,,,,,,,,,,,
PAT003053,,,,,,,,,,,
PAT003054,,,,,,,,,,,
PAT003055,,,,,,,,,,,
PAT003056,,,,,,,,,,,
PAT003057,,,,,,,,,,,
PAT003058,,,,,,,,,,,
PAT003059,,,,,,,,,,,
PAT003060,,,,,,,,,,,
PAT003061,,,,,,,,,,,
PAT003062,,,,,,,,,,,
PAT003063,,,,,,,,,,,
PAT003064,,,,,,,,,,,
PAT003065,,,,,,,,,,,
PAT003066,,,,,,,,,,,
PAT003067,,,,,,,,,,,
PAT003068,,,,,,,,,,,
PAT003069,,,,,,,,,,,
PAT003070,,,,,,,,,,,
PAT003071,,,,,,,,,,,
PAT003072,,,,,,,,,,,
PAT003073,,,,,,,,,,,
PAT003074,,,,,,,,,,,
PAT003075,,,,,,,,,,,
PAT003076,,,,,,,,,,,
PAT003077,,,,,,,,,,,
PAT003078,,,,,,,,,,,
PAT003079,,,,,,,,,,,
PAT003080,,,,,,,,,,,
PAT003081,,,,,,,,,,,
PAT003082,,,,,,,,,,,
PAT003083,,,,,,,,,,,
PAT003084,,,,,,,,,,,
PAT003085,,,,,,,,,,,
PAT003086,,,,,,,,,,,
PAT003087,,,,,,,,,,,
PAT003088,,,,,,,,,,,
PAT003089,,,,,,,,,,,
PAT003090,,,,,,,,,,,
PAT003091,,,,,,,,,,,
PAT003092,,,,,,,,,,,
PAT003093,,,,,,,,,,,
PAT003094,,,,,,,,,,,
PAT003095,,,,,,,,,,,
PAT003096,,,,,,,,,,,
PAT003097,,,,,,,,,,,
PAT003098,,,,,,,,,,,
PAT003099,,,,,,,,,,,
PAT003100,,,,,,,,,,,
PAT003101,,,,,,,,,,,
PAT003102,,,,,,,,,,,
PAT003103,,,,,,,,,,,
PAT003104,,,,,,,,,,,
PAT003105,,,,,,,,,,,
PAT003106,,,,,,,,,,,
PAT003107,,,,,,,,,,,
PAT003108,,,,,,,,,,,
PAT003109,,,,,,,,,,,
PAT003110,,,,,,,,,,,
PAT003111,,,,,,,,,,,
PAT003112,,,,,,,,,,,
PAT003113,,,,,,,,,,,
PAT003114,,,,,,,,,,,
PAT003115,,,,,,,,,,,
PAT003116,,,,,,,,,,,
PAT003117,,,,,,,,,,,
PAT003118,,,,,,,,,,,
PAT003119,,,,,,,,,,,
PAT003120,,,,,,,,,,,
PAT003121,,,,,,,,,,,
PAT003122,,,,,,,,,,,
PAT003123,,,,,,,,,,,
PAT003124,,,,,,,,,,,
PAT003125,,,,,,,,,,,
PAT003126,,,,,,,,,,,
PAT003127,,,,,,,,,,,
PAT003128,,,,,,,,,,,
PAT003129,,,,,,,,,,,
PAT003130,,,,,,,,,,,
PAT003131,,,,,,,,,,,
PAT003132,,,,,,,,,,,
PAT003133,,,,,,,,,,,
PAT003134,,,,,,,,,,,
PAT003135,,,,,,,,,,,
PAT003136,,,,,,,,,,,
PAT003137,,,,,,,,,,,
PAT003138,,,,,,,,,,,
PAT003139,,,,,,,,,,,
PAT003140,,,,,,,,,,,
PAT003141,,,,,,,,,,,
PAT003142,,,,,,,,,,,
PAT003143,,,,,,,,,,,
PAT003144,,,,,,,,,,,
PAT003145,,,,,,,,,,,
PAT003146,,,,,,,,,,,
PAT003147,,,,,,,,,,,
PAT003148,,,,,,,,,,,
PAT003149,,,,,,,,,,,
PAT003150,,,,,,,,,,,
PAT003151,,,,,,,,,,,
PAT003152,,,,,,,,,,,
PAT003153,,,,,,,,,,,
PAT003154,,,,,,,,,,,
PAT003155,,,,,,,,,,,
PAT003156,,,,,,,,,,,
PAT003157,,,,,,,,,,,
PAT003158,,,,,,,,,,,
PAT003159,,,,,,,,,,,
PAT003160,,,,,,,,,,,
PAT003161,,,,,,,,,,,
PAT003162,,,,,,,,,,,
PAT003163,,,,,,,,,,,
PAT003164,,,,,,,,,,,
PAT003165,,,,,,,,,,,
PAT003166,,,,,,,,,,,
PAT003167,,,,,,,,,,,
PAT003168,,,,,,,,,,,
PAT003169,,,,,,,,,,,
PAT003170,,,,,,,,,,,
PAT003171,,,,,,,,,,,
PAT003172,,,,,,,,,,,
PAT003173,,,,,,,,,,,
PAT003174,,,,,,,,,,,
PAT003175,,,,,,,,,,,
PAT003176,,,,,,,,,,,
PAT003177,,,,,,,,,,,
PAT003178,,,,,,,,,,,
PAT003179,,,,,,,,,,,
PAT003180,,,,,,,,,,,
PAT003181,,,,,,,,,,,
PAT003182,,,,,,,,,,,
PAT003183,,,,,,,,,,,
PAT003184,,,,,,,,,,,
PAT003185,,,,,,,,,,,
PAT003186,,,,,,,,,,,
PAT003187,,,,,,,,,,,
PAT003188,,,,,,,,,,,
PAT003189,,,,,,,,,,,
PAT003190,,,,,,,,,,,
PAT003191,,,,,,,,,,,
PAT003192,,,,,,,,,,,
PAT003193,,,,,,,,,,,
PAT003194,,,,,,,,,,,
PAT003195,,,,,,,,,,,
PAT003196,,,,,,,,,,,
PAT003197,,,,,,,,,,,
PAT003198,,,,,,,,,,,
PAT003199,,,,,,,,,,,
PAT003200,,,,,,,,,,,
PAT003201,,,,,,,,,,,
PAT003202,,,,,,,,,,,
PAT003203,,,,,,,,,,,
PAT003204,,,,,,,,,,,
PAT003205,,,,,,,,,,,
PAT003206,,,,,,,,,,,
PAT003207,,,,,,,,,,,
PAT003208,,,,,,,,,,,
PAT003209,,,,,,,,,,,
PAT003210,,,,,,,,,,,
PAT003211,,,,,,,,,,,
PAT003212,,,,,,,,,,,
PAT003213,,,,,,,,,,,
PAT003214,,,,,,,,,,,
PAT003215,,,,,,,,,,,
PAT003216,,,,,,,,,,,
PAT003217,,,,,,,,,,,
PAT003218,,,,,,,,,,,
PAT003219,,,,,,,,,,,
PAT003220,,,,,,,,,,,
PAT003221,,,,,,,,,,,
PAT003222,,,,,,,,,,,
PAT003223,,,,,,,,,,,
PAT003224,,,,,,,,,,,
PAT003225,,,,,,,,,,,
PAT003226,,,,,,,,,,,
PAT003227,,,,,,,,,,,
PAT003228,,,,,,,,,,,
PAT003229,,,,,,,,,,,
PAT003230,,,,,,,,,,,
PAT003231,,,,,,,,,,,
PAT003232,,,,,,,,,,,
PAT003233,,,,,,,,,,,
PAT003234,,,,,,,,,,,
PAT003235,,,,,,,,,,,
PAT003236,,,,,,,,,,,
PAT003237,,,,,,,,,,,
PAT003238,,,,,,,,,,,
PAT003239,,,,,,,,,,,
PAT003240,,,,,,,,,,,
PAT003241,,,,,,,,,,,
PAT003242,,,,,,,,,,,
PAT003243,,,,,,,,,,,
PAT003244,,,,,,,,,,,
PAT003245,,,,,,,,,,,
PAT003246,,,,,,,,,,,
PAT003247,,,,,,,,,,,
PAT003248,,,,,,,,,,,
PAT003249,,,,,,,,,,,
PAT003250,,,,,,,,,,,
PAT003251,,,,,,,,,,,
PAT003252,,,,,,,,,,,
PAT003253,,,,,,,,,,,
PAT003254,,,,,,,,,,,
PAT003255,,,,,,,,,,,
PAT003256,,,,,,,,,,,
PAT003257,,,,,,,,,,,
PAT003258,,,,,,,,,,,
PAT003259,,,,,,,,,,,
PAT003260,,,,,,,,,,,
PAT003261,,,,,,,,,,,
PAT003262,,,,,,,,,,,
PAT003263,,,,,,,,,,,
PAT003264,,,,,,,,,,,
PAT003265,,,,,,,,,,,
PAT003266,,,,,,,,,,,
PAT003267,,,,,,,,,,,
PAT003268,,,,,,,,,,,
PAT003269,,,,,,,,,,,
PAT003270,,,,,,,,,,,
PAT003271,,,,,,,,,,,
PAT003272,,,,,,,,,,,
PAT003273,,,,,,,,,,,
PAT003274,,,,,,,,,,,
PAT003275,,,,,,,,,,,
PAT003276,,,,,,,,,,,
PAT003277,,,,,,,,,,,
PAT003278,,,,,,,,,,,
PAT003279,,,,,,,,,,,
PAT003280,,,,,,,,,,,
PAT003281,,,,,,,,,,,
PAT003282,,,,,,,,,,,
PAT003283,,,,,,,,,,,
PAT003284,,,,,,,,,,,
PAT003285,,,,,,,,,,,
PAT003286,,,,,,,,,,,
PAT003287,,,,,,,,,,,
PAT003288,,,,,,,,,,,
PAT003289,,,,,,,,,,,
PAT003290,,,,,,,,,,,
PAT003291,,,,,,,,,,,
PAT003292,,,,,,,,,,,
PAT003293,,,,,,,,,,,
PAT003294,,,,,,,,,,,
PAT003295,,,,,,,,,,,
PAT003296,,,,,,,,,,,
PAT003297,,,,,,,,,,,
PAT003298,,,,,,,,,,,
PAT003299,,,,,,,,,,,
PAT003300,,,,,,,,,,,
PAT003301,,,,,,,,,,,
PAT003302,,,,,,,,,,,
PAT003303,,,,,,,,,,,
PAT003304,,,,,,,,,,,
PAT003305,,,,,,,,,,,
PAT003306,,,,,,,,,,,
PAT003307,,,,,,,,,,,
PAT003308,,,,,,,,,,,
PAT003309,,,,,,,,,,,
PAT003310,,,,,,,,,,,
PAT003311,,,,,,,,,,,
PAT003312,,,,,,,,,,,
PAT003313,,,,,,,,,,,
PAT003314,,,,,,,,,,,
PAT003315,,,,,,,,,,,
PAT003316,,,,,,,,,,,
PAT003317,,,,,,,,,,,
PAT003318,,,,,,,,,,,
PAT003319,,,,,,,,,,,
PAT003320,,,,,,,,,,,
PAT003321,,,,,,,,,,,
PAT003322,,,,,,,,,,,
PAT003323,,,,,,,,,,,
PAT003324,,,,,,,,,,,
PAT003325,,,,,,,,,,,
PAT003326,,,,,,,,,,,
PAT003327,,,,,,,,,,,
PAT003328,,,,,,,,,,,
PAT003329,,,,,,,,,,,
PAT003330,,,,,,,,,,,
PAT003331,,,,,,,,,,,
PAT003332,,,,,,,,,,,
PAT003333,,,,,,,,,,,
PAT003334,,,,,,,,,,,
PAT003335,,,,,,,,,,,
PAT003336,,,,,,,,,,,
PAT003337,,,,,,,,,,,
PAT003338,,,,,,,,,,,
PAT003339,,,,,,,,,,,
PAT003340,,,,,,,,,,,
PAT003341,,,,,,,,,,,
PAT003342,,,,,,,,,,,
PAT003343,,,,,,,,,,,
PAT003344,,,,,,,,,,,
PAT003345,,,,,,,,,,,
PAT003346,,,,,,,,,,,
PAT003347,,,,,,,,,,,
PAT003348,,,,,,,,,,,
PAT003349,,,,,,,,,,,
PAT003350,,,,,,,,,,,
PAT003351,,,,,,,,,,,
PAT003352,,,,,,,,,,,
PAT003353,,,,,,,,,,,
PAT003354,,,,,,,,,,,
PAT003355,,,,,,,,,,,
PAT003356,,,,,,,,,,,
PAT003357,,,,,,,,,,,
PAT003358,,,,,,,,,,,
PAT003359,,,,,,,,,,,
PAT003360,,,,,,,,,,,
PAT003361,,,,,,,,,,,
PAT003362,,,,,,,,,,,
PAT003363,,,,,,,,,,,
PAT003364,,,,,,,,,,,
PAT003365,,,,,,,,,,,
PAT003366,,,,,,,,,,,
PAT003367,,,,,,,,,,,
PAT003368,,,,,,,,,,,
PAT003369,,,,,,,,,,,
PAT003370,,,,,,,,,,,
PAT003371,,,,,,,,,,,
PAT003372,,,,,,,,,,,
PAT003373,,,,,,,,,,,
PAT003374,,,,,,,,,,,
PAT003375,,,,,,,,,,,
PAT003376,,,,,,,,,,,
PAT003377,,,,,,,,,,,
PAT003378,,,,,,,,,,,
PAT003379,,,,,,,,,,,
PAT003380,,,,,,,,,,,
PAT003381,,,,,,,,,,,
PAT003382,,,,,,,,,,,
PAT003383,,,,,,,,,,,
PAT003384,,,,,,,,,,,
PAT003385,,,,,,,,,,,
PAT003386,,,,,,,,,,,
PAT003387,,,,,,,,,,,
PAT003388,,,,,,,,,,,
PAT003389,,,,,,,,,,,
PAT003390,,,,,,,,,,,
PAT003391,,,,,,,,,,,
PAT003392,,,,,,,,,,,
PAT003393,,,,,,,,,,,
PAT003394,,,,,,,,,,,
PAT003395,,,,,,,,,,,
PAT003396,,,,,,,,,,,
PAT003397,,,,,,,,,,,
PAT003398,,,,,,,,,,,
PAT003399,,,,,,,,,,,
PAT003400,,,,,,,,,,,
PAT003401,,,,,,,,,,,
PAT003402,,,,,,,,,,,
PAT003403,,,,,,,,,,,
PAT003404,,,,,,,,,,,
PAT003405,,,,,,,,,,,
PAT003406,,,,,,,,,,,
PAT003407,,,,,,,,,,,
PAT003408,,,,,,,,,,,
PAT003409,,,,,,,,,,,
PAT003410,,,,,,,,,,,
PAT003411,,,,,,,,,,,
PAT003412,,,,,,,,,,,
PAT003413,,,,,,,,,,,
PAT003414,,,,,,,,,,,
PAT003415,,,,,,,,,,,
PAT003416,,,,,,,,,,,
PAT003417,,,,,,,,,,,
PAT003418,,,,,,,,,,,
PAT003419,,,,,,,,,,,
PAT003420,,,,,,,,,,,
PAT003421,,,,,,,,,,,
PAT003422,,,,,,,,,,,
PAT003423,,,,,,,,,,,
PAT003424,,,,,,,,,,,
PAT003425,,,,,,,,,,,
PAT003426,,,,,,,,,,,
PAT003427,,,,,,,,,,,
PAT003428,,,,,,,,,,,
PAT003429,,,,,,,,,,,
PAT003430,,,,,,,,,,,
PAT003431,,,,,,,,,,,
PAT003432,,,,,,,,,,,
PAT003433,,,,,,,,,,,
PAT003434,,,,,,,,,,,
PAT003435,,,,,,,,,,,
PAT003436,,,,,,,,,,,
PAT003437,,,,,,,,,,,
PAT003438,,,,,,,,,,,
PAT003439,,,,,,,,,,,
PAT003440,,,,,,,,,,,
PAT003441,,,,,,,,,,,
PAT003442,,,,,,,,,,,
PAT003443,,,,,,,,,,,
PAT003444,,,,,,,,,,,
PAT003445,,,,,,,,,,,
PAT003446,,,,,,,,,,,
PAT003447,,,,,,,,,,,
PAT003448,,,,,,,,,,,
PAT003449,,,,,,,,,,,
PAT003450,,,,,,,,,,,
PAT003451,,,,,,,,,,,
PAT003452,,,,,,,,,,,
PAT003453,,,,,,,,,,,
PAT003454,,,,,,,,,,,
PAT003455,,,,,,,,,,,
PAT003456,,,,,,,,,,,
PAT003457,,,,,,,,,,,
PAT003458,,,,,,,,,,,
PAT003459,,,,,,,,,,,
PAT003460,,,,,,,,,,,
PAT003461,,,,,,,,,,,
PAT003462,,,,,,,,,,,
PAT003463,,,,,,,,,,,
PAT003464,,,,,,,,,,,
PAT003465,,,,,,,,,,,
PAT003466,,,,,,,,,,,
PAT003467,,,,,,,,,,,
PAT003468,,,,,,,,,,,
PAT003469,,,,,,,,,,,
PAT003470,,,,,,,,,,,
PAT003471,,,,,,,,,,,
PAT003472,,,,,,,,,,,
PAT003473,,,,,,,,,,,
PAT003474,,,,,,,,,,,
PAT003475,,,,,,,,,,,
PAT003476,,,,,,,,,,,
PAT003477,,,,,,,,,,,
PAT003478,,,,,,,,,,,
PAT003479,,,,,,,,,,,
PAT003480,,,,,,,,,,,
PAT003481,,,,,,,,,,,
PAT003482,,,,,,,,,,,
PAT003483,,,,,,,,,,,
PAT003484,,,,,,,,,,,
PAT003485,,,,,,,,,,,
PAT003486,,,,,,,,,,,
PAT003487,,,,,,,,,,,
PAT003488,,,,,,,,,,,
PAT003489,,,,,,,,,,,
PAT003490,,,,,,,,,,,
PAT003491,,,,,,,,,,,
PAT003492,,,,,,,,,,,
PAT003493,,,,,,,,,,,
PAT003494,,,,,,,,,,,
PAT003495,,,,,,,,,,,
PAT003496,,,,,,,,,,,
PAT003497,,,,,,,,,,,
PAT003498,,,,,,,,,,,
PAT003499,,,,,,,,,,,
PAT003500,,,,,,,,,,,
PAT003501,,,,,,,,,,,
PAT003502,,,,,,,,,,,
PAT003503,,,,,,,,,,,
PAT003504,,,,,,,,,,,
PAT003505,,,,,,,,,,,
PAT003506,,,,,,,,,,,
PAT003507,,,,,,,,,,,
PAT003508,,,,,,,,,,,
PAT003509,,,,,,,,,,,
PAT003510,,,,,,,,,,,
PAT003511,,,,,,,,,,,
PAT003512,,,,,,,,,,,
PAT003513,,,,,,,,,,,
PAT003514,,,,,,,,,,,
PAT003515,,,,,,,,,,,
PAT003516,,,,,,,,,,,
PAT003517,,,,,,,,,,,
PAT003518,,,,,,,,,,,
PAT003519,,,,,,,,,,,
PAT003520,,,,,,,,,,,
PAT003521,,,,,,,,,,,
PAT003522,,,,,,,,,,,
PAT003523,,,,,,,,,,,
PAT003524,,,,,,,,,,,
PAT003525,,,,,,,,,,,
PAT003526,,,,,,,,,,,
PAT003527,,,,,,,,,,,
PAT003528,,,,,,,,,,,
PAT003529,,,,,,,,,,,
PAT003530,,,,,,,,,,,
PAT003531,,,,,,,,,,,
PAT003532,,,,,,,,,,,
PAT003533,,,,,,,,,,,
PAT003534,,,,,,,,,,,
PAT003535,,,,,,,,,,,
PAT003536,,,,,,,,,,,
PAT003537,,,,,,,,,,,
PAT003538,,,,,,,,,,,
PAT003539,,,,,,,,,,,
PAT003540,,,,,,,,,,,
PAT003541,,,,,,,,,,,
PAT003542,,,,,,,,,,,
PAT003543,,,,,,,,,,,
PAT003544,,,,,,,,,,,
PAT003545,,,,,,,,,,,
PAT003546,,,,,,,,,,,
PAT003547,,,,,,,,,,,
PAT003548,,,,,,,,,,,
PAT003549,,,,,,,,,,,
PAT003550,,,,,,,,,,,
PAT003551,,,,,,,,,,,
PAT003552,,,,,,,,,,,
PAT003553,,,,,,,,,,,
PAT003554,,,,,,,,,,,
PAT003555,,,,,,,,,,,
PAT003556,,,,,,,,,,,
PAT003557,,,,,,,,,,,
PAT003558,,,,,,,,,,,
PAT003559,,,,,,,,,,,
PAT003560,,,,,,,,,,,
PAT003561,,,,,,,,,,,
PAT003562,,,,,,,,,,,
PAT003563,,,,,,,,,,,
PAT003564,,,,,,,,,,,
PAT003565,,,,,,,,,,,
PAT003566,,,,,,,,,,,
PAT003567,,,,,,,,,,,
PAT003568,,,,,,,,,,,
PAT003569,,,,,,,,,,,
PAT003570,,,,,,,,,,,
PAT003571,,,,,,,,,,,
PAT003572,,,,,,,,,,,
PAT003573,,,,,,,,,,,
PAT003574,,,,,,,,,,,
PAT003575,,,,,,,,,,,
PAT003576,,,,,,,,,,,
PAT003577,,,,,,,,,,,
PAT003578,,,,,,,,,,,
PAT003579,,,,,,,,,,,
PAT003580,,,,,,,,,,,
PAT003581,,,,,,,,,,,
PAT003582,,,,,,,,,,,
PAT003583,,,,,,,,,,,
PAT003584,,,,,,,,,,,
PAT003585,,,,,,,,,,,
PAT003586,,,,,,,,,,,
PAT003587,,,,,,,,,,,
PAT003588,,,,,,,,,,,
PAT003589,,,,,,,,,,,
PAT003590,,,,,,,,,,,
PAT003591,,,,,,,,,,,
PAT003592,,,,,,,,,,,
PAT003593,,,,,,,,,,,
PAT003594,,,,,,,,,,,
PAT003595,,,,,,,,,,,
PAT003596,,,,,,,,,,,
PAT003597,,,,,,,,,,,
PAT003598,,,,,,,,,,,
PAT003599,,,,,,,,,,,
PAT003600,,,,,,,,,,,
PAT003601,,,,,,,,,,,
PAT003602,,,,,,,,,,,
PAT003603,,,,,,,,,,,
PAT003604,,,,,,,,,,,
PAT003605,,,,,,,,,,,
PAT003606,,,,,,,,,,,
PAT003607,,,,,,,,,,,
PAT003608,,,,,,,,,,,
PAT003609,,,,,,,,,,,
PAT003610,,,,,,,,,,,
PAT003611,,,,,,,,,,,
PAT003612,,,,,,,,,,,
PAT003613,,,,,,,,,,,
PAT003614,,,,,,,,,,,
PAT003615,,,,,,,,,,,
PAT003616,,,,,,,,,,,
PAT003617,,,,,,,,,,,
PAT003618,,,,,,,,,,,
PAT003619,,,,,,,,,,,
PAT003620,,,,,,,,,,,
PAT003621,,,,,,,,,,,
PAT003622,,,,,,,,,,,
PAT003623,,,,,,,,,,,
PAT003624,,,,,,,,,,,
PAT003625,,,,,,,,,,,
PAT003626,,,,,,,,,,,
PAT003627,,,,,,,,,,,
PAT003628,,,,,,,,,,,
PAT003629,,,,,,,,,,,
PAT003630,,,,,,,,,,,
PAT003631,,,,,,,,,,,
PAT003632,,,,,,,,,,,
PAT003633,,,,,,,,,,,
PAT003634,,,,,,,,,,,
PAT003635,,,,,,,,,,,
PAT003636,,,,,,,,,,,
PAT003637,,,,,,,,,,,
PAT003638,,,,,,,,,,,
PAT003639,,,,,,,,,,,
PAT003640,,,,,,,,,,,
PAT003641,,,,,,,,,,,
PAT003642,,,,,,,,,,,
PAT003643,,,,,,,,,,,
PAT003644,,,,,,,,,,,
PAT003645,,,,,,,,,,,
PAT003646,,,,,,,,,,,
PAT003647,,,,,,,,,,,
PAT003648,,,,,,,,,,,
PAT003649,,,,,,,,,,,
PAT003650,,,,,,,,,,,
PAT003651,,,,,,,,,,,
PAT003652,,,,,,,,,,,
PAT003653,,,,,,,,,,,
PAT003654,,,,,,,,,,,
PAT003655,,,,,,,,,,,
PAT003656,,,,,,,,,,,
PAT003657,,,,,,,,,,,
PAT003658,,,,,,,,,,,
PAT003659,,,,,,,,,,,
PAT003660,,,,,,,,,,,
PAT003661,,,,,,,,,,,
PAT003662,,,,,,,,,,,
PAT003663,,,,,,,,,,,
PAT003664,,,,,,,,,,,
PAT003665,,,,,,,,,,,
PAT003666,,,,,,,,,,,
PAT003667,,,,,,,,,,,
PAT003668,,,,,,,,,,,
PAT003669,,,,,,,,,,,
PAT003670,,,,,,,,,,,
PAT003671,,,,,,,,,,,
PAT003672,,,,,,,,,,,
PAT003673,,,,,,,,,,,
PAT003674,,,,,,,,,,,
PAT003675,,,,,,,,,,,
PAT003676,,,,,,,,,,,
PAT003677,,,,,,,,,,,
PAT003678,,,,,,,,,,,
PAT003679,,,,,,,,,,,
PAT003680,,,,,,,,,,,
PAT003681,,,,,,,,,,,
PAT003682,,,,,,,,,,,
PAT003683,,,,,,,,,,,
PAT003684,,,,,,,,,,,
PAT003685,,,,,,,,,,,
PAT003686,,,,,,,,,,,
PAT003687,,,,,,,,,,,
PAT003688,,,,,,,,,,,
PAT003689,,,,,,,,,,,
PAT003690,,,,,,,,,,,
PAT003691,,,,,,,,,,,
PAT003692,,,,,,,,,,,
PAT003693,,,,,,,,,,,
PAT003694,,,,,,,,,,,
PAT003695,,,,,,,,,,,
PAT003696,,,,,,,,,,,
PAT003697,,,,,,,,,,,
PAT003698,,,,,,,,,,,
PAT003699,,,,,,,,,,,
PAT003700,,,,,,,,,,,
PAT003701,,,,,,,,,,,
PAT003702,,,,,,,,,,,
PAT003703,,,,,,,,,,,
PAT003704,,,,,,,,,,,
PAT003705,,,,,,,,,,,
PAT003706,,,,,,,,,,,
PAT003707,,,,,,,,,,,
PAT003708,,,,,,,,,,,
PAT003709,,,,,,,,,,,
PAT003710,,,,,,,,,,,
PAT003711,,,,,,,,,,,
PAT003712,,,,,,,,,,,
PAT003713,,,,,,,,,,,
PAT003714,,,,,,,,,,,
PAT003715,,,,,,,,,,,
PAT003716,,,,,,,,,,,
PAT003717,,,,,,,,,,,
PAT003718,,,,,,,,,,,
PAT003719,,,,,,,,,,,
PAT003720,,,,,,,,,,,
PAT003721,,,,,,,,,,,
PAT003722,,,,,,,,,,,
PAT003723,,,,,,,,,,,
PAT003724,,,,,,,,,,,
PAT003725,,,,,,,,,,,
PAT003726,,,,,,,,,,,
PAT003727,,,,,,,,,,,
PAT003728,,,,,,,,,,,
PAT003729,,,,,,,,,,,
PAT003730,,,,,,,,,,,
PAT003731,,,,,,,,,,,
PAT003732,,,,,,,,,,,
PAT003733,,,,,,,,,,,
PAT003734,,,,,,,,,,,
PAT003735,,,,,,,,,,,
PAT003736,,,,,,,,,,,
PAT003737,,,,,,,,,,,
PAT003738,,,,,,,,,,,
PAT003739,,,,,,,,,,,
PAT003740,,,,,,,,,,,
PAT003741,,,,,,,,,,,
PAT003742,,,,,,,,,,,
PAT003743,,,,,,,,,,,
PAT003744,,,,,,,,,,,
PAT003745,,,,,,,,,,,
PAT003746,,,,,,,,,,,
PAT003747,,,,,,,,,,,
PAT003748,,,,,,,,,,,
PAT003749,,,,,,,,,,,
PAT003750,,,,,,,,,,,
PAT003751,,,,,,,,,,,
PAT003752,,,,,,,,,,,
PAT003753,,,,,,,,,,,
PAT003754,,,,,,,,,,,
PAT003755,,,,,,,,,,,
PAT003756,,,,,,,,,,,
PAT003757,,,,,,,,,,,
PAT003758,,,,,,,,,,,
PAT003759,,,,,,,,,,,
PAT003760,,,,,,,,,,,
PAT003761,,,,,,,,,,,
PAT003762,,,,,,,,,,,
PAT003763,,,,,,,,,,,
PAT003764,,,,,,,,,,,
PAT003765,,,,,,,,,,,
PAT003766,,,,,,,,,,,
PAT003767,,,,,,,,,,,
PAT003768,,,,,,,,,,,
PAT003769,,,,,,,,,,,
PAT003770,,,,,,,,,,,
PAT003771,,,,,,,,,,,
PAT003772,,,,,,,,,,,
PAT003773,,,,,,,,,,,
PAT003774,,,,,,,,,,,
PAT003775,,,,,,,,,,,
PAT003776,,,,,,,,,,,
PAT003777,,,,,,,,,,,
PAT003778,,,,,,,,,,,
PAT003779,,,,,,,,,,,
PAT003780,,,,,,,,,,,
PAT003781,,,,,,,,,,,
PAT003782,,,,,,,,,,,
PAT003783,,,,,,,,,,,
PAT003784,,,,,,,,,,,
PAT003785,,,,,,,,,,,
PAT003786,,,,,,,,,,,
PAT003787,,,,,,,,,,,
PAT003788,,,,,,,,,,,
PAT003789,,,,,,,,,,,
PAT003790,,,,,,,,,,,
PAT003791,,,,,,,,,,,
PAT003792,,,,,,,,,,,
PAT003793,,,,,,,,,,,
PAT003794,,,,,,,,,,,
PAT003795,,,,,,,,,,,
PAT003796,,,,,,,,,,,
PAT003797,,,,,,,,,,,
PAT003798,,,,,,,,,,,
PAT003799,,,,,,,,,,,
PAT003800,,,,,,,,,,,
PAT003801,,,,,,,,,,,
PAT003802,,,,,,,,,,,
PAT003803,,,,,,,,,,,
PAT003804,,,,,,,,,,,
PAT003805,,,,,,,,,,,
PAT003806,,,,,,,,,,,
PAT003807,,,,,,,,,,,
PAT003808,,,,,,,,,,,
PAT003809,,,,,,,,,,,
PAT003810,,,,,,,,,,,
PAT003811,,,,,,,,,,,
PAT003812,,,,,,,,,,,
PAT003813,,,,,,,,,,,
PAT003814,,,,,,,,,,,
PAT003815,,,,,,,,,,,
PAT003816,,,,,,,,,,,
PAT003817,,,,,,,,,,,
PAT003818,,,,,,,,,,,
PAT003819,,,,,,,,,,,
PAT003820,,,,,,,,,,,
PAT003821,,,,,,,,,,,
PAT003822,,,,,,,,,,,
PAT003823,,,,,,,,,,,
PAT003824,,,,,,,,,,,
PAT003825,,,,,,,,,,,
PAT003826,,,,,,,,,,,
PAT003827,,,,,,,,,,,
PAT003828,,,,,,,,,,,
PAT003829,,,,,,,,,,,
PAT003830,,,,,,,,,,,
PAT003831,,,,,,,,,,,
PAT003832,,,,,,,,,,,
PAT003833,,,,,,,,,,,
PAT003834,,,,,,,,,,,
PAT003835,,,,,,,,,,,
PAT003836,,,,,,,,,,,
PAT003837,,,,,,,,,,,
PAT003838,,,,,,,,,,,
PAT003839,,,,,,,,,,,
PAT003840,,,,,,,,,,,
PAT003841,,,,,,,,,,,
PAT003842,,,,,,,,,,,
PAT003843,,,,,,,,,,,
PAT003844,,,,,,,,,,,
PAT003845,,,,,,,,,,,
PAT003846,,,,,,,,,,,
PAT003847,,,,,,,,,,,
PAT003848,,,,,,,,,,,
PAT003849,,,,,,,,,,,
PAT003850,,,,,,,,,,,
PAT003851,,,,,,,,,,,
PAT003852,,,,,,,,,,,
PAT003853,,,,,,,,,,,
PAT003854,,,,,,,,,,,
PAT003855,,,,,,,,,,,
PAT003856,,,,,,,,,,,
PAT003857,,,,,,,,,,,
PAT003858,,,,,,,,,,,
PAT003859,,,,,,,,,,,
PAT003860,,,,,,,,,,,
PAT003861,,,,,,,,,,,
PAT003862,,,,,,,,,,,
PAT003863,,,,,,,,,,,
PAT003864,,,,,,,,,,,
PAT003865,,,,,,,,,,,
PAT003866,,,,,,,,,,,
PAT003867,,,,,,,,,,,
PAT003868,,,,,,,,,,,
PAT003869,,,,,,,,,,,
PAT003870,,,,,,,,,,,
PAT003871,,,,,,,,,,,
PAT003872,,,,,,,,,,,
PAT003873,,,,,,,,,,,
PAT003874,,,,,,,,,,,
PAT003875,,,,,,,,,,,
PAT003876,,,,,,,,,,,
PAT003877,,,,,,,,,,,
PAT003878,,,,,,,,,,,
PAT003879,,,,,,,,,,,
PAT003880,,,,,,,,,,,
PAT003881,,,,,,,,,,,
PAT003882,,,,,,,,,,,
PAT003883,,,,,,,,,,,
PAT003884,,,,,,,,,,,
PAT003885,,,,,,,,,,,
PAT003886,,,,,,,,,,,
PAT003887,,,,,,,,,,,
PAT003888,,,,,,,,,,,
PAT003889,,,,,,,,,,,
PAT003890,,,,,,,,,,,
PAT003891,,,,,,,,,,,
PAT003892,,,,,,,,,,,
PAT003893,,,,,,,,,,,
PAT003894,,,,,,,,,,,
PAT003895,,,,,,,,,,,
PAT003896,,,,,,,,,,,
PAT003897,,,,,,,,,,,
PAT003898,,,,,,,,,,,
PAT003899,,,,,,,,,,,
PAT003900,,,,,,,,,,,
PAT003901,,,,,,,,,,,
PAT003902,,,,,,,,,,,
PAT003903,,,,,,,,,,,
PAT003904,,,,,,,,,,,
PAT003905,,,,,,,,,,,
PAT003906,,,,,,,,,,,
PAT003907,,,,,,,,,,,
PAT003908,,,,,,,,,,,
PAT003909,,,,,,,,,,,
PAT003910,,,,,,,,,,,
PAT003911,,,,,,,,,,,
PAT003912,,,,,,,,,,,
PAT003913,,,,,,,,,,,
PAT003914,,,,,,,,,,,
PAT003915,,,,,,,,,,,
PAT003916,,,,,,,,,,,
PAT003917,,,,,,,,,,,
PAT003918,,,,,,,,,,,
PAT003919,,,,,,,,,,,
PAT003920,,,,,,,,,,,
PAT003921,,,,,,,,,,,
PAT003922,,,,,,,,,,,
PAT003923,,,,,,,,,,,
PAT003924,,,,,,,,,,,
PAT003925,,,,,,,,,,,
PAT003926,,,,,,,,,,,
PAT003927,,,,,,,,,,,
PAT003928,,,,,,,,,,,
PAT003929,,,,,,,,,,,
PAT003930,,,,,,,,,,,
PAT003931,,,,,,,,,,,
PAT003932,,,,,,,,,,,
PAT003933,,,,,,,,,,,
PAT003934,,,,,,,,,,,
PAT003935,,,,,,,,,,,
PAT003936,,,,,,,,,,,
PAT003937,,,,,,,,,,,
PAT003938,,,,,,,,,,,
PAT003939,,,,,,,,,,,
PAT003940,,,,,,,,,,,
PAT003941,,,,,,,,,,,
PAT003942,,,,,,,,,,,
PAT003943,,,,,,,,,,,
PAT003944,,,,,,,,,,,
PAT003945,,,,,,,,,,,
PAT003946,,,,,,,,,,,
PAT003947,,,,,,,,,,,
PAT003948,,,,,,,,,,,
PAT003949,,,,,,,,,,,
PAT003950,,,,,,,,,,,
PAT003951,,,,,,,,,,,
PAT003952,,,,,,,,,,,
PAT003953,,,,,,,,,,,
PAT003954,,,,,,,,,,,
PAT003955,,,,,,,,,,,
PAT003956,,,,,,,,,,,
PAT003957,,,,,,,,,,,
PAT003958,,,,,,,,,,,
PAT003959,,,,,,,,,,,
PAT003960,,,,,,,,,,,
PAT003961,,,,,,,,,,,
PAT003962,,,,,,,,,,,
PAT003963,,,,,,,,,,,
PAT003964,,,,,,,,,,,
PAT003965,,,,,,,,,,,
PAT003966,,,,,,,,,,,
PAT003967,,,,,,,,,,,
PAT003968,,,,,,,,,,,
PAT003969,,,,,,,,,,,
PAT003970,,,,,,,,,,,
PAT003971,,,,,,,,,,,
PAT003972,,,,,,,,,,,
PAT003973,,,,,,,,,,,
PAT003974,,,,,,,,,,,
PAT003975,,,,,,,,,,,
PAT003976,,,,,,,,,,,
PAT003977,,,,,,,,,,,
PAT003978,,,,,,,,,,,
PAT003979,,,,,,,,,,,
PAT003980,,,,,,,,,,,
PAT003981,,,,,,,,,,,
PAT003982,,,,,,,,,,,
PAT003983,,,,,,,,,,,
PAT003984,,,,,,,,,,,
PAT003985,,,,,,,,,,,
PAT003986,,,,,,,,,,,
PAT003987,,,,,,,,,,,
PAT003988,,,,,,,,,,,
PAT003989,,,,,,,,,,,
PAT003990,,,,,,,,,,,
PAT003991,,,,,,,,,,,
PAT003992,,,,,,,,,,,
PAT003993,,,,,,,,,,,
PAT003994,,,,,,,,,,,
PAT003995,,,,,,,,,,,
PAT003996,,,,,,,,,,,
PAT003997,,,,,,,,,,,
PAT003998,,,,,,,,,,,
PAT003999,,,,,,,,,,,
PAT004000,,,,,,,,,,,
PAT004001,,,,,,,,,,,
PAT004002,,,,,,,,,,,
PAT004003,,,,,,,,,,,
PAT004004,,,,,,,,,,,
PAT004005,,,,,,,,,,,
PAT004006,,,,,,,,,,,
PAT004007,,,,,,,,,,,
PAT004008,,,,,,,,,,,
PAT004009,,,,,,,,,,,
PAT004010,,,,,,,,,,,
PAT004011,,,,,,,,,,,
PAT004012,,,,,,,,,,,
PAT004013,,,,,,,,,,,
PAT004014,,,,,,,,,,,
PAT004015,,,,,,,,,,,
PAT004016,,,,,,,,,,,
PAT004017,,,,,,,,,,,
PAT004018,,,,,,,,,,,
PAT004019,,,,,,,,,,,
PAT004020,,,,,,,,,,,
PAT004021,,,,,,,,,,,
PAT004022,,,,,,,,,,,
PAT004023,,,,,,,,,,,
PAT004024,,,,,,,,,,,
PAT004025,,,,,,,,,,,
PAT004026,,,,,,,,,,,
PAT004027,,,,,,,,,,,
PAT004028,,,,,,,,,,,
PAT004029,,,,,,,,,,,
PAT004030,,,,,,,,,,,
PAT004031,,,,,,,,,,,
PAT004032,,,,,,,,,,,
PAT004033,,,,,,,,,,,
PAT004034,,,,,,,,,,,
PAT004035,,,,,,,,,,,
PAT004036,,,,,,,,,,,
PAT004037,,,,,,,,,,,
PAT004038,,,,,,,,,,,
PAT004039,,,,,,,,,,,
PAT004040,,,,,,,,,,,
PAT004041,,,,,,,,,,,
PAT004042,,,,,,,,,,,
PAT004043,,,,,,,,,,,
PAT004044,,,,,,,,,,,
PAT004045,,,,,,,,,,,
PAT004046,,,,,,,,,,,
PAT004047,,,,,,,,,,,
PAT004048,,,,,,,,,,,
PAT004049,,,,,,,,,,,
PAT004050,,,,,,,,,,,
PAT004051,,,,,,,,,,,
PAT004052,,,,,,,,,,,
PAT004053,,,,,,,,,,,
PAT004054,,,,,,,,,,,
PAT004055,,,,,,,,,,,
PAT004056,,,,,,,,,,,
PAT004057,,,,,,,,,,,
PAT004058,,,,,,,,,,,
PAT004059,,,,,,,,,,,
PAT004060,,,,,,,,,,,
PAT004061,,,,,,,,,,,
PAT004062,,,,,,,,,,,
PAT004063,,,,,,,,,,,
PAT004064,,,,,,,,,,,
PAT004065,,,,,,,,,,,
PAT004066,,,,,,,,,,,
PAT004067,,,,,,,,,,,
PAT004068,,,,,,,,,,,
PAT004069,,,,,,,,,,,
PAT004070,,,,,,,,,,,
PAT004071,,,,,,,,,,,
PAT004072,,,,,,,,,,,
PAT004073,,,,,,,,,,,
PAT004074,,,,,,,,,,,
PAT004075,,,,,,,,,,,
PAT004076,,,,,,,,,,,
PAT004077,,,,,,,,,,,
PAT004078,,,,,,,,,,,
PAT004079,,,,,,,,,,,
PAT004080,,,,,,,,,,,
PAT004081,,,,,,,,,,,
PAT004082,,,,,,,,,,,
PAT004083,,,,,,,,,,,
PAT004084,,,,,,,,,,,
PAT004085,,,,,,,,,,,
PAT004086,,,,,,,,,,,
PAT004087,,,,,,,,,,,
PAT004088,,,,,,,,,,,
PAT004089,,,,,,,,,,,
PAT004090,,,,,,,,,,,
PAT004091,,,,,,,,,,,
PAT004092,,,,,,,,,,,
PAT004093,,,,,,,,,,,
PAT004094,,,,,,,,,,,
PAT004095,,,,,,,,,,,
PAT004096,,,,,,,,,,,
PAT004097,,,,,,,,,,,
PAT004098,,,,,,,,,,,
PAT004099,,,,,,,,,,,
PAT004100,,,,,,,,,,,
PAT004101,,,,,,,,,,,
PAT004102,,,,,,,,,,,
PAT004103,,,,,,,,,,,
PAT004104,,,,,,,,,,,
PAT004105,,,,,,,,,,,
PAT004106,,,,,,,,,,,
PAT004107,,,,,,,,,,,
PAT004108,,,,,,,,,,,
PAT004109,,,,,,,,,,,
PAT004110,,,,,,,,,,,
PAT004111,,,,,,,,,,,
PAT004112,,,,,,,,,,,
PAT004113,,,,,,,,,,,
PAT004114,,,,,,,,,,,
PAT004115,,,,,,,,,,,
PAT004116,,,,,,,,,,,
PAT004117,,,,,,,,,,,
PAT004118,,,,,,,,,,,
PAT004119,,,,,,,,,,,
PAT004120,,,,,,,,,,,
PAT004121,,,,,,,,,,,
PAT004122,,,,,,,,,,,
PAT004123,,,,,,,,,,,
PAT004124,,,,,,,,,,,
PAT004125,,,,,,,,,,,
PAT004126,,,,,,,,,,,
PAT004127,,,,,,,,,,,
PAT004128,,,,,,,,,,,
PAT004129,,,,,,,,,,,
PAT004130,,,,,,,,,,,
PAT004131,,,,,,,,,,,
PAT004132,,,,,,,,,,,
PAT004133,,,,,,,,,,,
PAT004134,,,,,,,,,,,
PAT004135,,,,,,,,,,,
PAT004136,,,,,,,,,,,
PAT004137,,,,,,,,,,,
PAT004138,,,,,,,,,,,
PAT004139,,,,,,,,,,,
PAT004140,,,,,,,,,,,
PAT004141,,,,,,,,,,,
PAT004142,,,,,,,,,,,
PAT004143,,,,,,,,,,,
PAT004144,,,,,,,,,,,
PAT004145,,,,,,,,,,,
PAT004146,,,,,,,,,,,
PAT004147,,,,,,,,,,,
PAT004148,,,,,,,,,,,
PAT004149,,,,,,,,,,,
PAT004150,,,,,,,,,,,
PAT004151,,,,,,,,,,,
PAT004152,,,,,,,,,,,
PAT004153,,,,,,,,,,,
PAT004154,,,,,,,,,,,
PAT004155,,,,,,,,,,,
PAT004156,,,,,,,,,,,
PAT004157,,,,,,,,,,,
PAT004158,,,,,,,,,,,
PAT004159,,,,,,,,,,,
PAT004160,,,,,,,,,,,
PAT004161,,,,,,,,,,,
PAT004162,,,,,,,,,,,
PAT004163,,,,,,,,,,,
PAT004164,,,,,,,,,,,
PAT004165,,,,,,,,,,,
PAT004166,,,,,,,,,,,
PAT004167,,,,,,,,,,,
PAT004168,,,,,,,,,,,
PAT004169,,,,,,,,,,,
PAT004170,,,,,,,,,,,
PAT004171,,,,,,,,,,,
PAT004172,,,,,,,,,,,
PAT004173,,,,,,,,,,,
PAT004174,,,,,,,,,,,
PAT004175,,,,,,,,,,,
PAT004176,,,,,,,,,,,
PAT004177,,,,,,,,,,,
PAT004178,,,,,,,,,,,
PAT004179,,,,,,,,,,,
PAT004180,,,,,,,,,,,
PAT004181,,,,,,,,,,,
PAT004182,,,,,,,,,,,
PAT004183,,,,,,,,,,,
PAT004184,,,,,,,,,,,
PAT004185,,,,,,,,,,,
PAT004186,,,,,,,,,,,
PAT004187,,,,,,,,,,,
PAT004188,,,,,,,,,,,
PAT004189,,,,,,,,,,,
PAT004190,,,,,,,,,,,
PAT004191,,,,,,,,,,,
PAT004192,,,,,,,,,,,
PAT004193,,,,,,,,,,,
PAT004194,,,,,,,,,,,
PAT004195,,,,,,,,,,,
PAT004196,,,,,,,,,,,
PAT004197,,,,,,,,,,,
PAT004198,,,,,,,,,,,
PAT004199,,,,,,,,,,,
PAT004200,,,,,,,,,,,
PAT004201,,,,,,,,,,,
PAT004202,,,,,,,,,,,
PAT004203,,,,,,,,,,,
PAT004204,,,,,,,,,,,
PAT004205,,,,,,,,,,,
PAT004206,,,,,,,,,,,
PAT004207,,,,,,,,,,,
PAT004208,,,,,,,,,,,
PAT004209,,,,,,,,,,,
PAT004210,,,,,,,,,,,
PAT004211,,,,,,,,,,,
PAT004212,,,,,,,,,,,
PAT004213,,,,,,,,,,,
PAT004214,,,,,,,,,,,
PAT004215,,,,,,,,,,,
PAT004216,,,,,,,,,,,
PAT004217,,,,,,,,,,,
PAT004218,,,,,,,,,,,
PAT004219,,,,,,,,,,,
PAT004220,,,,,,,,,,,
PAT004221,,,,,,,,,,,
PAT004222,,,,,,,,,,,
PAT004223,,,,,,,,,,,
PAT004224,,,,,,,,,,,
PAT004225,,,,,,,,,,,
PAT004226,,,,,,,,,,,
PAT004227,,,,,,,,,,,
PAT004228,,,,,,,,,,,
PAT004229,,,,,,,,,,,
PAT004230,,,,,,,,,,,
PAT004231,,,,,,,,,,,
PAT004232,,,,,,,,,,,
PAT004233,,,,,,,,,,,
PAT004234,,,,,,,,,,,
PAT004235,,,,,,,,,,,
PAT004236,,,,,,,,,,,
PAT004237,,,,,,,,,,,
PAT004238,,,,,,,,,,,
PAT004239,,,,,,,,,,,
PAT004240,,,,,,,,,,,
PAT004241,,,,,,,,,,,
PAT004242,,,,,,,,,,,
PAT004243,,,,,,,,,,,
PAT004244,,,,,,,,,,,
PAT004245,,,,,,,,,,,
PAT004246,,,,,,,,,,,
PAT004247,,,,,,,,,,,
PAT004248,,,,,,,,,,,
PAT004249,,,,,,,,,,,
PAT004250,,,,,,,,,,,
PAT004251,,,,,,,,,,,
PAT004252,,,,,,,,,,,
PAT004253,,,,,,,,,,,
PAT004254,,,,,,,,,,,
PAT004255,,,,,,,,,,,
PAT004256,,,,,,,,,,,
PAT004257,,,,,,,,,,,
PAT004258,,,,,,,,,,,
PAT004259,,,,,,,,,,,
PAT004260,,,,,,,,,,,
PAT004261,,,,,,,,,,,
PAT004262,,,,,,,,,,,
PAT004263,,,,,,,,,,,
PAT004264,,,,,,,,,,,
PAT004265,,,,,,,,,,,
PAT004266,,,,,,,,,,,
PAT004267,,,,,,,,,,,
PAT004268,,,,,,,,,,,
PAT004269,,,,,,,,,,,
PAT004270,,,,,,,,,,,
PAT004271,,,,,,,,,,,
PAT004272,,,,,,,,,,,
PAT004273,,,,,,,,,,,
PAT004274,,,,,,,,,,,
PAT004275,,,,,,,,,,,
PAT004276,,,,,,,,,,,
PAT004277,,,,,,,,,,,
PAT004278,,,,,,,,,,,
PAT004279,,,,,,,,,,,
PAT004280,,,,,,,,,,,
PAT004281,,,,,,,,,,,
PAT004282,,,,,,,,,,,
PAT004283,,,,,,,,,,,
PAT004284,,,,,,,,,,,
PAT004285,,,,,,,,,,,
PAT004286,,,,,,,,,,,
PAT004287,,,,,,,,,,,
PAT004288,,,,,,,,,,,
PAT004289,,,,,,,,,,,
PAT004290,,,,,,,,,,,
PAT004291,,,,,,,,,,,
PAT004292,,,,,,,,,,,
PAT004293,,,,,,,,,,,
PAT004294,,,,,,,,,,,
PAT004295,,,,,,,,,,,
PAT004296,,,,,,,,,,,
PAT004297,,,,,,,,,,,
PAT004298,,,,,,,,,,,
PAT004299,,,,,,,,,,,
PAT004300,,,,,,,,,,,
PAT004301,,,,,,,,,,,
PAT004302,,,,,,,,,,,
PAT004303,,,,,,,,,,,
PAT004304,,,,,,,,,,,
PAT004305,,,,,,,,,,,
PAT004306,,,,,,,,,,,
PAT004307,,,,,,,,,,,
PAT004308,,,,,,,,,,,
PAT004309,,,,,,,,,,,
PAT004310,,,,,,,,,,,
PAT004311,,,,,,,,,,,
PAT004312,,,,,,,,,,,
PAT004313,,,,,,,,,,,
PAT004314,,,,,,,,,,,
PAT004315,,,,,,,,,,,
PAT004316,,,,,,,,,,,
PAT004317,,,,,,,,,,,
PAT004318,,,,,,,,,,,
PAT004319,,,,,,,,,,,
PAT004320,,,,,,,,,,,
PAT004321,,,,,,,,,,,
PAT004322,,,,,,,,,,,
PAT004323,,,,,,,,,,,
PAT004324,,,,,,,,,,,
PAT004325,,,,,,,,,,,
PAT004326,,,,,,,,,,,
PAT004327,,,,,,,,,,,
PAT004328,,,,,,,,,,,
PAT004329,,,,,,,,,,,
PAT004330,,,,,,,,,,,
PAT004331,,,,,,,,,,,
PAT004332,,,,,,,,,,,
PAT004333,,,,,,,,,,,
PAT004334,,,,,,,,,,,
PAT004335,,,,,,,,,,,
PAT004336,,,,,,,,,,,
PAT004337,,,,,,,,,,,
PAT004338,,,,,,,,,,,
PAT004339,,,,,,,,,,,
PAT004340,,,,,,,,,,,
PAT004341,,,,,,,,,,,
PAT004342,,,,,,,,,,,
PAT004343,,,,,,,,,,,
PAT004344,,,,,,,,,,,
PAT004345,,,,,,,,,,,
PAT004346,,,,,,,,,,,
PAT004347,,,,,,,,,,,
PAT004348,,,,,,,,,,,
PAT004349,,,,,,,,,,,
PAT004350,,,,,,,,,,,
PAT004351,,,,,,,,,,,
PAT004352,,,,,,,,,,,
PAT004353,,,,,,,,,,,
PAT004354,,,,,,,,,,,
PAT004355,,,,,,,,,,,
PAT004356,,,,,,,,,,,
PAT004357,,,,,,,,,,,
PAT004358,,,,,,,,,,,
PAT004359,,,,,,,,,,,
PAT004360,,,,,,,,,,,
PAT004361,,,,,,,,,,,
PAT004362,,,,,,,,,,,
PAT004363,,,,,,,,,,,
PAT004364,,,,,,,,,,,
PAT004365,,,,,,,,,,,
PAT004366,,,,,,,,,,,
PAT004367,,,,,,,,,,,
PAT004368,,,,,,,,,,,
PAT004369,,,,,,,,,,,
PAT004370,,,,,,,,,,,
PAT004371,,,,,,,,,,,
PAT004372,,,,,,,,,,,
PAT004373,,,,,,,,,,,
PAT004374,,,,,,,,,,,
PAT004375,,,,,,,,,,,
PAT004376,,,,,,,,,,,
PAT004377,,,,,,,,,,,
PAT004378,,,,,,,,,,,
PAT004379,,,,,,,,,,,
PAT004380,,,,,,,,,,,
PAT004381,,,,,,,,,,,
PAT004382,,,,,,,,,,,
PAT004383,,,,,,,,,,,
PAT004384,,,,,,,,,,,
PAT004385,,,,,,,,,,,
PAT004386,,,,,,,,,,,
PAT004387,,,,,,,,,,,
PAT004388,,,,,,,,,,,
PAT004389,,,,,,,,,,,
PAT004390,,,,,,,,,,,
PAT004391,,,,,,,,,,,
PAT004392,,,,,,,,,,,
PAT004393,,,,,,,,,,,
PAT004394,,,,,,,,,,,
PAT004395,,,,,,,,,,,
PAT004396,,,,,,,,,,,
PAT004397,,,,,,,,,,,
PAT004398,,,,,,,,,,,
PAT004399,,,,,,,,,,,
PAT004400,,,,,,,,,,,
PAT004401,,,,,,,,,,,
PAT004402,,,,,,,,,,,
PAT004403,,,,,,,,,,,
PAT004404,,,,,,,,,,,
PAT004405,,,,,,,,,,,
PAT004406,,,,,,,,,,,
PAT004407,,,,,,,,,,,
PAT004408,,,,,,,,,,,
PAT004409,,,,,,,,,,,
PAT004410,,,,,,,,,,,
PAT004411,,,,,,,,,,,
PAT004412,,,,,,,,,,,
PAT004413,,,,,,,,,,,
PAT004414,,,,,,,,,,,
PAT004415,,,,,,,,,,,
PAT004416,,,,,,,,,,,
PAT004417,,,,,,,,,,,
PAT004418,,,,,,,,,,,
PAT004419,,,,,,,,,,,
PAT004420,,,,,,,,,,,
PAT004421,,,,,,,,,,,
PAT004422,,,,,,,,,,,
PAT004423,,,,,,,,,,,
PAT004424,,,,,,,,,,,
PAT004425,,,,,,,,,,,
PAT004426,,,,,,,,,,,
PAT004427,,,,,,,,,,,
PAT004428,,,,,,,,,,,
PAT004429,,,,,,,,,,,
PAT004430,,,,,,,,,,,
PAT004431,,,,,,,,,,,
PAT004432,,,,,,,,,,,
PAT004433,,,,,,,,,,,
PAT004434,,,,,,,,,,,
PAT004435,,,,,,,,,,,
PAT004436,,,,,,,,,,,
PAT004437,,,,,,,,,,,
PAT004438,,,,,,,,,,,
PAT004439,,,,,,,,,,,
PAT004440,,,,,,,,,,,
PAT004441,,,,,,,,,,,
PAT004442,,,,,,,,,,,
PAT004443,,,,,,,,,,,
PAT004444,,,,,,,,,,,
PAT004445,,,,,,,,,,,
PAT004446,,,,,,,,,,,
PAT004447,,,,,,,,,,,
PAT004448,,,,,,,,,,,
PAT004449,,,,,,,,,,,
PAT004450,,,,,,,,,,,
PAT004451,,,,,,,,,,,
PAT004452,,,,,,,,,,,
PAT004453,,,,,,,,,,,
PAT004454,,,,,,,,,,,
PAT004455,,,,,,,,,,,
PAT004456,,,,,,,,,,,
PAT004457,,,,,,,,,,,
PAT004458,,,,,,,,,,,
PAT004459,,,,,,,,,,,
PAT004460,,,,,,,,,,,
PAT004461,,,,,,,,,,,
PAT004462,,,,,,,,,,,
PAT004463,,,,,,,,,,,
PAT004464,,,,,,,,,,,
PAT004465,,,,,,,,,,,
PAT004466,,,,,,,,,,,
PAT004467,,,,,,,,,,,
PAT004468,,,,,,,,,,,
PAT004469,,,,,,,,,,,
PAT004470,,,,,,,,,,,
PAT004471,,,,,,,,,,,
PAT004472,,,,,,,,,,,
PAT004473,,,,,,,,,,,
PAT004474,,,,,,,,,,,
PAT004475,,,,,,,,,,,
PAT004476,,,,,,,,,,,
PAT004477,,,,,,,,,,,
PAT004478,,,,,,,,,,,
PAT004479,,,,,,,,,,,
PAT004480,,,,,,,,,,,
PAT004481,,,,,,,,,,,
PAT004482,,,,,,,,,,,
PAT004483,,,,,,,,,,,
PAT004484,,,,,,,,,,,
PAT004485,,,,,,,,,,,
PAT004486,,,,,,,,,,,
PAT004487,,,,,,,,,,,
PAT004488,,,,,,,,,,,
PAT004489,,,,,,,,,,,
PAT004490,,,,,,,,,,,
PAT004491,,,,,,,,,,,
PAT004492,,,,,,,,,,,
PAT004493,,,,,,,,,,,
PAT004494,,,,,,,,,,,
PAT004495,,,,,,,,,,,
PAT004496,,,,,,,,,,,
PAT004497,,,,,,,,,,,
PAT004498,,,,,,,,,,,
PAT004499,,,,,,,,,,,
PAT004500,,,,,,,,,,,
PAT004501,,,,,,,,,,,
PAT004502,,,,,,,,,,,
PAT004503,,,,,,,,,,,
PAT004504,,,,,,,,,,,
PAT004505,,,,,,,,,,,
PAT004506,,,,,,,,,,,
PAT004507,,,,,,,,,,,
PAT004508,,,,,,,,,,,
PAT004509,,,,,,,,,,,
PAT004510,,,,,,,,,,,
PAT004511,,,,,,,,,,,
PAT004512,,,,,,,,,,,
PAT004513,,,,,,,,,,,
PAT004514,,,,,,,,,,,
PAT004515,,,,,,,,,,,
PAT004516,,,,,,,,,,,
PAT004517,,,,,,,,,,,
PAT004518,,,,,,,,,,,
PAT004519,,,,,,,,,,,
PAT004520,,,,,,,,,,,
PAT004521,,,,,,,,,,,
PAT004522,,,,,,,,,,,
PAT004523,,,,,,,,,,,
PAT004524,,,,,,,,,,,
PAT004525,,,,,,,,,,,
PAT004526,,,,,,,,,,,
PAT004527,,,,,,,,,,,
PAT004528,,,,,,,,,,,
PAT004529,,,,,,,,,,,
PAT004530,,,,,,,,,,,
PAT004531,,,,,,,,,,,
PAT004532,,,,,,,,,,,
PAT004533,,,,,,,,,,,
PAT004534,,,,,,,,,,,
PAT004535,,,,,,,,,,,
PAT004536,,,,,,,,,,,
PAT004537,,,,,,,,,,,
PAT004538,,,,,,,,,,,
PAT004539,,,,,,,,,,,
PAT004540,,,,,,,,,,,
PAT004541,,,,,,,,,,,
PAT004542,,,,,,,,,,,
PAT004543,,,,,,,,,,,
PAT004544,,,,,,,,,,,
PAT004545,,,,,,,,,,,
PAT004546,,,,,,,,,,,
PAT004547,,,,,,,,,,,
PAT004548,,,,,,,,,,,
PAT004549,,,,,,,,,,,
PAT004550,,,,,,,,,,,
PAT004551,,,,,,,,,,,
PAT004552,,,,,,,,,,,
PAT004553,,,,,,,,,,,
PAT004554,,,,,,,,,,,
PAT004555,,,,,,,,,,,
PAT004556,,,,,,,,,,,
PAT004557,,,,,,,,,,,
PAT004558,,,,,,,,,,,
PAT004559,,,,,,,,,,,
PAT004560,,,,,,,,,,,
PAT004561,,,,,,,,,,,
PAT004562,,,,,,,,,,,
PAT004563,,,,,,,,,,,
PAT004564,,,,,,,,,,,
PAT004565,,,,,,,,,,,
PAT004566,,,,,,,,,,,
PAT004567,,,,,,,,,,,
PAT004568,,,,,,,,,,,
PAT004569,,,,,,,,,,,
PAT004570,,,,,,,,,,,
PAT004571,,,,,,,,,,,
PAT004572,,,,,,,,,,,
PAT004573,,,,,,,,,,,
PAT004574,,,,,,,,,,,
PAT004575,,,,,,,,,,,
PAT004576,,,,,,,,,,,
PAT004577,,,,,,,,,,,
PAT004578,,,,,,,,,,,
PAT004579,,,,,,,,,,,
PAT004580,,,,,,,,,,,
PAT004581,,,,,,,,,,,
PAT004582,,,,,,,,,,,
PAT004583,,,,,,,,,,,
PAT004584,,,,,,,,,,,
PAT004585,,,,,,,,,,,
PAT004586,,,,,,,,,,,
PAT004587,,,,,,,,,,,
PAT004588,,,,,,,,,,,
PAT004589,,,,,,,,,,,
PAT004590,,,,,,,,,,,
PAT004591,,,,,,,,,,,
PAT004592,,,,,,,,,,,
PAT004593,,,,,,,,,,,
PAT004594,,,,,,,,,,,
PAT004595,,,,,,,,,,,
PAT004596,,,,,,,,,,,
PAT004597,,,,,,,,,,,
PAT004598,,,,,,,,,,,
PAT004599,,,,,,,,,,,
PAT004600,,,,,,,,,,,
PAT004601,,,,,,,,,,,
PAT004602,,,,,,,,,,,
PAT004603,,,,,,,,,,,
PAT004604,,,,,,,,,,,
PAT004605,,,,,,,,,,,
PAT004606,,,,,,,,,,,
PAT004607,,,,,,,,,,,
PAT004608,,,,,,,,,,,
PAT004609,,,,,,,,,,,
PAT004610,,,,,,,,,,,
PAT004611,,,,,,,,,,,
PAT004612,,,,,,,,,,,
PAT004613,,,,,,,,,,,
PAT004614,,,,,,,,,,,
PAT004615,,,,,,,,,,,
PAT004616,,,,,,,,,,,
PAT004617,,,,,,,,,,,
PAT004618,,,,,,,,,,,
PAT004619,,,,,,,,,,,
PAT004620,,,,,,,,,,,
PAT004621,,,,,,,,,,,
PAT004622,,,,,,,,,,,
PAT004623,,,,,,,,,,,
PAT004624,,,,,,,,,,,
PAT004625,,,,,,,,,,,
PAT004626,,,,,,,,,,,
PAT004627,,,,,,,,,,,
PAT004628,,,,,,,,,,,
PAT004629,,,,,,,,,,,
PAT004630,,,,,,,,,,,
PAT004631,,,,,,,,,,,
PAT004632,,,,,,,,,,,
PAT004633,,,,,,,,,,,
PAT004634,,,,,,,,,,,
PAT004635,,,,,,,,,,,
PAT004636,,,,,,,,,,,
PAT004637,,,,,,,,,,,
PAT004638,,,,,,,,,,,
PAT004639,,,,,,,,,,,
PAT004640,,,,,,,,,,,
PAT004641,,,,,,,,,,,
PAT004642,,,,,,,,,,,
PAT004643,,,,,,,,,,,
PAT004644,,,,,,,,,,,
PAT004645,,,,,,,,,,,
PAT004646,,,,,,,,,,,
PAT004647,,,,,,,,,,,
PAT004648,,,,,,,,,,,
PAT004649,,,,,,,,,,,
PAT004650,,,,,,,,,,,
PAT004651,,,,,,,,,,,
PAT004652,,,,,,,,,,,
PAT004653,,,,,,,,,,,
PAT004654,,,,,,,,,,,
PAT004655,,,,,,,,,,,
PAT004656,,,,,,,,,,,
PAT004657,,,,,,,,,,,
PAT004658,,,,,,,,,,,
PAT004659,,,,,,,,,,,
PAT004660,,,,,,,,,,,
PAT004661,,,,,,,,,,,
PAT004662,,,,,,,,,,,
PAT004663,,,,,,,,,,,
PAT004664,,,,,,,,,,,
PAT004665,,,,,,,,,,,
PAT004666,,,,,,,,,,,
PAT004667,,,,,,,,,,,
PAT004668,,,,,,,,,,,
PAT004669,,,,,,,,,,,
PAT004670,,,,,,,,,,,
PAT004671,,,,,,,,,,,
PAT004672,,,,,,,,,,,
PAT004673,,,,,,,,,,,
PAT004674,,,,,,,,,,,
PAT004675,,,,,,,,,,,
PAT004676,,,,,,,,,,,
PAT004677,,,,,,,,,,,
PAT004678,,,,,,,,,,,
PAT004679,,,,,,,,,,,
PAT004680,,,,,,,,,,,
PAT004681,,,,,,,,,,,
PAT004682,,,,,,,,,,,
PAT004683,,,,,,,,,,,
PAT004684,,,,,,,,,,,
PAT004685,,,,,,,,,,,
PAT004686,,,,,,,,,,,
PAT004687,,,,,,,,,,,
PAT004688,,,,,,,,,,,
PAT004689,,,,,,,,,,,
PAT004690,,,,,,,,,,,
PAT004691,,,,,,,,,,,
PAT004692,,,,,,,,,,,
PAT004693,,,,,,,,,,,
PAT004694,,,,,,,,,,,
PAT004695,,,,,,,,,,,
PAT004696,,,,,,,,,,,
PAT004697,,,,,,,,,,,
PAT004698,,,,,,,,,,,
PAT004699,,,,,,,,,,,
PAT004700,,,,,,,,,,,
PAT004701,,,,,,,,,,,
PAT004702,,,,,,,,,,,
PAT004703,,,,,,,,,,,
PAT004704,,,,,,,,,,,
PAT004705,,,,,,,,,,,
PAT004706,,,,,,,,,,,
PAT004707,,,,,,,,,,,
PAT004708,,,,,,,,,,,
PAT004709,,,,,,,,,,,
PAT004710,,,,,,,,,,,
PAT004711,,,,,,,,,,,
PAT004712,,,,,,,,,,,
PAT004713,,,,,,,,,,,
PAT004714,,,,,,,,,,,
PAT004715,,,,,,,,,,,
PAT004716,,,,,,,,,,,
PAT004717,,,,,,,,,,,
PAT004718,,,,,,,,,,,
PAT004719,,,,,,,,,,,
PAT004720,,,,,,,,,,,
PAT004721,,,,,,,,,,,
PAT004722,,,,,,,,,,,
PAT004723,,,,,,,,,,,
PAT004724,,,,,,,,,,,
PAT004725,,,,,,,,,,,
PAT004726,,,,,,,,,,,
PAT004727,,,,,,,,,,,
PAT004728,,,,,,,,,,,
PAT004729,,,,,,,,,,,
PAT004730,,,,,,,,,,,
PAT004731,,,,,,,,,,,
PAT004732,,,,,,,,,,,
PAT004733,,,,,,,,,,,
PAT004734,,,,,,,,,,,
PAT004735,,,,,,,,,,,
PAT004736,,,,,,,,,,,
PAT004737,,,,,,,,,,,
PAT004738,,,,,,,,,,,
PAT004739,,,,,,,,,,,
PAT004740,,,,,,,,,,,
PAT004741,,,,,,,,,,,
PAT004742,,,,,,,,,,,
PAT004743,,,,,,,,,,,
PAT004744,,,,,,,,,,,
PAT004745,,,,,,,,,,,
PAT004746,,,,,,,,,,,
PAT004747,,,,,,,,,,,
PAT004748,,,,,,,,,,,
PAT004749,,,,,,,,,,,
PAT004750,,,,,,,,,,,
PAT004751,,,,,,,,,,,
PAT004752,,,,,,,,,,,
PAT004753,,,,,,,,,,,
PAT004754,,,,,,,,,,,
PAT004755,,,,,,,,,,,
PAT004756,,,,,,,,,,,
PAT004757,,,,,,,,,,,
PAT004758,,,,,,,,,,,
PAT004759,,,,,,,,,,,
PAT004760,,,,,,,,,,,
PAT004761,,,,,,,,,,,
PAT004762,,,,,,,,,,,
PAT004763,,,,,,,,,,,
PAT004764,,,,,,,,,,,
PAT004765,,,,,,,,,,,
PAT004766,,,,,,,,,,,
PAT004767,,,,,,,,,,,
PAT004768,,,,,,,,,,,
PAT004769,,,,,,,,,,,
PAT004770,,,,,,,,,,,
PAT004771,,,,,,,,,,,
PAT004772,,,,,,,,,,,
PAT004773,,,,,,,,,,,
PAT004774,,,,,,,,,,,
PAT004775,,,,,,,,,,,
PAT004776,,,,,,,,,,,
PAT004777,,,,,,,,,,,
PAT004778,,,,,,,,,,,
PAT004779,,,,,,,,,,,
PAT004780,,,,,,,,,,,
PAT004781,,,,,,,,,,,
PAT004782,,,,,,,,,,,
PAT004783,,,,,,,,,,,
PAT004784,,,,,,,,,,,
PAT004785,,,,,,,,,,,
PAT004786,,,,,,,,,,,
PAT004787,,,,,,,,,,,
PAT004788,,,,,,,,,,,
PAT004789,,,,,,,,,,,
PAT004790,,,,,,,,,,,
PAT004791,,,,,,,,,,,
PAT004792,,,,,,,,,,,
PAT004793,,,,,,,,,,,
PAT004794,,,,,,,,,,,
PAT004795,,,,,,,,,,,
PAT004796,,,,,,,,,,,
PAT004797,,,,,,,,,,,
PAT004798,,,,,,,,,,,
PAT004799,,,,,,,,,,,
PAT004800,,,,,,,,,,,
PAT004801,,,,,,,,,,,
PAT004802,,,,,,,,,,,
PAT004803,,,,,,,,,,,
PAT004804,,,,,,,,,,,
PAT004805,,,,,,,,,,,
PAT004806,,,,,,,,,,,
PAT004807,,,,,,,,,,,
PAT004808,,,,,,,,,,,
PAT004809,,,,,,,,,,,
PAT004810,,,,,,,,,,,
PAT004811,,,,,,,,,,,
PAT004812,,,,,,,,,,,
PAT004813,,,,,,,,,,,
PAT004814,,,,,,,,,,,
PAT004815,,,,,,,,,,,
PAT004816,,,,,,,,,,,
PAT004817,,,,,,,,,,,
PAT004818,,,,,,,,,,,
PAT004819,,,,,,,,,,,
PAT004820,,,,,,,,,,,
PAT004821,,,,,,,,,,,
PAT004822,,,,,,,,,,,
PAT004823,,,,,,,,,,,
PAT004824,,,,,,,,,,,
PAT004825,,,,,,,,,,,
PAT004826,,,,,,,,,,,
PAT004827,,,,,,,,,,,
PAT004828,,,,,,,,,,,
PAT004829,,,,,,,,,,,
PAT004830,,,,,,,,,,,
PAT004831,,,,,,,,,,,
PAT004832,,,,,,,,,,,
PAT004833,,,,,,,,,,,
PAT004834,,,,,,,,,,,
PAT004835,,,,,,,,,,,
PAT004836,,,,,,,,,,,
PAT004837,,,,,,,,,,,
PAT004838,,,,,,,,,,,
PAT004839,,,,,,,,,,,
PAT004840,,,,,,,,,,,
PAT004841,,,,,,,,,,,
PAT004842,,,,,,,,,,,
PAT004843,,,,,,,,,,,
PAT004844,,,,,,,,,,,
PAT004845,,,,,,,,,,,
PAT004846,,,,,,,,,,,
PAT004847,,,,,,,,,,,
PAT004848,,,,,,,,,,,
PAT004849,,,,,,,,,,,
PAT004850,,,,,,,,,,,
PAT004851,,,,,,,,,,,
PAT004852,,,,,,,,,,,
PAT004853,,,,,,,,,,,
PAT004854,,,,,,,,,,,
PAT004855,,,,,,,,,,,
PAT004856,,,,,,,,,,,
PAT004857,,,,,,,,,,,
PAT004858,,,,,,,,,,,
PAT004859,,,,,,,,,,,
PAT004860,,,,,,,,,,,
PAT004861,,,,,,,,,,,
PAT004862,,,,,,,,,,,
PAT004863,,,,,,,,,,,
PAT004864,,,,,,,,,,,
PAT004865,,,,,,,,,,,
PAT004866,,,,,,,,,,,
PAT004867,,,,,,,,,,,
PAT004868,,,,,,,,,,,
PAT004869,,,,,,,,,,,
PAT004870,,,,,,,,,,,
PAT004871,,,,,,,,,,,
PAT004872,,,,,,,,,,,
PAT004873,,,,,,,,,,,
PAT004874,,,,,,,,,,,
PAT004875,,,,,,,,,,,
PAT004876,,,,,,,,,,,
PAT004877,,,,,,,,,,,
PAT004878,,,,,,,,,,,
PAT004879,,,,,,,,,,,
PAT004880,,,,,,,,,,,
PAT004881,,,,,,,,,,,
PAT004882,,,,,,,,,,,
PAT004883,,,,,,,,,,,
PAT004884,,,,,,,,,,,
PAT004885,,,,,,,,,,,
PAT004886,,,,,,,,,,,
PAT004887,,,,,,,,,,,
PAT004888,,,,,,,,,,,
PAT004889,,,,,,,,,,,
PAT004890,,,,,,,,,,,
PAT004891,,,,,,,,,,,
PAT004892,,,,,,,,,,,
PAT004893,,,,,,,,,,,
PAT004894,,,,,,,,,,,
PAT004895,,,,,,,,,,,
PAT004896,,,,,,,,,,,
PAT004897,,,,,,,,,,,
PAT004898,,,,,,,,,,,
PAT004899,,,,,,,,,,,
PAT004900,,,,,,,,,,,
PAT004901,,,,,,,,,,,
PAT004902,,,,,,,,,,,
PAT004903,,,,,,,,,,,
PAT004904,,,,,,,,,,,
PAT004905,,,,,,,,,,,
PAT004906,,,,,,,,,,,
PAT004907,,,,,,,,,,,
PAT004908,,,,,,,,,,,
PAT004909,,,,,,,,,,,
PAT004910,,,,,,,,,,,
PAT004911,,,,,,,,,,,
PAT004912,,,,,,,,,,,
PAT004913,,,,,,,,,,,
PAT004914,,,,,,,,,,,
PAT004915,,,,,,,,,,,
PAT004916,,,,,,,,,,,
PAT004917,,,,,,,,,,,
PAT004918,,,,,,,,,,,
PAT004919,,,,,,,,,,,
PAT004920,,,,,,,,,,,
PAT004921,,,,,,,,,,,
PAT004922,,,,,,,,,,,
PAT004923,,,,,,,,,,,
PAT004924,,,,,,,,,,,
PAT004925,,,,,,,,,,,
PAT004926,,,,,,,,,,,
PAT004927,,,,,,,,,,,
PAT004928,,,,,,,,,,,
PAT004929,,,,,,,,,,,
PAT004930,,,,,,,,,,,
PAT004931,,,,,,,,,,,
PAT004932,,,,,,,,,,,
PAT004933,,,,,,,,,,,
PAT004934,,,,,,,,,,,
PAT004935,,,,,,,,,,,
PAT004936,,,,,,,,,,,
PAT004937,,,,,,,,,,,
PAT004938,,,,,,,,,,,
PAT004939,,,,,,,,,,,
PAT004940,,,,,,,,,,,
PAT004941,,,,,,,,,,,
PAT004942,,,,,,,,,,,
PAT004943,,,,,,,,,,,
PAT004944,,,,,,,,,,,
PAT004945,,,,,,,,,,,
PAT004946,,,,,,,,,,,
PAT004947,,,,,,,,,,,
PAT004948,,,,,,,,,,,
PAT004949,,,,,,,,,,,
PAT004950,,,,,,,,,,,
PAT004951,,,,,,,,,,,
PAT004952,,,,,,,,,,,
PAT004953,,,,,,,,,,,
PAT004954,,,,,,,,,,,
PAT004955,,,,,,,,,,,
PAT004956,,,,,,,,,,,
PAT004957,,,,,,,,,,,
PAT004958,,,,,,,,,,,
PAT004959,,,,,,,,,,,
PAT004960,,,,,,,,,,,
PAT004961,,,,,,,,,,,
PAT004962,,,,,,,,,,,
PAT004963,,,,,,,,,,,
PAT004964,,,,,,,,,,,
PAT004965,,,,,,,,,,,
PAT004966,,,,,,,,,,,
PAT004967,,,,,,,,,,,
PAT004968,,,,,,,,,,,
PAT004969,,,,,,,,,,,
PAT004970,,,,,,,,,,,
PAT004971,,,,,,,,,,,
PAT004972,,,,,,,,,,,
PAT004973,,,,,,,,,,,
PAT004974,,,,,,,,,,,
PAT004975,,,,,,,,,,,
PAT004976,,,,,,,,,,,
PAT004977,,,,,,,,,,,
PAT004978,,,,,,,,,,,
PAT004979,,,,,,,,,,,
PAT004980,,,,,,,,,,,
PAT004981,,,,,,,,,,,
PAT004982,,,,,,,,,,,
PAT004983,,,,,,,,,,,
PAT004984,,,,,,,,,,,
PAT004985,,,,,,,,,,,
PAT004986,,,,,,,,,,,
PAT004987,,,,,,,,,,,
PAT004988,,,,,,,,,,,
PAT004989,,,,,,,,,,,
PAT004990,,,,,,,,,,,
PAT004991,,,,,,,,,,,
PAT004992,,,,,,,,,,,
PAT004993,,,,,,,,,,,
PAT004994,,,,,,,,,,,
PAT004995,,,,,,,,,,,
PAT004996,,,,,,,,,,,
PAT004997,,,,,,,,,,,
PAT004998,,,,,,,,,,,
PAT004999,,,,,,,,,,,
PAT005000,,,,,,,,,,,
PAT005001,,,,,,,,,,,
PAT005002,,,,,,,,,,,
PAT005003,,,,,,,,,,,
PAT005004,,,,,,,,,,,
PAT005005,,,,,,,,,,,
PAT005006,,,,,,,,,,,
PAT005007,,,,,,,,,,,
PAT005008,,,,,,,,,,,
PAT005009,,,,,,,,,,,
PAT005010,,,,,,,,,,,
PAT005011,,,,,,,,,,,
PAT005012,,,,,,,,,,,
PAT005013,,,,,,,,,,,
PAT005014,,,,,,,,,,,
PAT005015,,,,,,,,,,,
PAT005016,,,,,,,,,,,
PAT005017,,,,,,,,,,,
PAT005018,,,,,,,,,,,
PAT005019,,,,,,,,,,,
PAT005020,,,,,,,,,,,
PAT005021,,,,,,,,,,,
PAT005022,,,,,,,,,,,
PAT005023,,,,,,,,,,,
PAT005024,,,,,,,,,,,
PAT005025,,,,,,,,,,,
PAT005026,,,,,,,,,,,
PAT005027,,,,,,,,,,,
PAT005028,,,,,,,,,,,
PAT005029,,,,,,,,,,,
PAT005030,,,,,,,,,,,
PAT005031,,,,,,,,,,,
PAT005032,,,,,,,,,,,
PAT005033,,,,,,,,,,,
PAT005034,,,,,,,,,,,
PAT005035,,,,,,,,,,,
PAT005036,,,,,,,,,,,
PAT005037,,,,,,,,,,,
PAT005038,,,,,,,,,,,
PAT005039,,,,,,,,,,,
PAT005040,,,,,,,,,,,
PAT005041,,,,,,,,,,,
PAT005042,,,,,,,,,,,
PAT005043,,,,,,,,,,,
PAT005044,,,,,,,,,,,
PAT005045,,,,,,,,,,,
PAT005046,,,,,,,,,,,
PAT005047,,,,,,,,,,,
PAT005048,,,,,,,,,,,
PAT005049,,,,,,,,,,,
PAT005050,,,,,,,,,,,
PAT005051,,,,,,,,,,,
PAT005052,,,,,,,,,,,
PAT005053,,,,,,,,,,,
PAT005054,,,,,,,,,,,
PAT005055,,,,,,,,,,,
PAT005056,,,,,,,,,,,
PAT005057,,,,,,,,,,,
PAT005058,,,,,,,,,,,
PAT005059,,,,,,,,,,,
PAT005060,,,,,,,,,,,
PAT005061,,,,,,,,,,,
PAT005062,,,,,,,,,,,
PAT005063,,,,,,,,,,,
PAT005064,,,,,,,,,,,
PAT005065,,,,,,,,,,,
PAT005066,,,,,,,,,,,
PAT005067,,,,,,,,,,,
PAT005068,,,,,,,,,,,
PAT005069,,,,,,,,,,,
PAT005070,,,,,,,,,,,
PAT005071,,,,,,,,,,,
PAT005072,,,,,,,,,,,
PAT005073,,,,,,,,,,,
PAT005074,,,,,,,,,,,
PAT005075,,,,,,,,,,,
PAT005076,,,,,,,,,,,
PAT005077,,,,,,,,,,,
PAT005078,,,,,,,,,,,
PAT005079,,,,,,,,,,,
PAT005080,,,,,,,,,,,
PAT005081,,,,,,,,,,,
PAT005082,,,,,,,,,,,
PAT005083,,,,,,,,,,,
PAT005084,,,,,,,,,,,
PAT005085,,,,,,,,,,,
PAT005086,,,,,,,,,,,
PAT005087,,,,,,,,,,,
PAT005088,,,,,,,,,,,
PAT005089,,,,,,,,,,,
PAT005090,,,,,,,,,,,
PAT005091,,,,,,,,,,,
PAT005092,,,,,,,,,,,
PAT005093,,,,,,,,,,,
PAT005094,,,,,,,,,,,
PAT005095,,,,,,,,,,,
PAT005096,,,,,,,,,,,
PAT005097,,,,,,,,,,,
PAT005098,,,,,,,,,,,
PAT005099,,,,,,,,,,,
PAT005100,,,,,,,,,,,
PAT005101,,,,,,,,,,,
PAT005102,,,,,,,,,,,
PAT005103,,,,,,,,,,,
PAT005104,,,,,,,,,,,
PAT005105,,,,,,,,,,,
PAT005106,,,,,,,,,,,
PAT005107,,,,,,,,,,,
PAT005108,,,,,,,,,,,
PAT005109,,,,,,,,,,,
PAT005110,,,,,,,,,,,
PAT005111,,,,,,,,,,,
PAT005112,,,,,,,,,,,
PAT005113,,,,,,,,,,,
PAT005114,,,,,,,,,,,
PAT005115,,,,,,,,,,,
PAT005116,,,,,,,,,,,
PAT005117,,,,,,,,,,,
PAT005118,,,,,,,,,,,
PAT005119,,,,,,,,,,,
PAT005120,,,,,,,,,,,
PAT005121,,,,,,,,,,,
PAT005122,,,,,,,,,,,
PAT005123,,,,,,,,,,,
PAT005124,,,,,,,,,,,
PAT005125,,,,,,,,,,,
PAT005126,,,,,,,,,,,
PAT005127,,,,,,,,,,,
PAT005128,,,,,,,,,,,
PAT005129,,,,,,,,,,,
PAT005130,,,,,,,,,,,
PAT005131,,,,,,,,,,,
PAT005132,,,,,,,,,,,
PAT005133,,,,,,,,,,,
PAT005134,,,,,,,,,,,
PAT005135,,,,,,,,,,,
PAT005136,,,,,,,,,,,
PAT005137,,,,,,,,,,,
PAT005138,,,,,,,,,,,
PAT005139,,,,,,,,,,,
PAT005140,,,,,,,,,,,
PAT005141,,,,,,,,,,,
PAT005142,,,,,,,,,,,
PAT005143,,,,,,,,,,,
PAT005144,,,,,,,,,,,
PAT005145,,,,,,,,,,,
PAT005146,,,,,,,,,,,
PAT005147,,,,,,,,,,,
PAT005148,,,,,,,,,,,
PAT005149,,,,,,,,,,,
PAT005150,,,,,,,,,,,
PAT005151,,,,,,,,,,,
PAT005152,,,,,,,,,,,
PAT005153,,,,,,,,,,,
PAT005154,,,,,,,,,,,
PAT005155,,,,,,,,,,,
PAT005156,,,,,,,,,,,
PAT005157,,,,,,,,,,,
PAT005158,,,,,,,,,,,
PAT005159,,,,,,,,,,,
PAT005160,,,,,,,,,,,
PAT005161,,,,,,,,,,,
PAT005162,,,,,,,,,,,
PAT005163,,,,,,,,,,,
PAT005164,,,,,,,,,,,
PAT005165,,,,,,,,,,,
PAT005166,,,,,,,,,,,
PAT005167,,,,,,,,,,,
PAT005168,,,,,,,,,,,
PAT005169,,,,,,,,,,,
PAT005170,,,,,,,,,,,
PAT005171,,,,,,,,,,,
PAT005172,,,,,,,,,,,
PAT005173,,,,,,,,,,,
PAT005174,,,,,,,,,,,
PAT005175,,,,,,,,,,,
PAT005176,,,,,,,,,,,
PAT005177,,,,,,,,,,,
PAT005178,,,,,,,,,,,
PAT005179,,,,,,,,,,,
PAT005180,,,,,,,,,,,
PAT005181,,,,,,,,,,,
PAT005182,,,,,,,,,,,
PAT005183,,,,,,,,,,,
PAT005184,,,,,,,,,,,
PAT005185,,,,,,,,,,,
PAT005186,,,,,,,,,,,
PAT005187,,,,,,,,,,,
PAT005188,,,,,,,,,,,
PAT005189,,,,,,,,,,,
PAT005190,,,,,,,,,,,
PAT005191,,,,,,,,,,,
PAT005192,,,,,,,,,,,
PAT005193,,,,,,,,,,,
PAT005194,,,,,,,,,,,
PAT005195,,,,,,,,,,,
PAT005196,,,,,,,,,,,
PAT005197,,,,,,,,,,,
PAT005198,,,,,,,,,,,
PAT005199,,,,,,,,,,,
PAT005200,,,,,,,,,,,
PAT005201,,,,,,,,,,,
PAT005202,,,,,,,,,,,
PAT005203,,,,,,,,,,,
PAT005204,,,,,,,,,,,
PAT005205,,,,,,,,,,,
PAT005206,,,,,,,,,,,
PAT005207,,,,,,,,,,,
PAT005208,,,,,,,,,,,
PAT005209,,,,,,,,,,,
PAT005210,,,,,,,,,,,
PAT005211,,,,,,,,,,,
PAT005212,,,,,,,,,,,
PAT005213,,,,,,,,,,,
PAT005214,,,,,,,,,,,
PAT005215,,,,,,,,,,,
PAT005216,,,,,,,,,,,
PAT005217,,,,,,,,,,,
PAT005218,,,,,,,,,,,
PAT005219,,,,,,,,,,,
PAT005220,,,,,,,,,,,
PAT005221,,,,,,,,,,,
PAT005222,,,,,,,,,,,
PAT005223,,,,,,,,,,,
PAT005224,,,,,,,,,,,
PAT005225,,,,,,,,,,,
PAT005226,,,,,,,,,,,
PAT005227,,,,,,,,,,,
PAT005228,,,,,,,,,,,
PAT005229,,,,,,,,,,,
PAT005230,,,,,,,,,,,
PAT005231,,,,,,,,,,,
PAT005232,,,,,,,,,,,
PAT005233,,,,,,,,,,,
PAT005234,,,,,,,,,,,
PAT005235,,,,,,,,,,,
PAT005236,,,,,,,,,,,
PAT005237,,,,,,,,,,,
PAT005238,,,,,,,,,,,
PAT005239,,,,,,,,,,,
PAT005240,,,,,,,,,,,
PAT005241,,,,,,,,,,,
PAT005242,,,,,,,,,,,
PAT005243,,,,,,,,,,,
PAT005244,,,,,,,,,,,
PAT005245,,,,,,,,,,,
PAT005246,,,,,,,,,,,
PAT005247,,,,,,,,,,,
PAT005248,,,,,,,,,,,
PAT005249,,,,,,,,,,,
PAT005250,,,,,,,,,,,
PAT005251,,,,,,,,,,,
PAT005252,,,,,,,,,,,
PAT005253,,,,,,,,,,,
PAT005254,,,,,,,,,,,
PAT005255,,,,,,,,,,,
PAT005256,,,,,,,,,,,
PAT005257,,,,,,,,,,,
PAT005258,,,,,,,,,,,
PAT005259,,,,,,,,,,,
PAT005260,,,,,,,,,,,
PAT005261,,,,,,,,,,,
PAT005262,,,,,,,,,,,
PAT005263,,,,,,,,,,,
PAT005264,,,,,,,,,,,
PAT005265,,,,,,,,,,,
PAT005266,,,,,,,,,,,
PAT005267,,,,,,,,,,,
PAT005268,,,,,,,,,,,
PAT005269,,,,,,,,,,,
PAT005270,,,,,,,,,,,
PAT005271,,,,,,,,,,,
PAT005272,,,,,,,,,,,
PAT005273,,,,,,,,,,,
PAT005274,,,,,,,,,,,
PAT005275,,,,,,,,,,,
PAT005276,,,,,,,,,,,
PAT005277,,,,,,,,,,,
PAT005278,,,,,,,,,,,
PAT005279,,,,,,,,,,,
PAT005280,,,,,,,,,,,
PAT005281,,,,,,,,,,,
PAT005282,,,,,,,,,,,
PAT005283,,,,,,,,,,,
PAT005284,,,,,,,,,,,
PAT005285,,,,,,,,,,,
PAT005286,,,,,,,,,,,
PAT005287,,,,,,,,,,,
PAT005288,,,,,,,,,,,
PAT005289,,,,,,,,,,,
PAT005290,,,,,,,,,,,
PAT005291,,,,,,,,,,,
PAT005292,,,,,,,,,,,
PAT005293,,,,,,,,,,,
PAT005294,,,,,,,,,,,
PAT005295,,,,,,,,,,,
PAT005296,,,,,,,,,,,
PAT005297,,,,,,,,,,,
PAT005298,,,,,,,,,,,
PAT005299,,,,,,,,,,,
PAT005300,,,,,,,,,,,
PAT005301,,,,,,,,,,,
PAT005302,,,,,,,,,,,
PAT005303,,,,,,,,,,,
PAT005304,,,,,,,,,,,
PAT005305,,,,,,,,,,,
PAT005306,,,,,,,,,,,
PAT005307,,,,,,,,,,,
PAT005308,,,,,,,,,,,
PAT005309,,,,,,,,,,,
PAT005310,,,,,,,,,,,
PAT005311,,,,,,,,,,,
PAT005312,,,,,,,,,,,
PAT005313,,,,,,,,,,,
PAT005314,,,,,,,,,,,
PAT005315,,,,,,,,,,,
PAT005316,,,,,,,,,,,
PAT005317,,,,,,,,,,,
PAT005318,,,,,,,,,,,
PAT005319,,,,,,,,,,,
PAT005320,,,,,,,,,,,
PAT005321,,,,,,,,,,,
PAT005322,,,,,,,,,,,
PAT005323,,,,,,,,,,,
PAT005324,,,,,,,,,,,
PAT005325,,,,,,,,,,,
PAT005326,,,,,,,,,,,
PAT005327,,,,,,,,,,,
PAT005328,,,,,,,,,,,
PAT005329,,,,,,,,,,,
PAT005330,,,,,,,,,,,
PAT005331,,,,,,,,,,,
PAT005332,,,,,,,,,,,
PAT005333,,,,,,,,,,,
PAT005334,,,,,,,,,,,
PAT005335,,,,,,,,,,,
PAT005336,,,,,,,,,,,
PAT005337,,,,,,,,,,,
PAT005338,,,,,,,,,,,
PAT005339,,,,,,,,,,,
PAT005340,,,,,,,,,,,
PAT005341,,,,,,,,,,,
PAT005342,,,,,,,,,,,
PAT005343,,,,,,,,,,,
PAT005344,,,,,,,,,,,
PAT005345,,,,,,,,,,,
PAT005346,,,,,,,,,,,
PAT005347,,,,,,,,,,,
PAT005348,,,,,,,,,,,
PAT005349,,,,,,,,,,,
PAT005350,,,,,,,,,,,
PAT005351,,,,,,,,,,,
PAT005352,,,,,,,,,,,
PAT005353,,,,,,,,,,,
PAT005354,,,,,,,,,,,
PAT005355,,,,,,,,,,,
PAT005356,,,,,,,,,,,
PAT005357,,,,,,,,,,,
PAT005358,,,,,,,,,,,
PAT005359,,,,,,,,,,,
PAT005360,,,,,,,,,,,
PAT005361,,,,,,,,,,,
PAT005362,,,,,,,,,,,
PAT005363,,,,,,,,,,,
PAT005364,,,,,,,,,,,
PAT005365,,,,,,,,,,,
PAT005366,,,,,,,,,,,
PAT005367,,,,,,,,,,,
PAT005368,,,,,,,,,,,
PAT005369,,,,,,,,,,,
PAT005370,,,,,,,,,,,
PAT005371,,,,,,,,,,,
PAT005372,,,,,,,,,,,
PAT005373,,,,,,,,,,,
PAT005374,,,,,,,,,,,
PAT005375,,,,,,,,,,,
PAT005376,,,,,,,,,,,
PAT005377,,,,,,,,,,,
PAT005378,,,,,,,,,,,
PAT005379,,,,,,,,,,,
PAT005380,,,,,,,,,,,
PAT005381,,,,,,,,,,,
PAT005382,,,,,,,,,,,
PAT005383,,,,,,,,,,,
PAT005384,,,,,,,,,,,
PAT005385,,,,,,,,,,,
PAT005386,,,,,,,,,,,
PAT005387,,,,,,,,,,,
PAT005388,,,,,,,,,,,
PAT005389,,,,,,,,,,,
PAT005390,,,,,,,,,,,
PAT005391,,,,,,,,,,,
PAT005392,,,,,,,,,,,
PAT005393,,,,,,,,,,,
PAT005394,,,,,,,,,,,
PAT005395,,,,,,,,,,,
PAT005396,,,,,,,,,,,
PAT005397,,,,,,,,,,,
PAT005398,,,,,,,,,,,
PAT005399,,,,,,,,,,,
PAT005400,,,,,,,,,,,
PAT005401,,,,,,,,,,,
PAT005402,,,,,,,,,,,
PAT005403,,,,,,,,,,,
PAT005404,,,,,,,,,,,
PAT005405,,,,,,,,,,,
PAT005406,,,,,,,,,,,
PAT005407,,,,,,,,,,,
PAT005408,,,,,,,,,,,
PAT005409,,,,,,,,,,,
PAT005410,,,,,,,,,,,
PAT005411,,,,,,,,,,,
PAT005412,,,,,,,,,,,
PAT005413,,,,,,,,,,,
PAT005414,,,,,,,,,,,
PAT005415,,,,,,,,,,,
PAT005416,,,,,,,,,,,
PAT005417,,,,,,,,,,,
PAT005418,,,,,,,,,,,
PAT005419,,,,,,,,,,,
PAT005420,,,,,,,,,,,
PAT005421,,,,,,,,,,,
PAT005422,,,,,,,,,,,
PAT005423,,,,,,,,,,,
PAT005424,,,,,,,,,,,
PAT005425,,,,,,,,,,,
PAT005426,,,,,,,,,,,
PAT005427,,,,,,,,,,,
PAT005428,,,,,,,,,,,
PAT005429,,,,,,,,,,,
PAT005430,,,,,,,,,,,
PAT005431,,,,,,,,,,,
PAT005432,,,,,,,,,,,
PAT005433,,,,,,,,,,,
PAT005434,,,,,,,,,,,
PAT005435,,,,,,,,,,,
PAT005436,,,,,,,,,,,
PAT005437,,,,,,,,,,,
PAT005438,,,,,,,,,,,
PAT005439,,,,,,,,,,,
PAT005440,,,,,,,,,,,
PAT005441,,,,,,,,,,,
PAT005442,,,,,,,,,,,
PAT005443,,,,,,,,,,,
PAT005444,,,,,,,,,,,
PAT005445,,,,,,,,,,,
PAT005446,,,,,,,,,,,
PAT005447,,,,,,,,,,,
PAT005448,,,,,,,,,,,
PAT005449,,,,,,,,,,,
PAT005450,,,,,,,,,,,
PAT005451,,,,,,,,,,,
PAT005452,,,,,,,,,,,
PAT005453,,,,,,,,,,,
PAT005454,,,,,,,,,,,
PAT005455,,,,,,,,,,,
PAT005456,,,,,,,,,,,
PAT005457,,,,,,,,,,,
PAT005458,,,,,,,,,,,
PAT005459,,,,,,,,,,,
PAT005460,,,,,,,,,,,
PAT005461,,,,,,,,,,,
PAT005462,,,,,,,,,,,
PAT005463,,,,,,,,,,,
PAT005464,,,,,,,,,,,
PAT005465,,,,,,,,,,,
PAT005466,,,,,,,,,,,
PAT005467,,,,,,,,,,,
PAT005468,,,,,,,,,,,
PAT005469,,,,,,,,,,,
PAT005470,,,,,,,,,,,
PAT005471,,,,,,,,,,,
PAT005472,,,,,,,,,,,
PAT005473,,,,,,,,,,,
PAT005474,,,,,,,,,,,
PAT005475,,,,,,,,,,,
PAT005476,,,,,,,,,,,
PAT005477,,,,,,,,,,,
PAT005478,,,,,,,,,,,
PAT005479,,,,,,,,,,,
PAT005480,,,,,,,,,,,
PAT005481,,,,,,,,,,,
PAT005482,,,,,,,,,,,
PAT005483,,,,,,,,,,,
PAT005484,,,,,,,,,,,
PAT005485,,,,,,,,,,,
PAT005486,,,,,,,,,,,
PAT005487,,,,,,,,,,,
PAT005488,,,,,,,,,,,
PAT005489,,,,,,,,,,,
PAT005490,,,,,,,,,,,
PAT005491,,,,,,,,,,,
PAT005492,,,,,,,,,,,
PAT005493,,,,,,,,,,,
PAT005494,,,,,,,,,,,
PAT005495,,,,,,,,,,,
PAT005496,,,,,,,,,,,
PAT005497,,,,,,,,,,,
PAT005498,,,,,,,,,,,
PAT005499,,,,,,,,,,,
PAT005500,,,,,,,,,,,
PAT005501,,,,,,,,,,,
PAT005502,,,,,,,,,,,
PAT005503,,,,,,,,,,,
PAT005504,,,,,,,,,,,
PAT005505,,,,,,,,,,,
PAT005506,,,,,,,,,,,
PAT005507,,,,,,,,,,,
PAT005508,,,,,,,,,,,
PAT005509,,,,,,,,,,,
PAT005510,,,,,,,,,,,
PAT005511,,,,,,,,,,,
PAT005512,,,,,,,,,,,
PAT005513,,,,,,,,,,,
PAT005514,,,,,,,,,,,
PAT005515,,,,,,,,,,,
PAT005516,,,,,,,,,,,
PAT005517,,,,,,,,,,,
PAT005518,,,,,,,,,,,
PAT005519,,,,,,,,,,,
PAT005520,,,,,,,,,,,
PAT005521,,,,,,,,,,,
PAT005522,,,,,,,,,,,
PAT005523,,,,,,,,,,,
PAT005524,,,,,,,,,,,
PAT005525,,,,,,,,,,,
PAT005526,,,,,,,,,,,
PAT005527,,,,,,,,,,,
PAT005528,,,,,,,,,,,
PAT005529,,,,,,,,,,,
PAT005530,,,,,,,,,,,
PAT005531,,,,,,,,,,,
PAT005532,,,,,,,,,,,
PAT005533,,,,,,,,,,,
PAT005534,,,,,,,,,,,
PAT005535,,,,,,,,,,,
PAT005536,,,,,,,,,,,
PAT005537,,,,,,,,,,,
PAT005538,,,,,,,,,,,
PAT005539,,,,,,,,,,,
PAT005540,,,,,,,,,,,
PAT005541,,,,,,,,,,,
PAT005542,,,,,,,,,,,
PAT005543,,,,,,,,,,,
PAT005544,,,,,,,,,,,
PAT005545,,,,,,,,,,,
PAT005546,,,,,,,,,,,
PAT005547,,,,,,,,,,,
PAT005548,,,,,,,,,,,
PAT005549,,,,,,,,,,,
PAT005550,,,,,,,,,,,
PAT005551,,,,,,,,,,,
PAT005552,,,,,,,,,,,
PAT005553,,,,,,,,,,,
PAT005554,,,,,,,,,,,
PAT005555,,,,,,,,,,,
PAT005556,,,,,,,,,,,
PAT005557,,,,,,,,,,,
PAT005558,,,,,,,,,,,
PAT005559,,,,,,,,,,,
PAT005560,,,,,,,,,,,
PAT005561,,,,,,,,,,,
PAT005562,,,,,,,,,,,
PAT005563,,,,,,,,,,,
PAT005564,,,,,,,,,,,
PAT005565,,,,,,,,,,,
PAT005566,,,,,,,,,,,
PAT005567,,,,,,,,,,,
PAT005568,,,,,,,,,,,
PAT005569,,,,,,,,,,,
PAT005570,,,,,,,,,,,
PAT005571,,,,,,,,,,,
PAT005572,,,,,,,,,,,
PAT005573,,,,,,,,,,,
PAT005574,,,,,,,,,,,
PAT005575,,,,,,,,,,,
PAT005576,,,,,,,,,,,
PAT005577,,,,,,,,,,,
PAT005578,,,,,,,,,,,
PAT005579,,,,,,,,,,,
PAT005580,,,,,,,,,,,
PAT005581,,,,,,,,,,,
PAT005582,,,,,,,,,,,
PAT005583,,,,,,,,,,,
PAT005584,,,,,,,,,,,
PAT005585,,,,,,,,,,,
PAT005586,,,,,,,,,,,
PAT005587,,,,,,,,,,,
PAT005588,,,,,,,,,,,
PAT005589,,,,,,,,,,,
PAT005590,,,,,,,,,,,
PAT005591,,,,,,,,,,,
PAT005592,,,,,,,,,,,
PAT005593,,,,,,,,,,,
PAT005594,,,,,,,,,,,
PAT005595,,,,,,,,,,,
PAT005596,,,,,,,,,,,
PAT005597,,,,,,,,,,,
PAT005598,,,,,,,,,,,
PAT005599,,,,,,,,,,,
PAT005600,,,,,,,,,,,
PAT005601,,,,,,,,,,,
PAT005602,,,,,,,,,,,
PAT005603,,,,,,,,,,,
PAT005604,,,,,,,,,,,
PAT005605,,,,,,,,,,,
PAT005606,,,,,,,,,,,
PAT005607,,,,,,,,,,,
PAT005608,,,,,,,,,,,
PAT005609,,,,,,,,,,,
PAT005610,,,,,,,,,,,
PAT005611,,,,,,,,,,,
PAT005612,,,,,,,,,,,
PAT005613,,,,,,,,,,,
PAT005614,,,,,,,,,,,
PAT005615,,,,,,,,,,,
PAT005616,,,,,,,,,,,
PAT005617,,,,,,,,,,,
PAT005618,,,,,,,,,,,
PAT005619,,,,,,,,,,,
PAT005620,,,,,,,,,,,
PAT005621,,,,,,,,,,,
PAT005622,,,,,,,,,,,
PAT005623,,,,,,,,,,,
PAT005624,,,,,,,,,,,
PAT005625,,,,,,,,,,,
PAT005626,,,,,,,,,,,
PAT005627,,,,,,,,,,,
PAT005628,,,,,,,,,,,
PAT005629,,,,,,,,,,,
PAT005630,,,,,,,,,,,
PAT005631,,,,,,,,,,,
PAT005632,,,,,,,,,,,
PAT005633,,,,,,,,,,,
PAT005634,,,,,,,,,,,
PAT005635,,,,,,,,,,,
PAT005636,,,,,,,,,,,
PAT005637,,,,,,,,,,,
PAT005638,,,,,,,,,,,
PAT005639,,,,,,,,,,,
PAT005640,,,,,,,,,,,
PAT005641,,,,,,,,,,,
PAT005642,,,,,,,,,,,
PAT005643,,,,,,,,,,,
PAT005644,,,,,,,,,,,
PAT005645,,,,,,,,,,,
PAT005646,,,,,,,,,,,
PAT005647,,,,,,,,,,,
PAT005648,,,,,,,,,,,
PAT005649,,,,,,,,,,,
PAT005650,,,,,,,,,,,
PAT005651,,,,,,,,,,,
PAT005652,,,,,,,,,,,
PAT005653,,,,,,,,,,,
PAT005654,,,,,,,,,,,
PAT005655,,,,,,,,,,,
PAT005656,,,,,,,,,,,
PAT005657,,,,,,,,,,,
PAT005658,,,,,,,,,,,
PAT005659,,,,,,,,,,,
PAT005660,,,,,,,,,,,
PAT005661,,,,,,,,,,,
PAT005662,,,,,,,,,,,
PAT005663,,,,,,,,,,,
PAT005664,,,,,,,,,,,
PAT005665,,,,,,,,,,,
PAT005666,,,,,,,,,,,
PAT005667,,,,,,,,,,,
PAT005668,,,,,,,,,,,
PAT005669,,,,,,,,,,,
PAT005670,,,,,,,,,,,
PAT005671,,,,,,,,,,,
PAT005672,,,,,,,,,,,
PAT005673,,,,,,,,,,,
PAT005674,,,,,,,,,,,
PAT005675,,,,,,,,,,,
PAT005676,,,,,,,,,,,
PAT005677,,,,,,,,,,,
PAT005678,,,,,,,,,,,
PAT005679,,,,,,,,,,,
PAT005680,,,,,,,,,,,
PAT005681,,,,,,,,,,,
PAT005682,,,,,,,,,,,
PAT005683,,,,,,,,,,,
PAT005684,,,,,,,,,,,
PAT005685,,,,,,,,,,,
PAT005686,,,,,,,,,,,
PAT005687,,,,,,,,,,,
PAT005688,,,,,,,,,,,
PAT005689,,,,,,,,,,,
PAT005690,,,,,,,,,,,
PAT005691,,,,,,,,,,,
PAT005692,,,,,,,,,,,
PAT005693,,,,,,,,,,,
PAT005694,,,,,,,,,,,
PAT005695,,,,,,,,,,,
PAT005696,,,,,,,,,,,
PAT005697,,,,,,,,,,,
PAT005698,,,,,,,,,,,
PAT005699,,,,,,,,,,,
PAT005700,,,,,,,,,,,
PAT005701,,,,,,,,,,,
PAT005702,,,,,,,,,,,
PAT005703,,,,,,,,,,,
PAT005704,,,,,,,,,,,
PAT005705,,,,,,,,,,,
PAT005706,,,,,,,,,,,
PAT005707,,,,,,,,,,,
PAT005708,,,,,,,,,,,
PAT005709,,,,,,,,,,,
PAT005710,,,,,,,,,,,
PAT005711,,,,,,,,,,,
PAT005712,,,,,,,,,,,
PAT005713,,,,,,,,,,,
PAT005714,,,,,,,,,,,
PAT005715,,,,,,,,,,,
PAT005716,,,,,,,,,,,
PAT005717,,,,,,,,,,,
PAT005718,,,,,,,,,,,
PAT005719,,,,,,,,,,,
PAT005720,,,,,,,,,,,
PAT005721,,,,,,,,,,,
PAT005722,,,,,,,,,,,
PAT005723,,,,,,,,,,,
PAT005724,,,,,,,,,,,
PAT005725,,,,,,,,,,,
PAT005726,,,,,,,,,,,
PAT005727,,,,,,,,,,,
PAT005728,,,,,,,,,,,
PAT005729,,,,,,,,,,,
PAT005730,,,,,,,,,,,
PAT005731,,,,,,,,,,,
PAT005732,,,,,,,,,,,
PAT005733,,,,,,,,,,,
PAT005734,,,,,,,,,,,
PAT005735,,,,,,,,,,,
PAT005736,,,,,,,,,,,
PAT005737,,,,,,,,,,,
PAT005738,,,,,,,,,,,
PAT005739,,,,,,,,,,,
PAT005740,,,,,,,,,,,
PAT005741,,,,,,,,,,,
PAT005742,,,,,,,,,,,
PAT005743,,,,,,,,,,,
PAT005744,,,,,,,,,,,
PAT005745,,,,,,,,,,,
PAT005746,,,,,,,,,,,
PAT005747,,,,,,,,,,,
PAT005748,,,,,,,,,,,
PAT005749,,,,,,,,,,,
PAT005750,,,,,,,,,,,
PAT005751,,,,,,,,,,,
PAT005752,,,,,,,,,,,
PAT005753,,,,,,,,,,,
PAT005754,,,,,,,,,,,
PAT005755,,,,,,,,,,,
PAT005756,,,,,,,,,,,
PAT005757,,,,,,,,,,,
PAT005758,,,,,,,,,,,
PAT005759,,,,,,,,,,,
PAT005760,,,,,,,,,,,
PAT005761,,,,,,,,,,,
PAT005762,,,,,,,,,,,
PAT005763,,,,,,,,,,,
PAT005764,,,,,,,,,,,
PAT005765,,,,,,,,,,,
PAT005766,,,,,,,,,,,
PAT005767,,,,,,,,,,,
PAT005768,,,,,,,,,,,
PAT005769,,,,,,,,,,,
PAT005770,,,,,,,,,,,
PAT005771,,,,,,,,,,,
PAT005772,,,,,,,,,,,
PAT005773,,,,,,,,,,,
PAT005774,,,,,,,,,,,
PAT005775,,,,,,,,,,,
PAT005776,,,,,,,,,,,
PAT005777,,,,,,,,,,,
PAT005778,,,,,,,,,,,
PAT005779,,,,,,,,,,,
PAT005780,,,,,,,,,,,
PAT005781,,,,,,,,,,,
PAT005782,,,,,,,,,,,
PAT005783,,,,,,,,,,,
PAT005784,,,,,,,,,,,
PAT005785,,,,,,,,,,,
PAT005786,,,,,,,,,,,
PAT005787,,,,,,,,,,,
PAT005788,,,,,,,,,,,
PAT005789,,,,,,,,,,,
PAT005790,,,,,,,,,,,
PAT005791,,,,,,,,,,,
PAT005792,,,,,,,,,,,
PAT005793,,,,,,,,,,,
PAT005794,,,,,,,,,,,
PAT005795,,,,,,,,,,,
PAT005796,,,,,,,,,,,
PAT005797,,,,,,,,,,,
PAT005798,,,,,,,,,,,
PAT005799,,,,,,,,,,,
PAT005800,,,,,,,,,,,
PAT005801,,,,,,,,,,,
PAT005802,,,,,,,,,,,
PAT005803,,,,,,,,,,,
PAT005804,,,,,,,,,,,
PAT005805,,,,,,,,,,,
PAT005806,,,,,,,,,,,
PAT005807,,,,,,,,,,,
PAT005808,,,,,,,,,,,
PAT005809,,,,,,,,,,,
PAT005810,,,,,,,,,,,
PAT005811,,,,,,,,,,,
PAT005812,,,,,,,,,,,
PAT005813,,,,,,,,,,,
PAT005814,,,,,,,,,,,
PAT005815,,,,,,,,,,,
PAT005816,,,,,,,,,,,
PAT005817,,,,,,,,,,,
PAT005818,,,,,,,,,,,
PAT005819,,,,,,,,,,,
PAT005820,,,,,,,,,,,
PAT005821,,,,,,,,,,,
PAT005822,,,,,,,,,,,
PAT005823,,,,,,,,,,,
PAT005824,,,,,,,,,,,
PAT005825,,,,,,,,,,,
PAT005826,,,,,,,,,,,
PAT005827,,,,,,,,,,,
PAT005828,,,,,,,,,,,
PAT005829,,,,,,,,,,,
PAT005830,,,,,,,,,,,
PAT005831,,,,,,,,,,,
PAT005832,,,,,,,,,,,
PAT005833,,,,,,,,,,,
PAT005834,,,,,,,,,,,
PAT005835,,,,,,,,,,,
PAT005836,,,,,,,,,,,
PAT005837,,,,,,,,,,,
PAT005838,,,,,,,,,,,
PAT005839,,,,,,,,,,,
PAT005840,,,,,,,,,,,
PAT005841,,,,,,,,,,,
PAT005842,,,,,,,,,,,
PAT005843,,,,,,,,,,,
PAT005844,,,,,,,,,,,
PAT005845,,,,,,,,,,,
PAT005846,,,,,,,,,,,
PAT005847,,,,,,,,,,,
PAT005848,,,,,,,,,,,
PAT005849,,,,,,,,,,,
PAT005850,,,,,,,,,,,
PAT005851,,,,,,,,,,,
PAT005852,,,,,,,,,,,
PAT005853,,,,,,,,,,,
PAT005854,,,,,,,,,,,
PAT005855,,,,,,,,,,,
PAT005856,,,,,,,,,,,
PAT005857,,,,,,,,,,,
PAT005858,,,,,,,,,,,
PAT005859,,,,,,,,,,,
PAT005860,,,,,,,,,,,
PAT005861,,,,,,,,,,,
PAT005862,,,,,,,,,,,
PAT005863,,,,,,,,,,,
PAT005864,,,,,,,,,,,
PAT005865,,,,,,,,,,,
PAT005866,,,,,,,,,,,
PAT005867,,,,,,,,,,,
PAT005868,,,,,,,,,,,
PAT005869,,,,,,,,,,,
PAT005870,,,,,,,,,,,
PAT005871,,,,,,,,,,,
PAT005872,,,,,,,,,,,
PAT005873,,,,,,,,,,,
PAT005874,,,,,,,,,,,
PAT005875,,,,,,,,,,,
PAT005876,,,,,,,,,,,
PAT005877,,,,,,,,,,,
PAT005878,,,,,,,,,,,
PAT005879,,,,,,,,,,,
PAT005880,,,,,,,,,,,
PAT005881,,,,,,,,,,,
PAT005882,,,,,,,,,,,
PAT005883,,,,,,,,,,,
PAT005884,,,,,,,,,,,
PAT005885,,,,,,,,,,,
PAT005886,,,,,,,,,,,
PAT005887,,,,,,,,,,,
PAT005888,,,,,,,,,,,
PAT005889,,,,,,,,,,,
PAT005890,,,,,,,,,,,
PAT005891,,,,,,,,,,,
PAT005892,,,,,,,,,,,
PAT005893,,,,,,,,,,,
PAT005894,,,,,,,,,,,
PAT005895,,,,,,,,,,,
PAT005896,,,,,,,,,,,
PAT005897,,,,,,,,,,,
PAT005898,,,,,,,,,,,
PAT005899,,,,,,,,,,,
PAT005900,,,,,,,,,,,
PAT005901,,,,,,,,,,,
PAT005902,,,,,,,,,,,
PAT005903,,,,,,,,,,,
PAT005904,,,,,,,,,,,
PAT005905,,,,,,,,,,,
PAT005906,,,,,,,,,,,
PAT005907,,,,,,,,,,,
PAT005908,,,,,,,,,,,
PAT005909,,,,,,,,,,,
PAT005910,,,,,,,,,,,
PAT005911,,,,,,,,,,,
PAT005912,,,,,,,,,,,
PAT005913,,,,,,,,,,,
PAT005914,,,,,,,,,,,
PAT005915,,,,,,,,,,,
PAT005916,,,,,,,,,,,
PAT005917,,,,,,,,,,,
PAT005918,,,,,,,,,,,
PAT005919,,,,,,,,,,,
PAT005920,,,,,,,,,,,
PAT005921,,,,,,,,,,,
PAT005922,,,,,,,,,,,
PAT005923,,,,,,,,,,,
PAT005924,,,,,,,,,,,
PAT005925,,,,,,,,,,,
PAT005926,,,,,,,,,,,
PAT005927,,,,,,,,,,,
PAT005928,,,,,,,,,,,
PAT005929,,,,,,,,,,,
PAT005930,,,,,,,,,,,
PAT005931,,,,,,,,,,,
PAT005932,,,,,,,,,,,
PAT005933,,,,,,,,,,,
PAT005934,,,,,,,,,,,
PAT005935,,,,,,,,,,,
PAT005936,,,,,,,,,,,
PAT005937,,,,,,,,,,,
PAT005938,,,,,,,,,,,
PAT005939,,,,,,,,,,,
PAT005940,,,,,,,,,,,
PAT005941,,,,,,,,,,,
PAT005942,,,,,,,,,,,
PAT005943,,,,,,,,,,,
PAT005944,,,,,,,,,,,
PAT005945,,,,,,,,,,,
PAT005946,,,,,,,,,,,
PAT005947,,,,,,,,,,,
PAT005948,,,,,,,,,,,
PAT005949,,,,,,,,,,,
PAT005950,,,,,,,,,,,
PAT005951,,,,,,,,,,,
PAT005952,,,,,,,,,,,
PAT005953,,,,,,,,,,,
PAT005954,,,,,,,,,,,
PAT005955,,,,,,,,,,,
PAT005956,,,,,,,,,,,
PAT005957,,,,,,,,,,,
PAT005958,,,,,,,,,,,
PAT005959,,,,,,,,,,,
PAT005960,,,,,,,,,,,
PAT005961,,,,,,,,,,,
PAT005962,,,,,,,,,,,
PAT005963,,,,,,,,,,,
PAT005964,,,,,,,,,,,
PAT005965,,,,,,,,,,,
PAT005966,,,,,,,,,,,
PAT005967,,,,,,,,,,,
PAT005968,,,,,,,,,,,
PAT005969,,,,,,,,,,,
PAT005970,,,,,,,,,,,
PAT005971,,,,,,,,,,,
PAT005972,,,,,,,,,,,
PAT005973,,,,,,,,,,,
PAT005974,,,,,,,,,,,
PAT005975,,,,,,,,,,,
PAT005976,,,,,,,,,,,
PAT005977,,,,,,,,,,,
PAT005978,,,,,,,,,,,
PAT005979,,,,,,,,,,,
PAT005980,,,,,,,,,,,
PAT005981,,,,,,,,,,,
PAT005982,,,,,,,,,,,
PAT005983,,,,,,,,,,,
PAT005984,,,,,,,,,,,
PAT005985,,,,,,,,,,,
PAT005986,,,,,,,,,,,
PAT005987,,,,,,,,,,,
PAT005988,,,,,,,,,,,
PAT005989,,,,,,,,,,,
PAT005990,,,,,,,,,,,
PAT005991,,,,,,,,,,,
PAT005992,,,,,,,,,,,
PAT005993,,,,,,,,,,,
PAT005994,,,,,,,,,,,
PAT005995,,,,,,,,,,,
PAT005996,,,,,,,,,,,
PAT005997,,,,,,,,,,,
PAT005998,,,,,,,,,,,
PAT005999,,,,,,,,,,,
PAT006000,,,,,,,,,,,
PAT006001,,,,,,,,,,,
PAT006002,,,,,,,,,,,
PAT006003,,,,,,,,,,,
PAT006004,,,,,,,,,,,
PAT006005,,,,,,,,,,,
PAT006006,,,,,,,,,,,
PAT006007,,,,,,,,,,,
PAT006008,,,,,,,,,,,
PAT006009,,,,,,,,,,,
PAT006010,,,,,,,,,,,
PAT006011,,,,,,,,,,,
PAT006012,,,,,,,,,,,
PAT006013,,,,,,,,,,,
PAT006014,,,,,,,,,,,
PAT006015,,,,,,,,,,,
PAT006016,,,,,,,,,,,
PAT006017,,,,,,,,,,,
PAT006018,,,,,,,,,,,
PAT006019,,,,,,,,,,,
PAT006020,,,,,,,,,,,
PAT006021,,,,,,,,,,,
PAT006022,,,,,,,,,,,
PAT006023,,,,,,,,,,,
PAT006024,,,,,,,,,,,
PAT006025,,,,,,,,,,,
PAT006026,,,,,,,,,,,
PAT006027,,,,,,,,,,,
PAT006028,,,,,,,,,,,
PAT006029,,,,,,,,,,,
PAT006030,,,,,,,,,,,
PAT006031,,,,,,,,,,,
PAT006032,,,,,,,,,,,
PAT006033,,,,,,,,,,,
PAT006034,,,,,,,,,,,
PAT006035,,,,,,,,,,,
PAT006036,,,,,,,,,,,
PAT006037,,,,,,,,,,,
PAT006038,,,,,,,,,,,
PAT006039,,,,,,,,,,,
PAT006040,,,,,,,,,,,
PAT006041,,,,,,,,,,,
PAT006042,,,,,,,,,,,
PAT006043,,,,,,,,,,,
PAT006044,,,,,,,,,,,
PAT006045,,,,,,,,,,,
PAT006046,,,,,,,,,,,
PAT006047,,,,,,,,,,,
PAT006048,,,,,,,,,,,
PAT006049,,,,,,,,,,,
PAT006050,,,,,,,,,,,
PAT006051,,,,,,,,,,,
PAT006052,,,,,,,,,,,
PAT006053,,,,,,,,,,,
PAT006054,,,,,,,,,,,
PAT006055,,,,,,,,,,,
PAT006056,,,,,,,,,,,
PAT006057,,,,,,,,,,,
PAT006058,,,,,,,,,,,
PAT006059,,,,,,,,,,,
PAT006060,,,,,,,,,,,
PAT006061,,,,,,,,,,,
PAT006062,,,,,,,,,,,
PAT006063,,,,,,,,,,,
PAT006064,,,,,,,,,,,
PAT006065,,,,,,,,,,,
PAT006066,,,,,,,,,,,
PAT006067,,,,,,,,,,,
PAT006068,,,,,,,,,,,
PAT006069,,,,,,,,,,,
PAT006070,,,,,,,,,,,
PAT006071,,,,,,,,,,,
PAT006072,,,,,,,,,,,
PAT006073,,,,,,,,,,,
PAT006074,,,,,,,,,,,
PAT006075,,,,,,,,,,,
PAT006076,,,,,,,,,,,
PAT006077,,,,,,,,,,,
PAT006078,,,,,,,,,,,
PAT006079,,,,,,,,,,,
PAT006080,,,,,,,,,,,
PAT006081,,,,,,,,,,,
PAT006082,,,,,,,,,,,
PAT006083,,,,,,,,,,,
PAT006084,,,,,,,,,,,
PAT006085,,,,,,,,,,,
PAT006086,,,,,,,,,,,
PAT006087,,,,,,,,,,,
PAT006088,,,,,,,,,,,
PAT006089,,,,,,,,,,,
PAT006090,,,,,,,,,,,
PAT006091,,,,,,,,,,,
PAT006092,,,,,,,,,,,
PAT006093,,,,,,,,,,,
PAT006094,,,,,,,,,,,
PAT006095,,,,,,,,,,,
PAT006096,,,,,,,,,,,
PAT006097,,,,,,,,,,,
PAT006098,,,,,,,,,,,
PAT006099,,,,,,,,,,,
PAT006100,,,,,,,,,,,
PAT006101,,,,,,,,,,,
PAT006102,,,,,,,,,,,
PAT006103,,,,,,,,,,,
PAT006104,,,,,,,,,,,
PAT006105,,,,,,,,,,,
PAT006106,,,,,,,,,,,
PAT006107,,,,,,,,,,,
PAT006108,,,,,,,,,,,
PAT006109,,,,,,,,,,,
PAT006110,,,,,,,,,,,
PAT006111,,,,,,,,,,,
PAT006112,,,,,,,,,,,
PAT006113,,,,,,,,,,,
PAT006114,,,,,,,,,,,
PAT006115,,,,,,,,,,,
PAT006116,,,,,,,,,,,
PAT006117,,,,,,,,,,,
PAT006118,,,,,,,,,,,
PAT006119,,,,,,,,,,,
PAT006120,,,,,,,,,,,
PAT006121,,,,,,,,,,,
PAT006122,,,,,,,,,,,
PAT006123,,,,,,,,,,,
PAT006124,,,,,,,,,,,
PAT006125,,,,,,,,,,,
PAT006126,,,,,,,,,,,
PAT006127,,,,,,,,,,,
PAT006128,,,,,,,,,,,
PAT006129,,,,,,,,,,,
PAT006130,,,,,,,,,,,
PAT006131,,,,,,,,,,,
PAT006132,,,,,,,,,,,
PAT006133,,,,,,,,,,,
PAT006134,,,,,,,,,,,
PAT006135,,,,,,,,,,,
PAT006136,,,,,,,,,,,
PAT006137,,,,,,,,,,,
PAT006138,,,,,,,,,,,
PAT006139,,,,,,,,,,,
PAT006140,,,,,,,,,,,
PAT006141,,,,,,,,,,,
PAT006142,,,,,,,,,,,
PAT006143,,,,,,,,,,,
PAT006144,,,,,,,,,,,
PAT006145,,,,,,,,,,,
PAT006146,,,,,,,,,,,
PAT006147,,,,,,,,,,,
PAT006148,,,,,,,,,,,
PAT006149,,,,,,,,,,,
PAT006150,,,,,,,,,,,
PAT006151,,,,,,,,,,,
PAT006152,,,,,,,,,,,
PAT006153,,,,,,,,,,,
PAT006154,,,,,,,,,,,
PAT006155,,,,,,,,,,,
PAT006156,,,,,,,,,,,
PAT006157,,,,,,,,,,,
PAT006158,,,,,,,,,,,
PAT006159,,,,,,,,,,,
PAT006160,,,,,,,,,,,
PAT006161,,,,,,,,,,,
PAT006162,,,,,,,,,,,
PAT006163,,,,,,,,,,,
PAT006164,,,,,,,,,,,
PAT006165,,,,,,,,,,,
PAT006166,,,,,,,,,,,
PAT006167,,,,,,,,,,,
PAT006168,,,,,,,,,,,
PAT006169,,,,,,,,,,,
PAT006170,,,,,,,,,,,
PAT006171,,,,,,,,,,,
PAT006172,,,,,,,,,,,
PAT006173,,,,,,,,,,,
PAT006174,,,,,,,,,,,
PAT006175,,,,,,,,,,,
PAT006176,,,,,,,,,,,
PAT006177,,,,,,,,,,,
PAT006178,,,,,,,,,,,
PAT006179,,,,,,,,,,,
PAT006180,,,,,,,,,,,
PAT006181,,,,,,,,,,,
PAT006182,,,,,,,,,,,
PAT006183,,,,,,,,,,,
PAT006184,,,,,,,,,,,
PAT006185,,,,,,,,,,,
PAT006186,,,,,,,,,,,
PAT006187,,,,,,,,,,,
PAT006188,,,,,,,,,,,
PAT006189,,,,,,,,,,,
PAT006190,,,,,,,,,,,
PAT006191,,,,,,,,,,,
PAT006192,,,,,,,,,,,
PAT006193,,,,,,,,,,,
PAT006194,,,,,,,,,,,
PAT006195,,,,,,,,,,,
PAT006196,,,,,,,,,,,
PAT006197,,,,,,,,,,,
PAT006198,,,,,,,,,,,
PAT006199,,,,,,,,,,,
PAT006200,,,,,,,,,,,
PAT006201,,,,,,,,,,,
PAT006202,,,,,,,,,,,
PAT006203,,,,,,,,,,,
PAT006204,,,,,,,,,,,
PAT006205,,,,,,,,,,,
PAT006206,,,,,,,,,,,
PAT006207,,,,,,,,,,,
PAT006208,,,,,,,,,,,
PAT006209,,,,,,,,,,,
PAT006210,,,,,,,,,,,
PAT006211,,,,,,,,,,,
PAT006212,,,,,,,,,,,
PAT006213,,,,,,,,,,,
PAT006214,,,,,,,,,,,
PAT006215,,,,,,,,,,,
PAT006216,,,,,,,,,,,
PAT006217,,,,,,,,,,,
PAT006218,,,,,,,,,,,
PAT006219,,,,,,,,,,,
PAT006220,,,,,,,,,,,
PAT006221,,,,,,,,,,,
PAT006222,,,,,,,,,,,
PAT006223,,,,,,,,,,,
PAT006224,,,,,,,,,,,
PAT006225,,,,,,,,,,,
PAT006226,,,,,,,,,,,
PAT006227,,,,,,,,,,,
PAT006228,,,,,,,,,,,
PAT006229,,,,,,,,,,,
PAT006230,,,,,,,,,,,
PAT006231,,,,,,,,,,,
PAT006232,,,,,,,,,,,
PAT006233,,,,,,,,,,,
PAT006234,,,,,,,,,,,
PAT006235,,,,,,,,,,,
PAT006236,,,,,,,,,,,
PAT006237,,,,,,,,,,,
PAT006238,,,,,,,,,,,
PAT006239,,,,,,,,,,,
PAT006240,,,,,,,,,,,
PAT006241,,,,,,,,,,,
PAT006242,,,,,,,,,,,
PAT006243,,,,,,,,,,,
PAT006244,,,,,,,,,,,
PAT006245,,,,,,,,,,,
PAT006246,,,,,,,,,,,
PAT006247,,,,,,,,,,,
PAT006248,,,,,,,,,,,
PAT006249,,,,,,,,,,,
PAT006250,,,,,,,,,,,
PAT006251,,,,,,,,,,,
PAT006252,,,,,,,,,,,
PAT006253,,,,,,,,,,,
PAT006254,,,,,,,,,,,
PAT006255,,,,,,,,,,,
PAT006256,,,,,,,,,,,
PAT006257,,,,,,,,,,,
PAT006258,,,,,,,,,,,
PAT006259,,,,,,,,,,,
PAT006260,,,,,,,,,,,
PAT006261,,,,,,,,,,,
PAT006262,,,,,,,,,,,
PAT006263,,,,,,,,,,,
PAT006264,,,,,,,,,,,
PAT006265,,,,,,,,,,,
PAT006266,,,,,,,,,,,
PAT006267,,,,,,,,,,,
PAT006268,,,,,,,,,,,
PAT006269,,,,,,,,,,,
PAT006270,,,,,,,,,,,
PAT006271,,,,,,,,,,,
PAT006272,,,,,,,,,,,
PAT006273,,,,,,,,,,,
PAT006274,,,,,,,,,,,
PAT006275,,,,,,,,,,,
PAT006276,,,,,,,,,,,
PAT006277,,,,,,,,,,,
PAT006278,,,,,,,,,,,
PAT006279,,,,,,,,,,,
PAT006280,,,,,,,,,,,
PAT006281,,,,,,,,,,,
PAT006282,,,,,,,,,,,
PAT006283,,,,,,,,,,,
PAT006284,,,,,,,,,,,
PAT006285,,,,,,,,,,,
PAT006286,,,,,,,,,,,
PAT006287,,,,,,,,,,,
PAT006288,,,,,,,,,,,
PAT006289,,,,,,,,,,,
PAT006290,,,,,,,,,,,
PAT006291,,,,,,,,,,,
PAT006292,,,,,,,,,,,
PAT006293,,,,,,,,,,,
PAT006294,,,,,,,,,,,
PAT006295,,,,,,,,,,,
PAT006296,,,,,,,,,,,
PAT006297,,,,,,,,,,,
PAT006298,,,,,,,,,,,
PAT006299,,,,,,,,,,,
PAT006300,,,,,,,,,,,
PAT006301,,,,,,,,,,,
PAT006302,,,,,,,,,,,
PAT006303,,,,,,,,,,,
PAT006304,,,,,,,,,,,
PAT006305,,,,,,,,,,,
PAT006306,,,,,,,,,,,
PAT006307,,,,,,,,,,,
PAT006308,,,,,,,,,,,
PAT006309,,,,,,,,,,,
PAT006310,,,,,,,,,,,
PAT006311,,,,,,,,,,,
PAT006312,,,,,,,,,,,
PAT006313,,,,,,,,,,,
PAT006314,,,,,,,,,,,
PAT006315,,,,,,,,,,,
PAT006316,,,,,,,,,,,
PAT006317,,,,,,,,,,,
PAT006318,,,,,,,,,,,
PAT006319,,,,,,,,,,,
PAT006320,,,,,,,,,,,
PAT006321,,,,,,,,,,,
PAT006322,,,,,,,,,,,
PAT006323,,,,,,,,,,,
PAT006324,,,,,,,,,,,
PAT006325,,,,,,,,,,,
PAT006326,,,,,,,,,,,
PAT006327,,,,,,,,,,,
PAT006328,,,,,,,,,,,
PAT006329,,,,,,,,,,,
PAT006330,,,,,,,,,,,
PAT006331,,,,,,,,,,,
PAT006332,,,,,,,,,,,
PAT006333,,,,,,,,,,,
PAT006334,,,,,,,,,,,
PAT006335,,,,,,,,,,,
PAT006336,,,,,,,,,,,
PAT006337,,,,,,,,,,,
PAT006338,,,,,,,,,,,
PAT006339,,,,,,,,,,,
PAT006340,,,,,,,,,,,
PAT006341,,,,,,,,,,,
PAT006342,,,,,,,,,,,
PAT006343,,,,,,,,,,,
PAT006344,,,,,,,,,,,
PAT006345,,,,,,,,,,,
PAT006346,,,,,,,,,,,
PAT006347,,,,,,,,,,,
PAT006348,,,,,,,,,,,
PAT006349,,,,,,,,,,,
PAT006350,,,,,,,,,,,
PAT006351,,,,,,,,,,,
PAT006352,,,,,,,,,,,
PAT006353,,,,,,,,,,,
PAT006354,,,,,,,,,,,
PAT006355,,,,,,,,,,,
PAT006356,,,,,,,,,,,
PAT006357,,,,,,,,,,,
PAT006358,,,,,,,,,,,
PAT006359,,,,,,,,,,,
PAT006360,,,,,,,,,,,
PAT006361,,,,,,,,,,,
PAT006362,,,,,,,,,,,
PAT006363,,,,,,,,,,,
PAT006364,,,,,,,,,,,
PAT006365,,,,,,,,,,,
PAT006366,,,,,,,,,,,
PAT006367,,,,,,,,,,,
PAT006368,,,,,,,,,,,
PAT006369,,,,,,,,,,,
PAT006370,,,,,,,,,,,
PAT006371,,,,,,,,,,,
PAT006372,,,,,,,,,,,
PAT006373,,,,,,,,,,,
PAT006374,,,,,,,,,,,
PAT006375,,,,,,,,,,,
PAT006376,,,,,,,,,,,
PAT006377,,,,,,,,,,,
PAT006378,,,,,,,,,,,
PAT006379,,,,,,,,,,,
PAT006380,,,,,,,,,,,
PAT006381,,,,,,,,,,,
PAT006382,,,,,,,,,,,
PAT006383,,,,,,,,,,,
PAT006384,,,,,,,,,,,
PAT006385,,,,,,,,,,,
PAT006386,,,,,,,,,,,
PAT006387,,,,,,,,,,,
PAT006388,,,,,,,,,,,
PAT006389,,,,,,,,,,,
PAT006390,,,,,,,,,,,
PAT006391,,,,,,,,,,,
PAT006392,,,,,,,,,,,
PAT006393,,,,,,,,,,,
PAT006394,,,,,,,,,,,
PAT006395,,,,,,,,,,,
PAT006396,,,,,,,,,,,
PAT006397,,,,,,,,,,,
PAT006398,,,,,,,,,,,
PAT006399,,,,,,,,,,,
PAT006400,,,,,,,,,,,
PAT006401,,,,,,,,,,,
PAT006402,,,,,,,,,,,
PAT006403,,,,,,,,,,,
PAT006404,,,,,,,,,,,
PAT006405,,,,,,,,,,,
PAT006406,,,,,,,,,,,
PAT006407,,,,,,,,,,,
PAT006408,,,,,,,,,,,
PAT006409,,,,,,,,,,,
PAT006410,,,,,,,,,,,
PAT006411,,,,,,,,,,,
PAT006412,,,,,,,,,,,
PAT006413,,,,,,,,,,,
PAT006414,,,,,,,,,,,
PAT006415,,,,,,,,,,,
PAT006416,,,,,,,,,,,
PAT006417,,,,,,,,,,,
PAT006418,,,,,,,,,,,
PAT006419,,,,,,,,,,,
PAT006420,,,,,,,,,,,
PAT006421,,,,,,,,,,,
PAT006422,,,,,,,,,,,
PAT006423,,,,,,,,,,,
PAT006424,,,,,,,,,,,
PAT006425,,,,,,,,,,,
PAT006426,,,,,,,,,,,
PAT006427,,,,,,,,,,,
PAT006428,,,,,,,,,,,
PAT006429,,,,,,,,,,,
PAT006430,,,,,,,,,,,
PAT006431,,,,,,,,,,,
PAT006432,,,,,,,,,,,
PAT006433,,,,,,,,,,,
PAT006434,,,,,,,,,,,
PAT006435,,,,,,,,,,,
PAT006436,,,,,,,,,,,
PAT006437,,,,,,,,,,,
PAT006438,,,,,,,,,,,
PAT006439,,,,,,,,,,,
PAT006440,,,,,,,,,,,
PAT006441,,,,,,,,,,,
PAT006442,,,,,,,,,,,
PAT006443,,,,,,,,,,,
PAT006444,,,,,,,,,,,
PAT006445,,,,,,,,,,,
PAT006446,,,,,,,,,,,
PAT006447,,,,,,,,,,,
PAT006448,,,,,,,,,,,
PAT006449,,,,,,,,,,,
PAT006450,,,,,,,,,,,
PAT006451,,,,,,,,,,,
PAT006452,,,,,,,,,,,
PAT006453,,,,,,,,,,,
PAT006454,,,,,,,,,,,
PAT006455,,,,,,,,,,,
PAT006456,,,,,,,,,,,
PAT006457,,,,,,,,,,,
PAT006458,,,,,,,,,,,
PAT006459,,,,,,,,,,,
PAT006460,,,,,,,,,,,
PAT006461,,,,,,,,,,,
PAT006462,,,,,,,,,,,
PAT006463,,,,,,,,,,,
PAT006464,,,,,,,,,,,
PAT006465,,,,,,,,,,,
PAT006466,,,,,,,,,,,
PAT006467,,,,,,,,,,,
PAT006468,,,,,,,,,,,
PAT006469,,,,,,,,,,,
PAT006470,,,,,,,,,,,
PAT006471,,,,,,,,,,,
PAT006472,,,,,,,,,,,
PAT006473,,,,,,,,,,,
PAT006474,,,,,,,,,,,
PAT006475,,,,,,,,,,,
PAT006476,,,,,,,,,,,
PAT006477,,,,,,,,,,,
PAT006478,,,,,,,,,,,
PAT006479,,,,,,,,,,,
PAT006480,,,,,,,,,,,
PAT006481,,,,,,,,,,,
PAT006482,,,,,,,,,,,
PAT006483,,,,,,,,,,,
PAT006484,,,,,,,,,,,
PAT006485,,,,,,,,,,,
PAT006486,,,,,,,,,,,
PAT006487,,,,,,,,,,,
PAT006488,,,,,,,,,,,
PAT006489,,,,,,,,,,,
PAT006490,,,,,,,,,,,
PAT006491,,,,,,,,,,,
PAT006492,,,,,,,,,,,
PAT006493,,,,,,,,,,,
PAT006494,,,,,,,,,,,
PAT006495,,,,,,,,,,,
PAT006496,,,,,,,,,,,
PAT006497,,,,,,,,,,,
PAT006498,,,,,,,,,,,
PAT006499,,,,,,,,,,,
PAT006500,,,,,,,,,,,
PAT006501,,,,,,,,,,,
PAT006502,,,,,,,,,,,
PAT006503,,,,,,,,,,,
PAT006504,,,,,,,,,,,
PAT006505,,,,,,,,,,,
PAT006506,,,,,,,,,,,
PAT006507,,,,,,,,,,,
PAT006508,,,,,,,,,,,
PAT006509,,,,,,,,,,,
PAT006510,,,,,,,,,,,
PAT006511,,,,,,,,,,,
PAT006512,,,,,,,,,,,
PAT006513,,,,,,,,,,,
PAT006514,,,,,,,,,,,
PAT006515,,,,,,,,,,,
PAT006516,,,,,,,,,,,
PAT006517,,,,,,,,,,,
PAT006518,,,,,,,,,,,
PAT006519,,,,,,,,,,,
PAT006520,,,,,,,,,,,
PAT006521,,,,,,,,,,,
PAT006522,,,,,,,,,,,
PAT006523,,,,,,,,,,,
PAT006524,,,,,,,,,,,
PAT006525,,,,,,,,,,,
PAT006526,,,,,,,,,,,
PAT006527,,,,,,,,,,,
PAT006528,,,,,,,,,,,
PAT006529,,,,,,,,,,,
PAT006530,,,,,,,,,,,
PAT006531,,,,,,,,,,,
PAT006532,,,,,,,,,,,
PAT006533,,,,,,,,,,,
PAT006534,,,,,,,,,,,
PAT006535,,,,,,,,,,,
PAT006536,,,,,,,,,,,
PAT006537,,,,,,,,,,,
PAT006538,,,,,,,,,,,
PAT006539,,,,,,,,,,,
PAT006540,,,,,,,,,,,
PAT006541,,,,,,,,,,,
PAT006542,,,,,,,,,,,
PAT006543,,,,,,,,,,,
PAT006544,,,,,,,,,,,
PAT006545,,,,,,,,,,,
PAT006546,,,,,,,,,,,
PAT006547,,,,,,,,,,,
PAT006548,,,,,,,,,,,
PAT006549,,,,,,,,,,,
PAT006550,,,,,,,,,,,
PAT006551,,,,,,,,,,,
PAT006552,,,,,,,,,,,
PAT006553,,,,,,,,,,,
PAT006554,,,,,,,,,,,
PAT006555,,,,,,,,,,,
PAT006556,,,,,,,,,,,
PAT006557,,,,,,,,,,,
PAT006558,,,,,,,,,,,
PAT006559,,,,,,,,,,,
PAT006560,,,,,,,,,,,
PAT006561,,,,,,,,,,,
PAT006562,,,,,,,,,,,
PAT006563,,,,,,,,,,,
PAT006564,,,,,,,,,,,
PAT006565,,,,,,,,,,,
PAT006566,,,,,,,,,,,
PAT006567,,,,,,,,,,,
PAT006568,,,,,,,,,,,
PAT006569,,,,,,,,,,,
PAT006570,,,,,,,,,,,
PAT006571,,,,,,,,,,,
PAT006572,,,,,,,,,,,
PAT006573,,,,,,,,,,,
PAT006574,,,,,,,,,,,
PAT006575,,,,,,,,,,,
PAT006576,,,,,,,,,,,
PAT006577,,,,,,,,,,,
PAT006578,,,,,,,,,,,
PAT006579,,,,,,,,,,,
PAT006580,,,,,,,,,,,
PAT006581,,,,,,,,,,,
PAT006582,,,,,,,,,,,
PAT006583,,,,,,,,,,,
PAT006584,,,,,,,,,,,
PAT006585,,,,,,,,,,,
PAT006586,,,,,,,,,,,
PAT006587,,,,,,,,,,,
PAT006588,,,,,,,,,,,
PAT006589,,,,,,,,,,,
PAT006590,,,,,,,,,,,
PAT006591,,,,,,,,,,,
PAT006592,,,,,,,,,,,
PAT006593,,,,,,,,,,,
PAT006594,,,,,,,,,,,
PAT006595,,,,,,,,,,,
PAT006596,,,,,,,,,,,
PAT006597,,,,,,,,,,,
PAT006598,,,,,,,,,,,
PAT006599,,,,,,,,,,,
PAT006600,,,,,,,,,,,
PAT006601,,,,,,,,,,,
PAT006602,,,,,,,,,,,
PAT006603,,,,,,,,,,,
PAT006604,,,,,,,,,,,
PAT006605,,,,,,,,,,,
PAT006606,,,,,,,,,,,
PAT006607,,,,,,,,,,,
PAT006608,,,,,,,,,,,
PAT006609,,,,,,,,,,,
PAT006610,,,,,,,,,,,
PAT006611,,,,,,,,,,,
PAT006612,,,,,,,,,,,
PAT006613,,,,,,,,,,,
PAT006614,,,,,,,,,,,
PAT006615,,,,,,,,,,,
PAT006616,,,,,,,,,,,
PAT006617,,,,,,,,,,,
PAT006618,,,,,,,,,,,
PAT006619,,,,,,,,,,,
PAT006620,,,,,,,,,,,
PAT006621,,,,,,,,,,,
PAT006622,,,,,,,,,,,
PAT006623,,,,,,,,,,,
PAT006624,,,,,,,,,,,
PAT006625,,,,,,,,,,,
PAT006626,,,,,,,,,,,
PAT006627,,,,,,,,,,,
PAT006628,,,,,,,,,,,
PAT006629,,,,,,,,,,,
PAT006630,,,,,,,,,,,
PAT006631,,,,,,,,,,,
PAT006632,,,,,,,,,,,
PAT006633,,,,,,,,,,,
PAT006634,,,,,,,,,,,
PAT006635,,,,,,,,,,,
PAT006636,,,,,,,,,,,
PAT006637,,,,,,,,,,,
PAT006638,,,,,,,,,,,
PAT006639,,,,,,,,,,,
PAT006640,,,,,,,,,,,
PAT006641,,,,,,,,,,,
PAT006642,,,,,,,,,,,
PAT006643,,,,,,,,,,,
PAT006644,,,,,,,,,,,
PAT006645,,,,,,,,,,,
PAT006646,,,,,,,,,,,
PAT006647,,,,,,,,,,,
PAT006648,,,,,,,,,,,
PAT006649,,,,,,,,,,,
PAT006650,,,,,,,,,,,
PAT006651,,,,,,,,,,,
PAT006652,,,,,,,,,,,
PAT006653,,,,,,,,,,,
PAT006654,,,,,,,,,,,
PAT006655,,,,,,,,,,,
PAT006656,,,,,,,,,,,
PAT006657,,,,,,,,,,,
PAT006658,,,,,,,,,,,
PAT006659,,,,,,,,,,,
PAT006660,,,,,,,,,,,
PAT006661,,,,,,,,,,,
PAT006662,,,,,,,,,,,
PAT006663,,,,,,,,,,,
PAT006664,,,,,,,,,,,
PAT006665,,,,,,,,,,,
PAT006666,,,,,,,,,,,
PAT006667,,,,,,,,,,,
PAT006668,,,,,,,,,,,
PAT006669,,,,,,,,,,,
PAT006670,,,,,,,,,,,
PAT006671,,,,,,,,,,,
PAT006672,,,,,,,,,,,
PAT006673,,,,,,,,,,,
PAT006674,,,,,,,,,,,
PAT006675,,,,,,,,,,,
PAT006676,,,,,,,,,,,
PAT006677,,,,,,,,,,,
PAT006678,,,,,,,,,,,
PAT006679,,,,,,,,,,,
PAT006680,,,,,,,,,,,
PAT006681,,,,,,,,,,,
PAT006682,,,,,,,,,,,
PAT006683,,,,,,,,,,,
PAT006684,,,,,,,,,,,
PAT006685,,,,,,,,,,,
PAT006686,,,,,,,,,,,
PAT006687,,,,,,,,,,,
PAT006688,,,,,,,,,,,
PAT006689,,,,,,,,,,,
PAT006690,,,,,,,,,,,
PAT006691,,,,,,,,,,,
PAT006692,,,,,,,,,,,
PAT006693,,,,,,,,,,,
PAT006694,,,,,,,,,,,
PAT006695,,,,,,,,,,,
PAT006696,,,,,,,,,,,
PAT006697,,,,,,,,,,,
PAT006698,,,,,,,,,,,
PAT006699,,,,,,,,,,,
PAT006700,,,,,,,,,,,
PAT006701,,,,,,,,,,,
PAT006702,,,,,,,,,,,
PAT006703,,,,,,,,,,,
PAT006704,,,,,,,,,,,
PAT006705,,,,,,,,,,,
PAT006706,,,,,,,,,,,
PAT006707,,,,,,,,,,,
PAT006708,,,,,,,,,,,
PAT006709,,,,,,,,,,,
PAT006710,,,,,,,,,,,
PAT006711,,,,,,,,,,,
PAT006712,,,,,,,,,,,
PAT006713,,,,,,,,,,,
PAT006714,,,,,,,,,,,
PAT006715,,,,,,,,,,,
PAT006716,,,,,,,,,,,
PAT006717,,,,,,,,,,,
PAT006718,,,,,,,,,,,
PAT006719,,,,,,,,,,,
PAT006720,,,,,,,,,,,
PAT006721,,,,,,,,,,,
PAT006722,,,,,,,,,,,
PAT006723,,,,,,,,,,,
PAT006724,,,,,,,,,,,
PAT006725,,,,,,,,,,,
PAT006726,,,,,,,,,,,
PAT006727,,,,,,,,,,,
PAT006728,,,,,,,,,,,
PAT006729,,,,,,,,,,,
PAT006730,,,,,,,,,,,
PAT006731,,,,,,,,,,,
PAT006732,,,,,,,,,,,
PAT006733,,,,,,,,,,,
PAT006734,,,,,,,,,,,
PAT006735,,,,,,,,,,,
PAT006736,,,,,,,,,,,
PAT006737,,,,,,,,,,,
PAT006738,,,,,,,,,,,
PAT006739,,,,,,,,,,,
PAT006740,,,,,,,,,,,
PAT006741,,,,,,,,,,,
PAT006742,,,,,,,,,,,
PAT006743,,,,,,,,,,,
PAT006744,,,,,,,,,,,
PAT006745,,,,,,,,,,,
PAT006746,,,,,,,,,,,
PAT006747,,,,,,,,,,,
PAT006748,,,,,,,,,,,
PAT006749,,,,,,,,,,,
PAT006750,,,,,,,,,,,
PAT006751,,,,,,,,,,,
PAT006752,,,,,,,,,,,
PAT006753,,,,,,,,,,,
PAT006754,,,,,,,,,,,
PAT006755,,,,,,,,,,,
PAT006756,,,,,,,,,,,
PAT006757,,,,,,,,,,,
PAT006758,,,,,,,,,,,
PAT006759,,,,,,,,,,,
PAT006760,,,,,,,,,,,
PAT006761,,,,,,,,,,,
PAT006762,,,,,,,,,,,
PAT006763,,,,,,,,,,,
PAT006764,,,,,,,,,,,
PAT006765,,,,,,,,,,,
PAT006766,,,,,,,,,,,
PAT006767,,,,,,,,,,,
PAT006768,,,,,,,,,,,
PAT006769,,,,,,,,,,,
PAT006770,,,,,,,,,,,
PAT006771,,,,,,,,,,,
PAT006772,,,,,,,,,,,
PAT006773,,,,,,,,,,,
PAT006774,,,,,,,,,,,
PAT006775,,,,,,,,,,,
PAT006776,,,,,,,,,,,
PAT006777,,,,,,,,,,,
PAT006778,,,,,,,,,,,
PAT006779,,,,,,,,,,,
PAT006780,,,,,,,,,,,
PAT006781,,,,,,,,,,,
PAT006782,,,,,,,,,,,
PAT006783,,,,,,,,,,,
PAT006784,,,,,,,,,,,
PAT006785,,,,,,,,,,,
PAT006786,,,,,,,,,,,
PAT006787,,,,,,,,,,,
PAT006788,,,,,,,,,,,
PAT006789,,,,,,,,,,,
PAT006790,,,,,,,,,,,
PAT006791,,,,,,,,,,,
PAT006792,,,,,,,,,,,
PAT006793,,,,,,,,,,,
PAT006794,,,,,,,,,,,
PAT006795,,,,,,,,,,,
PAT006796,,,,,,,,,,,
PAT006797,,,,,,,,,,,
PAT006798,,,,,,,,,,,
PAT006799,,,,,,,,,,,
PAT006800,,,,,,,,,,,
PAT006801,,,,,,,,,,,
PAT006802,,,,,,,,,,,
PAT006803,,,,,,,,,,,
PAT006804,,,,,,,,,,,
PAT006805,,,,,,,,,,,
PAT006806,,,,,,,,,,,
PAT006807,,,,,,,,,,,
PAT006808,,,,,,,,,,,
PAT006809,,,,,,,,,,,
PAT006810,,,,,,,,,,,
PAT006811,,,,,,,,,,,
PAT006812,,,,,,,,,,,
PAT006813,,,,,,,,,,,
PAT006814,,,,,,,,,,,
PAT006815,,,,,,,,,,,
PAT006816,,,,,,,,,,,
PAT006817,,,,,,,,,,,
PAT006818,,,,,,,,,,,
PAT006819,,,,,,,,,,,
PAT006820,,,,,,,,,,,
PAT006821,,,,,,,,,,,
PAT006822,,,,,,,,,,,
PAT006823,,,,,,,,,,,
PAT006824,,,,,,,,,,,
PAT006825,,,,,,,,,,,
PAT006826,,,,,,,,,,,
PAT006827,,,,,,,,,,,
PAT006828,,,,,,,,,,,
PAT006829,,,,,,,,,,,
PAT006830,,,,,,,,,,,
PAT006831,,,,,,,,,,,
PAT006832,,,,,,,,,,,
PAT006833,,,,,,,,,,,
PAT006834,,,,,,,,,,,
PAT006835,,,,,,,,,,,
PAT006836,,,,,,,,,,,
PAT006837,,,,,,,,,,,
PAT006838,,,,,,,,,,,
PAT006839,,,,,,,,,,,
PAT006840,,,,,,,,,,,
PAT006841,,,,,,,,,,,
PAT006842,,,,,,,,,,,
PAT006843,,,,,,,,,,,
PAT006844,,,,,,,,,,,
PAT006845,,,,,,,,,,,
PAT006846,,,,,,,,,,,
PAT006847,,,,,,,,,,,
PAT006848,,,,,,,,,,,
PAT006849,,,,,,,,,,,
PAT006850,,,,,,,,,,,
PAT006851,,,,,,,,,,,
PAT006852,,,,,,,,,,,
PAT006853,,,,,,,,,,,
PAT006854,,,,,,,,,,,
PAT006855,,,,,,,,,,,
PAT006856,,,,,,,,,,,
PAT006857,,,,,,,,,,,
PAT006858,,,,,,,,,,,
PAT006859,,,,,,,,,,,
PAT006860,,,,,,,,,,,
PAT006861,,,,,,,,,,,
PAT006862,,,,,,,,,,,
PAT006863,,,,,,,,,,,
PAT006864,,,,,,,,,,,
PAT006865,,,,,,,,,,,
PAT006866,,,,,,,,,,,
PAT006867,,,,,,,,,,,
PAT006868,,,,,,,,,,,
PAT006869,,,,,,,,,,,
PAT006870,,,,,,,,,,,
PAT006871,,,,,,,,,,,
PAT006872,,,,,,,,,,,
PAT006873,,,,,,,,,,,
PAT006874,,,,,,,,,,,
PAT006875,,,,,,,,,,,
PAT006876,,,,,,,,,,,
PAT006877,,,,,,,,,,,
PAT006878,,,,,,,,,,,
PAT006879,,,,,,,,,,,
PAT006880,,,,,,,,,,,
PAT006881,,,,,,,,,,,
PAT006882,,,,,,,,,,,
PAT006883,,,,,,,,,,,
PAT006884,,,,,,,,,,,
PAT006885,,,,,,,,,,,
PAT006886,,,,,,,,,,,
PAT006887,,,,,,,,,,,
PAT006888,,,,,,,,,,,
PAT006889,,,,,,,,,,,
PAT006890,,,,,,,,,,,
PAT006891,,,,,,,,,,,
PAT006892,,,,,,,,,,,
PAT006893,,,,,,,,,,,
PAT006894,,,,,,,,,,,
PAT006895,,,,,,,,,,,
PAT006896,,,,,,,,,,,
PAT006897,,,,,,,,,,,
PAT006898,,,,,,,,,,,
PAT006899,,,,,,,,,,,
PAT006900,,,,,,,,,,,
PAT006901,,,,,,,,,,,
PAT006902,,,,,,,,,,,
PAT006903,,,,,,,,,,,
PAT006904,,,,,,,,,,,
PAT006905,,,,,,,,,,,
PAT006906,,,,,,,,,,,
PAT006907,,,,,,,,,,,
PAT006908,,,,,,,,,,,
PAT006909,,,,,,,,,,,
PAT006910,,,,,,,,,,,
PAT006911,,,,,,,,,,,
PAT006912,,,,,,,,,,,
PAT006913,,,,,,,,,,,
PAT006914,,,,,,,,,,,
PAT006915,,,,,,,,,,,
PAT006916,,,,,,,,,,,
PAT006917,,,,,,,,,,,
PAT006918,,,,,,,,,,,
PAT006919,,,,,,,,,,,
PAT006920,,,,,,,,,,,
PAT006921,,,,,,,,,,,
PAT006922,,,,,,,,,,,
PAT006923,,,,,,,,,,,
PAT006924,,,,,,,,,,,
PAT006925,,,,,,,,,,,
PAT006926,,,,,,,,,,,
PAT006927,,,,,,,,,,,
PAT006928,,,,,,,,,,,
PAT006929,,,,,,,,,,,
PAT006930,,,,,,,,,,,
PAT006931,,,,,,,,,,,
PAT006932,,,,,,,,,,,
PAT006933,,,,,,,,,,,
PAT006934,,,,,,,,,,,
PAT006935,,,,,,,,,,,
PAT006936,,,,,,,,,,,
PAT006937,,,,,,,,,,,
PAT006938,,,,,,,,,,,
PAT006939,,,,,,,,,,,
PAT006940,,,,,,,,,,,
PAT006941,,,,,,,,,,,
PAT006942,,,,,,,,,,,
PAT006943,,,,,,,,,,,
PAT006944,,,,,,,,,,,
PAT006945,,,,,,,,,,,
PAT006946,,,,,,,,,,,
PAT006947,,,,,,,,,,,
PAT006948,,,,,,,,,,,
PAT006949,,,,,,,,,,,
PAT006950,,,,,,,,,,,
PAT006951,,,,,,,,,,,
PAT006952,,,,,,,,,,,
PAT006953,,,,,,,,,,,
PAT006954,,,,,,,,,,,
PAT006955,,,,,,,,,,,
PAT006956,,,,,,,,,,,
PAT006957,,,,,,,,,,,
PAT006958,,,,,,,,,,,
PAT006959,,,,,,,,,,,
PAT006960,,,,,,,,,,,
PAT006961,,,,,,,,,,,
PAT006962,,,,,,,,,,,
PAT006963,,,,,,,,,,,
PAT006964,,,,,,,,,,,
PAT006965,,,,,,,,,,,
PAT006966,,,,,,,,,,,
PAT006967,,,,,,,,,,,
PAT006968,,,,,,,,,,,
PAT006969,,,,,,,,,,,
PAT006970,,,,,,,,,,,
PAT006971,,,,,,,,,,,
PAT006972,,,,,,,,,,,
PAT006973,,,,,,,,,,,
PAT006974,,,,,,,,,,,
PAT006975,,,,,,,,,,,
PAT006976,,,,,,,,,,,
PAT006977,,,,,,,,,,,
PAT006978,,,,,,,,,,,
PAT006979,,,,,,,,,,,
PAT006980,,,,,,,,,,,
PAT006981,,,,,,,,,,,
PAT006982,,,,,,,,,,,
PAT006983,,,,,,,,,,,
PAT006984,,,,,,,,,,,
PAT006985,,,,,,,,,,,
PAT006986,,,,,,,,,,,
PAT006987,,,,,,,,,,,
PAT006988,,,,,,,,,,,
PAT006989,,,,,,,,,,,
PAT006990,,,,,,,,,,,
PAT006991,,,,,,,,,,,
PAT006992,,,,,,,,,,,
PAT006993,,,,,,,,,,,
PAT006994,,,,,,,,,,,
PAT006995,,,,,,,,,,,
PAT006996,,,,,,,,,,,
PAT006997,,,,,,,,,,,
PAT006998,,,,,,,,,,,
PAT006999,,,,,,,,,,,
PAT007000,,,,,,,,,,,
PAT007001,,,,,,,,,,,
PAT007002,,,,,,,,,,,
PAT007003,,,,,,,,,,,
PAT007004,,,,,,,,,,,
PAT007005,,,,,,,,,,,
PAT007006,,,,,,,,,,,
PAT007007,,,,,,,,,,,
PAT007008,,,,,,,,,,,
PAT007009,,,,,,,,,,,
PAT007010,,,,,,,,,,,
PAT007011,,,,,,,,,,,
PAT007012,,,,,,,,,,,
PAT007013,,,,,,,,,,,
PAT007014,,,,,,,,,,,
PAT007015,,,,,,,,,,,
PAT007016,,,,,,,,,,,
PAT007017,,,,,,,,,,,
PAT007018,,,,,,,,,,,
PAT007019,,,,,,,,,,,
PAT007020,,,,,,,,,,,
PAT007021,,,,,,,,,,,
PAT007022,,,,,,,,,,,
PAT007023,,,,,,,,,,,
PAT007024,,,,,,,,,,,
PAT007025,,,,,,,,,,,
PAT007026,,,,,,,,,,,
PAT007027,,,,,,,,,,,
PAT007028,,,,,,,,,,,
PAT007029,,,,,,,,,,,
PAT007030,,,,,,,,,,,
PAT007031,,,,,,,,,,,
PAT007032,,,,,,,,,,,
PAT007033,,,,,,,,,,,
PAT007034,,,,,,,,,,,
PAT007035,,,,,,,,,,,
PAT007036,,,,,,,,,,,
PAT007037,,,,,,,,,,,
PAT007038,,,,,,,,,,,
PAT007039,,,,,,,,,,,
PAT007040,,,,,,,,,,,
PAT007041,,,,,,,,,,,
PAT007042,,,,,,,,,,,
PAT007043,,,,,,,,,,,
PAT007044,,,,,,,,,,,
PAT007045,,,,,,,,,,,
PAT007046,,,,,,,,,,,
PAT007047,,,,,,,,,,,
PAT007048,,,,,,,,,,,
PAT007049,,,,,,,,,,,
PAT007050,,,,,,,,,,,
PAT007051,,,,,,,,,,,
PAT007052,,,,,,,,,,,
PAT007053,,,,,,,,,,,
PAT007054,,,,,,,,,,,
PAT007055,,,,,,,,,,,
PAT007056,,,,,,,,,,,
PAT007057,,,,,,,,,,,
PAT007058,,,,,,,,,,,
PAT007059,,,,,,,,,,,
PAT007060,,,,,,,,,,,
PAT007061,,,,,,,,,,,
PAT007062,,,,,,,,,,,
PAT007063,,,,,,,,,,,
PAT007064,,,,,,,,,,,
PAT007065,,,,,,,,,,,
PAT007066,,,,,,,,,,,
PAT007067,,,,,,,,,,,
PAT007068,,,,,,,,,,,
PAT007069,,,,,,,,,,,
PAT007070,,,,,,,,,,,
PAT007071,,,,,,,,,,,
PAT007072,,,,,,,,,,,
PAT007073,,,,,,,,,,,
PAT007074,,,,,,,,,,,
PAT007075,,,,,,,,,,,
PAT007076,,,,,,,,,,,
PAT007077,,,,,,,,,,,
PAT007078,,,,,,,,,,,
PAT007079,,,,,,,,,,,
PAT007080,,,,,,,,,,,
PAT007081,,,,,,,,,,,
PAT007082,,,,,,,,,,,
PAT007083,,,,,,,,,,,
PAT007084,,,,,,,,,,,
PAT007085,,,,,,,,,,,
PAT007086,,,,,,,,,,,
PAT007087,,,,,,,,,,,
PAT007088,,,,,,,,,,,
PAT007089,,,,,,,,,,,
PAT007090,,,,,,,,,,,
PAT007091,,,,,,,,,,,
PAT007092,,,,,,,,,,,
PAT007093,,,,,,,,,,,
PAT007094,,,,,,,,,,,
PAT007095,,,,,,,,,,,
PAT007096,,,,,,,,,,,
PAT007097,,,,,,,,,,,
PAT007098,,,,,,,,,,,
PAT007099,,,,,,,,,,,
PAT007100,,,,,,,,,,,
PAT007101,,,,,,,,,,,
PAT007102,,,,,,,,,,,
PAT007103,,,,,,,,,,,
PAT007104,,,,,,,,,,,
PAT007105,,,,,,,,,,,
PAT007106,,,,,,,,,,,
PAT007107,,,,,,,,,,,
PAT007108,,,,,,,,,,,
PAT007109,,,,,,,,,,,
PAT007110,,,,,,,,,,,
PAT007111,,,,,,,,,,,
PAT007112,,,,,,,,,,,
PAT007113,,,,,,,,,,,
PAT007114,,,,,,,,,,,
PAT007115,,,,,,,,,,,
PAT007116,,,,,,,,,,,
PAT007117,,,,,,,,,,,
PAT007118,,,,,,,,,,,
PAT007119,,,,,,,,,,,
PAT007120,,,,,,,,,,,
PAT007121,,,,,,,,,,,
PAT007122,,,,,,,,,,,
PAT007123,,,,,,,,,,,
PAT007124,,,,,,,,,,,
PAT007125,,,,,,,,,,,
PAT007126,,,,,,,,,,,
PAT007127,,,,,,,,,,,
PAT007128,,,,,,,,,,,
PAT007129,,,,,,,,,,,
PAT007130,,,,,,,,,,,
PAT007131,,,,,,,,,,,
PAT007132,,,,,,,,,,,
PAT007133,,,,,,,,,,,
PAT007134,,,,,,,,,,,
PAT007135,,,,,,,,,,,
PAT007136,,,,,,,,,,,
PAT007137,,,,,,,,,,,
PAT007138,,,,,,,,,,,
PAT007139,,,,,,,,,,,
PAT007140,,,,,,,,,,,
PAT007141,,,,,,,,,,,
PAT007142,,,,,,,,,,,
PAT007143,,,,,,,,,,,
PAT007144,,,,,,,,,,,
PAT007145,,,,,,,,,,,
PAT007146,,,,,,,,,,,
PAT007147,,,,,,,,,,,
PAT007148,,,,,,,,,,,
PAT007149,,,,,,,,,,,
PAT007150,,,,,,,,,,,
PAT007151,,,,,,,,,,,
PAT007152,,,,,,,,,,,
PAT007153,,,,,,,,,,,
PAT007154,,,,,,,,,,,
PAT007155,,,,,,,,,,,
PAT007156,,,,,,,,,,,
PAT007157,,,,,,,,,,,
PAT007158,,,,,,,,,,,
PAT007159,,,,,,,,,,,
PAT007160,,,,,,,,,,,
PAT007161,,,,,,,,,,,
PAT007162,,,,,,,,,,,
PAT007163,,,,,,,,,,,
PAT007164,,,,,,,,,,,
PAT007165,,,,,,,,,,,
PAT007166,,,,,,,,,,,
PAT007167,,,,,,,,,,,
PAT007168,,,,,,,,,,,
PAT007169,,,,,,,,,,,
PAT007170,,,,,,,,,,,
PAT007171,,,,,,,,,,,
PAT007172,,,,,,,,,,,
PAT007173,,,,,,,,,,,
PAT007174,,,,,,,,,,,
PAT007175,,,,,,,,,,,
PAT007176,,,,,,,,,,,
PAT007177,,,,,,,,,,,
PAT007178,,,,,,,,,,,
PAT007179,,,,,,,,,,,
PAT007180,,,,,,,,,,,
PAT007181,,,,,,,,,,,
PAT007182,,,,,,,,,,,
PAT007183,,,,,,,,,,,
PAT007184,,,,,,,,,,,
PAT007185,,,,,,,,,,,
PAT007186,,,,,,,,,,,
PAT007187,,,,,,,,,,,
PAT007188,,,,,,,,,,,
PAT007189,,,,,,,,,,,
PAT007190,,,,,,,,,,,
PAT007191,,,,,,,,,,,
PAT007192,,,,,,,,,,,
PAT007193,,,,,,,,,,,
PAT007194,,,,,,,,,,,
PAT007195,,,,,,,,,,,
PAT007196,,,,,,,,,,,
PAT007197,,,,,,,,,,,
PAT007198,,,,,,,,,,,
PAT007199,,,,,,,,,,,
PAT007200,,,,,,,,,,,
PAT007201,,,,,,,,,,,
PAT007202,,,,,,,,,,,
PAT007203,,,,,,,,,,,
PAT007204,,,,,,,,,,,
PAT007205,,,,,,,,,,,
PAT007206,,,,,,,,,,,
PAT007207,,,,,,,,,,,
PAT007208,,,,,,,,,,,
PAT007209,,,,,,,,,,,
PAT007210,,,,,,,,,,,
PAT007211,,,,,,,,,,,
PAT007212,,,,,,,,,,,
PAT007213,,,,,,,,,,,
PAT007214,,,,,,,,,,,
PAT007215,,,,,,,,,,,
PAT007216,,,,,,,,,,,
PAT007217,,,,,,,,,,,
PAT007218,,,,,,,,,,,
PAT007219,,,,,,,,,,,
PAT007220,,,,,,,,,,,
PAT007221,,,,,,,,,,,
PAT007222,,,,,,,,,,,
PAT007223,,,,,,,,,,,
PAT007224,,,,,,,,,,,
PAT007225,,,,,,,,,,,
PAT007226,,,,,,,,,,,
PAT007227,,,,,,,,,,,
PAT007228,,,,,,,,,,,
PAT007229,,,,,,,,,,,
PAT007230,,,,,,,,,,,
PAT007231,,,,,,,,,,,
PAT007232,,,,,,,,,,,
PAT007233,,,,,,,,,,,
PAT007234,,,,,,,,,,,
PAT007235,,,,,,,,,,,
PAT007236,,,,,,,,,,,
PAT007237,,,,,,,,,,,
PAT007238,,,,,,,,,,,
PAT007239,,,,,,,,,,,
PAT007240,,,,,,,,,,,
PAT007241,,,,,,,,,,,
PAT007242,,,,,,,,,,,
PAT007243,,,,,,,,,,,
PAT007244,,,,,,,,,,,
PAT007245,,,,,,,,,,,
PAT007246,,,,,,,,,,,
PAT007247,,,,,,,,,,,
PAT007248,,,,,,,,,,,
PAT007249,,,,,,,,,,,
PAT007250,,,,,,,,,,,
PAT007251,,,,,,,,,,,
PAT007252,,,,,,,,,,,
PAT007253,,,,,,,,,,,
PAT007254,,,,,,,,,,,
PAT007255,,,,,,,,,,,
PAT007256,,,,,,,,,,,
PAT007257,,,,,,,,,,,
PAT007258,,,,,,,,,,,
PAT007259,,,,,,,,,,,
PAT007260,,,,,,,,,,,
PAT007261,,,,,,,,,,,
PAT007262,,,,,,,,,,,
PAT007263,,,,,,,,,,,
PAT007264,,,,,,,,,,,
PAT007265,,,,,,,,,,,
PAT007266,,,,,,,,,,,
PAT007267,,,,,,,,,,,
PAT007268,,,,,,,,,,,
PAT007269,,,,,,,,,,,
PAT007270,,,,,,,,,,,
PAT007271,,,,,,,,,,,
PAT007272,,,,,,,,,,,
PAT007273,,,,,,,,,,,
PAT007274,,,,,,,,,,,
PAT007275,,,,,,,,,,,
PAT007276,,,,,,,,,,,
PAT007277,,,,,,,,,,,
PAT007278,,,,,,,,,,,
PAT007279,,,,,,,,,,,
PAT007280,,,,,,,,,,,
PAT007281,,,,,,,,,,,
PAT007282,,,,,,,,,,,
PAT007283,,,,,,,,,,,
PAT007284,,,,,,,,,,,
PAT007285,,,,,,,,,,,
PAT007286,,,,,,,,,,,
PAT007287,,,,,,,,,,,
PAT007288,,,,,,,,,,,
PAT007289,,,,,,,,,,,
PAT007290,,,,,,,,,,,
PAT007291,,,,,,,,,,,
PAT007292,,,,,,,,,,,
PAT007293,,,,,,,,,,,
PAT007294,,,,,,,,,,,
PAT007295,,,,,,,,,,,
PAT007296,,,,,,,,,,,
PAT007297,,,,,,,,,,,
PAT007298,,,,,,,,,,,
PAT007299,,,,,,,,,,,
PAT007300,,,,,,,,,,,
PAT007301,,,,,,,,,,,
PAT007302,,,,,,,,,,,
PAT007303,,,,,,,,,,,
PAT007304,,,,,,,,,,,
PAT007305,,,,,,,,,,,
PAT007306,,,,,,,,,,,
PAT007307,,,,,,,,,,,
PAT007308,,,,,,,,,,,
PAT007309,,,,,,,,,,,
PAT007310,,,,,,,,,,,
PAT007311,,,,,,,,,,,
PAT007312,,,,,,,,,,,
PAT007313,,,,,,,,,,,
PAT007314,,,,,,,,,,,
PAT007315,,,,,,,,,,,
PAT007316,,,,,,,,,,,
PAT007317,,,,,,,,,,,
PAT007318,,,,,,,,,,,
PAT007319,,,,,,,,,,,
PAT007320,,,,,,,,,,,
PAT007321,,,,,,,,,,,
PAT007322,,,,,,,,,,,
PAT007323,,,,,,,,,,,
PAT007324,,,,,,,,,,,
PAT007325,,,,,,,,,,,
PAT007326,,,,,,,,,,,
PAT007327,,,,,,,,,,,
PAT007328,,,,,,,,,,,
PAT007329,,,,,,,,,,,
PAT007330,,,,,,,,,,,
PAT007331,,,,,,,,,,,
PAT007332,,,,,,,,,,,
PAT007333,,,,,,,,,,,
PAT007334,,,,,,,,,,,
PAT007335,,,,,,,,,,,
PAT007336,,,,,,,,,,,
PAT007337,,,,,,,,,,,
PAT007338,,,,,,,,,,,
PAT007339,,,,,,,,,,,
PAT007340,,,,,,,,,,,
PAT007341,,,,,,,,,,,
PAT007342,,,,,,,,,,,
PAT007343,,,,,,,,,,,
PAT007344,,,,,,,,,,,
PAT007345,,,,,,,,,,,
PAT007346,,,,,,,,,,,
PAT007347,,,,,,,,,,,
PAT007348,,,,,,,,,,,
PAT007349,,,,,,,,,,,
PAT007350,,,,,,,,,,,
PAT007351,,,,,,,,,,,
PAT007352,,,,,,,,,,,
PAT007353,,,,,,,,,,,
PAT007354,,,,,,,,,,,
PAT007355,,,,,,,,,,,
PAT007356,,,,,,,,,,,
PAT007357,,,,,,,,,,,
PAT007358,,,,,,,,,,,
PAT007359,,,,,,,,,,,
PAT007360,,,,,,,,,,,
PAT007361,,,,,,,,,,,
PAT007362,,,,,,,,,,,
PAT007363,,,,,,,,,,,
PAT007364,,,,,,,,,,,
PAT007365,,,,,,,,,,,
PAT007366,,,,,,,,,,,
PAT007367,,,,,,,,,,,
PAT007368,,,,,,,,,,,
PAT007369,,,,,,,,,,,
PAT007370,,,,,,,,,,,
PAT007371,,,,,,,,,,,
PAT007372,,,,,,,,,,,
PAT007373,,,,,,,,,,,
PAT007374,,,,,,,,,,,
PAT007375,,,,,,,,,,,
PAT007376,,,,,,,,,,,
PAT007377,,,,,,,,,,,
PAT007378,,,,,,,,,,,
PAT007379,,,,,,,,,,,
PAT007380,,,,,,,,,,,
PAT007381,,,,,,,,,,,
PAT007382,,,,,,,,,,,
PAT007383,,,,,,,,,,,
PAT007384,,,,,,,,,,,
PAT007385,,,,,,,,,,,
PAT007386,,,,,,,,,,,
PAT007387,,,,,,,,,,,
PAT007388,,,,,,,,,,,
PAT007389,,,,,,,,,,,
PAT007390,,,,,,,,,,,
PAT007391,,,,,,,,,,,
PAT007392,,,,,,,,,,,
PAT007393,,,,,,,,,,,
PAT007394,,,,,,,,,,,
PAT007395,,,,,,,,,,,
PAT007396,,,,,,,,,,,
PAT007397,,,,,,,,,,,
PAT007398,,,,,,,,,,,
PAT007399,,,,,,,,,,,
PAT007400,,,,,,,,,,,
PAT007401,,,,,,,,,,,
PAT007402,,,,,,,,,,,
PAT007403,,,,,,,,,,,
PAT007404,,,,,,,,,,,
PAT007405,,,,,,,,,,,
PAT007406,,,,,,,,,,,
PAT007407,,,,,,,,,,,
PAT007408,,,,,,,,,,,
PAT007409,,,,,,,,,,,
PAT007410,,,,,,,,,,,
PAT007411,,,,,,,,,,,
PAT007412,,,,,,,,,,,
PAT007413,,,,,,,,,,,
PAT007414,,,,,,,,,,,
PAT007415,,,,,,,,,,,
PAT007416,,,,,,,,,,,
PAT007417,,,,,,,,,,,
PAT007418,,,,,,,,,,,
PAT007419,,,,,,,,,,,
PAT007420,,,,,,,,,,,
PAT007421,,,,,,,,,,,
PAT007422,,,,,,,,,,,
PAT007423,,,,,,,,,,,
PAT007424,,,,,,,,,,,
PAT007425,,,,,,,,,,,
PAT007426,,,,,,,,,,,
PAT007427,,,,,,,,,,,
PAT007428,,,,,,,,,,,
PAT007429,,,,,,,,,,,
PAT007430,,,,,,,,,,,
PAT007431,,,,,,,,,,,
PAT007432,,,,,,,,,,,
PAT007433,,,,,,,,,,,
PAT007434,,,,,,,,,,,
PAT007435,,,,,,,,,,,
PAT007436,,,,,,,,,,,
PAT007437,,,,,,,,,,,
PAT007438,,,,,,,,,,,
PAT007439,,,,,,,,,,,
PAT007440,,,,,,,,,,,
PAT007441,,,,,,,,,,,
PAT007442,,,,,,,,,,,
PAT007443,,,,,,,,,,,
PAT007444,,,,,,,,,,,
PAT007445,,,,,,,,,,,
PAT007446,,,,,,,,,,,
PAT007447,,,,,,,,,,,
PAT007448,,,,,,,,,,,
PAT007449,,,,,,,,,,,
PAT007450,,,,,,,,,,,
PAT007451,,,,,,,,,,,
PAT007452,,,,,,,,,,,
PAT007453,,,,,,,,,,,
PAT007454,,,,,,,,,,,
PAT007455,,,,,,,,,,,
PAT007456,,,,,,,,,,,
PAT007457,,,,,,,,,,,
PAT007458,,,,,,,,,,,
PAT007459,,,,,,,,,,,
PAT007460,,,,,,,,,,,
PAT007461,,,,,,,,,,,
PAT007462,,,,,,,,,,,
PAT007463,,,,,,,,,,,
PAT007464,,,,,,,,,,,
PAT007465,,,,,,,,,,,
PAT007466,,,,,,,,,,,
PAT007467,,,,,,,,,,,
PAT007468,,,,,,,,,,,
PAT007469,,,,,,,,,,,
PAT007470,,,,,,,,,,,
PAT007471,,,,,,,,,,,
PAT007472,,,,,,,,,,,
PAT007473,,,,,,,,,,,
PAT007474,,,,,,,,,,,
PAT007475,,,,,,,,,,,
PAT007476,,,,,,,,,,,
PAT007477,,,,,,,,,,,
PAT007478,,,,,,,,,,,
PAT007479,,,,,,,,,,,
PAT007480,,,,,,,,,,,
PAT007481,,,,,,,,,,,
PAT007482,,,,,,,,,,,
PAT007483,,,,,,,,,,,
PAT007484,,,,,,,,,,,
PAT007485,,,,,,,,,,,
PAT007486,,,,,,,,,,,
PAT007487,,,,,,,,,,,
PAT007488,,,,,,,,,,,
PAT007489,,,,,,,,,,,
PAT007490,,,,,,,,,,,
PAT007491,,,,,,,,,,,
PAT007492,,,,,,,,,,,
PAT007493,,,,,,,,,,,
PAT007494,,,,,,,,,,,
PAT007495,,,,,,,,,,,
PAT007496,,,,,,,,,,,
PAT007497,,,,,,,,,,,
PAT007498,,,,,,,,,,,
PAT007499,,,,,,,,,,,
PAT007500,,,,,,,,,,,
PAT007501,,,,,,,,,,,
PAT007502,,,,,,,,,,,
PAT007503,,,,,,,,,,,
PAT007504,,,,,,,,,,,
PAT007505,,,,,,,,,,,
PAT007506,,,,,,,,,,,
PAT007507,,,,,,,,,,,
PAT007508,,,,,,,,,,,
PAT007509,,,,,,,,,,,
PAT007510,,,,,,,,,,,
PAT007511,,,,,,,,,,,
PAT007512,,,,,,,,,,,
PAT007513,,,,,,,,,,,
PAT007514,,,,,,,,,,,
PAT007515,,,,,,,,,,,
PAT007516,,,,,,,,,,,
PAT007517,,,,,,,,,,,
PAT007518,,,,,,,,,,,
PAT007519,,,,,,,,,,,
PAT007520,,,,,,,,,,,
PAT007521,,,,,,,,,,,
PAT007522,,,,,,,,,,,
PAT007523,,,,,,,,,,,
PAT007524,,,,,,,,,,,
PAT007525,,,,,,,,,,,
PAT007526,,,,,,,,,,,
PAT007527,,,,,,,,,,,
PAT007528,,,,,,,,,,,
PAT007529,,,,,,,,,,,
PAT007530,,,,,,,,,,,
PAT007531,,,,,,,,,,,
PAT007532,,,,,,,,,,,
PAT007533,,,,,,,,,,,
PAT007534,,,,,,,,,,,
PAT007535,,,,,,,,,,,
PAT007536,,,,,,,,,,,
PAT007537,,,,,,,,,,,
PAT007538,,,,,,,,,,,
PAT007539,,,,,,,,,,,
PAT007540,,,,,,,,,,,
PAT007541,,,,,,,,,,,
PAT007542,,,,,,,,,,,
PAT007543,,,,,,,,,,,
PAT007544,,,,,,,,,,,
PAT007545,,,,,,,,,,,
PAT007546,,,,,,,,,,,
PAT007547,,,,,,,,,,,
PAT007548,,,,,,,,,,,
PAT007549,,,,,,,,,,,
PAT007550,,,,,,,,,,,
PAT007551,,,,,,,,,,,
PAT007552,,,,,,,,,,,
PAT007553,,,,,,,,,,,
PAT007554,,,,,,,,,,,
PAT007555,,,,,,,,,,,
PAT007556,,,,,,,,,,,
PAT007557,,,,,,,,,,,
PAT007558,,,,,,,,,,,
PAT007559,,,,,,,,,,,
PAT007560,,,,,,,,,,,
PAT007561,,,,,,,,,,,
PAT007562,,,,,,,,,,,
PAT007563,,,,,,,,,,,
PAT007564,,,,,,,,,,,
PAT007565,,,,,,,,,,,
PAT007566,,,,,,,,,,,
PAT007567,,,,,,,,,,,
PAT007568,,,,,,,,,,,
PAT007569,,,,,,,,,,,
PAT007570,,,,,,,,,,,
PAT007571,,,,,,,,,,,
PAT007572,,,,,,,,,,,
PAT007573,,,,,,,,,,,
PAT007574,,,,,,,,,,,
PAT007575,,,,,,,,,,,
PAT007576,,,,,,,,,,,
PAT007577,,,,,,,,,,,
PAT007578,,,,,,,,,,,
PAT007579,,,,,,,,,,,
PAT007580,,,,,,,,,,,
PAT007581,,,,,,,,,,,
PAT007582,,,,,,,,,,,
PAT007583,,,,,,,,,,,
PAT007584,,,,,,,,,,,
PAT007585,,,,,,,,,,,
PAT007586,,,,,,,,,,,
PAT007587,,,,,,,,,,,
PAT007588,,,,,,,,,,,
PAT007589,,,,,,,,,,,
PAT007590,,,,,,,,,,,
PAT007591,,,,,,,,,,,
PAT007592,,,,,,,,,,,
PAT007593,,,,,,,,,,,
PAT007594,,,,,,,,,,,
PAT007595,,,,,,,,,,,
PAT007596,,,,,,,,,,,
PAT007597,,,,,,,,,,,
PAT007598,,,,,,,,,,,
PAT007599,,,,,,,,,,,
PAT007600,,,,,,,,,,,
PAT007601,,,,,,,,,,,
PAT007602,,,,,,,,,,,
PAT007603,,,,,,,,,,,
PAT007604,,,,,,,,,,,
PAT007605,,,,,,,,,,,
PAT007606,,,,,,,,,,,
PAT007607,,,,,,,,,,,
PAT007608,,,,,,,,,,,
PAT007609,,,,,,,,,,,
PAT007610,,,,,,,,,,,
PAT007611,,,,,,,,,,,
PAT007612,,,,,,,,,,,
PAT007613,,,,,,,,,,,
PAT007614,,,,,,,,,,,
PAT007615,,,,,,,,,,,
PAT007616,,,,,,,,,,,
PAT007617,,,,,,,,,,,
PAT007618,,,,,,,,,,,
PAT007619,,,,,,,,,,,
PAT007620,,,,,,,,,,,
PAT007621,,,,,,,,,,,
PAT007622,,,,,,,,,,,
PAT007623,,,,,,,,,,,
PAT007624,,,,,,,,,,,
PAT007625,,,,,,,,,,,
PAT007626,,,,,,,,,,,
PAT007627,,,,,,,,,,,
PAT007628,,,,,,,,,,,
PAT007629,,,,,,,,,,,
PAT007630,,,,,,,,,,,
PAT007631,,,,,,,,,,,
PAT007632,,,,,,,,,,,
PAT007633,,,,,,,,,,,
PAT007634,,,,,,,,,,,
PAT007635,,,,,,,,,,,
PAT007636,,,,,,,,,,,
PAT007637,,,,,,,,,,,
PAT007638,,,,,,,,,,,
PAT007639,,,,,,,,,,,
PAT007640,,,,,,,,,,,
PAT007641,,,,,,,,,,,
PAT007642,,,,,,,,,,,
PAT007643,,,,,,,,,,,
PAT007644,,,,,,,,,,,
PAT007645,,,,,,,,,,,
PAT007646,,,,,,,,,,,
PAT007647,,,,,,,,,,,
PAT007648,,,,,,,,,,,
PAT007649,,,,,,,,,,,
PAT007650,,,,,,,,,,,
PAT007651,,,,,,,,,,,
PAT007652,,,,,,,,,,,
PAT007653,,,,,,,,,,,
PAT007654,,,,,,,,,,,
PAT007655,,,,,,,,,,,
PAT007656,,,,,,,,,,,
PAT007657,,,,,,,,,,,
PAT007658,,,,,,,,,,,
PAT007659,,,,,,,,,,,
PAT007660,,,,,,,,,,,
PAT007661,,,,,,,,,,,
PAT007662,,,,,,,,,,,
PAT007663,,,,,,,,,,,
PAT007664,,,,,,,,,,,
PAT007665,,,,,,,,,,,
PAT007666,,,,,,,,,,,
PAT007667,,,,,,,,,,,
PAT007668,,,,,,,,,,,
PAT007669,,,,,,,,,,,
PAT007670,,,,,,,,,,,
PAT007671,,,,,,,,,,,
PAT007672,,,,,,,,,,,
PAT007673,,,,,,,,,,,
PAT007674,,,,,,,,,,,
PAT007675,,,,,,,,,,,
PAT007676,,,,,,,,,,,
PAT007677,,,,,,,,,,,
PAT007678,,,,,,,,,,,
PAT007679,,,,,,,,,,,
PAT007680,,,,,,,,,,,
PAT007681,,,,,,,,,,,
PAT007682,,,,,,,,,,,
PAT007683,,,,,,,,,,,
PAT007684,,,,,,,,,,,
PAT007685,,,,,,,,,,,
PAT007686,,,,,,,,,,,
PAT007687,,,,,,,,,,,
PAT007688,,,,,,,,,,,
PAT007689,,,,,,,,,,,
PAT007690,,,,,,,,,,,
PAT007691,,,,,,,,,,,
PAT007692,,,,,,,,,,,
PAT007693,,,,,,,,,,,
PAT007694,,,,,,,,,,,
PAT007695,,,,,,,,,,,
PAT007696,,,,,,,,,,,
PAT007697,,,,,,,,,,,
PAT007698,,,,,,,,,,,
PAT007699,,,,,,,,,,,
PAT007700,,,,,,,,,,,
PAT007701,,,,,,,,,,,
PAT007702,,,,,,,,,,,
PAT007703,,,,,,,,,,,
PAT007704,,,,,,,,,,,
PAT007705,,,,,,,,,,,
PAT007706,,,,,,,,,,,
PAT007707,,,,,,,,,,,
PAT007708,,,,,,,,,,,
PAT007709,,,,,,,,,,,
PAT007710,,,,,,,,,,,
PAT007711,,,,,,,,,,,
PAT007712,,,,,,,,,,,
PAT007713,,,,,,,,,,,
PAT007714,,,,,,,,,,,
PAT007715,,,,,,,,,,,
PAT007716,,,,,,,,,,,
PAT007717,,,,,,,,,,,
PAT007718,,,,,,,,,,,
PAT007719,,,,,,,,,,,
PAT007720,,,,,,,,,,,
PAT007721,,,,,,,,,,,
PAT007722,,,,,,,,,,,
PAT007723,,,,,,,,,,,
PAT007724,,,,,,,,,,,
PAT007725,,,,,,,,,,,
PAT007726,,,,,,,,,,,
PAT007727,,,,,,,,,,,
PAT007728,,,,,,,,,,,
PAT007729,,,,,,,,,,,
PAT007730,,,,,,,,,,,
PAT007731,,,,,,,,,,,
PAT007732,,,,,,,,,,,
PAT007733,,,,,,,,,,,
PAT007734,,,,,,,,,,,
PAT007735,,,,,,,,,,,
PAT007736,,,,,,,,,,,
PAT007737,,,,,,,,,,,
PAT007738,,,,,,,,,,,
PAT007739,,,,,,,,,,,
PAT007740,,,,,,,,,,,
PAT007741,,,,,,,,,,,
PAT007742,,,,,,,,,,,
PAT007743,,,,,,,,,,,
PAT007744,,,,,,,,,,,
PAT007745,,,,,,,,,,,
PAT007746,,,,,,,,,,,
PAT007747,,,,,,,,,,,
PAT007748,,,,,,,,,,,
PAT007749,,,,,,,,,,,
PAT007750,,,,,,,,,,,
PAT007751,,,,,,,,,,,
PAT007752,,,,,,,,,,,
PAT007753,,,,,,,,,,,
PAT007754,,,,,,,,,,,
PAT007755,,,,,,,,,,,
PAT007756,,,,,,,,,,,
PAT007757,,,,,,,,,,,
PAT007758,,,,,,,,,,,
PAT007759,,,,,,,,,,,
PAT007760,,,,,,,,,,,
PAT007761,,,,,,,,,,,
PAT007762,,,,,,,,,,,
PAT007763,,,,,,,,,,,
PAT007764,,,,,,,,,,,
PAT007765,,,,,,,,,,,
PAT007766,,,,,,,,,,,
PAT007767,,,,,,,,,,,
PAT007768,,,,,,,,,,,
PAT007769,,,,,,,,,,,
PAT007770,,,,,,,,,,,
PAT007771,,,,,,,,,,,
PAT007772,,,,,,,,,,,
PAT007773,,,,,,,,,,,
PAT007774,,,,,,,,,,,
PAT007775,,,,,,,,,,,
PAT007776,,,,,,,,,,,
PAT007777,,,,,,,,,,,
PAT007778,,,,,,,,,,,
PAT007779,,,,,,,,,,,
PAT007780,,,,,,,,,,,
PAT007781,,,,,,,,,,,
PAT007782,,,,,,,,,,,
PAT007783,,,,,,,,,,,
PAT007784,,,,,,,,,,,
PAT007785,,,,,,,,,,,
PAT007786,,,,,,,,,,,
PAT007787,,,,,,,,,,,
PAT007788,,,,,,,,,,,
PAT007789,,,,,,,,,,,
PAT007790,,,,,,,,,,,
PAT007791,,,,,,,,,,,
PAT007792,,,,,,,,,,,
PAT007793,,,,,,,,,,,
PAT007794,,,,,,,,,,,
PAT007795,,,,,,,,,,,
PAT007796,,,,,,,,,,,
PAT007797,,,,,,,,,,,
PAT007798,,,,,,,,,,,
PAT007799,,,,,,,,,,,
PAT007800,,,,,,,,,,,
PAT007801,,,,,,,,,,,
PAT007802,,,,,,,,,,,
PAT007803,,,,,,,,,,,
PAT007804,,,,,,,,,,,
PAT007805,,,,,,,,,,,
PAT007806,,,,,,,,,,,
PAT007807,,,,,,,,,,,
PAT007808,,,,,,,,,,,
PAT007809,,,,,,,,,,,
PAT007810,,,,,,,,,,,
PAT007811,,,,,,,,,,,
PAT007812,,,,,,,,,,,
PAT007813,,,,,,,,,,,
PAT007814,,,,,,,,,,,
PAT007815,,,,,,,,,,,
PAT007816,,,,,,,,,,,
PAT007817,,,,,,,,,,,
PAT007818,,,,,,,,,,,
PAT007819,,,,,,,,,,,
PAT007820,,,,,,,,,,,
PAT007821,,,,,,,,,,,
PAT007822,,,,,,,,,,,
PAT007823,,,,,,,,,,,
PAT007824,,,,,,,,,,,
PAT007825,,,,,,,,,,,
PAT007826,,,,,,,,,,,
PAT007827,,,,,,,,,,,
PAT007828,,,,,,,,,,,
PAT007829,,,,,,,,,,,
PAT007830,,,,,,,,,,,
PAT007831,,,,,,,,,,,
PAT007832,,,,,,,,,,,
PAT007833,,,,,,,,,,,
PAT007834,,,,,,,,,,,
PAT007835,,,,,,,,,,,
PAT007836,,,,,,,,,,,
PAT007837,,,,,,,,,,,
PAT007838,,,,,,,,,,,
PAT007839,,,,,,,,,,,
PAT007840,,,,,,,,,,,
PAT007841,,,,,,,,,,,
PAT007842,,,,,,,,,,,
PAT007843,,,,,,,,,,,
PAT007844,,,,,,,,,,,
PAT007845,,,,,,,,,,,
PAT007846,,,,,,,,,,,
PAT007847,,,,,,,,,,,
PAT007848,,,,,,,,,,,
PAT007849,,,,,,,,,,,
PAT007850,,,,,,,,,,,
PAT007851,,,,,,,,,,,
PAT007852,,,,,,,,,,,
PAT007853,,,,,,,,,,,
PAT007854,,,,,,,,,,,
PAT007855,,,,,,,,,,,
PAT007856,,,,,,,,,,,
PAT007857,,,,,,,,,,,
PAT007858,,,,,,,,,,,
PAT007859,,,,,,,,,,,
PAT007860,,,,,,,,,,,
PAT007861,,,,,,,,,,,
PAT007862,,,,,,,,,,,
PAT007863,,,,,,,,,,,
PAT007864,,,,,,,,,,,
PAT007865,,,,,,,,,,,
PAT007866,,,,,,,,,,,
PAT007867,,,,,,,,,,,
PAT007868,,,,,,,,,,,
PAT007869,,,,,,,,,,,
PAT007870,,,,,,,,,,,
PAT007871,,,,,,,,,,,
PAT007872,,,,,,,,,,,
PAT007873,,,,,,,,,,,
PAT007874,,,,,,,,,,,
PAT007875,,,,,,,,,,,
PAT007876,,,,,,,,,,,
PAT007877,,,,,,,,,,,
PAT007878,,,,,,,,,,,
PAT007879,,,,,,,,,,,
PAT007880,,,,,,,,,,,
PAT007881,,,,,,,,,,,
PAT007882,,,,,,,,,,,
PAT007883,,,,,,,,,,,
PAT007884,,,,,,,,,,,
PAT007885,,,,,,,,,,,
PAT007886,,,,,,,,,,,
PAT007887,,,,,,,,,,,
PAT007888,,,,,,,,,,,
PAT007889,,,,,,,,,,,
PAT007890,,,,,,,,,,,
PAT007891,,,,,,,,,,,
PAT007892,,,,,,,,,,,
PAT007893,,,,,,,,,,,
PAT007894,,,,,,,,,,,
PAT007895,,,,,,,,,,,
PAT007896,,,,,,,,,,,
PAT007897,,,,,,,,,,,
PAT007898,,,,,,,,,,,
PAT007899,,,,,,,,,,,
PAT007900,,,,,,,,,,,
PAT007901,,,,,,,,,,,
PAT007902,,,,,,,,,,,
PAT007903,,,,,,,,,,,
PAT007904,,,,,,,,,,,
PAT007905,,,,,,,,,,,
PAT007906,,,,,,,,,,,
PAT007907,,,,,,,,,,,
PAT007908,,,,,,,,,,,
PAT007909,,,,,,,,,,,
PAT007910,,,,,,,,,,,
PAT007911,,,,,,,,,,,
PAT007912,,,,,,,,,,,
PAT007913,,,,,,,,,,,
PAT007914,,,,,,,,,,,
PAT007915,,,,,,,,,,,
PAT007916,,,,,,,,,,,
PAT007917,,,,,,,,,,,
PAT007918,,,,,,,,,,,
PAT007919,,,,,,,,,,,
PAT007920,,,,,,,,,,,
PAT007921,,,,,,,,,,,
PAT007922,,,,,,,,,,,
PAT007923,,,,,,,,,,,
PAT007924,,,,,,,,,,,
PAT007925,,,,,,,,,,,
PAT007926,,,,,,,,,,,
PAT007927,,,,,,,,,,,
PAT007928,,,,,,,,,,,
PAT007929,,,,,,,,,,,
PAT007930,,,,,,,,,,,
PAT007931,,,,,,,,,,,
PAT007932,,,,,,,,,,,
PAT007933,,,,,,,,,,,
PAT007934,,,,,,,,,,,
PAT007935,,,,,,,,,,,
PAT007936,,,,,,,,,,,
PAT007937,,,,,,,,,,,
PAT007938,,,,,,,,,,,
PAT007939,,,,,,,,,,,
PAT007940,,,,,,,,,,,
PAT007941,,,,,,,,,,,
PAT007942,,,,,,,,,,,
PAT007943,,,,,,,,,,,
PAT007944,,,,,,,,,,,
PAT007945,,,,,,,,,,,
PAT007946,,,,,,,,,,,
PAT007947,,,,,,,,,,,
PAT007948,,,,,,,,,,,
PAT007949,,,,,,,,,,,
PAT007950,,,,,,,,,,,
PAT007951,,,,,,,,,,,
PAT007952,,,,,,,,,,,
PAT007953,,,,,,,,,,,
PAT007954,,,,,,,,,,,
PAT007955,,,,,,,,,,,
PAT007956,,,,,,,,,,,
PAT007957,,,,,,,,,,,
PAT007958,,,,,,,,,,,
PAT007959,,,,,,,,,,,
PAT007960,,,,,,,,,,,
PAT007961,,,,,,,,,,,
PAT007962,,,,,,,,,,,
PAT007963,,,,,,,,,,,
PAT007964,,,,,,,,,,,
PAT007965,,,,,,,,,,,
PAT007966,,,,,,,,,,,
PAT007967,,,,,,,,,,,
PAT007968,,,,,,,,,,,
PAT007969,,,,,,,,,,,
PAT007970,,,,,,,,,,,
PAT007971,,,,,,,,,,,
PAT007972,,,,,,,,,,,
PAT007973,,,,,,,,,,,
PAT007974,,,,,,,,,,,
PAT007975,,,,,,,,,,,
PAT007976,,,,,,,,,,,
PAT007977,,,,,,,,,,,
PAT007978,,,,,,,,,,,
PAT007979,,,,,,,,,,,
PAT007980,,,,,,,,,,,
PAT007981,,,,,,,,,,,
PAT007982,,,,,,,,,,,
PAT007983,,,,,,,,,,,
PAT007984,,,,,,,,,,,
PAT007985,,,,,,,,,,,
PAT007986,,,,,,,,,,,
PAT007987,,,,,,,,,,,
PAT007988,,,,,,,,,,,
PAT007989,,,,,,,,,,,
PAT007990,,,,,,,,,,,
PAT007991,,,,,,,,,,,
PAT007992,,,,,,,,,,,
PAT007993,,,,,,,,,,,
PAT007994,,,,,,,,,,,
PAT007995,,,,,,,,,,,
PAT007996,,,,,,,,,,,
PAT007997,,,,,,,,,,,
PAT007998,,,,,,,,,,,
PAT007999,,,,,,,,,,,
PAT008000,,,,,,,,,,,
PAT008001,,,,,,,,,,,
PAT008002,,,,,,,,,,,
PAT008003,,,,,,,,,,,
PAT008004,,,,,,,,,,,
PAT008005,,,,,,,,,,,
PAT008006,,,,,,,,,,,
PAT008007,,,,,,,,,,,
PAT008008,,,,,,,,,,,
PAT008009,,,,,,,,,,,
PAT008010,,,,,,,,,,,
PAT008011,,,,,,,,,,,
PAT008012,,,,,,,,,,,
PAT008013,,,,,,,,,,,
PAT008014,,,,,,,,,,,
PAT008015,,,,,,,,,,,
PAT008016,,,,,,,,,,,
PAT008017,,,,,,,,,,,
PAT008018,,,,,,,,,,,
PAT008019,,,,,,,,,,,
PAT008020,,,,,,,,,,,
PAT008021,,,,,,,,,,,
PAT008022,,,,,,,,,,,
PAT008023,,,,,,,,,,,
PAT008024,,,,,,,,,,,
PAT008025,,,,,,,,,,,
PAT008026,,,,,,,,,,,
PAT008027,,,,,,,,,,,
PAT008028,,,,,,,,,,,
PAT008029,,,,,,,,,,,
PAT008030,,,,,,,,,,,
PAT008031,,,,,,,,,,,
PAT008032,,,,,,,,,,,
PAT008033,,,,,,,,,,,
PAT008034,,,,,,,,,,,
PAT008035,,,,,,,,,,,
PAT008036,,,,,,,,,,,
PAT008037,,,,,,,,,,,
PAT008038,,,,,,,,,,,
PAT008039,,,,,,,,,,,
PAT008040,,,,,,,,,,,
PAT008041,,,,,,,,,,,
PAT008042,,,,,,,,,,,
PAT008043,,,,,,,,,,,
PAT008044,,,,,,,,,,,
PAT008045,,,,,,,,,,,
PAT008046,,,,,,,,,,,
PAT008047,,,,,,,,,,,
PAT008048,,,,,,,,,,,
PAT008049,,,,,,,,,,,
PAT008050,,,,,,,,,,,
PAT008051,,,,,,,,,,,
PAT008052,,,,,,,,,,,
PAT008053,,,,,,,,,,,
PAT008054,,,,,,,,,,,
PAT008055,,,,,,,,,,,
PAT008056,,,,,,,,,,,
PAT008057,,,,,,,,,,,
PAT008058,,,,,,,,,,,
PAT008059,,,,,,,,,,,
PAT008060,,,,,,,,,,,
PAT008061,,,,,,,,,,,
PAT008062,,,,,,,,,,,
PAT008063,,,,,,,,,,,
PAT008064,,,,,,,,,,,
PAT008065,,,,,,,,,,,
PAT008066,,,,,,,,,,,
PAT008067,,,,,,,,,,,
PAT008068,,,,,,,,,,,
PAT008069,,,,,,,,,,,
PAT008070,,,,,,,,,,,
PAT008071,,,,,,,,,,,
PAT008072,,,,,,,,,,,
PAT008073,,,,,,,,,,,
PAT008074,,,,,,,,,,,
PAT008075,,,,,,,,,,,
PAT008076,,,,,,,,,,,
PAT008077,,,,,,,,,,,
PAT008078,,,,,,,,,,,
PAT008079,,,,,,,,,,,
PAT008080,,,,,,,,,,,
PAT008081,,,,,,,,,,,
PAT008082,,,,,,,,,,,
PAT008083,,,,,,,,,,,
PAT008084,,,,,,,,,,,
PAT008085,,,,,,,,,,,
PAT008086,,,,,,,,,,,
PAT008087,,,,,,,,,,,
PAT008088,,,,,,,,,,,
PAT008089,,,,,,,,,,,
PAT008090,,,,,,,,,,,
PAT008091,,,,,,,,,,,
PAT008092,,,,,,,,,,,
PAT008093,,,,,,,,,,,
PAT008094,,,,,,,,,,,
PAT008095,,,,,,,,,,,
PAT008096,,,,,,,,,,,
PAT008097,,,,,,,,,,,
PAT008098,,,,,,,,,,,
PAT008099,,,,,,,,,,,
PAT008100,,,,,,,,,,,
PAT008101,,,,,,,,,,,
PAT008102,,,,,,,,,,,
PAT008103,,,,,,,,,,,
PAT008104,,,,,,,,,,,
PAT008105,,,,,,,,,,,
PAT008106,,,,,,,,,,,
PAT008107,,,,,,,,,,,
PAT008108,,,,,,,,,,,
PAT008109,,,,,,,,,,,
PAT008110,,,,,,,,,,,
PAT008111,,,,,,,,,,,
PAT008112,,,,,,,,,,,
PAT008113,,,,,,,,,,,
PAT008114,,,,,,,,,,,
PAT008115,,,,,,,,,,,
PAT008116,,,,,,,,,,,
PAT008117,,,,,,,,,,,
PAT008118,,,,,,,,,,,
PAT008119,,,,,,,,,,,
PAT008120,,,,,,,,,,,
PAT008121,,,,,,,,,,,
PAT008122,,,,,,,,,,,
PAT008123,,,,,,,,,,,
PAT008124,,,,,,,,,,,
PAT008125,,,,,,,,,,,
PAT008126,,,,,,,,,,,
PAT008127,,,,,,,,,,,
PAT008128,,,,,,,,,,,
PAT008129,,,,,,,,,,,
PAT008130,,,,,,,,,,,
PAT008131,,,,,,,,,,,
PAT008132,,,,,,,,,,,
PAT008133,,,,,,,,,,,
PAT008134,,,,,,,,,,,
PAT008135,,,,,,,,,,,
PAT008136,,,,,,,,,,,
PAT008137,,,,,,,,,,,
PAT008138,,,,,,,,,,,
PAT008139,,,,,,,,,,,
PAT008140,,,,,,,,,,,
PAT008141,,,,,,,,,,,
PAT008142,,,,,,,,,,,
PAT008143,,,,,,,,,,,
PAT008144,,,,,,,,,,,
PAT008145,,,,,,,,,,,
PAT008146,,,,,,,,,,,
PAT008147,,,,,,,,,,,
PAT008148,,,,,,,,,,,
PAT008149,,,,,,,,,,,
PAT008150,,,,,,,,,,,
PAT008151,,,,,,,,,,,
PAT008152,,,,,,,,,,,
PAT008153,,,,,,,,,,,
PAT008154,,,,,,,,,,,
PAT008155,,,,,,,,,,,
PAT008156,,,,,,,,,,,
PAT008157,,,,,,,,,,,
PAT008158,,,,,,,,,,,
PAT008159,,,,,,,,,,,
PAT008160,,,,,,,,,,,
PAT008161,,,,,,,,,,,
PAT008162,,,,,,,,,,,
PAT008163,,,,,,,,,,,
PAT008164,,,,,,,,,,,
PAT008165,,,,,,,,,,,
PAT008166,,,,,,,,,,,
PAT008167,,,,,,,,,,,
PAT008168,,,,,,,,,,,
PAT008169,,,,,,,,,,,
PAT008170,,,,,,,,,,,
PAT008171,,,,,,,,,,,
PAT008172,,,,,,,,,,,
PAT008173,,,,,,,,,,,
PAT008174,,,,,,,,,,,
PAT008175,,,,,,,,,,,
PAT008176,,,,,,,,,,,
PAT008177,,,,,,,,,,,
PAT008178,,,,,,,,,,,
PAT008179,,,,,,,,,,,
PAT008180,,,,,,,,,,,
PAT008181,,,,,,,,,,,
PAT008182,,,,,,,,,,,
PAT008183,,,,,,,,,,,
PAT008184,,,,,,,,,,,
PAT008185,,,,,,,,,,,
PAT008186,,,,,,,,,,,
PAT008187,,,,,,,,,,,
PAT008188,,,,,,,,,,,
PAT008189,,,,,,,,,,,
PAT008190,,,,,,,,,,,
PAT008191,,,,,,,,,,,
PAT008192,,,,,,,,,,,
PAT008193,,,,,,,,,,,
PAT008194,,,,,,,,,,,
PAT008195,,,,,,,,,,,
PAT008196,,,,,,,,,,,
PAT008197,,,,,,,,,,,
PAT008198,,,,,,,,,,,
PAT008199,,,,,,,,,,,
PAT008200,,,,,,,,,,,
PAT008201,,,,,,,,,,,
PAT008202,,,,,,,,,,,
PAT008203,,,,,,,,,,,
PAT008204,,,,,,,,,,,
PAT008205,,,,,,,,,,,
PAT008206,,,,,,,,,,,
PAT008207,,,,,,,,,,,
PAT008208,,,,,,,,,,,
PAT008209,,,,,,,,,,,
PAT008210,,,,,,,,,,,
PAT008211,,,,,,,,,,,
PAT008212,,,,,,,,,,,
PAT008213,,,,,,,,,,,
PAT008214,,,,,,,,,,,
PAT008215,,,,,,,,,,,
PAT008216,,,,,,,,,,,
PAT008217,,,,,,,,,,,
PAT008218,,,,,,,,,,,
PAT008219,,,,,,,,,,,
PAT008220,,,,,,,,,,,
PAT008221,,,,,,,,,,,
PAT008222,,,,,,,,,,,
PAT008223,,,,,,,,,,,
PAT008224,,,,,,,,,,,
PAT008225,,,,,,,,,,,
PAT008226,,,,,,,,,,,
PAT008227,,,,,,,,,,,
PAT008228,,,,,,,,,,,
PAT008229,,,,,,,,,,,
PAT008230,,,,,,,,,,,
PAT008231,,,,,,,,,,,
PAT008232,,,,,,,,,,,
PAT008233,,,,,,,,,,,
PAT008234,,,,,,,,,,,
PAT008235,,,,,,,,,,,
PAT008236,,,,,,,,,,,
PAT008237,,,,,,,,,,,
PAT008238,,,,,,,,,,,
PAT008239,,,,,,,,,,,
PAT008240,,,,,,,,,,,
PAT008241,,,,,,,,,,,
PAT008242,,,,,,,,,,,
PAT008243,,,,,,,,,,,
PAT008244,,,,,,,,,,,
PAT008245,,,,,,,,,,,
PAT008246,,,,,,,,,,,
PAT008247,,,,,,,,,,,
PAT008248,,,,,,,,,,,
PAT008249,,,,,,,,,,,
PAT008250,,,,,,,,,,,
PAT008251,,,,,,,,,,,
PAT008252,,,,,,,,,,,
PAT008253,,,,,,,,,,,
PAT008254,,,,,,,,,,,
PAT008255,,,,,,,,,,,
PAT008256,,,,,,,,,,,
PAT008257,,,,,,,,,,,
PAT008258,,,,,,,,,,,
PAT008259,,,,,,,,,,,
PAT008260,,,,,,,,,,,
PAT008261,,,,,,,,,,,
PAT008262,,,,,,,,,,,
PAT008263,,,,,,,,,,,
PAT008264,,,,,,,,,,,
PAT008265,,,,,,,,,,,
PAT008266,,,,,,,,,,,
PAT008267,,,,,,,,,,,
PAT008268,,,,,,,,,,,
PAT008269,,,,,,,,,,,
PAT008270,,,,,,,,,,,
PAT008271,,,,,,,,,,,
PAT008272,,,,,,,,,,,
PAT008273,,,,,,,,,,,
PAT008274,,,,,,,,,,,
PAT008275,,,,,,,,,,,
PAT008276,,,,,,,,,,,
PAT008277,,,,,,,,,,,
PAT008278,,,,,,,,,,,
PAT008279,,,,,,,,,,,
PAT008280,,,,,,,,,,,
PAT008281,,,,,,,,,,,
PAT008282,,,,,,,,,,,
PAT008283,,,,,,,,,,,
PAT008284,,,,,,,,,,,
PAT008285,,,,,,,,,,,
PAT008286,,,,,,,,,,,
PAT008287,,,,,,,,,,,
PAT008288,,,,,,,,,,,
PAT008289,,,,,,,,,,,
PAT008290,,,,,,,,,,,
PAT008291,,,,,,,,,,,
PAT008292,,,,,,,,,,,
PAT008293,,,,,,,,,,,
PAT008294,,,,,,,,,,,
PAT008295,,,,,,,,,,,
PAT008296,,,,,,,,,,,
PAT008297,,,,,,,,,,,
PAT008298,,,,,,,,,,,
PAT008299,,,,,,,,,,,
PAT008300,,,,,,,,,,,
PAT008301,,,,,,,,,,,
PAT008302,,,,,,,,,,,
PAT008303,,,,,,,,,,,
PAT008304,,,,,,,,,,,
PAT008305,,,,,,,,,,,
PAT008306,,,,,,,,,,,
PAT008307,,,,,,,,,,,
PAT008308,,,,,,,,,,,
PAT008309,,,,,,,,,,,
PAT008310,,,,,,,,,,,
PAT008311,,,,,,,,,,,
PAT008312,,,,,,,,,,,
PAT008313,,,,,,,,,,,
PAT008314,,,,,,,,,,,
PAT008315,,,,,,,,,,,
PAT008316,,,,,,,,,,,
PAT008317,,,,,,,,,,,
PAT008318,,,,,,,,,,,
PAT008319,,,,,,,,,,,
PAT008320,,,,,,,,,,,
PAT008321,,,,,,,,,,,
PAT008322,,,,,,,,,,,
PAT008323,,,,,,,,,,,
PAT008324,,,,,,,,,,,
PAT008325,,,,,,,,,,,
PAT008326,,,,,,,,,,,
PAT008327,,,,,,,,,,,
PAT008328,,,,,,,,,,,
PAT008329,,,,,,,,,,,
PAT008330,,,,,,,,,,,
PAT008331,,,,,,,,,,,
PAT008332,,,,,,,,,,,
PAT008333,,,,,,,,,,,
PAT008334,,,,,,,,,,,
PAT008335,,,,,,,,,,,
PAT008336,,,,,,,,,,,
PAT008337,,,,,,,,,,,
PAT008338,,,,,,,,,,,
PAT008339,,,,,,,,,,,
PAT008340,,,,,,,,,,,
PAT008341,,,,,,,,,,,
PAT008342,,,,,,,,,,,
PAT008343,,,,,,,,,,,
PAT008344,,,,,,,,,,,
PAT008345,,,,,,,,,,,
PAT008346,,,,,,,,,,,
PAT008347,,,,,,,,,,,
PAT008348,,,,,,,,,,,
PAT008349,,,,,,,,,,,
PAT008350,,,,,,,,,,,
PAT008351,,,,,,,,,,,
PAT008352,,,,,,,,,,,
PAT008353,,,,,,,,,,,
PAT008354,,,,,,,,,,,
PAT008355,,,,,,,,,,,
PAT008356,,,,,,,,,,,
PAT008357,,,,,,,,,,,
PAT008358,,,,,,,,,,,
PAT008359,,,,,,,,,,,
PAT008360,,,,,,,,,,,
PAT008361,,,,,,,,,,,
PAT008362,,,,,,,,,,,
PAT008363,,,,,,,,,,,
PAT008364,,,,,,,,,,,
PAT008365,,,,,,,,,,,
PAT008366,,,,,,,,,,,
PAT008367,,,,,,,,,,,
PAT008368,,,,,,,,,,,
PAT008369,,,,,,,,,,,
PAT008370,,,,,,,,,,,
PAT008371,,,,,,,,,,,
PAT008372,,,,,,,,,,,
PAT008373,,,,,,,,,,,
PAT008374,,,,,,,,,,,
PAT008375,,,,,,,,,,,
PAT008376,,,,,,,,,,,
PAT008377,,,,,,,,,,,
PAT008378,,,,,,,,,,,
PAT008379,,,,,,,,,,,
PAT008380,,,,,,,,,,,
PAT008381,,,,,,,,,,,
PAT008382,,,,,,,,,,,
PAT008383,,,,,,,,,,,
PAT008384,,,,,,,,,,,
PAT008385,,,,,,,,,,,
PAT008386,,,,,,,,,,,
PAT008387,,,,,,,,,,,
PAT008388,,,,,,,,,,,
PAT008389,,,,,,,,,,,
PAT008390,,,,,,,,,,,
PAT008391,,,,,,,,,,,
PAT008392,,,,,,,,,,,
PAT008393,,,,,,,,,,,
PAT008394,,,,,,,,,,,
PAT008395,,,,,,,,,,,
PAT008396,,,,,,,,,,,
PAT008397,,,,,,,,,,,
PAT008398,,,,,,,,,,,
PAT008399,,,,,,,,,,,
PAT008400,,,,,,,,,,,
PAT008401,,,,,,,,,,,
PAT008402,,,,,,,,,,,
PAT008403,,,,,,,,,,,
PAT008404,,,,,,,,,,,
PAT008405,,,,,,,,,,,
PAT008406,,,,,,,,,,,
PAT008407,,,,,,,,,,,
PAT008408,,,,,,,,,,,
PAT008409,,,,,,,,,,,
PAT008410,,,,,,,,,,,
PAT008411,,,,,,,,,,,
PAT008412,,,,,,,,,,,
PAT008413,,,,,,,,,,,
PAT008414,,,,,,,,,,,
PAT008415,,,,,,,,,,,
PAT008416,,,,,,,,,,,
PAT008417,,,,,,,,,,,
PAT008418,,,,,,,,,,,
PAT008419,,,,,,,,,,,
PAT008420,,,,,,,,,,,
PAT008421,,,,,,,,,,,
PAT008422,,,,,,,,,,,
PAT008423,,,,,,,,,,,
PAT008424,,,,,,,,,,,
PAT008425,,,,,,,,,,,
PAT008426,,,,,,,,,,,
PAT008427,,,,,,,,,,,
PAT008428,,,,,,,,,,,
PAT008429,,,,,,,,,,,
PAT008430,,,,,,,,,,,
PAT008431,,,,,,,,,,,
PAT008432,,,,,,,,,,,
PAT008433,,,,,,,,,,,
PAT008434,,,,,,,,,,,
PAT008435,,,,,,,,,,,
PAT008436,,,,,,,,,,,
PAT008437,,,,,,,,,,,
PAT008438,,,,,,,,,,,
PAT008439,,,,,,,,,,,
PAT008440,,,,,,,,,,,
PAT008441,,,,,,,,,,,
PAT008442,,,,,,,,,,,
PAT008443,,,,,,,,,,,
PAT008444,,,,,,,,,,,
PAT008445,,,,,,,,,,,
PAT008446,,,,,,,,,,,
PAT008447,,,,,,,,,,,
PAT008448,,,,,,,,,,,
PAT008449,,,,,,,,,,,
PAT008450,,,,,,,,,,,
PAT008451,,,,,,,,,,,
PAT008452,,,,,,,,,,,
PAT008453,,,,,,,,,,,
PAT008454,,,,,,,,,,,
PAT008455,,,,,,,,,,,
PAT008456,,,,,,,,,,,
PAT008457,,,,,,,,,,,
PAT008458,,,,,,,,,,,
PAT008459,,,,,,,,,,,
PAT008460,,,,,,,,,,,
PAT008461,,,,,,,,,,,
PAT008462,,,,,,,,,,,
PAT008463,,,,,,,,,,,
PAT008464,,,,,,,,,,,
PAT008465,,,,,,,,,,,
PAT008466,,,,,,,,,,,
PAT008467,,,,,,,,,,,
PAT008468,,,,,,,,,,,
PAT008469,,,,,,,,,,,
PAT008470,,,,,,,,,,,
PAT008471,,,,,,,,,,,
PAT008472,,,,,,,,,,,
PAT008473,,,,,,,,,,,
PAT008474,,,,,,,,,,,
PAT008475,,,,,,,,,,,
PAT008476,,,,,,,,,,,
PAT008477,,,,,,,,,,,
PAT008478,,,,,,,,,,,
PAT008479,,,,,,,,,,,
PAT008480,,,,,,,,,,,
PAT008481,,,,,,,,,,,
PAT008482,,,,,,,,,,,
PAT008483,,,,,,,,,,,
PAT008484,,,,,,,,,,,
PAT008485,,,,,,,,,,,
PAT008486,,,,,,,,,,,
PAT008487,,,,,,,,,,,
PAT008488,,,,,,,,,,,
PAT008489,,,,,,,,,,,
PAT008490,,,,,,,,,,,
PAT008491,,,,,,,,,,,
PAT008492,,,,,,,,,,,
PAT008493,,,,,,,,,,,
PAT008494,,,,,,,,,,,
PAT008495,,,,,,,,,,,
PAT008496,,,,,,,,,,,
PAT008497,,,,,,,,,,,
PAT008498,,,,,,,,,,,
PAT008499,,,,,,,,,,,
PAT008500,,,,,,,,,,,
PAT008501,,,,,,,,,,,
PAT008502,,,,,,,,,,,
PAT008503,,,,,,,,,,,
PAT008504,,,,,,,,,,,
PAT008505,,,,,,,,,,,
PAT008506,,,,,,,,,,,
PAT008507,,,,,,,,,,,
PAT008508,,,,,,,,,,,
PAT008509,,,,,,,,,,,
PAT008510,,,,,,,,,,,
PAT008511,,,,,,,,,,,
PAT008512,,,,,,,,,,,
PAT008513,,,,,,,,,,,
PAT008514,,,,,,,,,,,
PAT008515,,,,,,,,,,,
PAT008516,,,,,,,,,,,
PAT008517,,,,,,,,,,,
PAT008518,,,,,,,,,,,
PAT008519,,,,,,,,,,,
PAT008520,,,,,,,,,,,
PAT008521,,,,,,,,,,,
PAT008522,,,,,,,,,,,
PAT008523,,,,,,,,,,,
PAT008524,,,,,,,,,,,
PAT008525,,,,,,,,,,,
PAT008526,,,,,,,,,,,
PAT008527,,,,,,,,,,,
PAT008528,,,,,,,,,,,
PAT008529,,,,,,,,,,,
PAT008530,,,,,,,,,,,
PAT008531,,,,,,,,,,,
PAT008532,,,,,,,,,,,
PAT008533,,,,,,,,,,,
PAT008534,,,,,,,,,,,
PAT008535,,,,,,,,,,,
PAT008536,,,,,,,,,,,
PAT008537,,,,,,,,,,,
PAT008538,,,,,,,,,,,
PAT008539,,,,,,,,,,,
PAT008540,,,,,,,,,,,
PAT008541,,,,,,,,,,,
PAT008542,,,,,,,,,,,
PAT008543,,,,,,,,,,,
PAT008544,,,,,,,,,,,
PAT008545,,,,,,,,,,,
PAT008546,,,,,,,,,,,
PAT008547,,,,,,,,,,,
PAT008548,,,,,,,,,,,
PAT008549,,,,,,,,,,,
PAT008550,,,,,,,,,,,
PAT008551,,,,,,,,,,,
PAT008552,,,,,,,,,,,
PAT008553,,,,,,,,,,,
PAT008554,,,,,,,,,,,
PAT008555,,,,,,,,,,,
PAT008556,,,,,,,,,,,
PAT008557,,,,,,,,,,,
PAT008558,,,,,,,,,,,
PAT008559,,,,,,,,,,,
PAT008560,,,,,,,,,,,
PAT008561,,,,,,,,,,,
PAT008562,,,,,,,,,,,
PAT008563,,,,,,,,,,,
PAT008564,,,,,,,,,,,
PAT008565,,,,,,,,,,,
PAT008566,,,,,,,,,,,
PAT008567,,,,,,,,,,,
PAT008568,,,,,,,,,,,
PAT008569,,,,,,,,,,,
PAT008570,,,,,,,,,,,
PAT008571,,,,,,,,,,,
PAT008572,,,,,,,,,,,
PAT008573,,,,,,,,,,,
PAT008574,,,,,,,,,,,
PAT008575,,,,,,,,,,,
PAT008576,,,,,,,,,,,
PAT008577,,,,,,,,,,,
PAT008578,,,,,,,,,,,
PAT008579,,,,,,,,,,,
PAT008580,,,,,,,,,,,
PAT008581,,,,,,,,,,,
PAT008582,,,,,,,,,,,
PAT008583,,,,,,,,,,,
PAT008584,,,,,,,,,,,
PAT008585,,,,,,,,,,,
PAT008586,,,,,,,,,,,
PAT008587,,,,,,,,,,,
PAT008588,,,,,,,,,,,
PAT008589,,,,,,,,,,,
PAT008590,,,,,,,,,,,
PAT008591,,,,,,,,,,,
PAT008592,,,,,,,,,,,
PAT008593,,,,,,,,,,,
PAT008594,,,,,,,,,,,
PAT008595,,,,,,,,,,,
PAT008596,,,,,,,,,,,
PAT008597,,,,,,,,,,,
PAT008598,,,,,,,,,,,
PAT008599,,,,,,,,,,,
PAT008600,,,,,,,,,,,
PAT008601,,,,,,,,,,,
PAT008602,,,,,,,,,,,
PAT008603,,,,,,,,,,,
PAT008604,,,,,,,,,,,
PAT008605,,,,,,,,,,,
PAT008606,,,,,,,,,,,
PAT008607,,,,,,,,,,,
PAT008608,,,,,,,,,,,
PAT008609,,,,,,,,,,,
PAT008610,,,,,,,,,,,
PAT008611,,,,,,,,,,,
PAT008612,,,,,,,,,,,
PAT008613,,,,,,,,,,,
PAT008614,,,,,,,,,,,
PAT008615,,,,,,,,,,,
PAT008616,,,,,,,,,,,
PAT008617,,,,,,,,,,,
PAT008618,,,,,,,,,,,
PAT008619,,,,,,,,,,,
PAT008620,,,,,,,,,,,
PAT008621,,,,,,,,,,,
PAT008622,,,,,,,,,,,
PAT008623,,,,,,,,,,,
PAT008624,,,,,,,,,,,
PAT008625,,,,,,,,,,,
PAT008626,,,,,,,,,,,
PAT008627,,,,,,,,,,,
PAT008628,,,,,,,,,,,
PAT008629,,,,,,,,,,,
PAT008630,,,,,,,,,,,
PAT008631,,,,,,,,,,,
PAT008632,,,,,,,,,,,
PAT008633,,,,,,,,,,,
PAT008634,,,,,,,,,,,
PAT008635,,,,,,,,,,,
PAT008636,,,,,,,,,,,
PAT008637,,,,,,,,,,,
PAT008638,,,,,,,,,,,
PAT008639,,,,,,,,,,,
PAT008640,,,,,,,,,,,
PAT008641,,,,,,,,,,,
PAT008642,,,,,,,,,,,
PAT008643,,,,,,,,,,,
PAT008644,,,,,,,,,,,
PAT008645,,,,,,,,,,,
PAT008646,,,,,,,,,,,
PAT008647,,,,,,,,,,,
PAT008648,,,,,,,,,,,
PAT008649,,,,,,,,,,,
PAT008650,,,,,,,,,,,
PAT008651,,,,,,,,,,,
PAT008652,,,,,,,,,,,
PAT008653,,,,,,,,,,,
PAT008654,,,,,,,,,,,
PAT008655,,,,,,,,,,,
PAT008656,,,,,,,,,,,
PAT008657,,,,,,,,,,,
PAT008658,,,,,,,,,,,
PAT008659,,,,,,,,,,,
PAT008660,,,,,,,,,,,
PAT008661,,,,,,,,,,,
PAT008662,,,,,,,,,,,
PAT008663,,,,,,,,,,,
PAT008664,,,,,,,,,,,
PAT008665,,,,,,,,,,,
PAT008666,,,,,,,,,,,
PAT008667,,,,,,,,,,,
PAT008668,,,,,,,,,,,
PAT008669,,,,,,,,,,,
PAT008670,,,,,,,,,,,
PAT008671,,,,,,,,,,,
PAT008672,,,,,,,,,,,
PAT008673,,,,,,,,,,,
PAT008674,,,,,,,,,,,
PAT008675,,,,,,,,,,,
PAT008676,,,,,,,,,,,
PAT008677,,,,,,,,,,,
PAT008678,,,,,,,,,,,
PAT008679,,,,,,,,,,,
PAT008680,,,,,,,,,,,
PAT008681,,,,,,,,,,,
PAT008682,,,,,,,,,,,
PAT008683,,,,,,,,,,,
PAT008684,,,,,,,,,,,
PAT008685,,,,,,,,,,,
PAT008686,,,,,,,,,,,
PAT008687,,,,,,,,,,,
PAT008688,,,,,,,,,,,
PAT008689,,,,,,,,,,,
PAT008690,,,,,,,,,,,
PAT008691,,,,,,,,,,,
PAT008692,,,,,,,,,,,
PAT008693,,,,,,,,,,,
PAT008694,,,,,,,,,,,
PAT008695,,,,,,,,,,,
PAT008696,,,,,,,,,,,
PAT008697,,,,,,,,,,,
PAT008698,,,,,,,,,,,
PAT008699,,,,,,,,,,,
PAT008700,,,,,,,,,,,
PAT008701,,,,,,,,,,,
PAT008702,,,,,,,,,,,
PAT008703,,,,,,,,,,,
PAT008704,,,,,,,,,,,
PAT008705,,,,,,,,,,,
PAT008706,,,,,,,,,,,
PAT008707,,,,,,,,,,,
PAT008708,,,,,,,,,,,
PAT008709,,,,,,,,,,,
PAT008710,,,,,,,,,,,
PAT008711,,,,,,,,,,,
PAT008712,,,,,,,,,,,
PAT008713,,,,,,,,,,,
PAT008714,,,,,,,,,,,
PAT008715,,,,,,,,,,,
PAT008716,,,,,,,,,,,
PAT008717,,,,,,,,,,,
PAT008718,,,,,,,,,,,
PAT008719,,,,,,,,,,,
PAT008720,,,,,,,,,,,
PAT008721,,,,,,,,,,,
PAT008722,,,,,,,,,,,
PAT008723,,,,,,,,,,,
PAT008724,,,,,,,,,,,
PAT008725,,,,,,,,,,,
PAT008726,,,,,,,,,,,
PAT008727,,,,,,,,,,,
PAT008728,,,,,,,,,,,
PAT008729,,,,,,,,,,,
PAT008730,,,,,,,,,,,
PAT008731,,,,,,,,,,,
PAT008732,,,,,,,,,,,
PAT008733,,,,,,,,,,,
PAT008734,,,,,,,,,,,
PAT008735,,,,,,,,,,,
PAT008736,,,,,,,,,,,
PAT008737,,,,,,,,,,,
PAT008738,,,,,,,,,,,
PAT008739,,,,,,,,,,,
PAT008740,,,,,,,,,,,
PAT008741,,,,,,,,,,,
PAT008742,,,,,,,,,,,
PAT008743,,,,,,,,,,,
PAT008744,,,,,,,,,,,
PAT008745,,,,,,,,,,,
PAT008746,,,,,,,,,,,
PAT008747,,,,,,,,,,,
PAT008748,,,,,,,,,,,
PAT008749,,,,,,,,,,,
PAT008750,,,,,,,,,,,
PAT008751,,,,,,,,,,,
PAT008752,,,,,,,,,,,
PAT008753,,,,,,,,,,,
PAT008754,,,,,,,,,,,
PAT008755,,,,,,,,,,,
PAT008756,,,,,,,,,,,
PAT008757,,,,,,,,,,,
PAT008758,,,,,,,,,,,
PAT008759,,,,,,,,,,,
PAT008760,,,,,,,,,,,
PAT008761,,,,,,,,,,,
PAT008762,,,,,,,,,,,
PAT008763,,,,,,,,,,,
PAT008764,,,,,,,,,,,
PAT008765,,,,,,,,,,,
PAT008766,,,,,,,,,,,
PAT008767,,,,,,,,,,,
PAT008768,,,,,,,,,,,
PAT008769,,,,,,,,,,,
PAT008770,,,,,,,,,,,
PAT008771,,,,,,,,,,,
PAT008772,,,,,,,,,,,
PAT008773,,,,,,,,,,,
PAT008774,,,,,,,,,,,
PAT008775,,,,,,,,,,,
PAT008776,,,,,,,,,,,
PAT008777,,,,,,,,,,,
PAT008778,,,,,,,,,,,
PAT008779,,,,,,,,,,,
PAT008780,,,,,,,,,,,
PAT008781,,,,,,,,,,,
PAT008782,,,,,,,,,,,
PAT008783,,,,,,,,,,,
PAT008784,,,,,,,,,,,
PAT008785,,,,,,,,,,,
PAT008786,,,,,,,,,,,
PAT008787,,,,,,,,,,,
PAT008788,,,,,,,,,,,
PAT008789,,,,,,,,,,,
PAT008790,,,,,,,,,,,
PAT008791,,,,,,,,,,,
PAT008792,,,,,,,,,,,
PAT008793,,,,,,,,,,,
PAT008794,,,,,,,,,,,
PAT008795,,,,,,,,,,,
PAT008796,,,,,,,,,,,
PAT008797,,,,,,,,,,,
PAT008798,,,,,,,,,,,
PAT008799,,,,,,,,,,,
PAT008800,,,,,,,,,,,
PAT008801,,,,,,,,,,,
PAT008802,,,,,,,,,,,
PAT008803,,,,,,,,,,,
PAT008804,,,,,,,,,,,
PAT008805,,,,,,,,,,,
PAT008806,,,,,,,,,,,
PAT008807,,,,,,,,,,,
PAT008808,,,,,,,,,,,
PAT008809,,,,,,,,,,,
PAT008810,,,,,,,,,,,
PAT008811,,,,,,,,,,,
PAT008812,,,,,,,,,,,
PAT008813,,,,,,,,,,,
PAT008814,,,,,,,,,,,
PAT008815,,,,,,,,,,,
PAT008816,,,,,,,,,,,
PAT008817,,,,,,,,,,,
PAT008818,,,,,,,,,,,
PAT008819,,,,,,,,,,,
PAT008820,,,,,,,,,,,
PAT008821,,,,,,,,,,,
PAT008822,,,,,,,,,,,
PAT008823,,,,,,,,,,,
PAT008824,,,,,,,,,,,
PAT008825,,,,,,,,,,,
PAT008826,,,,,,,,,,,
PAT008827,,,,,,,,,,,
PAT008828,,,,,,,,,,,
PAT008829,,,,,,,,,,,
PAT008830,,,,,,,,,,,
PAT008831,,,,,,,,,,,
PAT008832,,,,,,,,,,,
PAT008833,,,,,,,,,,,
PAT008834,,,,,,,,,,,
PAT008835,,,,,,,,,,,
PAT008836,,,,,,,,,,,
PAT008837,,,,,,,,,,,
PAT008838,,,,,,,,,,,
PAT008839,,,,,,,,,,,
PAT008840,,,,,,,,,,,
PAT008841,,,,,,,,,,,
PAT008842,,,,,,,,,,,
PAT008843,,,,,,,,,,,
PAT008844,,,,,,,,,,,
PAT008845,,,,,,,,,,,
PAT008846,,,,,,,,,,,
PAT008847,,,,,,,,,,,
PAT008848,,,,,,,,,,,
PAT008849,,,,,,,,,,,
PAT008850,,,,,,,,,,,
PAT008851,,,,,,,,,,,
PAT008852,,,,,,,,,,,
PAT008853,,,,,,,,,,,
PAT008854,,,,,,,,,,,
PAT008855,,,,,,,,,,,
PAT008856,,,,,,,,,,,
PAT008857,,,,,,,,,,,
PAT008858,,,,,,,,,,,
PAT008859,,,,,,,,,,,
PAT008860,,,,,,,,,,,
PAT008861,,,,,,,,,,,
PAT008862,,,,,,,,,,,
PAT008863,,,,,,,,,,,
PAT008864,,,,,,,,,,,
PAT008865,,,,,,,,,,,
PAT008866,,,,,,,,,,,
PAT008867,,,,,,,,,,,
PAT008868,,,,,,,,,,,
PAT008869,,,,,,,,,,,
PAT008870,,,,,,,,,,,
PAT008871,,,,,,,,,,,
PAT008872,,,,,,,,,,,
PAT008873,,,,,,,,,,,
PAT008874,,,,,,,,,,,
PAT008875,,,,,,,,,,,
PAT008876,,,,,,,,,,,
PAT008877,,,,,,,,,,,
PAT008878,,,,,,,,,,,
PAT008879,,,,,,,,,,,
PAT008880,,,,,,,,,,,
PAT008881,,,,,,,,,,,
PAT008882,,,,,,,,,,,
PAT008883,,,,,,,,,,,
PAT008884,,,,,,,,,,,
PAT008885,,,,,,,,,,,
PAT008886,,,,,,,,,,,
PAT008887,,,,,,,,,,,
PAT008888,,,,,,,,,,,
PAT008889,,,,,,,,,,,
PAT008890,,,,,,,,,,,
PAT008891,,,,,,,,,,,
PAT008892,,,,,,,,,,,
PAT008893,,,,,,,,,,,
PAT008894,,,,,,,,,,,
PAT008895,,,,,,,,,,,
PAT008896,,,,,,,,,,,
PAT008897,,,,,,,,,,,
PAT008898,,,,,,,,,,,
PAT008899,,,,,,,,,,,
PAT008900,,,,,,,,,,,
PAT008901,,,,,,,,,,,
PAT008902,,,,,,,,,,,
PAT008903,,,,,,,,,,,
PAT008904,,,,,,,,,,,
PAT008905,,,,,,,,,,,
PAT008906,,,,,,,,,,,
PAT008907,,,,,,,,,,,
PAT008908,,,,,,,,,,,
PAT008909,,,,,,,,,,,
PAT008910,,,,,,,,,,,
PAT008911,,,,,,,,,,,
PAT008912,,,,,,,,,,,
PAT008913,,,,,,,,,,,
PAT008914,,,,,,,,,,,
PAT008915,,,,,,,,,,,
PAT008916,,,,,,,,,,,
PAT008917,,,,,,,,,,,
PAT008918,,,,,,,,,,,
PAT008919,,,,,,,,,,,
PAT008920,,,,,,,,,,,
PAT008921,,,,,,,,,,,
PAT008922,,,,,,,,,,,
PAT008923,,,,,,,,,,,
PAT008924,,,,,,,,,,,
PAT008925,,,,,,,,,,,
PAT008926,,,,,,,,,,,
PAT008927,,,,,,,,,,,
PAT008928,,,,,,,,,,,
PAT008929,,,,,,,,,,,
PAT008930,,,,,,,,,,,
PAT008931,,,,,,,,,,,
PAT008932,,,,,,,,,,,
PAT008933,,,,,,,,,,,
PAT008934,,,,,,,,,,,
PAT008935,,,,,,,,,,,
PAT008936,,,,,,,,,,,
PAT008937,,,,,,,,,,,
PAT008938,,,,,,,,,,,
PAT008939,,,,,,,,,,,
PAT008940,,,,,,,,,,,
PAT008941,,,,,,,,,,,
PAT008942,,,,,,,,,,,
PAT008943,,,,,,,,,,,
PAT008944,,,,,,,,,,,
PAT008945,,,,,,,,,,,
PAT008946,,,,,,,,,,,
PAT008947,,,,,,,,,,,
PAT008948,,,,,,,,,,,
PAT008949,,,,,,,,,,,
PAT008950,,,,,,,,,,,
PAT008951,,,,,,,,,,,
PAT008952,,,,,,,,,,,
PAT008953,,,,,,,,,,,
PAT008954,,,,,,,,,,,
PAT008955,,,,,,,,,,,
PAT008956,,,,,,,,,,,
PAT008957,,,,,,,,,,,
PAT008958,,,,,,,,,,,
PAT008959,,,,,,,,,,,
PAT008960,,,,,,,,,,,
PAT008961,,,,,,,,,,,
PAT008962,,,,,,,,,,,
PAT008963,,,,,,,,,,,
PAT008964,,,,,,,,,,,
PAT008965,,,,,,,,,,,
PAT008966,,,,,,,,,,,
PAT008967,,,,,,,,,,,
PAT008968,,,,,,,,,,,
PAT008969,,,,,,,,,,,
PAT008970,,,,,,,,,,,
PAT008971,,,,,,,,,,,
PAT008972,,,,,,,,,,,
PAT008973,,,,,,,,,,,
PAT008974,,,,,,,,,,,
PAT008975,,,,,,,,,,,
PAT008976,,,,,,,,,,,
PAT008977,,,,,,,,,,,
PAT008978,,,,,,,,,,,
PAT008979,,,,,,,,,,,
PAT008980,,,,,,,,,,,
PAT008981,,,,,,,,,,,
PAT008982,,,,,,,,,,,
PAT008983,,,,,,,,,,,
PAT008984,,,,,,,,,,,
PAT008985,,,,,,,,,,,
PAT008986,,,,,,,,,,,
PAT008987,,,,,,,,,,,
PAT008988,,,,,,,,,,,
PAT008989,,,,,,,,,,,
PAT008990,,,,,,,,,,,
PAT008991,,,,,,,,,,,
PAT008992,,,,,,,,,,,
PAT008993,,,,,,,,,,,
PAT008994,,,,,,,,,,,
PAT008995,,,,,,,,,,,
PAT008996,,,,,,,,,,,
PAT008997,,,,,,,,,,,
PAT008998,,,,,,,,,,,
PAT008999,,,,,,,,,,,
PAT009000,,,,,,,,,,,
PAT009001,,,,,,,,,,,
PAT009002,,,,,,,,,,,
PAT009003,,,,,,,,,,,
PAT009004,,,,,,,,,,,
PAT009005,,,,,,,,,,,
PAT009006,,,,,,,,,,,
PAT009007,,,,,,,,,,,
PAT009008,,,,,,,,,,,
PAT009009,,,,,,,,,,,
PAT009010,,,,,,,,,,,
PAT009011,,,,,,,,,,,
PAT009012,,,,,,,,,,,
PAT009013,,,,,,,,,,,
PAT009014,,,,,,,,,,,
PAT009015,,,,,,,,,,,
PAT009016,,,,,,,,,,,
PAT009017,,,,,,,,,,,
PAT009018,,,,,,,,,,,
PAT009019,,,,,,,,,,,
PAT009020,,,,,,,,,,,
PAT009021,,,,,,,,,,,
PAT009022,,,,,,,,,,,
PAT009023,,,,,,,,,,,
PAT009024,,,,,,,,,,,
PAT009025,,,,,,,,,,,
PAT009026,,,,,,,,,,,
PAT009027,,,,,,,,,,,
PAT009028,,,,,,,,,,,
PAT009029,,,,,,,,,,,
PAT009030,,,,,,,,,,,
PAT009031,,,,,,,,,,,
PAT009032,,,,,,,,,,,
PAT009033,,,,,,,,,,,
PAT009034,,,,,,,,,,,
PAT009035,,,,,,,,,,,
PAT009036,,,,,,,,,,,
PAT009037,,,,,,,,,,,
PAT009038,,,,,,,,,,,
PAT009039,,,,,,,,,,,
PAT009040,,,,,,,,,,,
PAT009041,,,,,,,,,,,
PAT009042,,,,,,,,,,,
PAT009043,,,,,,,,,,,
PAT009044,,,,,,,,,,,
PAT009045,,,,,,,,,,,
PAT009046,,,,,,,,,,,
PAT009047,,,,,,,,,,,
PAT009048,,,,,,,,,,,
PAT009049,,,,,,,,,,,
PAT009050,,,,,,,,,,,
PAT009051,,,,,,,,,,,
PAT009052,,,,,,,,,,,
PAT009053,,,,,,,,,,,
PAT009054,,,,,,,,,,,
PAT009055,,,,,,,,,,,
PAT009056,,,,,,,,,,,
PAT009057,,,,,,,,,,,
PAT009058,,,,,,,,,,,
PAT009059,,,,,,,,,,,
PAT009060,,,,,,,,,,,
PAT009061,,,,,,,,,,,
PAT009062,,,,,,,,,,,
PAT009063,,,,,,,,,,,
PAT009064,,,,,,,,,,,
PAT009065,,,,,,,,,,,
PAT009066,,,,,,,,,,,
PAT009067,,,,,,,,,,,
PAT009068,,,,,,,,,,,
PAT009069,,,,,,,,,,,
PAT009070,,,,,,,,,,,
PAT009071,,,,,,,,,,,
PAT009072,,,,,,,,,,,
PAT009073,,,,,,,,,,,
PAT009074,,,,,,,,,,,
PAT009075,,,,,,,,,,,
PAT009076,,,,,,,,,,,
PAT009077,,,,,,,,,,,
PAT009078,,,,,,,,,,,
PAT009079,,,,,,,,,,,
PAT009080,,,,,,,,,,,
PAT009081,,,,,,,,,,,
PAT009082,,,,,,,,,,,
PAT009083,,,,,,,,,,,
PAT009084,,,,,,,,,,,
PAT009085,,,,,,,,,,,
PAT009086,,,,,,,,,,,
PAT009087,,,,,,,,,,,
PAT009088,,,,,,,,,,,
PAT009089,,,,,,,,,,,
PAT009090,,,,,,,,,,,
PAT009091,,,,,,,,,,,
PAT009092,,,,,,,,,,,
PAT009093,,,,,,,,,,,
PAT009094,,,,,,,,,,,
PAT009095,,,,,,,,,,,
PAT009096,,,,,,,,,,,
PAT009097,,,,,,,,,,,
PAT009098,,,,,,,,,,,
PAT009099,,,,,,,,,,,
PAT009100,,,,,,,,,,,
PAT009101,,,,,,,,,,,
PAT009102,,,,,,,,,,,
PAT009103,,,,,,,,,,,
PAT009104,,,,,,,,,,,
PAT009105,,,,,,,,,,,
PAT009106,,,,,,,,,,,
PAT009107,,,,,,,,,,,
PAT009108,,,,,,,,,,,
PAT009109,,,,,,,,,,,
PAT009110,,,,,,,,,,,
PAT009111,,,,,,,,,,,
PAT009112,,,,,,,,,,,
PAT009113,,,,,,,,,,,
PAT009114,,,,,,,,,,,
PAT009115,,,,,,,,,,,
PAT009116,,,,,,,,,,,
PAT009117,,,,,,,,,,,
PAT009118,,,,,,,,,,,
PAT009119,,,,,,,,,,,
PAT009120,,,,,,,,,,,
PAT009121,,,,,,,,,,,
PAT009122,,,,,,,,,,,
PAT009123,,,,,,,,,,,
PAT009124,,,,,,,,,,,
PAT009125,,,,,,,,,,,
PAT009126,,,,,,,,,,,
PAT009127,,,,,,,,,,,
PAT009128,,,,,,,,,,,
PAT009129,,,,,,,,,,,
PAT009130,,,,,,,,,,,
PAT009131,,,,,,,,,,,
PAT009132,,,,,,,,,,,
PAT009133,,,,,,,,,,,
PAT009134,,,,,,,,,,,
PAT009135,,,,,,,,,,,
PAT009136,,,,,,,,,,,
PAT009137,,,,,,,,,,,
PAT009138,,,,,,,,,,,
PAT009139,,,,,,,,,,,
PAT009140,,,,,,,,,,,
PAT009141,,,,,,,,,,,
PAT009142,,,,,,,,,,,
PAT009143,,,,,,,,,,,
PAT009144,,,,,,,,,,,
PAT009145,,,,,,,,,,,
PAT009146,,,,,,,,,,,
PAT009147,,,,,,,,,,,
PAT009148,,,,,,,,,,,
PAT009149,,,,,,,,,,,
PAT009150,,,,,,,,,,,
PAT009151,,,,,,,,,,,
PAT009152,,,,,,,,,,,
PAT009153,,,,,,,,,,,
PAT009154,,,,,,,,,,,
PAT009155,,,,,,,,,,,
PAT009156,,,,,,,,,,,
PAT009157,,,,,,,,,,,
PAT009158,,,,,,,,,,,
PAT009159,,,,,,,,,,,
PAT009160,,,,,,,,,,,
PAT009161,,,,,,,,,,,
PAT009162,,,,,,,,,,,
PAT009163,,,,,,,,,,,
PAT009164,,,,,,,,,,,
PAT009165,,,,,,,,,,,
PAT009166,,,,,,,,,,,
PAT009167,,,,,,,,,,,
PAT009168,,,,,,,,,,,
PAT009169,,,,,,,,,,,
PAT009170,,,,,,,,,,,
PAT009171,,,,,,,,,,,
PAT009172,,,,,,,,,,,
PAT009173,,,,,,,,,,,
PAT009174,,,,,,,,,,,
PAT009175,,,,,,,,,,,
PAT009176,,,,,,,,,,,
PAT009177,,,,,,,,,,,
PAT009178,,,,,,,,,,,
PAT009179,,,,,,,,,,,
PAT009180,,,,,,,,,,,
PAT009181,,,,,,,,,,,
PAT009182,,,,,,,,,,,
PAT009183,,,,,,,,,,,
PAT009184,,,,,,,,,,,
PAT009185,,,,,,,,,,,
PAT009186,,,,,,,,,,,
PAT009187,,,,,,,,,,,
PAT009188,,,,,,,,,,,
PAT009189,,,,,,,,,,,
PAT009190,,,,,,,,,,,
PAT009191,,,,,,,,,,,
PAT009192,,,,,,,,,,,
PAT009193,,,,,,,,,,,
PAT009194,,,,,,,,,,,
PAT009195,,,,,,,,,,,
PAT009196,,,,,,,,,,,
PAT009197,,,,,,,,,,,
PAT009198,,,,,,,,,,,
PAT009199,,,,,,,,,,,
PAT009200,,,,,,,,,,,
PAT009201,,,,,,,,,,,
PAT009202,,,,,,,,,,,
PAT009203,,,,,,,,,,,
PAT009204,,,,,,,,,,,
PAT009205,,,,,,,,,,,
PAT009206,,,,,,,,,,,
PAT009207,,,,,,,,,,,
PAT009208,,,,,,,,,,,
PAT009209,,,,,,,,,,,
PAT009210,,,,,,,,,,,
PAT009211,,,,,,,,,,,
PAT009212,,,,,,,,,,,
PAT009213,,,,,,,,,,,
PAT009214,,,,,,,,,,,
PAT009215,,,,,,,,,,,
PAT009216,,,,,,,,,,,
PAT009217,,,,,,,,,,,
PAT009218,,,,,,,,,,,
PAT009219,,,,,,,,,,,
PAT009220,,,,,,,,,,,
PAT009221,,,,,,,,,,,
PAT009222,,,,,,,,,,,
PAT009223,,,,,,,,,,,
PAT009224,,,,,,,,,,,
PAT009225,,,,,,,,,,,
PAT009226,,,,,,,,,,,
PAT009227,,,,,,,,,,,
PAT009228,,,,,,,,,,,
PAT009229,,,,,,,,,,,
PAT009230,,,,,,,,,,,
PAT009231,,,,,,,,,,,
PAT009232,,,,,,,,,,,
PAT009233,,,,,,,,,,,
PAT009234,,,,,,,,,,,
PAT009235,,,,,,,,,,,
PAT009236,,,,,,,,,,,
PAT009237,,,,,,,,,,,
PAT009238,,,,,,,,,,,
PAT009239,,,,,,,,,,,
PAT009240,,,,,,,,,,,
PAT009241,,,,,,,,,,,
PAT009242,,,,,,,,,,,
PAT009243,,,,,,,,,,,
PAT009244,,,,,,,,,,,
PAT009245,,,,,,,,,,,
PAT009246,,,,,,,,,,,
PAT009247,,,,,,,,,,,
PAT009248,,,,,,,,,,,
PAT009249,,,,,,,,,,,
PAT009250,,,,,,,,,,,
PAT009251,,,,,,,,,,,
PAT009252,,,,,,,,,,,
PAT009253,,,,,,,,,,,
PAT009254,,,,,,,,,,,
PAT009255,,,,,,,,,,,
PAT009256,,,,,,,,,,,
PAT009257,,,,,,,,,,,
PAT009258,,,,,,,,,,,
PAT009259,,,,,,,,,,,
PAT009260,,,,,,,,,,,
PAT009261,,,,,,,,,,,
PAT009262,,,,,,,,,,,
PAT009263,,,,,,,,,,,
PAT009264,,,,,,,,,,,
PAT009265,,,,,,,,,,,
PAT009266,,,,,,,,,,,
PAT009267,,,,,,,,,,,
PAT009268,,,,,,,,,,,
PAT009269,,,,,,,,,,,
PAT009270,,,,,,,,,,,
PAT009271,,,,,,,,,,,
PAT009272,,,,,,,,,,,
PAT009273,,,,,,,,,,,
PAT009274,,,,,,,,,,,
PAT009275,,,,,,,,,,,
PAT009276,,,,,,,,,,,
PAT009277,,,,,,,,,,,
PAT009278,,,,,,,,,,,
PAT009279,,,,,,,,,,,
PAT009280,,,,,,,,,,,
PAT009281,,,,,,,,,,,
PAT009282,,,,,,,,,,,
PAT009283,,,,,,,,,,,
PAT009284,,,,,,,,,,,
PAT009285,,,,,,,,,,,
PAT009286,,,,,,,,,,,
PAT009287,,,,,,,,,,,
PAT009288,,,,,,,,,,,
PAT009289,,,,,,,,,,,
PAT009290,,,,,,,,,,,
PAT009291,,,,,,,,,,,
PAT009292,,,,,,,,,,,
PAT009293,,,,,,,,,,,
PAT009294,,,,,,,,,,,
PAT009295,,,,,,,,,,,
PAT009296,,,,,,,,,,,
PAT009297,,,,,,,,,,,
PAT009298,,,,,,,,,,,
PAT009299,,,,,,,,,,,
PAT009300,,,,,,,,,,,
PAT009301,,,,,,,,,,,
PAT009302,,,,,,,,,,,
PAT009303,,,,,,,,,,,
PAT009304,,,,,,,,,,,
PAT009305,,,,,,,,,,,
PAT009306,,,,,,,,,,,
PAT009307,,,,,,,,,,,
PAT009308,,,,,,,,,,,
PAT009309,,,,,,,,,,,
PAT009310,,,,,,,,,,,
PAT009311,,,,,,,,,,,
PAT009312,,,,,,,,,,,
PAT009313,,,,,,,,,,,
PAT009314,,,,,,,,,,,
PAT009315,,,,,,,,,,,
PAT009316,,,,,,,,,,,
PAT009317,,,,,,,,,,,
PAT009318,,,,,,,,,,,
PAT009319,,,,,,,,,,,
PAT009320,,,,,,,,,,,
PAT009321,,,,,,,,,,,
PAT009322,,,,,,,,,,,
PAT009323,,,,,,,,,,,
PAT009324,,,,,,,,,,,
PAT009325,,,,,,,,,,,
PAT009326,,,,,,,,,,,
PAT009327,,,,,,,,,,,
PAT009328,,,,,,,,,,,
PAT009329,,,,,,,,,,,
PAT009330,,,,,,,,,,,
PAT009331,,,,,,,,,,,
PAT009332,,,,,,,,,,,
PAT009333,,,,,,,,,,,
PAT009334,,,,,,,,,,,
PAT009335,,,,,,,,,,,
PAT009336,,,,,,,,,,,
PAT009337,,,,,,,,,,,
PAT009338,,,,,,,,,,,
PAT009339,,,,,,,,,,,
PAT009340,,,,,,,,,,,
PAT009341,,,,,,,,,,,
PAT009342,,,,,,,,,,,
PAT009343,,,,,,,,,,,
PAT009344,,,,,,,,,,,
PAT009345,,,,,,,,,,,
PAT009346,,,,,,,,,,,
PAT009347,,,,,,,,,,,
PAT009348,,,,,,,,,,,
PAT009349,,,,,,,,,,,
PAT009350,,,,,,,,,,,
PAT009351,,,,,,,,,,,
PAT009352,,,,,,,,,,,
PAT009353,,,,,,,,,,,
PAT009354,,,,,,,,,,,
PAT009355,,,,,,,,,,,
PAT009356,,,,,,,,,,,
PAT009357,,,,,,,,,,,
PAT009358,,,,,,,,,,,
PAT009359,,,,,,,,,,,
PAT009360,,,,,,,,,,,
PAT009361,,,,,,,,,,,
PAT009362,,,,,,,,,,,
PAT009363,,,,,,,,,,,
PAT009364,,,,,,,,,,,
PAT009365,,,,,,,,,,,
PAT009366,,,,,,,,,,,
PAT009367,,,,,,,,,,,
PAT009368,,,,,,,,,,,
PAT009369,,,,,,,,,,,
PAT009370,,,,,,,,,,,
PAT009371,,,,,,,,,,,
PAT009372,,,,,,,,,,,
PAT009373,,,,,,,,,,,
PAT009374,,,,,,,,,,,
PAT009375,,,,,,,,,,,
PAT009376,,,,,,,,,,,
PAT009377,,,,,,,,,,,
PAT009378,,,,,,,,,,,
PAT009379,,,,,,,,,,,
PAT009380,,,,,,,,,,,
PAT009381,,,,,,,,,,,
PAT009382,,,,,,,,,,,
PAT009383,,,,,,,,,,,
PAT009384,,,,,,,,,,,
PAT009385,,,,,,,,,,,
PAT009386,,,,,,,,,,,
PAT009387,,,,,,,,,,,
PAT009388,,,,,,,,,,,
PAT009389,,,,,,,,,,,
PAT009390,,,,,,,,,,,
PAT009391,,,,,,,,,,,
PAT009392,,,,,,,,,,,
PAT009393,,,,,,,,,,,
PAT009394,,,,,,,,,,,
PAT009395,,,,,,,,,,,
PAT009396,,,,,,,,,,,
PAT009397,,,,,,,,,,,
PAT009398,,,,,,,,,,,
PAT009399,,,,,,,,,,,
PAT009400,,,,,,,,,,,
PAT009401,,,,,,,,,,,
PAT009402,,,,,,,,,,,
PAT009403,,,,,,,,,,,
PAT009404,,,,,,,,,,,
PAT009405,,,,,,,,,,,
PAT009406,,,,,,,,,,,
PAT009407,,,,,,,,,,,
PAT009408,,,,,,,,,,,
PAT009409,,,,,,,,,,,
PAT009410,,,,,,,,,,,
PAT009411,,,,,,,,,,,
PAT009412,,,,,,,,,,,
PAT009413,,,,,,,,,,,
PAT009414,,,,,,,,,,,
PAT009415,,,,,,,,,,,
PAT009416,,,,,,,,,,,
PAT009417,,,,,,,,,,,
PAT009418,,,,,,,,,,,
PAT009419,,,,,,,,,,,
PAT009420,,,,,,,,,,,
PAT009421,,,,,,,,,,,
PAT009422,,,,,,,,,,,
PAT009423,,,,,,,,,,,
PAT009424,,,,,,,,,,,
PAT009425,,,,,,,,,,,
PAT009426,,,,,,,,,,,
PAT009427,,,,,,,,,,,
PAT009428,,,,,,,,,,,
PAT009429,,,,,,,,,,,
PAT009430,,,,,,,,,,,
PAT009431,,,,,,,,,,,
PAT009432,,,,,,,,,,,
PAT009433,,,,,,,,,,,
PAT009434,,,,,,,,,,,
PAT009435,,,,,,,,,,,
PAT009436,,,,,,,,,,,
PAT009437,,,,,,,,,,,
PAT009438,,,,,,,,,,,
PAT009439,,,,,,,,,,,
PAT009440,,,,,,,,,,,
PAT009441,,,,,,,,,,,
PAT009442,,,,,,,,,,,
PAT009443,,,,,,,,,,,
PAT009444,,,,,,,,,,,
PAT009445,,,,,,,,,,,
PAT009446,,,,,,,,,,,
PAT009447,,,,,,,,,,,
PAT009448,,,,,,,,,,,
PAT009449,,,,,,,,,,,
PAT009450,,,,,,,,,,,
PAT009451,,,,,,,,,,,
PAT009452,,,,,,,,,,,
PAT009453,,,,,,,,,,,
PAT009454,,,,,,,,,,,
PAT009455,,,,,,,,,,,
PAT009456,,,,,,,,,,,
PAT009457,,,,,,,,,,,
PAT009458,,,,,,,,,,,
PAT009459,,,,,,,,,,,
PAT009460,,,,,,,,,,,
PAT009461,,,,,,,,,,,
PAT009462,,,,,,,,,,,
PAT009463,,,,,,,,,,,
PAT009464,,,,,,,,,,,
PAT009465,,,,,,,,,,,
PAT009466,,,,,,,,,,,
PAT009467,,,,,,,,,,,
PAT009468,,,,,,,,,,,
PAT009469,,,,,,,,,,,
PAT009470,,,,,,,,,,,
PAT009471,,,,,,,,,,,
PAT009472,,,,,,,,,,,
PAT009473,,,,,,,,,,,
PAT009474,,,,,,,,,,,
PAT009475,,,,,,,,,,,
PAT009476,,,,,,,,,,,
PAT009477,,,,,,,,,,,
PAT009478,,,,,,,,,,,
PAT009479,,,,,,,,,,,
PAT009480,,,,,,,,,,,
PAT009481,,,,,,,,,,,
PAT009482,,,,,,,,,,,
PAT009483,,,,,,,,,,,
PAT009484,,,,,,,,,,,
PAT009485,,,,,,,,,,,
PAT009486,,,,,,,,,,,
PAT009487,,,,,,,,,,,
PAT009488,,,,,,,,,,,
PAT009489,,,,,,,,,,,
PAT009490,,,,,,,,,,,
PAT009491,,,,,,,,,,,
PAT009492,,,,,,,,,,,
PAT009493,,,,,,,,,,,
PAT009494,,,,,,,,,,,
PAT009495,,,,,,,,,,,
PAT009496,,,,,,,,,,,
PAT009497,,,,,,,,,,,
PAT009498,,,,,,,,,,,
PAT009499,,,,,,,,,,,
PAT009500,,,,,,,,,,,
PAT009501,,,,,,,,,,,
PAT009502,,,,,,,,,,,
PAT009503,,,,,,,,,,,
PAT009504,,,,,,,,,,,
PAT009505,,,,,,,,,,,
PAT009506,,,,,,,,,,,
PAT009507,,,,,,,,,,,
PAT009508,,,,,,,,,,,
PAT009509,,,,,,,,,,,
PAT009510,,,,,,,,,,,
PAT009511,,,,,,,,,,,
PAT009512,,,,,,,,,,,
PAT009513,,,,,,,,,,,
PAT009514,,,,,,,,,,,
PAT009515,,,,,,,,,,,
PAT009516,,,,,,,,,,,
PAT009517,,,,,,,,,,,
PAT009518,,,,,,,,,,,
PAT009519,,,,,,,,,,,
PAT009520,,,,,,,,,,,
PAT009521,,,,,,,,,,,
PAT009522,,,,,,,,,,,
PAT009523,,,,,,,,,,,
PAT009524,,,,,,,,,,,
PAT009525,,,,,,,,,,,
PAT009526,,,,,,,,,,,
PAT009527,,,,,,,,,,,
PAT009528,,,,,,,,,,,
PAT009529,,,,,,,,,,,
PAT009530,,,,,,,,,,,
PAT009531,,,,,,,,,,,
PAT009532,,,,,,,,,,,
PAT009533,,,,,,,,,,,
PAT009534,,,,,,,,,,,
PAT009535,,,,,,,,,,,
PAT009536,,,,,,,,,,,
PAT009537,,,,,,,,,,,
PAT009538,,,,,,,,,,,
PAT009539,,,,,,,,,,,
PAT009540,,,,,,,,,,,
PAT009541,,,,,,,,,,,
PAT009542,,,,,,,,,,,
PAT009543,,,,,,,,,,,
PAT009544,,,,,,,,,,,
PAT009545,,,,,,,,,,,
PAT009546,,,,,,,,,,,
PAT009547,,,,,,,,,,,
PAT009548,,,,,,,,,,,
PAT009549,,,,,,,,,,,
PAT009550,,,,,,,,,,,
PAT009551,,,,,,,,,,,
PAT009552,,,,,,,,,,,
PAT009553,,,,,,,,,,,
PAT009554,,,,,,,,,,,
PAT009555,,,,,,,,,,,
PAT009556,,,,,,,,,,,
PAT009557,,,,,,,,,,,
PAT009558,,,,,,,,,,,
PAT009559,,,,,,,,,,,
PAT009560,,,,,,,,,,,
PAT009561,,,,,,,,,,,
PAT009562,,,,,,,,,,,
PAT009563,,,,,,,,,,,
PAT009564,,,,,,,,,,,
PAT009565,,,,,,,,,,,
PAT009566,,,,,,,,,,,
PAT009567,,,,,,,,,,,
PAT009568,,,,,,,,,,,
PAT009569,,,,,,,,,,,
PAT009570,,,,,,,,,,,
PAT009571,,,,,,,,,,,
PAT009572,,,,,,,,,,,
PAT009573,,,,,,,,,,,
PAT009574,,,,,,,,,,,
PAT009575,,,,,,,,,,,
PAT009576,,,,,,,,,,,
PAT009577,,,,,,,,,,,
PAT009578,,,,,,,,,,,
PAT009579,,,,,,,,,,,
PAT009580,,,,,,,,,,,
PAT009581,,,,,,,,,,,
PAT009582,,,,,,,,,,,
PAT009583,,,,,,,,,,,
PAT009584,,,,,,,,,,,
PAT009585,,,,,,,,,,,
PAT009586,,,,,,,,,,,
PAT009587,,,,,,,,,,,
PAT009588,,,,,,,,,,,
PAT009589,,,,,,,,,,,
PAT009590,,,,,,,,,,,
PAT009591,,,,,,,,,,,
PAT009592,,,,,,,,,,,
PAT009593,,,,,,,,,,,
PAT009594,,,,,,,,,,,
PAT009595,,,,,,,,,,,
PAT009596,,,,,,,,,,,
PAT009597,,,,,,,,,,,
PAT009598,,,,,,,,,,,
PAT009599,,,,,,,,,,,
PAT009600,,,,,,,,,,,
PAT009601,,,,,,,,,,,
PAT009602,,,,,,,,,,,
PAT009603,,,,,,,,,,,
PAT009604,,,,,,,,,,,
PAT009605,,,,,,,,,,,
PAT009606,,,,,,,,,,,
PAT009607,,,,,,,,,,,
PAT009608,,,,,,,,,,,
PAT009609,,,,,,,,,,,
PAT009610,,,,,,,,,,,
PAT009611,,,,,,,,,,,
PAT009612,,,,,,,,,,,
PAT009613,,,,,,,,,,,
PAT009614,,,,,,,,,,,
PAT009615,,,,,,,,,,,
PAT009616,,,,,,,,,,,
PAT009617,,,,,,,,,,,
PAT009618,,,,,,,,,,,
PAT009619,,,,,,,,,,,
PAT009620,,,,,,,,,,,
PAT009621,,,,,,,,,,,
PAT009622,,,,,,,,,,,
PAT009623,,,,,,,,,,,
PAT009624,,,,,,,,,,,
PAT009625,,,,,,,,,,,
PAT009626,,,,,,,,,,,
PAT009627,,,,,,,,,,,
PAT009628,,,,,,,,,,,
PAT009629,,,,,,,,,,,
PAT009630,,,,,,,,,,,
PAT009631,,,,,,,,,,,
PAT009632,,,,,,,,,,,
PAT009633,,,,,,,,,,,
PAT009634,,,,,,,,,,,
PAT009635,,,,,,,,,,,
PAT009636,,,,,,,,,,,
PAT009637,,,,,,,,,,,
PAT009638,,,,,,,,,,,
PAT009639,,,,,,,,,,,
PAT009640,,,,,,,,,,,
PAT009641,,,,,,,,,,,
PAT009642,,,,,,,,,,,
PAT009643,,,,,,,,,,,
PAT009644,,,,,,,,,,,
PAT009645,,,,,,,,,,,
PAT009646,,,,,,,,,,,
PAT009647,,,,,,,,,,,
PAT009648,,,,,,,,,,,
PAT009649,,,,,,,,,,,
PAT009650,,,,,,,,,,,
PAT009651,,,,,,,,,,,
PAT009652,,,,,,,,,,,
PAT009653,,,,,,,,,,,
PAT009654,,,,,,,,,,,
PAT009655,,,,,,,,,,,
PAT009656,,,,,,,,,,,
PAT009657,,,,,,,,,,,
PAT009658,,,,,,,,,,,
PAT009659,,,,,,,,,,,
PAT009660,,,,,,,,,,,
PAT009661,,,,,,,,,,,
PAT009662,,,,,,,,,,,
PAT009663,,,,,,,,,,,
PAT009664,,,,,,,,,,,
PAT009665,,,,,,,,,,,
PAT009666,,,,,,,,,,,
PAT009667,,,,,,,,,,,
PAT009668,,,,,,,,,,,
PAT009669,,,,,,,,,,,
PAT009670,,,,,,,,,,,
PAT009671,,,,,,,,,,,
PAT009672,,,,,,,,,,,
PAT009673,,,,,,,,,,,
PAT009674,,,,,,,,,,,
PAT009675,,,,,,,,,,,
PAT009676,,,,,,,,,,,
PAT009677,,,,,,,,,,,
PAT009678,,,,,,,,,,,
PAT009679,,,,,,,,,,,
PAT009680,,,,,,,,,,,
PAT009681,,,,,,,,,,,
PAT009682,,,,,,,,,,,
PAT009683,,,,,,,,,,,
PAT009684,,,,,,,,,,,
PAT009685,,,,,,,,,,,
PAT009686,,,,,,,,,,,
PAT009687,,,,,,,,,,,
PAT009688,,,,,,,,,,,
PAT009689,,,,,,,,,,,
PAT009690,,,,,,,,,,,
PAT009691,,,,,,,,,,,
PAT009692,,,,,,,,,,,
PAT009693,,,,,,,,,,,
PAT009694,,,,,,,,,,,
PAT009695,,,,,,,,,,,
PAT009696,,,,,,,,,,,
PAT009697,,,,,,,,,,,
PAT009698,,,,,,,,,,,
PAT009699,,,,,,,,,,,
PAT009700,,,,,,,,,,,
PAT009701,,,,,,,,,,,
PAT009702,,,,,,,,,,,
PAT009703,,,,,,,,,,,
PAT009704,,,,,,,,,,,
PAT009705,,,,,,,,,,,
PAT009706,,,,,,,,,,,
PAT009707,,,,,,,,,,,
PAT009708,,,,,,,,,,,
PAT009709,,,,,,,,,,,
PAT009710,,,,,,,,,,,
PAT009711,,,,,,,,,,,
PAT009712,,,,,,,,,,,
PAT009713,,,,,,,,,,,
PAT009714,,,,,,,,,,,
PAT009715,,,,,,,,,,,
PAT009716,,,,,,,,,,,
PAT009717,,,,,,,,,,,
PAT009718,,,,,,,,,,,
PAT009719,,,,,,,,,,,
PAT009720,,,,,,,,,,,
PAT009721,,,,,,,,,,,
PAT009722,,,,,,,,,,,
PAT009723,,,,,,,,,,,
PAT009724,,,,,,,,,,,
PAT009725,,,,,,,,,,,
PAT009726,,,,,,,,,,,
PAT009727,,,,,,,,,,,
PAT009728,,,,,,,,,,,
PAT009729,,,,,,,,,,,
PAT009730,,,,,,,,,,,
PAT009731,,,,,,,,,,,
PAT009732,,,,,,,,,,,
PAT009733,,,,,,,,,,,
PAT009734,,,,,,,,,,,
PAT009735,,,,,,,,,,,
PAT009736,,,,,,,,,,,
PAT009737,,,,,,,,,,,
PAT009738,,,,,,,,,,,
PAT009739,,,,,,,,,,,
PAT009740,,,,,,,,,,,
PAT009741,,,,,,,,,,,
PAT009742,,,,,,,,,,,
PAT009743,,,,,,,,,,,
PAT009744,,,,,,,,,,,
PAT009745,,,,,,,,,,,
PAT009746,,,,,,,,,,,
PAT009747,,,,,,,,,,,
PAT009748,,,,,,,,,,,
PAT009749,,,,,,,,,,,
PAT009750,,,,,,,,,,,
PAT009751,,,,,,,,,,,
PAT009752,,,,,,,,,,,
PAT009753,,,,,,,,,,,
PAT009754,,,,,,,,,,,
PAT009755,,,,,,,,,,,
PAT009756,,,,,,,,,,,
PAT009757,,,,,,,,,,,
PAT009758,,,,,,,,,,,
PAT009759,,,,,,,,,,,
PAT009760,,,,,,,,,,,
PAT009761,,,,,,,,,,,
PAT009762,,,,,,,,,,,
PAT009763,,,,,,,,,,,
PAT009764,,,,,,,,,,,
PAT009765,,,,,,,,,,,
PAT009766,,,,,,,,,,,
PAT009767,,,,,,,,,,,
PAT009768,,,,,,,,,,,
PAT009769,,,,,,,,,,,
PAT009770,,,,,,,,,,,
PAT009771,,,,,,,,,,,
PAT009772,,,,,,,,,,,
PAT009773,,,,,,,,,,,
PAT009774,,,,,,,,,,,
PAT009775,,,,,,,,,,,
PAT009776,,,,,,,,,,,
PAT009777,,,,,,,,,,,
PAT009778,,,,,,,,,,,
PAT009779,,,,,,,,,,,
PAT009780,,,,,,,,,,,
PAT009781,,,,,,,,,,,
PAT009782,,,,,,,,,,,
PAT009783,,,,,,,,,,,
PAT009784,,,,,,,,,,,
PAT009785,,,,,,,,,,,
PAT009786,,,,,,,,,,,
PAT009787,,,,,,,,,,,
PAT009788,,,,,,,,,,,
PAT009789,,,,,,,,,,,
PAT009790,,,,,,,,,,,
PAT009791,,,,,,,,,,,
PAT009792,,,,,,,,,,,
PAT009793,,,,,,,,,,,
PAT009794,,,,,,,,,,,
PAT009795,,,,,,,,,,,
PAT009796,,,,,,,,,,,
PAT009797,,,,,,,,,,,
PAT009798,,,,,,,,,,,
PAT009799,,,,,,,,,,,
PAT009800,,,,,,,,,,,
PAT009801,,,,,,,,,,,
PAT009802,,,,,,,,,,,
PAT009803,,,,,,,,,,,
PAT009804,,,,,,,,,,,
PAT009805,,,,,,,,,,,
PAT009806,,,,,,,,,,,
PAT009807,,,,,,,,,,,
PAT009808,,,,,,,,,,,
PAT009809,,,,,,,,,,,
PAT009810,,,,,,,,,,,
PAT009811,,,,,,,,,,,
PAT009812,,,,,,,,,,,
PAT009813,,,,,,,,,,,
PAT009814,,,,,,,,,,,
PAT009815,,,,,,,,,,,
PAT009816,,,,,,,,,,,
PAT009817,,,,,,,,,,,
PAT009818,,,,,,,,,,,
PAT009819,,,,,,,,,,,
PAT009820,,,,,,,,,,,
PAT009821,,,,,,,,,,,
PAT009822,,,,,,,,,,,
PAT009823,,,,,,,,,,,
PAT009824,,,,,,,,,,,
PAT009825,,,,,,,,,,,
PAT009826,,,,,,,,,,,
PAT009827,,,,,,,,,,,
PAT009828,,,,,,,,,,,
PAT009829,,,,,,,,,,,
PAT009830,,,,,,,,,,,
PAT009831,,,,,,,,,,,
PAT009832,,,,,,,,,,,
PAT009833,,,,,,,,,,,
PAT009834,,,,,,,,,,,
PAT009835,,,,,,,,,,,
PAT009836,,,,,,,,,,,
PAT009837,,,,,,,,,,,
PAT009838,,,,,,,,,,,
PAT009839,,,,,,,,,,,
PAT009840,,,,,,,,,,,
PAT009841,,,,,,,,,,,
PAT009842,,,,,,,,,,,
PAT009843,,,,,,,,,,,
PAT009844,,,,,,,,,,,
PAT009845,,,,,,,,,,,
PAT009846,,,,,,,,,,,
PAT009847,,,,,,,,,,,
PAT009848,,,,,,,,,,,
PAT009849,,,,,,,,,,,
PAT009850,,,,,,,,,,,
PAT009851,,,,,,,,,,,
PAT009852,,,,,,,,,,,
PAT009853,,,,,,,,,,,
PAT009854,,,,,,,,,,,
PAT009855,,,,,,,,,,,
PAT009856,,,,,,,,,,,
PAT009857,,,,,,,,,,,
PAT009858,,,,,,,,,,,
PAT009859,,,,,,,,,,,
PAT009860,,,,,,,,,,,
PAT009861,,,,,,,,,,,
PAT009862,,,,,,,,,,,
PAT009863,,,,,,,,,,,
PAT009864,,,,,,,,,,,
PAT009865,,,,,,,,,,,
PAT009866,,,,,,,,,,,
PAT009867,,,,,,,,,,,
PAT009868,,,,,,,,,,,
PAT009869,,,,,,,,,,,
PAT009870,,,,,,,,,,,
PAT009871,,,,,,,,,,,
PAT009872,,,,,,,,,,,
PAT009873,,,,,,,,,,,
PAT009874,,,,,,,,,,,
PAT009875,,,,,,,,,,,
PAT009876,,,,,,,,,,,
PAT009877,,,,,,,,,,,
PAT009878,,,,,,,,,,,
PAT009879,,,,,,,,,,,
PAT009880,,,,,,,,,,,
PAT009881,,,,,,,,,,,
PAT009882,,,,,,,,,,,
PAT009883,,,,,,,,,,,
PAT009884,,,,,,,,,,,
PAT009885,,,,,,,,,,,
PAT009886,,,,,,,,,,,
PAT009887,,,,,,,,,,,
PAT009888,,,,,,,,,,,
PAT009889,,,,,,,,,,,
PAT009890,,,,,,,,,,,
PAT009891,,,,,,,,,,,
PAT009892,,,,,,,,,,,
PAT009893,,,,,,,,,,,
PAT009894,,,,,,,,,,,
PAT009895,,,,,,,,,,,
PAT009896,,,,,,,,,,,
PAT009897,,,,,,,,,,,
PAT009898,,,,,,,,,,,
PAT009899,,,,,,,,,,,
PAT009900,,,,,,,,,,,
PAT009901,,,,,,,,,,,
PAT009902,,,,,,,,,,,
PAT009903,,,,,,,,,,,
PAT009904,,,,,,,,,,,
PAT009905,,,,,,,,,,,
PAT009906,,,,,,,,,,,
PAT009907,,,,,,,,,,,
PAT009908,,,,,,,,,,,
PAT009909,,,,,,,,,,,
PAT009910,,,,,,,,,,,
PAT009911,,,,,,,,,,,
PAT009912,,,,,,,,,,,
PAT009913,,,,,,,,,,,
PAT009914,,,,,,,,,,,
PAT009915,,,,,,,,,,,
PAT009916,,,,,,,,,,,
PAT009917,,,,,,,,,,,
PAT009918,,,,,,,,,,,
PAT009919,,,,,,,,,,,
PAT009920,,,,,,,,,,,
PAT009921,,,,,,,,,,,
PAT009922,,,,,,,,,,,
PAT009923,,,,,,,,,,,
PAT009924,,,,,,,,,,,
PAT009925,,,,,,,,,,,
PAT009926,,,,,,,,,,,
PAT009927,,,,,,,,,,,
PAT009928,,,,,,,,,,,
PAT009929,,,,,,,,,,,
PAT009930,,,,,,,,,,,
PAT009931,,,,,,,,,,,
PAT009932,,,,,,,,,,,
PAT009933,,,,,,,,,,,
PAT009934,,,,,,,,,,,
PAT009935,,,,,,,,,,,
PAT009936,,,,,,,,,,,
PAT009937,,,,,,,,,,,
PAT009938,,,,,,,,,,,
PAT009939,,,,,,,,,,,
PAT009940,,,,,,,,,,,
PAT009941,,,,,,,,,,,
PAT009942,,,,,,,,,,,
PAT009943,,,,,,,,,,,
PAT009944,,,,,,,,,,,
PAT009945,,,,,,,,,,,
PAT009946,,,,,,,,,,,
PAT009947,,,,,,,,,,,
PAT009948,,,,,,,,,,,
PAT009949,,,,,,,,,,,
PAT009950,,,,,,,,,,,
PAT009951,,,,,,,,,,,
PAT009952,,,,,,,,,,,
PAT009953,,,,,,,,,,,
PAT009954,,,,,,,,,,,
PAT009955,,,,,,,,,,,
PAT009956,,,,,,,,,,,
PAT009957,,,,,,,,,,,
PAT009958,,,,,,,,,,,
PAT009959,,,,,,,,,,,
PAT009960,,,,,,,,,,,
PAT009961,,,,,,,,,,,
PAT009962,,,,,,,,,,,
PAT009963,,,,,,,,,,,
PAT009964,,,,,,,,,,,
PAT009965,,,,,,,,,,,
PAT009966,,,,,,,,,,,
PAT009967,,,,,,,,,,,
PAT009968,,,,,,,,,,,
PAT009969,,,,,,,,,,,
PAT009970,,,,,,,,,,,
PAT009971,,,,,,,,,,,
PAT009972,,,,,,,,,,,
PAT009973,,,,,,,,,,,
PAT009974,,,,,,,,,,,
PAT009975,,,,,,,,,,,
PAT009976,,,,,,,,,,,
PAT009977,,,,,,,,,,,
PAT009978,,,,,,,,,,,
PAT009979,,,,,,,,,,,
PAT009980,,,,,,,,,,,
PAT009981,,,,,,,,,,,
PAT009982,,,,,,,,,,,
PAT009983,,,,,,,,,,,
PAT009984,,,,,,,,,,,
PAT009985,,,,,,,,,,,
PAT009986,,,,,,,,,,,
PAT009987,,,,,,,,,,,
PAT009988,,,,,,,,,,,
PAT009989,,,,,,,,,,,
PAT009990,,,,,,,,,,,
PAT009991,,,,,,,,,,,
PAT009992,,,,,,,,,,,
PAT009993,,,,,,,,,,,
PAT009994,,,,,,,,,,,
PAT009995,,,,,,,,,,,
PAT009996,,,,,,,,,,,
PAT009997,,,,,,,,,,,
PAT009998,,,,,,,,,,,
PAT009999,,,,,,,,,,,
PAT010000,,,,,,,,,,,
PAT010001,,,,,,,,,,,
PAT010002,,,,,,,,,,,
PAT010003,,,,,,,,,,,
PAT010004,,,,,,,,,,,
PAT010005,,,,,,,,,,,
PAT010006,,,,,,,,,,,
PAT010007,,,,,,,,,,,
PAT010008,,,,,,,,,,,
PAT010009,,,,,,,,,,,
PAT010010,,,,,,,,,,,
PAT010011,,,,,,,,,,,
PAT010012,,,,,,,,,,,
PAT010013,,,,,,,,,,,
PAT010014,,,,,,,,,,,
PAT010015,,,,,,,,,,,
PAT010016,,,,,,,,,,,
PAT010017,,,,,,,,,,,
PAT010018,,,,,,,,,,,
PAT010019,,,,,,,,,,,
PAT010020,,,,,,,,,,,
PAT010021,,,,,,,,,,,
PAT010022,,,,,,,,,,,
PAT010023,,,,,,,,,,,
PAT010024,,,,,,,,,,,
PAT010025,,,,,,,,,,,
PAT010026,,,,,,,,,,,
PAT010027,,,,,,,,,,,
PAT010028,,,,,,,,,,,
PAT010029,,,,,,,,,,,
PAT010030,,,,,,,,,,,
PAT010031,,,,,,,,,,,
PAT010032,,,,,,,,,,,
PAT010033,,,,,,,,,,,
PAT010034,,,,,,,,,,,
PAT010035,,,,,,,,,,,
PAT010036,,,,,,,,,,,
PAT010037,,,,,,,,,,,
PAT010038,,,,,,,,,,,
PAT010039,,,,,,,,,,,
PAT010040,,,,,,,,,,,
PAT010041,,,,,,,,,,,
PAT010042,,,,,,,,,,,
PAT010043,,,,,,,,,,,
PAT010044,,,,,,,,,,,
PAT010045,,,,,,,,,,,
PAT010046,,,,,,,,,,,
PAT010047,,,,,,,,,,,
PAT010048,,,,,,,,,,,
PAT010049,,,,,,,,,,,
PAT010050,,,,,,,,,,,
PAT010051,,,,,,,,,,,
PAT010052,,,,,,,,,,,
PAT010053,,,,,,,,,,,
PAT010054,,,,,,,,,,,
PAT010055,,,,,,,,,,,
PAT010056,,,,,,,,,,,
PAT010057,,,,,,,,,,,
PAT010058,,,,,,,,,,,
PAT010059,,,,,,,,,,,
PAT010060,,,,,,,,,,,
PAT010061,,,,,,,,,,,
PAT010062,,,,,,,,,,,
PAT010063,,,,,,,,,,,
PAT010064,,,,,,,,,,,
PAT010065,,,,,,,,,,,
PAT010066,,,,,,,,,,,
PAT010067,,,,,,,,,,,
PAT010068,,,,,,,,,,,
PAT010069,,,,,,,,,,,
PAT010070,,,,,,,,,,,
PAT010071,,,,,,,,,,,
PAT010072,,,,,,,,,,,
PAT010073,,,,,,,,,,,
PAT010074,,,,,,,,,,,
PAT010075,,,,,,,,,,,
PAT010076,,,,,,,,,,,
PAT010077,,,,,,,,,,,
PAT010078,,,,,,,,,,,
PAT010079,,,,,,,,,,,
PAT010080,,,,,,,,,,,
PAT010081,,,,,,,,,,,
PAT010082,,,,,,,,,,,
PAT010083,,,,,,,,,,,
PAT010084,,,,,,,,,,,
PAT010085,,,,,,,,,,,
PAT010086,,,,,,,,,,,
PAT010087,,,,,,,,,,,
PAT010088,,,,,,,,,,,
PAT010089,,,,,,,,,,,
PAT010090,,,,,,,,,,,
PAT010091,,,,,,,,,,,
PAT010092,,,,,,,,,,,
PAT010093,,,,,,,,,,,
PAT010094,,,,,,,,,,,
PAT010095,,,,,,,,,,,
PAT010096,,,,,,,,,,,
PAT010097,,,,,,,,,,,
PAT010098,,,,,,,,,,,
PAT010099,,,,,,,,,,,
PAT010100,,,,,,,,,,,
PAT010101,,,,,,,,,,,
PAT010102,,,,,,,,,,,
PAT010103,,,,,,,,,,,
PAT010104,,,,,,,,,,,
PAT010105,,,,,,,,,,,
PAT010106,,,,,,,,,,,
PAT010107,,,,,,,,,,,
PAT010108,,,,,,,,,,,
PAT010109,,,,,,,,,,,
PAT010110,,,,,,,,,,,
PAT010111,,,,,,,,,,,
PAT010112,,,,,,,,,,,
PAT010113,,,,,,,,,,,
PAT010114,,,,,,,,,,,
PAT010115,,,,,,,,,,,
PAT010116,,,,,,,,,,,
PAT010117,,,,,,,,,,,
PAT010118,,,,,,,,,,,
PAT010119,,,,,,,,,,,
PAT010120,,,,,,,,,,,
PAT010121,,,,,,,,,,,
PAT010122,,,,,,,,,,,
PAT010123,,,,,,,,,,,
PAT010124,,,,,,,,,,,
PAT010125,,,,,,,,,,,
PAT010126,,,,,,,,,,,
PAT010127,,,,,,,,,,,
PAT010128,,,,,,,,,,,
PAT010129,,,,,,,,,,,
PAT010130,,,,,,,,,,,
PAT010131,,,,,,,,,,,
PAT010132,,,,,,,,,,,
PAT010133,,,,,,,,,,,
PAT010134,,,,,,,,,,,
PAT010135,,,,,,,,,,,
PAT010136,,,,,,,,,,,
PAT010137,,,,,,,,,,,
PAT010138,,,,,,,,,,,
PAT010139,,,,,,,,,,,
PAT010140,,,,,,,,,,,
PAT010141,,,,,,,,,,,
PAT010142,,,,,,,,,,,
PAT010143,,,,,,,,,,,
PAT010144,,,,,,,,,,,
PAT010145,,,,,,,,,,,
PAT010146,,,,,,,,,,,
PAT010147,,,,,,,,,,,
PAT010148,,,,,,,,,,,
PAT010149,,,,,,,,,,,
PAT010150,,,,,,,,,,,
PAT010151,,,,,,,,,,,
PAT010152,,,,,,,,,,,
PAT010153,,,,,,,,,,,
PAT010154,,,,,,,,,,,
PAT010155,,,,,,,,,,,
PAT010156,,,,,,,,,,,
PAT010157,,,,,,,,,,,
PAT010158,,,,,,,,,,,
PAT010159,,,,,,,,,,,
PAT010160,,,,,,,,,,,
PAT010161,,,,,,,,,,,
PAT010162,,,,,,,,,,,
PAT010163,,,,,,,,,,,
PAT010164,,,,,,,,,,,
PAT010165,,,,,,,,,,,
PAT010166,,,,,,,,,,,
PAT010167,,,,,,,,,,,
PAT010168,,,,,,,,,,,
PAT010169,,,,,,,,,,,
PAT010170,,,,,,,,,,,
PAT010171,,,,,,,,,,,
PAT010172,,,,,,,,,,,
PAT010173,,,,,,,,,,,
PAT010174,,,,,,,,,,,
PAT010175,,,,,,,,,,,
PAT010176,,,,,,,,,,,
PAT010177,,,,,,,,,,,
PAT010178,,,,,,,,,,,
PAT010179,,,,,,,,,,,
PAT010180,,,,,,,,,,,
PAT010181,,,,,,,,,,,
PAT010182,,,,,,,,,,,
PAT010183,,,,,,,,,,,
PAT010184,,,,,,,,,,,
PAT010185,,,,,,,,,,,
PAT010186,,,,,,,,,,,
PAT010187,,,,,,,,,,,
PAT010188,,,,,,,,,,,
PAT010189,,,,,,,,,,,
PAT010190,,,,,,,,,,,
PAT010191,,,,,,,,,,,
PAT010192,,,,,,,,,,,
PAT010193,,,,,,,,,,,
PAT010194,,,,,,,,,,,
PAT010195,,,,,,,,,,,
PAT010196,,,,,,,,,,,
PAT010197,,,,,,,,,,,
PAT010198,,,,,,,,,,,
PAT010199,,,,,,,,,,,
PAT010200,,,,,,,,,,,
PAT010201,,,,,,,,,,,
PAT010202,,,,,,,,,,,
PAT010203,,,,,,,,,,,
PAT010204,,,,,,,,,,,
PAT010205,,,,,,,,,,,
PAT010206,,,,,,,,,,,
PAT010207,,,,,,,,,,,
PAT010208,,,,,,,,,,,
PAT010209,,,,,,,,,,,
PAT010210,,,,,,,,,,,
PAT010211,,,,,,,,,,,
PAT010212,,,,,,,,,,,
PAT010213,,,,,,,,,,,
PAT010214,,,,,,,,,,,
PAT010215,,,,,,,,,,,
PAT010216,,,,,,,,,,,
PAT010217,,,,,,,,,,,
PAT010218,,,,,,,,,,,
PAT010219,,,,,,,,,,,
PAT010220,,,,,,,,,,,
PAT010221,,,,,,,,,,,
PAT010222,,,,,,,,,,,
PAT010223,,,,,,,,,,,
PAT010224,,,,,,,,,,,
PAT010225,,,,,,,,,,,
PAT010226,,,,,,,,,,,
PAT010227,,,,,,,,,,,
PAT010228,,,,,,,,,,,
PAT010229,,,,,,,,,,,
PAT010230,,,,,,,,,,,
PAT010231,,,,,,,,,,,
PAT010232,,,,,,,,,,,
PAT010233,,,,,,,,,,,
PAT010234,,,,,,,,,,,
PAT010235,,,,,,,,,,,
PAT010236,,,,,,,,,,,
PAT010237,,,,,,,,,,,
PAT010238,,,,,,,,,,,
PAT010239,,,,,,,,,,,
PAT010240,,,,,,,,,,,
PAT010241,,,,,,,,,,,
PAT010242,,,,,,,,,,,
PAT010243,,,,,,,,,,,
PAT010244,,,,,,,,,,,
PAT010245,,,,,,,,,,,
PAT010246,,,,,,,,,,,
PAT010247,,,,,,,,,,,
PAT010248,,,,,,,,,,,
PAT010249,,,,,,,,,,,
PAT010250,,,,,,,,,,,
PAT010251,,,,,,,,,,,
PAT010252,,,,,,,,,,,
PAT010253,,,,,,,,,,,
PAT010254,,,,,,,,,,,
PAT010255,,,,,,,,,,,
PAT010256,,,,,,,,,,,
PAT010257,,,,,,,,,,,
PAT010258,,,,,,,,,,,
PAT010259,,,,,,,,,,,
PAT010260,,,,,,,,,,,
PAT010261,,,,,,,,,,,
PAT010262,,,,,,,,,,,
PAT010263,,,,,,,,,,,
PAT010264,,,,,,,,,,,
PAT010265,,,,,,,,,,,
PAT010266,,,,,,,,,,,
PAT010267,,,,,,,,,,,
PAT010268,,,,,,,,,,,
PAT010269,,,,,,,,,,,
PAT010270,,,,,,,,,,,
PAT010271,,,,,,,,,,,
PAT010272,,,,,,,,,,,
PAT010273,,,,,,,,,,,
PAT010274,,,,,,,,,,,
PAT010275,,,,,,,,,,,
PAT010276,,,,,,,,,,,
PAT010277,,,,,,,,,,,
PAT010278,,,,,,,,,,,
PAT010279,,,,,,,,,,,
PAT010280,,,,,,,,,,,
PAT010281,,,,,,,,,,,
PAT010282,,,,,,,,,,,
PAT010283,,,,,,,,,,,
PAT010284,,,,,,,,,,,
PAT010285,,,,,,,,,,,
PAT010286,,,,,,,,,,,
PAT010287,,,,,,,,,,,
PAT010288,,,,,,,,,,,
PAT010289,,,,,,,,,,,
PAT010290,,,,,,,,,,,
PAT010291,,,,,,,,,,,
PAT010292,,,,,,,,,,,
PAT010293,,,,,,,,,,,
PAT010294,,,,,,,,,,,
PAT010295,,,,,,,,,,,
PAT010296,,,,,,,,,,,
PAT010297,,,,,,,,,,,
PAT010298,,,,,,,,,,,
PAT010299,,,,,,,,,,,
PAT010300,,,,,,,,,,,
PAT010301,,,,,,,,,,,
PAT010302,,,,,,,,,,,
PAT010303,,,,,,,,,,,
PAT010304,,,,,,,,,,,
PAT010305,,,,,,,,,,,
PAT010306,,,,,,,,,,,
PAT010307,,,,,,,,,,,
PAT010308,,,,,,,,,,,
PAT010309,,,,,,,,,,,
PAT010310,,,,,,,,,,,
PAT010311,,,,,,,,,,,
PAT010312,,,,,,,,,,,
PAT010313,,,,,,,,,,,
PAT010314,,,,,,,,,,,
PAT010315,,,,,,,,,,,
PAT010316,,,,,,,,,,,
PAT010317,,,,,,,,,,,
PAT010318,,,,,,,,,,,
PAT010319,,,,,,,,,,,
PAT010320,,,,,,,,,,,
PAT010321,,,,,,,,,,,
PAT010322,,,,,,,,,,,
PAT010323,,,,,,,,,,,
PAT010324,,,,,,,,,,,
PAT010325,,,,,,,,,,,
PAT010326,,,,,,,,,,,
PAT010327,,,,,,,,,,,
PAT010328,,,,,,,,,,,
PAT010329,,,,,,,,,,,
PAT010330,,,,,,,,,,,
PAT010331,,,,,,,,,,,
PAT010332,,,,,,,,,,,
PAT010333,,,,,,,,,,,
PAT010334,,,,,,,,,,,
PAT010335,,,,,,,,,,,
PAT010336,,,,,,,,,,,
PAT010337,,,,,,,,,,,
PAT010338,,,,,,,,,,,
PAT010339,,,,,,,,,,,
PAT010340,,,,,,,,,,,
PAT010341,,,,,,,,,,,
PAT010342,,,,,,,,,,,
PAT010343,,,,,,,,,,,
PAT010344,,,,,,,,,,,
PAT010345,,,,,,,,,,,
PAT010346,,,,,,,,,,,
PAT010347,,,,,,,,,,,
PAT010348,,,,,,,,,,,
PAT010349,,,,,,,,,,,
PAT010350,,,,,,,,,,,
PAT010351,,,,,,,,,,,
PAT010352,,,,,,,,,,,
PAT010353,,,,,,,,,,,
PAT010354,,,,,,,,,,,
PAT010355,,,,,,,,,,,
PAT010356,,,,,,,,,,,
PAT010357,,,,,,,,,,,
PAT010358,,,,,,,,,,,
PAT010359,,,,,,,,,,,
PAT010360,,,,,,,,,,,
PAT010361,,,,,,,,,,,
PAT010362,,,,,,,,,,,
PAT010363,,,,,,,,,,,
PAT010364,,,,,,,,,,,
PAT010365,,,,,,,,,,,
PAT010366,,,,,,,,,,,
PAT010367,,,,,,,,,,,
PAT010368,,,,,,,,,,,
PAT010369,,,,,,,,,,,
PAT010370,,,,,,,,,,,
PAT010371,,,,,,,,,,,
PAT010372,,,,,,,,,,,
PAT010373,,,,,,,,,,,
PAT010374,,,,,,,,,,,
PAT010375,,,,,,,,,,,
PAT010376,,,,,,,,,,,
PAT010377,,,,,,,,,,,
PAT010378,,,,,,,,,,,
PAT010379,,,,,,,,,,,
PAT010380,,,,,,,,,,,
PAT010381,,,,,,,,,,,
PAT010382,,,,,,,,,,,
PAT010383,,,,,,,,,,,
PAT010384,,,,,,,,,,,
PAT010385,,,,,,,,,,,
PAT010386,,,,,,,,,,,
PAT010387,,,,,,,,,,,
PAT010388,,,,,,,,,,,
PAT010389,,,,,,,,,,,
PAT010390,,,,,,,,,,,
PAT010391,,,,,,,,,,,
PAT010392,,,,,,,,,,,
PAT010393,,,,,,,,,,,
PAT010394,,,,,,,,,,,
PAT010395,,,,,,,,,,,
PAT010396,,,,,,,,,,,
PAT010397,,,,,,,,,,,
PAT010398,,,,,,,,,,,
PAT010399,,,,,,,,,,,
PAT010400,,,,,,,,,,,
PAT010401,,,,,,,,,,,
PAT010402,,,,,,,,,,,
PAT010403,,,,,,,,,,,
PAT010404,,,,,,,,,,,
PAT010405,,,,,,,,,,,
PAT010406,,,,,,,,,,,
PAT010407,,,,,,,,,,,
PAT010408,,,,,,,,,,,
PAT010409,,,,,,,,,,,
PAT010410,,,,,,,,,,,
PAT010411,,,,,,,,,,,
PAT010412,,,,,,,,,,,
PAT010413,,,,,,,,,,,
PAT010414,,,,,,,,,,,
PAT010415,,,,,,,,,,,
PAT010416,,,,,,,,,,,
PAT010417,,,,,,,,,,,
PAT010418,,,,,,,,,,,
PAT010419,,,,,,,,,,,
PAT010420,,,,,,,,,,,
PAT010421,,,,,,,,,,,
PAT010422,,,,,,,,,,,
PAT010423,,,,,,,,,,,
PAT010424,,,,,,,,,,,
PAT010425,,,,,,,,,,,
PAT010426,,,,,,,,,,,
PAT010427,,,,,,,,,,,
PAT010428,,,,,,,,,,,
PAT010429,,,,,,,,,,,
PAT010430,,,,,,,,,,,
PAT010431,,,,,,,,,,,
PAT010432,,,,,,,,,,,
PAT010433,,,,,,,,,,,
PAT010434,,,,,,,,,,,
PAT010435,,,,,,,,,,,
PAT010436,,,,,,,,,,,
PAT010437,,,,,,,,,,,
PAT010438,,,,,,,,,,,
PAT010439,,,,,,,,,,,
PAT010440,,,,,,,,,,,
PAT010441,,,,,,,,,,,
PAT010442,,,,,,,,,,,
PAT010443,,,,,,,,,,,
PAT010444,,,,,,,,,,,
PAT010445,,,,,,,,,,,
PAT010446,,,,,,,,,,,
PAT010447,,,,,,,,,,,
PAT010448,,,,,,,,,,,
PAT010449,,,,,,,,,,,
PAT010450,,,,,,,,,,,
PAT010451,,,,,,,,,,,
PAT010452,,,,,,,,,,,
PAT010453,,,,,,,,,,,
PAT010454,,,,,,,,,,,
PAT010455,,,,,,,,,,,
PAT010456,,,,,,,,,,,
PAT010457,,,,,,,,,,,
PAT010458,,,,,,,,,,,
PAT010459,,,,,,,,,,,
PAT010460,,,,,,,,,,,
PAT010461,,,,,,,,,,,
PAT010462,,,,,,,,,,,
PAT010463,,,,,,,,,,,
PAT010464,,,,,,,,,,,
PAT010465,,,,,,,,,,,
PAT010466,,,,,,,,,,,
PAT010467,,,,,,,,,,,
PAT010468,,,,,,,,,,,
PAT010469,,,,,,,,,,,
PAT010470,,,,,,,,,,,
PAT010471,,,,,,,,,,,
PAT010472,,,,,,,,,,,
PAT010473,,,,,,,,,,,
PAT010474,,,,,,,,,,,
PAT010475,,,,,,,,,,,
PAT010476,,,,,,,,,,,
PAT010477,,,,,,,,,,,
PAT010478,,,,,,,,,,,
PAT010479,,,,,,,,,,,
PAT010480,,,,,,,,,,,
PAT010481,,,,,,,,,,,
PAT010482,,,,,,,,,,,
PAT010483,,,,,,,,,,,
PAT010484,,,,,,,,,,,
PAT010485,,,,,,,,,,,
PAT010486,,,,,,,,,,,
PAT010487,,,,,,,,,,,
PAT010488,,,,,,,,,,,
PAT010489,,,,,,,,,,,
PAT010490,,,,,,,,,,,
PAT010491,,,,,,,,,,,
PAT010492,,,,,,,,,,,
PAT010493,,,,,,,,,,,
PAT010494,,,,,,,,,,,
PAT010495,,,,,,,,,,,
PAT010496,,,,,,,,,,,
PAT010497,,,,,,,,,,,
PAT010498,,,,,,,,,,,
PAT010499,,,,,,,,,,,
PAT010500,,,,,,,,,,,
PAT010501,,,,,,,,,,,
PAT010502,,,,,,,,,,,
PAT010503,,,,,,,,,,,
PAT010504,,,,,,,,,,,
PAT010505,,,,,,,,,,,
PAT010506,,,,,,,,,,,
PAT010507,,,,,,,,,,,
PAT010508,,,,,,,,,,,
PAT010509,,,,,,,,,,,
PAT010510,,,,,,,,,,,
PAT010511,,,,,,,,,,,
PAT010512,,,,,,,,,,,
PAT010513,,,,,,,,,,,
PAT010514,,,,,,,,,,,
PAT010515,,,,,,,,,,,
PAT010516,,,,,,,,,,,
PAT010517,,,,,,,,,,,
PAT010518,,,,,,,,,,,
PAT010519,,,,,,,,,,,
PAT010520,,,,,,,,,,,
PAT010521,,,,,,,,,,,
PAT010522,,,,,,,,,,,
PAT010523,,,,,,,,,,,
PAT010524,,,,,,,,,,,
PAT010525,,,,,,,,,,,
PAT010526,,,,,,,,,,,
PAT010527,,,,,,,,,,,
PAT010528,,,,,,,,,,,
PAT010529,,,,,,,,,,,
PAT010530,,,,,,,,,,,
PAT010531,,,,,,,,,,,
PAT010532,,,,,,,,,,,
PAT010533,,,,,,,,,,,
PAT010534,,,,,,,,,,,
PAT010535,,,,,,,,,,,
PAT010536,,,,,,,,,,,
PAT010537,,,,,,,,,,,
PAT010538,,,,,,,,,,,
PAT010539,,,,,,,,,,,
PAT010540,,,,,,,,,,,
PAT010541,,,,,,,,,,,
PAT010542,,,,,,,,,,,
PAT010543,,,,,,,,,,,
PAT010544,,,,,,,,,,,
PAT010545,,,,,,,,,,,
PAT010546,,,,,,,,,,,
PAT010547,,,,,,,,,,,
PAT010548,,,,,,,,,,,
PAT010549,,,,,,,,,,,
PAT010550,,,,,,,,,,,
PAT010551,,,,,,,,,,,
PAT010552,,,,,,,,,,,
PAT010553,,,,,,,,,,,
PAT010554,,,,,,,,,,,
PAT010555,,,,,,,,,,,
PAT010556,,,,,,,,,,,
PAT010557,,,,,,,,,,,
PAT010558,,,,,,,,,,,
PAT010559,,,,,,,,,,,
PAT010560,,,,,,,,,,,
PAT010561,,,,,,,,,,,
PAT010562,,,,,,,,,,,
PAT010563,,,,,,,,,,,
PAT010564,,,,,,,,,,,
PAT010565,,,,,,,,,,,
PAT010566,,,,,,,,,,,
PAT010567,,,,,,,,,,,
PAT010568,,,,,,,,,,,
PAT010569,,,,,,,,,,,
PAT010570,,,,,,,,,,,
PAT010571,,,,,,,,,,,
PAT010572,,,,,,,,,,,
PAT010573,,,,,,,,,,,
PAT010574,,,,,,,,,,,
PAT010575,,,,,,,,,,,
PAT010576,,,,,,,,,,,
PAT010577,,,,,,,,,,,
PAT010578,,,,,,,,,,,
PAT010579,,,,,,,,,,,
PAT010580,,,,,,,,,,,
PAT010581,,,,,,,,,,,
PAT010582,,,,,,,,,,,
PAT010583,,,,,,,,,,,
PAT010584,,,,,,,,,,,
PAT010585,,,,,,,,,,,
PAT010586,,,,,,,,,,,
PAT010587,,,,,,,,,,,
PAT010588,,,,,,,,,,,
PAT010589,,,,,,,,,,,
PAT010590,,,,,,,,,,,
PAT010591,,,,,,,,,,,
PAT010592,,,,,,,,,,,
PAT010593,,,,,,,,,,,
PAT010594,,,,,,,,,,,
PAT010595,,,,,,,,,,,
PAT010596,,,,,,,,,,,
PAT010597,,,,,,,,,,,
PAT010598,,,,,,,,,,,
PAT010599,,,,,,,,,,,
PAT010600,,,,,,,,,,,
PAT010601,,,,,,,,,,,
PAT010602,,,,,,,,,,,
PAT010603,,,,,,,,,,,
PAT010604,,,,,,,,,,,
PAT010605,,,,,,,,,,,
PAT010606,,,,,,,,,,,
PAT010607,,,,,,,,,,,
PAT010608,,,,,,,,,,,
PAT010609,,,,,,,,,,,
PAT010610,,,,,,,,,,,
PAT010611,,,,,,,,,,,
PAT010612,,,,,,,,,,,
PAT010613,,,,,,,,,,,
PAT010614,,,,,,,,,,,
PAT010615,,,,,,,,,,,
PAT010616,,,,,,,,,,,
PAT010617,,,,,,,,,,,
PAT010618,,,,,,,,,,,
PAT010619,,,,,,,,,,,
PAT010620,,,,,,,,,,,
PAT010621,,,,,,,,,,,
PAT010622,,,,,,,,,,,
PAT010623,,,,,,,,,,,
PAT010624,,,,,,,,,,,
PAT010625,,,,,,,,,,,
PAT010626,,,,,,,,,,,
PAT010627,,,,,,,,,,,
PAT010628,,,,,,,,,,,
PAT010629,,,,,,,,,,,
PAT010630,,,,,,,,,,,
PAT010631,,,,,,,,,,,
PAT010632,,,,,,,,,,,
PAT010633,,,,,,,,,,,
PAT010634,,,,,,,,,,,
PAT010635,,,,,,,,,,,
PAT010636,,,,,,,,,,,
PAT010637,,,,,,,,,,,
PAT010638,,,,,,,,,,,
PAT010639,,,,,,,,,,,
PAT010640,,,,,,,,,,,
PAT010641,,,,,,,,,,,
PAT010642,,,,,,,,,,,
PAT010643,,,,,,,,,,,
PAT010644,,,,,,,,,,,
PAT010645,,,,,,,,,,,
PAT010646,,,,,,,,,,,
PAT010647,,,,,,,,,,,
PAT010648,,,,,,,,,,,
PAT010649,,,,,,,,,,,
PAT010650,,,,,,,,,,,
PAT010651,,,,,,,,,,,
PAT010652,,,,,,,,,,,
PAT010653,,,,,,,,,,,
PAT010654,,,,,,,,,,,
PAT010655,,,,,,,,,,,
PAT010656,,,,,,,,,,,
PAT010657,,,,,,,,,,,
PAT010658,,,,,,,,,,,
PAT010659,,,,,,,,,,,
PAT010660,,,,,,,,,,,
PAT010661,,,,,,,,,,,
PAT010662,,,,,,,,,,,
PAT010663,,,,,,,,,,,
PAT010664,,,,,,,,,,,
PAT010665,,,,,,,,,,,
PAT010666,,,,,,,,,,,
PAT010667,,,,,,,,,,,
PAT010668,,,,,,,,,,,
PAT010669,,,,,,,,,,,
PAT010670,,,,,,,,,,,
PAT010671,,,,,,,,,,,
PAT010672,,,,,,,,,,,
PAT010673,,,,,,,,,,,
PAT010674,,,,,,,,,,,
PAT010675,,,,,,,,,,,
PAT010676,,,,,,,,,,,
PAT010677,,,,,,,,,,,
PAT010678,,,,,,,,,,,
PAT010679,,,,,,,,,,,
PAT010680,,,,,,,,,,,
PAT010681,,,,,,,,,,,
PAT010682,,,,,,,,,,,
PAT010683,,,,,,,,,,,
PAT010684,,,,,,,,,,,
PAT010685,,,,,,,,,,,
PAT010686,,,,,,,,,,,
PAT010687,,,,,,,,,,,
PAT010688,,,,,,,,,,,
PAT010689,,,,,,,,,,,
PAT010690,,,,,,,,,,,
PAT010691,,,,,,,,,,,
PAT010692,,,,,,,,,,,
PAT010693,,,,,,,,,,,
PAT010694,,,,,,,,,,,
PAT010695,,,,,,,,,,,
PAT010696,,,,,,,,,,,
PAT010697,,,,,,,,,,,
PAT010698,,,,,,,,,,,
PAT010699,,,,,,,,,,,
PAT010700,,,,,,,,,,,
PAT010701,,,,,,,,,,,
PAT010702,,,,,,,,,,,
PAT010703,,,,,,,,,,,
PAT010704,,,,,,,,,,,
PAT010705,,,,,,,,,,,
PAT010706,,,,,,,,,,,
PAT010707,,,,,,,,,,,
PAT010708,,,,,,,,,,,
PAT010709,,,,,,,,,,,
PAT010710,,,,,,,,,,,
PAT010711,,,,,,,,,,,
PAT010712,,,,,,,,,,,
PAT010713,,,,,,,,,,,
PAT010714,,,,,,,,,,,
PAT010715,,,,,,,,,,,
PAT010716,,,,,,,,,,,
PAT010717,,,,,,,,,,,
PAT010718,,,,,,,,,,,
PAT010719,,,,,,,,,,,
PAT010720,,,,,,,,,,,
PAT010721,,,,,,,,,,,
PAT010722,,,,,,,,,,,
PAT010723,,,,,,,,,,,
PAT010724,,,,,,,,,,,
PAT010725,,,,,,,,,,,
PAT010726,,,,,,,,,,,
PAT010727,,,,,,,,,,,
PAT010728,,,,,,,,,,,
PAT010729,,,,,,,,,,,
PAT010730,,,,,,,,,,,
PAT010731,,,,,,,,,,,
PAT010732,,,,,,,,,,,
PAT010733,,,,,,,,,,,
PAT010734,,,,,,,,,,,
PAT010735,,,,,,,,,,,
PAT010736,,,,,,,,,,,
PAT010737,,,,,,,,,,,
PAT010738,,,,,,,,,,,
PAT010739,,,,,,,,,,,
PAT010740,,,,,,,,,,,
PAT010741,,,,,,,,,,,
PAT010742,,,,,,,,,,,
PAT010743,,,,,,,,,,,
PAT010744,,,,,,,,,,,
PAT010745,,,,,,,,,,,
PAT010746,,,,,,,,,,,
PAT010747,,,,,,,,,,,
PAT010748,,,,,,,,,,,
PAT010749,,,,,,,,,,,
PAT010750,,,,,,,,,,,
PAT010751,,,,,,,,,,,
PAT010752,,,,,,,,,,,
PAT010753,,,,,,,,,,,
PAT010754,,,,,,,,,,,
PAT010755,,,,,,,,,,,
PAT010756,,,,,,,,,,,
PAT010757,,,,,,,,,,,
PAT010758,,,,,,,,,,,
PAT010759,,,,,,,,,,,
PAT010760,,,,,,,,,,,
PAT010761,,,,,,,,,,,
PAT010762,,,,,,,,,,,
PAT010763,,,,,,,,,,,
PAT010764,,,,,,,,,,,
PAT010765,,,,,,,,,,,
PAT010766,,,,,,,,,,,
PAT010767,,,,,,,,,,,
PAT010768,,,,,,,,,,,
PAT010769,,,,,,,,,,,
PAT010770,,,,,,,,,,,
PAT010771,,,,,,,,,,,
PAT010772,,,,,,,,,,,
PAT010773,,,,,,,,,,,
PAT010774,,,,,,,,,,,
PAT010775,,,,,,,,,,,
PAT010776,,,,,,,,,,,
PAT010777,,,,,,,,,,,
PAT010778,,,,,,,,,,,
PAT010779,,,,,,,,,,,
PAT010780,,,,,,,,,,,
PAT010781,,,,,,,,,,,
PAT010782,,,,,,,,,,,
PAT010783,,,,,,,,,,,
PAT010784,,,,,,,,,,,
PAT010785,,,,,,,,,,,
PAT010786,,,,,,,,,,,
PAT010787,,,,,,,,,,,
PAT010788,,,,,,,,,,,
PAT010789,,,,,,,,,,,
PAT010790,,,,,,,,,,,
PAT010791,,,,,,,,,,,
PAT010792,,,,,,,,,,,
PAT010793,,,,,,,,,,,
PAT010794,,,,,,,,,,,
PAT010795,,,,,,,,,,,
PAT010796,,,,,,,,,,,
PAT010797,,,,,,,,,,,
PAT010798,,,,,,,,,,,
PAT010799,,,,,,,,,,,
PAT010800,,,,,,,,,,,
PAT010801,,,,,,,,,,,
PAT010802,,,,,,,,,,,
PAT010803,,,,,,,,,,,
PAT010804,,,,,,,,,,,
PAT010805,,,,,,,,,,,
PAT010806,,,,,,,,,,,
PAT010807,,,,,,,,,,,
PAT010808,,,,,,,,,,,
PAT010809,,,,,,,,,,,
PAT010810,,,,,,,,,,,
PAT010811,,,,,,,,,,,
PAT010812,,,,,,,,,,,
PAT010813,,,,,,,,,,,
PAT010814,,,,,,,,,,,
PAT010815,,,,,,,,,,,
PAT010816,,,,,,,,,,,
PAT010817,,,,,,,,,,,
PAT010818,,,,,,,,,,,
PAT010819,,,,,,,,,,,
PAT010820,,,,,,,,,,,
PAT010821,,,,,,,,,,,
PAT010822,,,,,,,,,,,
PAT010823,,,,,,,,,,,
PAT010824,,,,,,,,,,,
PAT010825,,,,,,,,,,,
PAT010826,,,,,,,,,,,
PAT010827,,,,,,,,,,,
PAT010828,,,,,,,,,,,
PAT010829,,,,,,,,,,,
PAT010830,,,,,,,,,,,
PAT010831,,,,,,,,,,,
PAT010832,,,,,,,,,,,
PAT010833,,,,,,,,,,,
PAT010834,,,,,,,,,,,
PAT010835,,,,,,,,,,,
PAT010836,,,,,,,,,,,
PAT010837,,,,,,,,,,,
PAT010838,,,,,,,,,,,
PAT010839,,,,,,,,,,,
PAT010840,,,,,,,,,,,
PAT010841,,,,,,,,,,,
PAT010842,,,,,,,,,,,
PAT010843,,,,,,,,,,,
PAT010844,,,,,,,,,,,
PAT010845,,,,,,,,,,,
PAT010846,,,,,,,,,,,
PAT010847,,,,,,,,,,,
PAT010848,,,,,,,,,,,
PAT010849,,,,,,,,,,,
PAT010850,,,,,,,,,,,
PAT010851,,,,,,,,,,,
PAT010852,,,,,,,,,,,
PAT010853,,,,,,,,,,,
PAT010854,,,,,,,,,,,
PAT010855,,,,,,,,,,,
PAT010856,,,,,,,,,,,
PAT010857,,,,,,,,,,,
PAT010858,,,,,,,,,,,
PAT010859,,,,,,,,,,,
PAT010860,,,,,,,,,,,
PAT010861,,,,,,,,,,,
PAT010862,,,,,,,,,,,
PAT010863,,,,,,,,,,,
PAT010864,,,,,,,,,,,
PAT010865,,,,,,,,,,,
PAT010866,,,,,,,,,,,
PAT010867,,,,,,,,,,,
PAT010868,,,,,,,,,,,
PAT010869,,,,,,,,,,,
PAT010870,,,,,,,,,,,
PAT010871,,,,,,,,,,,
PAT010872,,,,,,,,,,,
PAT010873,,,,,,,,,,,
PAT010874,,,,,,,,,,,
PAT010875,,,,,,,,,,,
PAT010876,,,,,,,,,,,
PAT010877,,,,,,,,,,,
PAT010878,,,,,,,,,,,
PAT010879,,,,,,,,,,,
PAT010880,,,,,,,,,,,
PAT010881,,,,,,,,,,,
PAT010882,,,,,,,,,,,
PAT010883,,,,,,,,,,,
PAT010884,,,,,,,,,,,
PAT010885,,,,,,,,,,,
PAT010886,,,,,,,,,,,
PAT010887,,,,,,,,,,,
PAT010888,,,,,,,,,,,
PAT010889,,,,,,,,,,,
PAT010890,,,,,,,,,,,
PAT010891,,,,,,,,,,,
PAT010892,,,,,,,,,,,
PAT010893,,,,,,,,,,,
PAT010894,,,,,,,,,,,
PAT010895,,,,,,,,,,,
PAT010896,,,,,,,,,,,
PAT010897,,,,,,,,,,,
PAT010898,,,,,,,,,,,
PAT010899,,,,,,,,,,,
PAT010900,,,,,,,,,,,
PAT010901,,,,,,,,,,,
PAT010902,,,,,,,,,,,
PAT010903,,,,,,,,,,,
PAT010904,,,,,,,,,,,
PAT010905,,,,,,,,,,,
PAT010906,,,,,,,,,,,
PAT010907,,,,,,,,,,,
PAT010908,,,,,,,,,,,
PAT010909,,,,,,,,,,,
PAT010910,,,,,,,,,,,
PAT010911,,,,,,,,,,,
PAT010912,,,,,,,,,,,
PAT010913,,,,,,,,,,,
PAT010914,,,,,,,,,,,
PAT010915,,,,,,,,,,,
PAT010916,,,,,,,,,,,
PAT010917,,,,,,,,,,,
PAT010918,,,,,,,,,,,
PAT010919,,,,,,,,,,,
PAT010920,,,,,,,,,,,
PAT010921,,,,,,,,,,,
PAT010922,,,,,,,,,,,
PAT010923,,,,,,,,,,,
PAT010924,,,,,,,,,,,
PAT010925,,,,,,,,,,,
PAT010926,,,,,,,,,,,
PAT010927,,,,,,,,,,,
PAT010928,,,,,,,,,,,
PAT010929,,,,,,,,,,,
PAT010930,,,,,,,,,,,
PAT010931,,,,,,,,,,,
PAT010932,,,,,,,,,,,
PAT010933,,,,,,,,,,,
PAT010934,,,,,,,,,,,
PAT010935,,,,,,,,,,,
PAT010936,,,,,,,,,,,
PAT010937,,,,,,,,,,,
PAT010938,,,,,,,,,,,
PAT010939,,,,,,,,,,,
PAT010940,,,,,,,,,,,
PAT010941,,,,,,,,,,,
PAT010942,,,,,,,,,,,
PAT010943,,,,,,,,,,,
PAT010944,,,,,,,,,,,
PAT010945,,,,,,,,,,,
PAT010946,,,,,,,,,,,
PAT010947,,,,,,,,,,,
PAT010948,,,,,,,,,,,
PAT010949,,,,,,,,,,,
PAT010950,,,,,,,,,,,
PAT010951,,,,,,,,,,,
PAT010952,,,,,,,,,,,
PAT010953,,,,,,,,,,,
PAT010954,,,,,,,,,,,
PAT010955,,,,,,,,,,,
PAT010956,,,,,,,,,,,
PAT010957,,,,,,,,,,,
PAT010958,,,,,,,,,,,
PAT010959,,,,,,,,,,,
PAT010960,,,,,,,,,,,
PAT010961,,,,,,,,,,,
PAT010962,,,,,,,,,,,
PAT010963,,,,,,,,,,,
PAT010964,,,,,,,,,,,
PAT010965,,,,,,,,,,,
PAT010966,,,,,,,,,,,
PAT010967,,,,,,,,,,,
PAT010968,,,,,,,,,,,
PAT010969,,,,,,,,,,,
PAT010970,,,,,,,,,,,
PAT010971,,,,,,,,,,,
PAT010972,,,,,,,,,,,
PAT010973,,,,,,,,,,,
PAT010974,,,,,,,,,,,
PAT010975,,,,,,,,,,,
PAT010976,,,,,,,,,,,
PAT010977,,,,,,,,,,,
PAT010978,,,,,,,,,,,
PAT010979,,,,,,,,,,,
PAT010980,,,,,,,,,,,
PAT010981,,,,,,,,,,,
PAT010982,,,,,,,,,,,
PAT010983,,,,,,,,,,,
PAT010984,,,,,,,,,,,
PAT010985,,,,,,,,,,,
PAT010986,,,,,,,,,,,
PAT010987,,,,,,,,,,,
PAT010988,,,,,,,,,,,
PAT010989,,,,,,,,,,,
PAT010990,,,,,,,,,,,
PAT010991,,,,,,,,,,,
PAT010992,,,,,,,,,,,
PAT010993,,,,,,,,,,,
PAT010994,,,,,,,,,,,
PAT010995,,,,,,,,,,,
PAT010996,,,,,,,,,,,
PAT010997,,,,,,,,,,,
PAT010998,,,,,,,,,,,
PAT010999,,,,,,,,,,,
PAT011000,,,,,,,,,,,
PAT011001,,,,,,,,,,,
PAT011002,,,,,,,,,,,
PAT011003,,,,,,,,,,,
PAT011004,,,,,,,,,,,
PAT011005,,,,,,,,,,,
PAT011006,,,,,,,,,,,
PAT011007,,,,,,,,,,,
PAT011008,,,,,,,,,,,
PAT011009,,,,,,,,,,,
PAT011010,,,,,,,,,,,
PAT011011,,,,,,,,,,,
PAT011012,,,,,,,,,,,
PAT011013,,,,,,,,,,,
PAT011014,,,,,,,,,,,
PAT011015,,,,,,,,,,,
PAT011016,,,,,,,,,,,
PAT011017,,,,,,,,,,,
PAT011018,,,,,,,,,,,
PAT011019,,,,,,,,,,,
PAT011020,,,,,,,,,,,
PAT011021,,,,,,,,,,,
PAT011022,,,,,,,,,,,
PAT011023,,,,,,,,,,,
PAT011024,,,,,,,,,,,
PAT011025,,,,,,,,,,,
PAT011026,,,,,,,,,,,
PAT011027,,,,,,,,,,,
PAT011028,,,,,,,,,,,
PAT011029,,,,,,,,,,,
PAT011030,,,,,,,,,,,
PAT011031,,,,,,,,,,,
PAT011032,,,,,,,,,,,
PAT011033,,,,,,,,,,,
PAT011034,,,,,,,,,,,
PAT011035,,,,,,,,,,,
PAT011036,,,,,,,,,,,
PAT011037,,,,,,,,,,,
PAT011038,,,,,,,,,,,
PAT011039,,,,,,,,,,,
PAT011040,,,,,,,,,,,
PAT011041,,,,,,,,,,,
PAT011042,,,,,,,,,,,
PAT011043,,,,,,,,,,,
PAT011044,,,,,,,,,,,
PAT011045,,,,,,,,,,,
PAT011046,,,,,,,,,,,
PAT011047,,,,,,,,,,,
PAT011048,,,,,,,,,,,
PAT011049,,,,,,,,,,,
PAT011050,,,,,,,,,,,
PAT011051,,,,,,,,,,,
PAT011052,,,,,,,,,,,
PAT011053,,,,,,,,,,,
PAT011054,,,,,,,,,,,
PAT011055,,,,,,,,,,,
PAT011056,,,,,,,,,,,
PAT011057,,,,,,,,,,,
PAT011058,,,,,,,,,,,
PAT011059,,,,,,,,,,,
PAT011060,,,,,,,,,,,
PAT011061,,,,,,,,,,,
PAT011062,,,,,,,,,,,
PAT011063,,,,,,,,,,,
PAT011064,,,,,,,,,,,
PAT011065,,,,,,,,,,,
PAT011066,,,,,,,,,,,
PAT011067,,,,,,,,,,,
PAT011068,,,,,,,,,,,
PAT011069,,,,,,,,,,,
PAT011070,,,,,,,,,,,
PAT011071,,,,,,,,,,,
PAT011072,,,,,,,,,,,
PAT011073,,,,,,,,,,,
PAT011074,,,,,,,,,,,
PAT011075,,,,,,,,,,,
PAT011076,,,,,,,,,,,
PAT011077,,,,,,,,,,,
PAT011078,,,,,,,,,,,
PAT011079,,,,,,,,,,,
PAT011080,,,,,,,,,,,
PAT011081,,,,,,,,,,,
PAT011082,,,,,,,,,,,
PAT011083,,,,,,,,,,,
PAT011084,,,,,,,,,,,
PAT011085,,,,,,,,,,,
PAT011086,,,,,,,,,,,
PAT011087,,,,,,,,,,,
PAT011088,,,,,,,,,,,
PAT011089,,,,,,,,,,,
PAT011090,,,,,,,,,,,
PAT011091,,,,,,,,,,,
PAT011092,,,,,,,,,,,
PAT011093,,,,,,,,,,,
PAT011094,,,,,,,,,,,
PAT011095,,,,,,,,,,,
PAT011096,,,,,,,,,,,
PAT011097,,,,,,,,,,,
PAT011098,,,,,,,,,,,
PAT011099,,,,,,,,,,,
PAT011100,,,,,,,,,,,
PAT011101,,,,,,,,,,,
PAT011102,,,,,,,,,,,
PAT011103,,,,,,,,,,,
PAT011104,,,,,,,,,,,
PAT011105,,,,,,,,,,,
PAT011106,,,,,,,,,,,
PAT011107,,,,,,,,,,,
PAT011108,,,,,,,,,,,
PAT011109,,,,,,,,,,,
PAT011110,,,,,,,,,,,
PAT011111,,,,,,,,,,,
PAT011112,,,,,,,,,,,
PAT011113,,,,,,,,,,,
PAT011114,,,,,,,,,,,
PAT011115,,,,,,,,,,,
PAT011116,,,,,,,,,,,
PAT011117,,,,,,,,,,,
PAT011118,,,,,,,,,,,
PAT011119,,,,,,,,,,,
PAT011120,,,,,,,,,,,
PAT011121,,,,,,,,,,,
PAT011122,,,,,,,,,,,
PAT011123,,,,,,,,,,,
PAT011124,,,,,,,,,,,
PAT011125,,,,,,,,,,,
PAT011126,,,,,,,,,,,
PAT011127,,,,,,,,,,,
PAT011128,,,,,,,,,,,
PAT011129,,,,,,,,,,,
PAT011130,,,,,,,,,,,
PAT011131,,,,,,,,,,,
PAT011132,,,,,,,,,,,
PAT011133,,,,,,,,,,,
PAT011134,,,,,,,,,,,
PAT011135,,,,,,,,,,,
PAT011136,,,,,,,,,,,
PAT011137,,,,,,,,,,,
PAT011138,,,,,,,,,,,
PAT011139,,,,,,,,,,,
PAT011140,,,,,,,,,,,
PAT011141,,,,,,,,,,,
PAT011142,,,,,,,,,,,
PAT011143,,,,,,,,,,,
PAT011144,,,,,,,,,,,
PAT011145,,,,,,,,,,,
PAT011146,,,,,,,,,,,
PAT011147,,,,,,,,,,,
PAT011148,,,,,,,,,,,
PAT011149,,,,,,,,,,,
PAT011150,,,,,,,,,,,
PAT011151,,,,,,,,,,,
PAT011152,,,,,,,,,,,
PAT011153,,,,,,,,,,,
PAT011154,,,,,,,,,,,
PAT011155,,,,,,,,,,,
PAT011156,,,,,,,,,,,
PAT011157,,,,,,,,,,,
PAT011158,,,,,,,,,,,
PAT011159,,,,,,,,,,,
PAT011160,,,,,,,,,,,
PAT011161,,,,,,,,,,,
PAT011162,,,,,,,,,,,
PAT011163,,,,,,,,,,,
PAT011164,,,,,,,,,,,
PAT011165,,,,,,,,,,,
PAT011166,,,,,,,,,,,
PAT011167,,,,,,,,,,,
PAT011168,,,,,,,,,,,
PAT011169,,,,,,,,,,,
PAT011170,,,,,,,,,,,
PAT011171,,,,,,,,,,,
PAT011172,,,,,,,,,,,
PAT011173,,,,,,,,,,,
PAT011174,,,,,,,,,,,
PAT011175,,,,,,,,,,,
PAT011176,,,,,,,,,,,
PAT011177,,,,,,,,,,,
PAT011178,,,,,,,,,,,
PAT011179,,,,,,,,,,,
PAT011180,,,,,,,,,,,
PAT011181,,,,,,,,,,,
PAT011182,,,,,,,,,,,
PAT011183,,,,,,,,,,,
PAT011184,,,,,,,,,,,
PAT011185,,,,,,,,,,,
PAT011186,,,,,,,,,,,
PAT011187,,,,,,,,,,,
PAT011188,,,,,,,,,,,
PAT011189,,,,,,,,,,,
PAT011190,,,,,,,,,,,
PAT011191,,,,,,,,,,,
PAT011192,,,,,,,,,,,
PAT011193,,,,,,,,,,,
PAT011194,,,,,,,,,,,
PAT011195,,,,,,,,,,,
PAT011196,,,,,,,,,,,
PAT011197,,,,,,,,,,,
PAT011198,,,,,,,,,,,
PAT011199,,,,,,,,,,,
PAT011200,,,,,,,,,,,
PAT011201,,,,,,,,,,,
PAT011202,,,,,,,,,,,
PAT011203,,,,,,,,,,,
PAT011204,,,,,,,,,,,
PAT011205,,,,,,,,,,,
PAT011206,,,,,,,,,,,
PAT011207,,,,,,,,,,,
PAT011208,,,,,,,,,,,
PAT011209,,,,,,,,,,,
PAT011210,,,,,,,,,,,
PAT011211,,,,,,,,,,,
PAT011212,,,,,,,,,,,
PAT011213,,,,,,,,,,,
PAT011214,,,,,,,,,,,
PAT011215,,,,,,,,,,,
PAT011216,,,,,,,,,,,
PAT011217,,,,,,,,,,,
PAT011218,,,,,,,,,,,
PAT011219,,,,,,,,,,,
PAT011220,,,,,,,,,,,
PAT011221,,,,,,,,,,,
PAT011222,,,,,,,,,,,
PAT011223,,,,,,,,,,,
PAT011224,,,,,,,,,,,
PAT011225,,,,,,,,,,,
PAT011226,,,,,,,,,,,
PAT011227,,,,,,,,,,,
PAT011228,,,,,,,,,,,
PAT011229,,,,,,,,,,,
PAT011230,,,,,,,,,,,
PAT011231,,,,,,,,,,,
PAT011232,,,,,,,,,,,
PAT011233,,,,,,,,,,,
PAT011234,,,,,,,,,,,
PAT011235,,,,,,,,,,,
PAT011236,,,,,,,,,,,
PAT011237,,,,,,,,,,,
PAT011238,,,,,,,,,,,
PAT011239,,,,,,,,,,,
PAT011240,,,,,,,,,,,
PAT011241,,,,,,,,,,,
PAT011242,,,,,,,,,,,
PAT011243,,,,,,,,,,,
PAT011244,,,,,,,,,,,
PAT011245,,,,,,,,,,,
PAT011246,,,,,,,,,,,
PAT011247,,,,,,,,,,,
PAT011248,,,,,,,,,,,
PAT011249,,,,,,,,,,,
PAT011250,,,,,,,,,,,
PAT011251,,,,,,,,,,,
PAT011252,,,,,,,,,,,
PAT011253,,,,,,,,,,,
PAT011254,,,,,,,,,,,
PAT011255,,,,,,,,,,,
PAT011256,,,,,,,,,,,
PAT011257,,,,,,,,,,,
PAT011258,,,,,,,,,,,
PAT011259,,,,,,,,,,,
PAT011260,,,,,,,,,,,
PAT011261,,,,,,,,,,,
PAT011262,,,,,,,,,,,
PAT011263,,,,,,,,,,,
PAT011264,,,,,,,,,,,
PAT011265,,,,,,,,,,,
PAT011266,,,,,,,,,,,
PAT011267,,,,,,,,,,,
PAT011268,,,,,,,,,,,
PAT011269,,,,,,,,,,,
PAT011270,,,,,,,,,,,
PAT011271,,,,,,,,,,,
PAT011272,,,,,,,,,,,
PAT011273,,,,,,,,,,,
PAT011274,,,,,,,,,,,
PAT011275,,,,,,,,,,,
PAT011276,,,,,,,,,,,
PAT011277,,,,,,,,,,,
PAT011278,,,,,,,,,,,
PAT011279,,,,,,,,,,,
PAT011280,,,,,,,,,,,
PAT011281,,,,,,,,,,,
PAT011282,,,,,,,,,,,
PAT011283,,,,,,,,,,,
PAT011284,,,,,,,,,,,
PAT011285,,,,,,,,,,,
PAT011286,,,,,,,,,,,
PAT011287,,,,,,,,,,,
PAT011288,,,,,,,,,,,
PAT011289,,,,,,,,,,,
PAT011290,,,,,,,,,,,
PAT011291,,,,,,,,,,,
PAT011292,,,,,,,,,,,
PAT011293,,,,,,,,,,,
PAT011294,,,,,,,,,,,
PAT011295,,,,,,,,,,,
PAT011296,,,,,,,,,,,
PAT011297,,,,,,,,,,,
PAT011298,,,,,,,,,,,
PAT011299,,,,,,,,,,,
PAT011300,,,,,,,,,,,
PAT011301,,,,,,,,,,,
PAT011302,,,,,,,,,,,
PAT011303,,,,,,,,,,,
PAT011304,,,,,,,,,,,
PAT011305,,,,,,,,,,,
PAT011306,,,,,,,,,,,
PAT011307,,,,,,,,,,,
PAT011308,,,,,,,,,,,
PAT011309,,,,,,,,,,,
PAT011310,,,,,,,,,,,
PAT011311,,,,,,,,,,,
PAT011312,,,,,,,,,,,
PAT011313,,,,,,,,,,,
PAT011314,,,,,,,,,,,
PAT011315,,,,,,,,,,,
PAT011316,,,,,,,,,,,
PAT011317,,,,,,,,,,,
PAT011318,,,,,,,,,,,
PAT011319,,,,,,,,,,,
PAT011320,,,,,,,,,,,
PAT011321,,,,,,,,,,,
PAT011322,,,,,,,,,,,
PAT011323,,,,,,,,,,,
PAT011324,,,,,,,,,,,
PAT011325,,,,,,,,,,,
PAT011326,,,,,,,,,,,
PAT011327,,,,,,,,,,,
PAT011328,,,,,,,,,,,
PAT011329,,,,,,,,,,,
PAT011330,,,,,,,,,,,
PAT011331,,,,,,,,,,,
PAT011332,,,,,,,,,,,
PAT011333,,,,,,,,,,,
PAT011334,,,,,,,,,,,
PAT011335,,,,,,,,,,,
PAT011336,,,,,,,,,,,
PAT011337,,,,,,,,,,,
PAT011338,,,,,,,,,,,
PAT011339,,,,,,,,,,,
PAT011340,,,,,,,,,,,
PAT011341,,,,,,,,,,,
PAT011342,,,,,,,,,,,
PAT011343,,,,,,,,,,,
PAT011344,,,,,,,,,,,
PAT011345,,,,,,,,,,,
PAT011346,,,,,,,,,,,
PAT011347,,,,,,,,,,,
PAT011348,,,,,,,,,,,
PAT011349,,,,,,,,,,,
PAT011350,,,,,,,,,,,
PAT011351,,,,,,,,,,,
PAT011352,,,,,,,,,,,
PAT011353,,,,,,,,,,,
PAT011354,,,,,,,,,,,
PAT011355,,,,,,,,,,,
PAT011356,,,,,,,,,,,
PAT011357,,,,,,,,,,,
PAT011358,,,,,,,,,,,
PAT011359,,,,,,,,,,,
PAT011360,,,,,,,,,,,
PAT011361,,,,,,,,,,,
PAT011362,,,,,,,,,,,
PAT011363,,,,,,,,,,,
PAT011364,,,,,,,,,,,
PAT011365,,,,,,,,,,,
PAT011366,,,,,,,,,,,
PAT011367,,,,,,,,,,,
PAT011368,,,,,,,,,,,
PAT011369,,,,,,,,,,,
PAT011370,,,,,,,,,,,
PAT011371,,,,,,,,,,,
PAT011372,,,,,,,,,,,
PAT011373,,,,,,,,,,,
PAT011374,,,,,,,,,,,
PAT011375,,,,,,,,,,,
PAT011376,,,,,,,,,,,
PAT011377,,,,,,,,,,,
PAT011378,,,,,,,,,,,
PAT011379,,,,,,,,,,,
PAT011380,,,,,,,,,,,
PAT011381,,,,,,,,,,,
PAT011382,,,,,,,,,,,
PAT011383,,,,,,,,,,,
PAT011384,,,,,,,,,,,
PAT011385,,,,,,,,,,,
PAT011386,,,,,,,,,,,
PAT011387,,,,,,,,,,,
PAT011388,,,,,,,,,,,
PAT011389,,,,,,,,,,,
PAT011390,,,,,,,,,,,
PAT011391,,,,,,,,,,,
PAT011392,,,,,,,,,,,
PAT011393,,,,,,,,,,,
PAT011394,,,,,,,,,,,
PAT011395,,,,,,,,,,,
PAT011396,,,,,,,,,,,
PAT011397,,,,,,,,,,,
PAT011398,,,,,,,,,,,
PAT011399,,,,,,,,,,,
PAT011400,,,,,,,,,,,
PAT011401,,,,,,,,,,,
PAT011402,,,,,,,,,,,
PAT011403,,,,,,,,,,,
PAT011404,,,,,,,,,,,
PAT011405,,,,,,,,,,,
PAT011406,,,,,,,,,,,
PAT011407,,,,,,,,,,,
PAT011408,,,,,,,,,,,
PAT011409,,,,,,,,,,,
PAT011410,,,,,,,,,,,
PAT011411,,,,,,,,,,,
PAT011412,,,,,,,,,,,
PAT011413,,,,,,,,,,,
PAT011414,,,,,,,,,,,
PAT011415,,,,,,,,,,,
PAT011416,,,,,,,,,,,
PAT011417,,,,,,,,,,,
PAT011418,,,,,,,,,,,
PAT011419,,,,,,,,,,,
PAT011420,,,,,,,,,,,
PAT011421,,,,,,,,,,,
PAT011422,,,,,,,,,,,
PAT011423,,,,,,,,,,,
PAT011424,,,,,,,,,,,
PAT011425,,,,,,,,,,,
PAT011426,,,,,,,,,,,
PAT011427,,,,,,,,,,,
PAT011428,,,,,,,,,,,
PAT011429,,,,,,,,,,,
PAT011430,,,,,,,,,,,
PAT011431,,,,,,,,,,,
PAT011432,,,,,,,,,,,
PAT011433,,,,,,,,,,,
PAT011434,,,,,,,,,,,
PAT011435,,,,,,,,,,,
PAT011436,,,,,,,,,,,
PAT011437,,,,,,,,,,,
PAT011438,,,,,,,,,,,
PAT011439,,,,,,,,,,,
PAT011440,,,,,,,,,,,
PAT011441,,,,,,,,,,,
PAT011442,,,,,,,,,,,
PAT011443,,,,,,,,,,,
PAT011444,,,,,,,,,,,
PAT011445,,,,,,,,,,,
PAT011446,,,,,,,,,,,
PAT011447,,,,,,,,,,,
PAT011448,,,,,,,,,,,
PAT011449,,,,,,,,,,,
PAT011450,,,,,,,,,,,
PAT011451,,,,,,,,,,,
PAT011452,,,,,,,,,,,
PAT011453,,,,,,,,,,,
PAT011454,,,,,,,,,,,
PAT011455,,,,,,,,,,,
PAT011456,,,,,,,,,,,
PAT011457,,,,,,,,,,,
PAT011458,,,,,,,,,,,
PAT011459,,,,,,,,,,,
PAT011460,,,,,,,,,,,
PAT011461,,,,,,,,,,,
PAT011462,,,,,,,,,,,
PAT011463,,,,,,,,,,,
PAT011464,,,,,,,,,,,
PAT011465,,,,,,,,,,,
PAT011466,,,,,,,,,,,
PAT011467,,,,,,,,,,,
PAT011468,,,,,,,,,,,
PAT011469,,,,,,,,,,,
PAT011470,,,,,,,,,,,
PAT011471,,,,,,,,,,,
PAT011472,,,,,,,,,,,
PAT011473,,,,,,,,,,,
PAT011474,,,,,,,,,,,
PAT011475,,,,,,,,,,,
PAT011476,,,,,,,,,,,
PAT011477,,,,,,,,,,,
PAT011478,,,,,,,,,,,
PAT011479,,,,,,,,,,,
PAT011480,,,,,,,,,,,
PAT011481,,,,,,,,,,,
PAT011482,,,,,,,,,,,
PAT011483,,,,,,,,,,,
PAT011484,,,,,,,,,,,
PAT011485,,,,,,,,,,,
PAT011486,,,,,,,,,,,
PAT011487,,,,,,,,,,,
PAT011488,,,,,,,,,,,
PAT011489,,,,,,,,,,,
PAT011490,,,,,,,,,,,
PAT011491,,,,,,,,,,,
PAT011492,,,,,,,,,,,
PAT011493,,,,,,,,,,,
PAT011494,,,,,,,,,,,
PAT011495,,,,,,,,,,,
PAT011496,,,,,,,,,,,
PAT011497,,,,,,,,,,,
PAT011498,,,,,,,,,,,
PAT011499,,,,,,,,,,,
PAT011500,,,,,,,,,,,
PAT011501,,,,,,,,,,,
PAT011502,,,,,,,,,,,
PAT011503,,,,,,,,,,,
PAT011504,,,,,,,,,,,
PAT011505,,,,,,,,,,,
PAT011506,,,,,,,,,,,
PAT011507,,,,,,,,,,,
PAT011508,,,,,,,,,,,
PAT011509,,,,,,,,,,,
PAT011510,,,,,,,,,,,
PAT011511,,,,,,,,,,,
PAT011512,,,,,,,,,,,
PAT011513,,,,,,,,,,,
PAT011514,,,,,,,,,,,
PAT011515,,,,,,,,,,,
PAT011516,,,,,,,,,,,
PAT011517,,,,,,,,,,,
PAT011518,,,,,,,,,,,
PAT011519,,,,,,,,,,,
PAT011520,,,,,,,,,,,
PAT011521,,,,,,,,,,,
PAT011522,,,,,,,,,,,
PAT011523,,,,,,,,,,,
PAT011524,,,,,,,,,,,
PAT011525,,,,,,,,,,,
PAT011526,,,,,,,,,,,
PAT011527,,,,,,,,,,,
PAT011528,,,,,,,,,,,
PAT011529,,,,,,,,,,,
PAT011530,,,,,,,,,,,
PAT011531,,,,,,,,,,,
PAT011532,,,,,,,,,,,
PAT011533,,,,,,,,,,,
PAT011534,,,,,,,,,,,
PAT011535,,,,,,,,,,,
PAT011536,,,,,,,,,,,
PAT011537,,,,,,,,,,,
PAT011538,,,,,,,,,,,
PAT011539,,,,,,,,,,,
PAT011540,,,,,,,,,,,
PAT011541,,,,,,,,,,,
PAT011542,,,,,,,,,,,
PAT011543,,,,,,,,,,,
PAT011544,,,,,,,,,,,
PAT011545,,,,,,,,,,,
PAT011546,,,,,,,,,,,
PAT011547,,,,,,,,,,,
PAT011548,,,,,,,,,,,
PAT011549,,,,,,,,,,,
PAT011550,,,,,,,,,,,
PAT011551,,,,,,,,,,,
PAT011552,,,,,,,,,,,
PAT011553,,,,,,,,,,,
PAT011554,,,,,,,,,,,
PAT011555,,,,,,,,,,,
PAT011556,,,,,,,,,,,
PAT011557,,,,,,,,,,,
PAT011558,,,,,,,,,,,
PAT011559,,,,,,,,,,,
PAT011560,,,,,,,,,,,
PAT011561,,,,,,,,,,,
PAT011562,,,,,,,,,,,
PAT011563,,,,,,,,,,,
PAT011564,,,,,,,,,,,
PAT011565,,,,,,,,,,,
PAT011566,,,,,,,,,,,
PAT011567,,,,,,,,,,,
PAT011568,,,,,,,,,,,
PAT011569,,,,,,,,,,,
PAT011570,,,,,,,,,,,
PAT011571,,,,,,,,,,,
PAT011572,,,,,,,,,,,
PAT011573,,,,,,,,,,,
PAT011574,,,,,,,,,,,
PAT011575,,,,,,,,,,,
PAT011576,,,,,,,,,,,
PAT011577,,,,,,,,,,,
PAT011578,,,,,,,,,,,
PAT011579,,,,,,,,,,,
PAT011580,,,,,,,,,,,
PAT011581,,,,,,,,,,,
PAT011582,,,,,,,,,,,
PAT011583,,,,,,,,,,,
PAT011584,,,,,,,,,,,
PAT011585,,,,,,,,,,,
PAT011586,,,,,,,,,,,
PAT011587,,,,,,,,,,,
PAT011588,,,,,,,,,,,
PAT011589,,,,,,,,,,,
PAT011590,,,,,,,,,,,
PAT011591,,,,,,,,,,,
PAT011592,,,,,,,,,,,
PAT011593,,,,,,,,,,,
PAT011594,,,,,,,,,,,
PAT011595,,,,,,,,,,,
PAT011596,,,,,,,,,,,
PAT011597,,,,,,,,,,,
PAT011598,,,,,,,,,,,
PAT011599,,,,,,,,,,,
PAT011600,,,,,,,,,,,
PAT011601,,,,,,,,,,,
PAT011602,,,,,,,,,,,
PAT011603,,,,,,,,,,,
PAT011604,,,,,,,,,,,
PAT011605,,,,,,,,,,,
PAT011606,,,,,,,,,,,
PAT011607,,,,,,,,,,,
PAT011608,,,,,,,,,,,
PAT011609,,,,,,,,,,,
PAT011610,,,,,,,,,,,
PAT011611,,,,,,,,,,,
PAT011612,,,,,,,,,,,
PAT011613,,,,,,,,,,,
PAT011614,,,,,,,,,,,
PAT011615,,,,,,,,,,,
PAT011616,,,,,,,,,,,
PAT011617,,,,,,,,,,,
PAT011618,,,,,,,,,,,
PAT011619,,,,,,,,,,,
PAT011620,,,,,,,,,,,
PAT011621,,,,,,,,,,,
PAT011622,,,,,,,,,,,
PAT011623,,,,,,,,,,,
PAT011624,,,,,,,,,,,
PAT011625,,,,,,,,,,,
PAT011626,,,,,,,,,,,
PAT011627,,,,,,,,,,,
PAT011628,,,,,,,,,,,
PAT011629,,,,,,,,,,,
PAT011630,,,,,,,,,,,
PAT011631,,,,,,,,,,,
PAT011632,,,,,,,,,,,
PAT011633,,,,,,,,,,,
PAT011634,,,,,,,,,,,
PAT011635,,,,,,,,,,,
PAT011636,,,,,,,,,,,
PAT011637,,,,,,,,,,,
PAT011638,,,,,,,,,,,
PAT011639,,,,,,,,,,,
PAT011640,,,,,,,,,,,
PAT011641,,,,,,,,,,,
PAT011642,,,,,,,,,,,
PAT011643,,,,,,,,,,,
PAT011644,,,,,,,,,,,
PAT011645,,,,,,,,,,,
PAT011646,,,,,,,,,,,
PAT011647,,,,,,,,,,,
PAT011648,,,,,,,,,,,
PAT011649,,,,,,,,,,,
PAT011650,,,,,,,,,,,
PAT011651,,,,,,,,,,,
PAT011652,,,,,,,,,,,
PAT011653,,,,,,,,,,,
PAT011654,,,,,,,,,,,
PAT011655,,,,,,,,,,,
PAT011656,,,,,,,,,,,
PAT011657,,,,,,,,,,,
PAT011658,,,,,,,,,,,
PAT011659,,,,,,,,,,,
PAT011660,,,,,,,,,,,
PAT011661,,,,,,,,,,,
PAT011662,,,,,,,,,,,
PAT011663,,,,,,,,,,,
PAT011664,,,,,,,,,,,
PAT011665,,,,,,,,,,,
PAT011666,,,,,,,,,,,
PAT011667,,,,,,,,,,,
PAT011668,,,,,,,,,,,
PAT011669,,,,,,,,,,,
PAT011670,,,,,,,,,,,
PAT011671,,,,,,,,,,,
PAT011672,,,,,,,,,,,
PAT011673,,,,,,,,,,,
PAT011674,,,,,,,,,,,
PAT011675,,,,,,,,,,,
PAT011676,,,,,,,,,,,
PAT011677,,,,,,,,,,,
PAT011678,,,,,,,,,,,
PAT011679,,,,,,,,,,,
PAT011680,,,,,,,,,,,
PAT011681,,,,,,,,,,,
PAT011682,,,,,,,,,,,
PAT011683,,,,,,,,,,,
PAT011684,,,,,,,,,,,
PAT011685,,,,,,,,,,,
PAT011686,,,,,,,,,,,
PAT011687,,,,,,,,,,,
PAT011688,,,,,,,,,,,
PAT011689,,,,,,,,,,,
PAT011690,,,,,,,,,,,
PAT011691,,,,,,,,,,,
PAT011692,,,,,,,,,,,
PAT011693,,,,,,,,,,,
PAT011694,,,,,,,,,,,
PAT011695,,,,,,,,,,,
PAT011696,,,,,,,,,,,
PAT011697,,,,,,,,,,,
PAT011698,,,,,,,,,,,
PAT011699,,,,,,,,,,,
PAT011700,,,,,,,,,,,
PAT011701,,,,,,,,,,,
PAT011702,,,,,,,,,,,
PAT011703,,,,,,,,,,,
PAT011704,,,,,,,,,,,
PAT011705,,,,,,,,,,,
PAT011706,,,,,,,,,,,
PAT011707,,,,,,,,,,,
PAT011708,,,,,,,,,,,
PAT011709,,,,,,,,,,,
PAT011710,,,,,,,,,,,
PAT011711,,,,,,,,,,,
PAT011712,,,,,,,,,,,
PAT011713,,,,,,,,,,,
PAT011714,,,,,,,,,,,
PAT011715,,,,,,,,,,,
PAT011716,,,,,,,,,,,
PAT011717,,,,,,,,,,,
PAT011718,,,,,,,,,,,
PAT011719,,,,,,,,,,,
PAT011720,,,,,,,,,,,
PAT011721,,,,,,,,,,,
PAT011722,,,,,,,,,,,
PAT011723,,,,,,,,,,,
PAT011724,,,,,,,,,,,
PAT011725,,,,,,,,,,,
PAT011726,,,,,,,,,,,
PAT011727,,,,,,,,,,,
PAT011728,,,,,,,,,,,
PAT011729,,,,,,,,,,,
PAT011730,,,,,,,,,,,
PAT011731,,,,,,,,,,,
PAT011732,,,,,,,,,,,
PAT011733,,,,,,,,,,,
PAT011734,,,,,,,,,,,
PAT011735,,,,,,,,,,,
PAT011736,,,,,,,,,,,
PAT011737,,,,,,,,,,,
PAT011738,,,,,,,,,,,
PAT011739,,,,,,,,,,,
PAT011740,,,,,,,,,,,
PAT011741,,,,,,,,,,,
PAT011742,,,,,,,,,,,
PAT011743,,,,,,,,,,,
PAT011744,,,,,,,,,,,
PAT011745,,,,,,,,,,,
PAT011746,,,,,,,,,,,
PAT011747,,,,,,,,,,,
PAT011748,,,,,,,,,,,
PAT011749,,,,,,,,,,,
PAT011750,,,,,,,,,,,
PAT011751,,,,,,,,,,,
PAT011752,,,,,,,,,,,
PAT011753,,,,,,,,,,,
PAT011754,,,,,,,,,,,
PAT011755,,,,,,,,,,,
PAT011756,,,,,,,,,,,
PAT011757,,,,,,,,,,,
PAT011758,,,,,,,,,,,
PAT011759,,,,,,,,,,,
PAT011760,,,,,,,,,,,
PAT011761,,,,,,,,,,,
PAT011762,,,,,,,,,,,
PAT011763,,,,,,,,,,,
PAT011764,,,,,,,,,,,
PAT011765,,,,,,,,,,,
PAT011766,,,,,,,,,,,
PAT011767,,,,,,,,,,,
PAT011768,,,,,,,,,,,
PAT011769,,,,,,,,,,,
PAT011770,,,,,,,,,,,
PAT011771,,,,,,,,,,,
PAT011772,,,,,,,,,,,
PAT011773,,,,,,,,,,,
PAT011774,,,,,,,,,,,
PAT011775,,,,,,,,,,,
PAT011776,,,,,,,,,,,
PAT011777,,,,,,,,,,,
PAT011778,,,,,,,,,,,
PAT011779,,,,,,,,,,,
PAT011780,,,,,,,,,,,
PAT011781,,,,,,,,,,,
PAT011782,,,,,,,,,,,
PAT011783,,,,,,,,,,,
PAT011784,,,,,,,,,,,
PAT011785,,,,,,,,,,,
PAT011786,,,,,,,,,,,
PAT011787,,,,,,,,,,,
PAT011788,,,,,,,,,,,
PAT011789,,,,,,,,,,,
PAT011790,,,,,,,,,,,
PAT011791,,,,,,,,,,,
PAT011792,,,,,,,,,,,
PAT011793,,,,,,,,,,,
PAT011794,,,,,,,,,,,
PAT011795,,,,,,,,,,,
PAT011796,,,,,,,,,,,
PAT011797,,,,,,,,,,,
PAT011798,,,,,,,,,,,
PAT011799,,,,,,,,,,,
PAT011800,,,,,,,,,,,
PAT011801,,,,,,,,,,,
PAT011802,,,,,,,,,,,
PAT011803,,,,,,,,,,,
PAT011804,,,,,,,,,,,
PAT011805,,,,,,,,,,,
PAT011806,,,,,,,,,,,
PAT011807,,,,,,,,,,,
PAT011808,,,,,,,,,,,
PAT011809,,,,,,,,,,,
PAT011810,,,,,,,,,,,
PAT011811,,,,,,,,,,,
PAT011812,,,,,,,,,,,
PAT011813,,,,,,,,,,,
PAT011814,,,,,,,,,,,
PAT011815,,,,,,,,,,,
PAT011816,,,,,,,,,,,
PAT011817,,,,,,,,,,,
PAT011818,,,,,,,,,,,
PAT011819,,,,,,,,,,,
PAT011820,,,,,,,,,,,
PAT011821,,,,,,,,,,,
PAT011822,,,,,,,,,,,
PAT011823,,,,,,,,,,,
PAT011824,,,,,,,,,,,
PAT011825,,,,,,,,,,,
PAT011826,,,,,,,,,,,
PAT011827,,,,,,,,,,,
PAT011828,,,,,,,,,,,
PAT011829,,,,,,,,,,,
PAT011830,,,,,,,,,,,
PAT011831,,,,,,,,,,,
PAT011832,,,,,,,,,,,
PAT011833,,,,,,,,,,,
PAT011834,,,,,,,,,,,
PAT011835,,,,,,,,,,,
PAT011836,,,,,,,,,,,
PAT011837,,,,,,,,,,,
PAT011838,,,,,,,,,,,
PAT011839,,,,,,,,,,,
PAT011840,,,,,,,,,,,
PAT011841,,,,,,,,,,,
PAT011842,,,,,,,,,,,
PAT011843,,,,,,,,,,,
PAT011844,,,,,,,,,,,
PAT011845,,,,,,,,,,,
PAT011846,,,,,,,,,,,
PAT011847,,,,,,,,,,,
PAT011848,,,,,,,,,,,
PAT011849,,,,,,,,,,,
PAT011850,,,,,,,,,,,
PAT011851,,,,,,,,,,,
PAT011852,,,,,,,,,,,
PAT011853,,,,,,,,,,,
PAT011854,,,,,,,,,,,
PAT011855,,,,,,,,,,,
PAT011856,,,,,,,,,,,
PAT011857,,,,,,,,,,,
PAT011858,,,,,,,,,,,
PAT011859,,,,,,,,,,,
PAT011860,,,,,,,,,,,
PAT011861,,,,,,,,,,,
PAT011862,,,,,,,,,,,
PAT011863,,,,,,,,,,,
PAT011864,,,,,,,,,,,
PAT011865,,,,,,,,,,,
PAT011866,,,,,,,,,,,
PAT011867,,,,,,,,,,,
PAT011868,,,,,,,,,,,
PAT011869,,,,,,,,,,,
PAT011870,,,,,,,,,,,
PAT011871,,,,,,,,,,,
PAT011872,,,,,,,,,,,
PAT011873,,,,,,,,,,,
PAT011874,,,,,,,,,,,
PAT011875,,,,,,,,,,,
PAT011876,,,,,,,,,,,
PAT011877,,,,,,,,,,,
PAT011878,,,,,,,,,,,
PAT011879,,,,,,,,,,,
PAT011880,,,,,,,,,,,
PAT011881,,,,,,,,,,,
PAT011882,,,,,,,,,,,
PAT011883,,,,,,,,,,,
PAT011884,,,,,,,,,,,
PAT011885,,,,,,,,,,,
PAT011886,,,,,,,,,,,
PAT011887,,,,,,,,,,,
PAT011888,,,,,,,,,,,
PAT011889,,,,,,,,,,,
PAT011890,,,,,,,,,,,
PAT011891,,,,,,,,,,,
PAT011892,,,,,,,,,,,
PAT011893,,,,,,,,,,,
PAT011894,,,,,,,,,,,
PAT011895,,,,,,,,,,,
PAT011896,,,,,,,,,,,
PAT011897,,,,,,,,,,,
PAT011898,,,,,,,,,,,
PAT011899,,,,,,,,,,,
PAT011900,,,,,,,,,,,
PAT011901,,,,,,,,,,,
PAT011902,,,,,,,,,,,
PAT011903,,,,,,,,,,,
PAT011904,,,,,,,,,,,
PAT011905,,,,,,,,,,,
PAT011906,,,,,,,,,,,
PAT011907,,,,,,,,,,,
PAT011908,,,,,,,,,,,
PAT011909,,,,,,,,,,,
PAT011910,,,,,,,,,,,
PAT011911,,,,,,,,,,,
PAT011912,,,,,,,,,,,
PAT011913,,,,,,,,,,,
PAT011914,,,,,,,,,,,
PAT011915,,,,,,,,,,,
PAT011916,,,,,,,,,,,
PAT011917,,,,,,,,,,,
PAT011918,,,,,,,,,,,
PAT011919,,,,,,,,,,,
PAT011920,,,,,,,,,,,
PAT011921,,,,,,,,,,,
PAT011922,,,,,,,,,,,
PAT011923,,,,,,,,,,,
PAT011924,,,,,,,,,,,
PAT011925,,,,,,,,,,,
PAT011926,,,,,,,,,,,
PAT011927,,,,,,,,,,,
PAT011928,,,,,,,,,,,
PAT011929,,,,,,,,,,,
PAT011930,,,,,,,,,,,
PAT011931,,,,,,,,,,,
PAT011932,,,,,,,,,,,
PAT011933,,,,,,,,,,,
PAT011934,,,,,,,,,,,
PAT011935,,,,,,,,,,,
PAT011936,,,,,,,,,,,
PAT011937,,,,,,,,,,,
PAT011938,,,,,,,,,,,
PAT011939,,,,,,,,,,,
PAT011940,,,,,,,,,,,
PAT011941,,,,,,,,,,,
PAT011942,,,,,,,,,,,
PAT011943,,,,,,,,,,,
PAT011944,,,,,,,,,,,
PAT011945,,,,,,,,,,,
PAT011946,,,,,,,,,,,
PAT011947,,,,,,,,,,,
PAT011948,,,,,,,,,,,
PAT011949,,,,,,,,,,,
PAT011950,,,,,,,,,,,
PAT011951,,,,,,,,,,,
PAT011952,,,,,,,,,,,
PAT011953,,,,,,,,,,,
PAT011954,,,,,,,,,,,
PAT011955,,,,,,,,,,,
PAT011956,,,,,,,,,,,
PAT011957,,,,,,,,,,,
PAT011958,,,,,,,,,,,
PAT011959,,,,,,,,,,,
PAT011960,,,,,,,,,,,
PAT011961,,,,,,,,,,,
PAT011962,,,,,,,,,,,
PAT011963,,,,,,,,,,,
PAT011964,,,,,,,,,,,
PAT011965,,,,,,,,,,,
PAT011966,,,,,,,,,,,
PAT011967,,,,,,,,,,,
PAT011968,,,,,,,,,,,
PAT011969,,,,,,,,,,,
PAT011970,,,,,,,,,,,
PAT011971,,,,,,,,,,,
PAT011972,,,,,,,,,,,
PAT011973,,,,,,,,,,,
PAT011974,,,,,,,,,,,
PAT011975,,,,,,,,,,,
PAT011976,,,,,,,,,,,
PAT011977,,,,,,,,,,,
PAT011978,,,,,,,,,,,
PAT011979,,,,,,,,,,,
PAT011980,,,,,,,,,,,
PAT011981,,,,,,,,,,,
PAT011982,,,,,,,,,,,
PAT011983,,,,,,,,,,,
PAT011984,,,,,,,,,,,
PAT011985,,,,,,,,,,,
PAT011986,,,,,,,,,,,
PAT011987,,,,,,,,,,,
PAT011988,,,,,,,,,,,
PAT011989,,,,,,,,,,,
PAT011990,,,,,,,,,,,
PAT011991,,,,,,,,,,,
PAT011992,,,,,,,,,,,
PAT011993,,,,,,,,,,,
PAT011994,,,,,,,,,,,
PAT011995,,,,,,,,,,,
PAT011996,,,,,,,,,,,
PAT011997,,,,,,,,,,,
PAT011998,,,,,,,,,,,
PAT011999,,,,,,,,,,,
PAT012000,,,,,,,,,,,
PAT012001,,,,,,,,,,,
PAT012002,,,,,,,,,,,
PAT012003,,,,,,,,,,,
PAT012004,,,,,,,,,,,
PAT012005,,,,,,,,,,,
PAT012006,,,,,,,,,,,
PAT012007,,,,,,,,,,,
PAT012008,,,,,,,,,,,
PAT012009,,,,,,,,,,,
PAT012010,,,,,,,,,,,
PAT012011,,,,,,,,,,,
PAT012012,,,,,,,,,,,
PAT012013,,,,,,,,,,,
PAT012014,,,,,,,,,,,
PAT012015,,,,,,,,,,,
PAT012016,,,,,,,,,,,
PAT012017,,,,,,,,,,,
PAT012018,,,,,,,,,,,
PAT012019,,,,,,,,,,,
PAT012020,,,,,,,,,,,
PAT012021,,,,,,,,,,,
PAT012022,,,,,,,,,,,
PAT012023,,,,,,,,,,,
PAT012024,,,,,,,,,,,
PAT012025,,,,,,,,,,,
PAT012026,,,,,,,,,,,
PAT012027,,,,,,,,,,,
PAT012028,,,,,,,,,,,
PAT012029,,,,,,,,,,,
PAT012030,,,,,,,,,,,
PAT012031,,,,,,,,,,,
PAT012032,,,,,,,,,,,
PAT012033,,,,,,,,,,,
PAT012034,,,,,,,,,,,
PAT012035,,,,,,,,,,,
PAT012036,,,,,,,,,,,
PAT012037,,,,,,,,,,,
PAT012038,,,,,,,,,,,
PAT012039,,,,,,,,,,,
PAT012040,,,,,,,,,,,
PAT012041,,,,,,,,,,,
PAT012042,,,,,,,,,,,
PAT012043,,,,,,,,,,,
PAT012044,,,,,,,,,,,
PAT012045,,,,,,,,,,,
PAT012046,,,,,,,,,,,
PAT012047,,,,,,,,,,,
PAT012048,,,,,,,,,,,
PAT012049,,,,,,,,,,,
PAT012050,,,,,,,,,,,
PAT012051,,,,,,,,,,,
PAT012052,,,,,,,,,,,
PAT012053,,,,,,,,,,,
PAT012054,,,,,,,,,,,
PAT012055,,,,,,,,,,,
PAT012056,,,,,,,,,,,
PAT012057,,,,,,,,,,,
PAT012058,,,,,,,,,,,
PAT012059,,,,,,,,,,,
PAT012060,,,,,,,,,,,
PAT012061,,,,,,,,,,,
PAT012062,,,,,,,,,,,
PAT012063,,,,,,,,,,,
PAT012064,,,,,,,,,,,
PAT012065,,,,,,,,,,,
PAT012066,,,,,,,,,,,
PAT012067,,,,,,,,,,,
PAT012068,,,,,,,,,,,
PAT012069,,,,,,,,,,,
PAT012070,,,,,,,,,,,
PAT012071,,,,,,,,,,,
PAT012072,,,,,,,,,,,
PAT012073,,,,,,,,,,,
PAT012074,,,,,,,,,,,
PAT012075,,,,,,,,,,,
PAT012076,,,,,,,,,,,
PAT012077,,,,,,,,,,,
PAT012078,,,,,,,,,,,
PAT012079,,,,,,,,,,,
PAT012080,,,,,,,,,,,
PAT012081,,,,,,,,,,,
PAT012082,,,,,,,,,,,
PAT012083,,,,,,,,,,,
PAT012084,,,,,,,,,,,
PAT012085,,,,,,,,,,,
PAT012086,,,,,,,,,,,
PAT012087,,,,,,,,,,,
PAT012088,,,,,,,,,,,
PAT012089,,,,,,,,,,,
PAT012090,,,,,,,,,,,
PAT012091,,,,,,,,,,,
PAT012092,,,,,,,,,,,
PAT012093,,,,,,,,,,,
PAT012094,,,,,,,,,,,
PAT012095,,,,,,,,,,,
PAT012096,,,,,,,,,,,
PAT012097,,,,,,,,,,,
PAT012098,,,,,,,,,,,
PAT012099,,,,,,,,,,,
PAT012100,,,,,,,,,,,
PAT012101,,,,,,,,,,,
PAT012102,,,,,,,,,,,
PAT012103,,,,,,,,,,,
PAT012104,,,,,,,,,,,
PAT012105,,,,,,,,,,,
PAT012106,,,,,,,,,,,
PAT012107,,,,,,,,,,,
PAT012108,,,,,,,,,,,
PAT012109,,,,,,,,,,,
PAT012110,,,,,,,,,,,
PAT012111,,,,,,,,,,,
PAT012112,,,,,,,,,,,
PAT012113,,,,,,,,,,,
PAT012114,,,,,,,,,,,
PAT012115,,,,,,,,,,,
PAT012116,,,,,,,,,,,
PAT012117,,,,,,,,,,,
PAT012118,,,,,,,,,,,
PAT012119,,,,,,,,,,,
PAT012120,,,,,,,,,,,
PAT012121,,,,,,,,,,,
PAT012122,,,,,,,,,,,
PAT012123,,,,,,,,,,,
PAT012124,,,,,,,,,,,
PAT012125,,,,,,,,,,,
PAT012126,,,,,,,,,,,
PAT012127,,,,,,,,,,,
PAT012128,,,,,,,,,,,
PAT012129,,,,,,,,,,,
PAT012130,,,,,,,,,,,
PAT012131,,,,,,,,,,,
PAT012132,,,,,,,,,,,
PAT012133,,,,,,,,,,,
PAT012134,,,,,,,,,,,
PAT012135,,,,,,,,,,,
PAT012136,,,,,,,,,,,
PAT012137,,,,,,,,,,,
PAT012138,,,,,,,,,,,
PAT012139,,,,,,,,,,,
PAT012140,,,,,,,,,,,
PAT012141,,,,,,,,,,,
PAT012142,,,,,,,,,,,
PAT012143,,,,,,,,,,,
PAT012144,,,,,,,,,,,
PAT012145,,,,,,,,,,,
PAT012146,,,,,,,,,,,
PAT012147,,,,,,,,,,,
PAT012148,,,,,,,,,,,
PAT012149,,,,,,,,,,,
PAT012150,,,,,,,,,,,
PAT012151,,,,,,,,,,,
PAT012152,,,,,,,,,,,
PAT012153,,,,,,,,,,,
PAT012154,,,,,,,,,,,
PAT012155,,,,,,,,,,,
PAT012156,,,,,,,,,,,
PAT012157,,,,,,,,,,,
PAT012158,,,,,,,,,,,
PAT012159,,,,,,,,,,,
PAT012160,,,,,,,,,,,
PAT012161,,,,,,,,,,,
PAT012162,,,,,,,,,,,
PAT012163,,,,,,,,,,,
PAT012164,,,,,,,,,,,
PAT012165,,,,,,,,,,,
PAT012166,,,,,,,,,,,
PAT012167,,,,,,,,,,,
PAT012168,,,,,,,,,,,
PAT012169,,,,,,,,,,,
PAT012170,,,,,,,,,,,
PAT012171,,,,,,,,,,,
PAT012172,,,,,,,,,,,
PAT012173,,,,,,,,,,,
PAT012174,,,,,,,,,,,
PAT012175,,,,,,,,,,,
PAT012176,,,,,,,,,,,
PAT012177,,,,,,,,,,,
PAT012178,,,,,,,,,,,
PAT012179,,,,,,,,,,,
PAT012180,,,,,,,,,,,
PAT012181,,,,,,,,,,,
PAT012182,,,,,,,,,,,
PAT012183,,,,,,,,,,,
PAT012184,,,,,,,,,,,
PAT012185,,,,,,,,,,,
PAT012186,,,,,,,,,,,
PAT012187,,,,,,,,,,,
PAT012188,,,,,,,,,,,
PAT012189,,,,,,,,,,,
PAT012190,,,,,,,,,,,
PAT012191,,,,,,,,,,,
PAT012192,,,,,,,,,,,
PAT012193,,,,,,,,,,,
PAT012194,,,,,,,,,,,
PAT012195,,,,,,,,,,,
PAT012196,,,,,,,,,,,
PAT012197,,,,,,,,,,,
PAT012198,,,,,,,,,,,
PAT012199,,,,,,,,,,,
PAT012200,,,,,,,,,,,
PAT012201,,,,,,,,,,,
PAT012202,,,,,,,,,,,
PAT012203,,,,,,,,,,,
PAT012204,,,,,,,,,,,
PAT012205,,,,,,,,,,,
PAT012206,,,,,,,,,,,
PAT012207,,,,,,,,,,,
PAT012208,,,,,,,,,,,
PAT012209,,,,,,,,,,,
PAT012210,,,,,,,,,,,
PAT012211,,,,,,,,,,,
PAT012212,,,,,,,,,,,
PAT012213,,,,,,,,,,,
PAT012214,,,,,,,,,,,
PAT012215,,,,,,,,,,,
PAT012216,,,,,,,,,,,
PAT012217,,,,,,,,,,,
PAT012218,,,,,,,,,,,
PAT012219,,,,,,,,,,,
PAT012220,,,,,,,,,,,
PAT012221,,,,,,,,,,,
PAT012222,,,,,,,,,,,
PAT012223,,,,,,,,,,,
PAT012224,,,,,,,,,,,
PAT012225,,,,,,,,,,,
PAT012226,,,,,,,,,,,
PAT012227,,,,,,,,,,,
PAT012228,,,,,,,,,,,
PAT012229,,,,,,,,,,,
PAT012230,,,,,,,,,,,
PAT012231,,,,,,,,,,,
PAT012232,,,,,,,,,,,
PAT012233,,,,,,,,,,,
PAT012234,,,,,,,,,,,
PAT012235,,,,,,,,,,,
PAT012236,,,,,,,,,,,
PAT012237,,,,,,,,,,,
PAT012238,,,,,,,,,,,
PAT012239,,,,,,,,,,,
PAT012240,,,,,,,,,,,
PAT012241,,,,,,,,,,,
PAT012242,,,,,,,,,,,
PAT012243,,,,,,,,,,,
PAT012244,,,,,,,,,,,
PAT012245,,,,,,,,,,,
PAT012246,,,,,,,,,,,
PAT012247,,,,,,,,,,,
PAT012248,,,,,,,,,,,
PAT012249,,,,,,,,,,,
PAT012250,,,,,,,,,,,
PAT012251,,,,,,,,,,,
PAT012252,,,,,,,,,,,
PAT012253,,,,,,,,,,,
PAT012254,,,,,,,,,,,
PAT012255,,,,,,,,,,,
PAT012256,,,,,,,,,,,
PAT012257,,,,,,,,,,,
PAT012258,,,,,,,,,,,
PAT012259,,,,,,,,,,,
PAT012260,,,,,,,,,,,
PAT012261,,,,,,,,,,,
PAT012262,,,,,,,,,,,
PAT012263,,,,,,,,,,,
PAT012264,,,,,,,,,,,
PAT012265,,,,,,,,,,,
PAT012266,,,,,,,,,,,
PAT012267,,,,,,,,,,,
PAT012268,,,,,,,,,,,
PAT012269,,,,,,,,,,,
PAT012270,,,,,,,,,,,
PAT012271,,,,,,,,,,,
PAT012272,,,,,,,,,,,
PAT012273,,,,,,,,,,,
PAT012274,,,,,,,,,,,
PAT012275,,,,,,,,,,,
PAT012276,,,,,,,,,,,
PAT012277,,,,,,,,,,,
PAT012278,,,,,,,,,,,
PAT012279,,,,,,,,,,,
PAT012280,,,,,,,,,,,
PAT012281,,,,,,,,,,,
PAT012282,,,,,,,,,,,
PAT012283,,,,,,,,,,,
PAT012284,,,,,,,,,,,
PAT012285,,,,,,,,,,,
PAT012286,,,,,,,,,,,
PAT012287,,,,,,,,,,,
PAT012288,,,,,,,,,,,
PAT012289,,,,,,,,,,,
PAT012290,,,,,,,,,,,
PAT012291,,,,,,,,,,,
PAT012292,,,,,,,,,,,
PAT012293,,,,,,,,,,,
PAT012294,,,,,,,,,,,
PAT012295,,,,,,,,,,,
PAT012296,,,,,,,,,,,
PAT012297,,,,,,,,,,,
PAT012298,,,,,,,,,,,
PAT012299,,,,,,,,,,,
PAT012300,,,,,,,,,,,
PAT012301,,,,,,,,,,,
PAT012302,,,,,,,,,,,
PAT012303,,,,,,,,,,,
PAT012304,,,,,,,,,,,
PAT012305,,,,,,,,,,,
PAT012306,,,,,,,,,,,
PAT012307,,,,,,,,,,,
PAT012308,,,,,,,,,,,
PAT012309,,,,,,,,,,,
PAT012310,,,,,,,,,,,
PAT012311,,,,,,,,,,,
PAT012312,,,,,,,,,,,
PAT012313,,,,,,,,,,,
PAT012314,,,,,,,,,,,
PAT012315,,,,,,,,,,,
PAT012316,,,,,,,,,,,
PAT012317,,,,,,,,,,,
PAT012318,,,,,,,,,,,
PAT012319,,,,,,,,,,,
PAT012320,,,,,,,,,,,
PAT012321,,,,,,,,,,,
PAT012322,,,,,,,,,,,
PAT012323,,,,,,,,,,,
PAT012324,,,,,,,,,,,
PAT012325,,,,,,,,,,,
PAT012326,,,,,,,,,,,
PAT012327,,,,,,,,,,,
PAT012328,,,,,,,,,,,
PAT012329,,,,,,,,,,,
PAT012330,,,,,,,,,,,
PAT012331,,,,,,,,,,,
PAT012332,,,,,,,,,,,
PAT012333,,,,,,,,,,,
PAT012334,,,,,,,,,,,
PAT012335,,,,,,,,,,,
PAT012336,,,,,,,,,,,
PAT012337,,,,,,,,,,,
PAT012338,,,,,,,,,,,
PAT012339,,,,,,,,,,,
PAT012340,,,,,,,,,,,
PAT012341,,,,,,,,,,,
PAT012342,,,,,,,,,,,
PAT012343,,,,,,,,,,,
PAT012344,,,,,,,,,,,
PAT012345,,,,,,,,,,,
PAT012346,,,,,,,,,,,
PAT012347,,,,,,,,,,,
PAT012348,,,,,,,,,,,
PAT012349,,,,,,,,,,,
PAT012350,,,,,,,,,,,
PAT012351,,,,,,,,,,,
PAT012352,,,,,,,,,,,
PAT012353,,,,,,,,,,,
PAT012354,,,,,,,,,,,
PAT012355,,,,,,,,,,,
PAT012356,,,,,,,,,,,
PAT012357,,,,,,,,,,,
PAT012358,,,,,,,,,,,
PAT012359,,,,,,,,,,,
PAT012360,,,,,,,,,,,
PAT012361,,,,,,,,,,,
PAT012362,,,,,,,,,,,
PAT012363,,,,,,,,,,,
PAT012364,,,,,,,,,,,
PAT012365,,,,,,,,,,,
PAT012366,,,,,,,,,,,
PAT012367,,,,,,,,,,,
PAT012368,,,,,,,,,,,
PAT012369,,,,,,,,,,,
PAT012370,,,,,,,,,,,
PAT012371,,,,,,,,,,,
PAT012372,,,,,,,,,,,
PAT012373,,,,,,,,,,,
PAT012374,,,,,,,,,,,
PAT012375,,,,,,,,,,,
PAT012376,,,,,,,,,,,
PAT012377,,,,,,,,,,,
PAT012378,,,,,,,,,,,
PAT012379,,,,,,,,,,,
PAT012380,,,,,,,,,,,
PAT012381,,,,,,,,,,,
PAT012382,,,,,,,,,,,
PAT012383,,,,,,,,,,,
PAT012384,,,,,,,,,,,
PAT012385,,,,,,,,,,,
PAT012386,,,,,,,,,,,
PAT012387,,,,,,,,,,,
PAT012388,,,,,,,,,,,
PAT012389,,,,,,,,,,,
PAT012390,,,,,,,,,,,
PAT012391,,,,,,,,,,,
PAT012392,,,,,,,,,,,
PAT012393,,,,,,,,,,,
PAT012394,,,,,,,,,,,
PAT012395,,,,,,,,,,,
PAT012396,,,,,,,,,,,
PAT012397,,,,,,,,,,,
PAT012398,,,,,,,,,,,
PAT012399,,,,,,,,,,,
PAT012400,,,,,,,,,,,
PAT012401,,,,,,,,,,,
PAT012402,,,,,,,,,,,
PAT012403,,,,,,,,,,,
PAT012404,,,,,,,,,,,
PAT012405,,,,,,,,,,,
PAT012406,,,,,,,,,,,
PAT012407,,,,,,,,,,,
PAT012408,,,,,,,,,,,
PAT012409,,,,,,,,,,,
PAT012410,,,,,,,,,,,
PAT012411,,,,,,,,,,,
PAT012412,,,,,,,,,,,
PAT012413,,,,,,,,,,,
PAT012414,,,,,,,,,,,
PAT012415,,,,,,,,,,,
PAT012416,,,,,,,,,,,
PAT012417,,,,,,,,,,,
PAT012418,,,,,,,,,,,
PAT012419,,,,,,,,,,,
PAT012420,,,,,,,,,,,
PAT012421,,,,,,,,,,,
PAT012422,,,,,,,,,,,
PAT012423,,,,,,,,,,,
PAT012424,,,,,,,,,,,
PAT012425,,,,,,,,,,,
PAT012426,,,,,,,,,,,
PAT012427,,,,,,,,,,,
PAT012428,,,,,,,,,,,
PAT012429,,,,,,,,,,,
PAT012430,,,,,,,,,,,
PAT012431,,,,,,,,,,,
PAT012432,,,,,,,,,,,
PAT012433,,,,,,,,,,,
PAT012434,,,,,,,,,,,
PAT012435,,,,,,,,,,,
PAT012436,,,,,,,,,,,
PAT012437,,,,,,,,,,,
PAT012438,,,,,,,,,,,
PAT012439,,,,,,,,,,,
PAT012440,,,,,,,,,,,
PAT012441,,,,,,,,,,,
PAT012442,,,,,,,,,,,
PAT012443,,,,,,,,,,,
PAT012444,,,,,,,,,,,
PAT012445,,,,,,,,,,,
PAT012446,,,,,,,,,,,
PAT012447,,,,,,,,,,,
PAT012448,,,,,,,,,,,
PAT012449,,,,,,,,,,,
PAT012450,,,,,,,,,,,
PAT012451,,,,,,,,,,,
PAT012452,,,,,,,,,,,
PAT012453,,,,,,,,,,,
PAT012454,,,,,,,,,,,
PAT012455,,,,,,,,,,,
PAT012456,,,,,,,,,,,
PAT012457,,,,,,,,,,,
PAT012458,,,,,,,,,,,
PAT012459,,,,,,,,,,,
PAT012460,,,,,,,,,,,
PAT012461,,,,,,,,,,,
PAT012462,,,,,,,,,,,
PAT012463,,,,,,,,,,,
PAT012464,,,,,,,,,,,
PAT012465,,,,,,,,,,,
PAT012466,,,,,,,,,,,
PAT012467,,,,,,,,,,,
PAT012468,,,,,,,,,,,
PAT012469,,,,,,,,,,,
PAT012470,,,,,,,,,,,
PAT012471,,,,,,,,,,,
PAT012472,,,,,,,,,,,
PAT012473,,,,,,,,,,,
PAT012474,,,,,,,,,,,
PAT012475,,,,,,,,,,,
PAT012476,,,,,,,,,,,
PAT012477,,,,,,,,,,,
PAT012478,,,,,,,,,,,
PAT012479,,,,,,,,,,,
PAT012480,,,,,,,,,,,
PAT012481,,,,,,,,,,,
PAT012482,,,,,,,,,,,
PAT012483,,,,,,,,,,,
PAT012484,,,,,,,,,,,
PAT012485,,,,,,,,,,,
PAT012486,,,,,,,,,,,
PAT012487,,,,,,,,,,,
PAT012488,,,,,,,,,,,
PAT012489,,,,,,,,,,,
PAT012490,,,,,,,,,,,
PAT012491,,,,,,,,,,,
PAT012492,,,,,,,,,,,
PAT012493,,,,,,,,,,,
PAT012494,,,,,,,,,,,
PAT012495,,,,,,,,,,,
PAT012496,,,,,,,,,,,
PAT012497,,,,,,,,,,,
PAT012498,,,,,,,,,,,
PAT012499,,,,,,,,,,,
PAT012500,,,,,,,,,,,
PAT012501,,,,,,,,,,,
PAT012502,,,,,,,,,,,
PAT012503,,,,,,,,,,,
PAT012504,,,,,,,,,,,
PAT012505,,,,,,,,,,,
PAT012506,,,,,,,,,,,
PAT012507,,,,,,,,,,,
PAT012508,,,,,,,,,,,
PAT012509,,,,,,,,,,,
PAT012510,,,,,,,,,,,
PAT012511,,,,,,,,,,,
PAT012512,,,,,,,,,,,
PAT012513,,,,,,,,,,,
PAT012514,,,,,,,,,,,
PAT012515,,,,,,,,,,,
PAT012516,,,,,,,,,,,
PAT012517,,,,,,,,,,,
PAT012518,,,,,,,,,,,
PAT012519,,,,,,,,,,,
PAT012520,,,,,,,,,,,
PAT012521,,,,,,,,,,,
PAT012522,,,,,,,,,,,
PAT012523,,,,,,,,,,,
PAT012524,,,,,,,,,,,
PAT012525,,,,,,,,,,,
PAT012526,,,,,,,,,,,
PAT012527,,,,,,,,,,,
PAT012528,,,,,,,,,,,
PAT012529,,,,,,,,,,,
PAT012530,,,,,,,,,,,
PAT012531,,,,,,,,,,,
PAT012532,,,,,,,,,,,
PAT012533,,,,,,,,,,,
PAT012534,,,,,,,,,,,
PAT012535,,,,,,,,,,,
PAT012536,,,,,,,,,,,
PAT012537,,,,,,,,,,,
PAT012538,,,,,,,,,,,
PAT012539,,,,,,,,,,,
PAT012540,,,,,,,,,,,
PAT012541,,,,,,,,,,,
PAT012542,,,,,,,,,,,
PAT012543,,,,,,,,,,,
PAT012544,,,,,,,,,,,
PAT012545,,,,,,,,,,,
PAT012546,,,,,,,,,,,
PAT012547,,,,,,,,,,,
PAT012548,,,,,,,,,,,
PAT012549,,,,,,,,,,,
PAT012550,,,,,,,,,,,
PAT012551,,,,,,,,,,,
PAT012552,,,,,,,,,,,
PAT012553,,,,,,,,,,,
PAT012554,,,,,,,,,,,
PAT012555,,,,,,,,,,,
PAT012556,,,,,,,,,,,
PAT012557,,,,,,,,,,,
PAT012558,,,,,,,,,,,
PAT012559,,,,,,,,,,,
PAT012560,,,,,,,,,,,
PAT012561,,,,,,,,,,,
PAT012562,,,,,,,,,,,
PAT012563,,,,,,,,,,,
PAT012564,,,,,,,,,,,
PAT012565,,,,,,,,,,,
PAT012566,,,,,,,,,,,
PAT012567,,,,,,,,,,,
PAT012568,,,,,,,,,,,
PAT012569,,,,,,,,,,,
PAT012570,,,,,,,,,,,
PAT012571,,,,,,,,,,,
PAT012572,,,,,,,,,,,
PAT012573,,,,,,,,,,,
PAT012574,,,,,,,,,,,
PAT012575,,,,,,,,,,,
PAT012576,,,,,,,,,,,
PAT012577,,,,,,,,,,,
PAT012578,,,,,,,,,,,
PAT012579,,,,,,,,,,,
PAT012580,,,,,,,,,,,
PAT012581,,,,,,,,,,,
PAT012582,,,,,,,,,,,
PAT012583,,,,,,,,,,,
PAT012584,,,,,,,,,,,
PAT012585,,,,,,,,,,,
PAT012586,,,,,,,,,,,
PAT012587,,,,,,,,,,,
PAT012588,,,,,,,,,,,
PAT012589,,,,,,,,,,,
PAT012590,,,,,,,,,,,
PAT012591,,,,,,,,,,,
PAT012592,,,,,,,,,,,
PAT012593,,,,,,,,,,,
PAT012594,,,,,,,,,,,
PAT012595,,,,,,,,,,,
PAT012596,,,,,,,,,,,
PAT012597,,,,,,,,,,,
PAT012598,,,,,,,,,,,
PAT012599,,,,,,,,,,,
PAT012600,,,,,,,,,,,
PAT012601,,,,,,,,,,,
PAT012602,,,,,,,,,,,
PAT012603,,,,,,,,,,,
PAT012604,,,,,,,,,,,
PAT012605,,,,,,,,,,,
PAT012606,,,,,,,,,,,
PAT012607,,,,,,,,,,,
PAT012608,,,,,,,,,,,
PAT012609,,,,,,,,,,,
PAT012610,,,,,,,,,,,
PAT012611,,,,,,,,,,,
PAT012612,,,,,,,,,,,
PAT012613,,,,,,,,,,,
PAT012614,,,,,,,,,,,
PAT012615,,,,,,,,,,,
PAT012616,,,,,,,,,,,
PAT012617,,,,,,,,,,,
PAT012618,,,,,,,,,,,
PAT012619,,,,,,,,,,,
PAT012620,,,,,,,,,,,
PAT012621,,,,,,,,,,,
PAT012622,,,,,,,,,,,
PAT012623,,,,,,,,,,,
PAT012624,,,,,,,,,,,
PAT012625,,,,,,,,,,,
PAT012626,,,,,,,,,,,
PAT012627,,,,,,,,,,,
PAT012628,,,,,,,,,,,
PAT012629,,,,,,,,,,,
PAT012630,,,,,,,,,,,
PAT012631,,,,,,,,,,,
PAT012632,,,,,,,,,,,
PAT012633,,,,,,,,,,,
PAT012634,,,,,,,,,,,
PAT012635,,,,,,,,,,,
PAT012636,,,,,,,,,,,
PAT012637,,,,,,,,,,,
PAT012638,,,,,,,,,,,
PAT012639,,,,,,,,,,,
PAT012640,,,,,,,,,,,
PAT012641,,,,,,,,,,,
PAT012642,,,,,,,,,,,
PAT012643,,,,,,,,,,,
PAT012644,,,,,,,,,,,
PAT012645,,,,,,,,,,,
PAT012646,,,,,,,,,,,
PAT012647,,,,,,,,,,,
PAT012648,,,,,,,,,,,
PAT012649,,,,,,,,,,,
PAT012650,,,,,,,,,,,
PAT012651,,,,,,,,,,,
PAT012652,,,,,,,,,,,
PAT012653,,,,,,,,,,,
PAT012654,,,,,,,,,,,
PAT012655,,,,,,,,,,,
PAT012656,,,,,,,,,,,
PAT012657,,,,,,,,,,,
PAT012658,,,,,,,,,,,
PAT012659,,,,,,,,,,,
PAT012660,,,,,,,,,,,
PAT012661,,,,,,,,,,,
PAT012662,,,,,,,,,,,
PAT012663,,,,,,,,,,,
PAT012664,,,,,,,,,,,
PAT012665,,,,,,,,,,,
PAT012666,,,,,,,,,,,
PAT012667,,,,,,,,,,,
PAT012668,,,,,,,,,,,
PAT012669,,,,,,,,,,,
PAT012670,,,,,,,,,,,
PAT012671,,,,,,,,,,,
PAT012672,,,,,,,,,,,
PAT012673,,,,,,,,,,,
PAT012674,,,,,,,,,,,
PAT012675,,,,,,,,,,,
PAT012676,,,,,,,,,,,
PAT012677,,,,,,,,,,,
PAT012678,,,,,,,,,,,
PAT012679,,,,,,,,,,,
PAT012680,,,,,,,,,,,
PAT012681,,,,,,,,,,,
PAT012682,,,,,,,,,,,
PAT012683,,,,,,,,,,,
PAT012684,,,,,,,,,,,
PAT012685,,,,,,,,,,,
PAT012686,,,,,,,,,,,
PAT012687,,,,,,,,,,,
PAT012688,,,,,,,,,,,
PAT012689,,,,,,,,,,,
PAT012690,,,,,,,,,,,
PAT012691,,,,,,,,,,,
PAT012692,,,,,,,,,,,
PAT012693,,,,,,,,,,,
PAT012694,,,,,,,,,,,
PAT012695,,,,,,,,,,,
PAT012696,,,,,,,,,,,
PAT012697,,,,,,,,,,,
PAT012698,,,,,,,,,,,
PAT012699,,,,,,,,,,,
PAT012700,,,,,,,,,,,
PAT012701,,,,,,,,,,,
PAT012702,,,,,,,,,,,
PAT012703,,,,,,,,,,,
PAT012704,,,,,,,,,,,
PAT012705,,,,,,,,,,,
PAT012706,,,,,,,,,,,
PAT012707,,,,,,,,,,,
PAT012708,,,,,,,,,,,
PAT012709,,,,,,,,,,,
PAT012710,,,,,,,,,,,
PAT012711,,,,,,,,,,,
PAT012712,,,,,,,,,,,
PAT012713,,,,,,,,,,,
PAT012714,,,,,,,,,,,
PAT012715,,,,,,,,,,,
PAT012716,,,,,,,,,,,
PAT012717,,,,,,,,,,,
PAT012718,,,,,,,,,,,
PAT012719,,,,,,,,,,,
PAT012720,,,,,,,,,,,
PAT012721,,,,,,,,,,,
PAT012722,,,,,,,,,,,
PAT012723,,,,,,,,,,,
PAT012724,,,,,,,,,,,
PAT012725,,,,,,,,,,,
PAT012726,,,,,,,,,,,
PAT012727,,,,,,,,,,,
PAT012728,,,,,,,,,,,
PAT012729,,,,,,,,,,,
PAT012730,,,,,,,,,,,
PAT012731,,,,,,,,,,,
PAT012732,,,,,,,,,,,
PAT012733,,,,,,,,,,,
PAT012734,,,,,,,,,,,
PAT012735,,,,,,,,,,,
PAT012736,,,,,,,,,,,
PAT012737,,,,,,,,,,,
PAT012738,,,,,,,,,,,
PAT012739,,,,,,,,,,,
PAT012740,,,,,,,,,,,
PAT012741,,,,,,,,,,,
PAT012742,,,,,,,,,,,
PAT012743,,,,,,,,,,,
PAT012744,,,,,,,,,,,
PAT012745,,,,,,,,,,,
PAT012746,,,,,,,,,,,
PAT012747,,,,,,,,,,,
PAT012748,,,,,,,,,,,
PAT012749,,,,,,,,,,,
PAT012750,,,,,,,,,,,
PAT012751,,,,,,,,,,,
PAT012752,,,,,,,,,,,
PAT012753,,,,,,,,,,,
PAT012754,,,,,,,,,,,
PAT012755,,,,,,,,,,,
PAT012756,,,,,,,,,,,
PAT012757,,,,,,,,,,,
PAT012758,,,,,,,,,,,
PAT012759,,,,,,,,,,,
PAT012760,,,,,,,,,,,
PAT012761,,,,,,,,,,,
PAT012762,,,,,,,,,,,
PAT012763,,,,,,,,,,,
PAT012764,,,,,,,,,,,
PAT012765,,,,,,,,,,,
PAT012766,,,,,,,,,,,
PAT012767,,,,,,,,,,,
PAT012768,,,,,,,,,,,
PAT012769,,,,,,,,,,,
PAT012770,,,,,,,,,,,
PAT012771,,,,,,,,,,,
PAT012772,,,,,,,,,,,
PAT012773,,,,,,,,,,,
PAT012774,,,,,,,,,,,
PAT012775,,,,,,,,,,,
PAT012776,,,,,,,,,,,
PAT012777,,,,,,,,,,,
PAT012778,,,,,,,,,,,
PAT012779,,,,,,,,,,,
PAT012780,,,,,,,,,,,
PAT012781,,,,,,,,,,,
PAT012782,,,,,,,,,,,
PAT012783,,,,,,,,,,,
PAT012784,,,,,,,,,,,
PAT012785,,,,,,,,,,,
PAT012786,,,,,,,,,,,
PAT012787,,,,,,,,,,,
PAT012788,,,,,,,,,,,
PAT012789,,,,,,,,,,,
PAT012790,,,,,,,,,,,
PAT012791,,,,,,,,,,,
PAT012792,,,,,,,,,,,
PAT012793,,,,,,,,,,,
PAT012794,,,,,,,,,,,
PAT012795,,,,,,,,,,,
PAT012796,,,,,,,,,,,
PAT012797,,,,,,,,,,,
PAT012798,,,,,,,,,,,
PAT012799,,,,,,,,,,,
PAT012800,,,,,,,,,,,
PAT012801,,,,,,,,,,,
PAT012802,,,,,,,,,,,
PAT012803,,,,,,,,,,,
PAT012804,,,,,,,,,,,
PAT012805,,,,,,,,,,,
PAT012806,,,,,,,,,,,
PAT012807,,,,,,,,,,,
PAT012808,,,,,,,,,,,
PAT012809,,,,,,,,,,,
PAT012810,,,,,,,,,,,
PAT012811,,,,,,,,,,,
PAT012812,,,,,,,,,,,
PAT012813,,,,,,,,,,,
PAT012814,,,,,,,,,,,
PAT012815,,,,,,,,,,,
PAT012816,,,,,,,,,,,
PAT012817,,,,,,,,,,,
PAT012818,,,,,,,,,,,
PAT012819,,,,,,,,,,,
PAT012820,,,,,,,,,,,
PAT012821,,,,,,,,,,,
PAT012822,,,,,,,,,,,
PAT012823,,,,,,,,,,,
PAT012824,,,,,,,,,,,
PAT012825,,,,,,,,,,,
PAT012826,,,,,,,,,,,
PAT012827,,,,,,,,,,,
PAT012828,,,,,,,,,,,
PAT012829,,,,,,,,,,,
PAT012830,,,,,,,,,,,
PAT012831,,,,,,,,,,,
PAT012832,,,,,,,,,,,
PAT012833,,,,,,,,,,,
PAT012834,,,,,,,,,,,
PAT012835,,,,,,,,,,,
PAT012836,,,,,,,,,,,
PAT012837,,,,,,,,,,,
PAT012838,,,,,,,,,,,
PAT012839,,,,,,,,,,,
PAT012840,,,,,,,,,,,
PAT012841,,,,,,,,,,,
PAT012842,,,,,,,,,,,
PAT012843,,,,,,,,,,,
PAT012844,,,,,,,,,,,
PAT012845,,,,,,,,,,,
PAT012846,,,,,,,,,,,
PAT012847,,,,,,,,,,,
PAT012848,,,,,,,,,,,
PAT012849,,,,,,,,,,,
PAT012850,,,,,,,,,,,
PAT012851,,,,,,,,,,,
PAT012852,,,,,,,,,,,
PAT012853,,,,,,,,,,,
PAT012854,,,,,,,,,,,
PAT012855,,,,,,,,,,,
PAT012856,,,,,,,,,,,
PAT012857,,,,,,,,,,,
PAT012858,,,,,,,,,,,
PAT012859,,,,,,,,,,,
PAT012860,,,,,,,,,,,
PAT012861,,,,,,,,,,,
PAT012862,,,,,,,,,,,
PAT012863,,,,,,,,,,,
PAT012864,,,,,,,,,,,
PAT012865,,,,,,,,,,,
PAT012866,,,,,,,,,,,
PAT012867,,,,,,,,,,,
PAT012868,,,,,,,,,,,
PAT012869,,,,,,,,,,,
PAT012870,,,,,,,,,,,
PAT012871,,,,,,,,,,,
PAT012872,,,,,,,,,,,
PAT012873,,,,,,,,,,,
PAT012874,,,,,,,,,,,
PAT012875,,,,,,,,,,,
PAT012876,,,,,,,,,,,
PAT012877,,,,,,,,,,,
PAT012878,,,,,,,,,,,
PAT012879,,,,,,,,,,,
PAT012880,,,,,,,,,,,
PAT012881,,,,,,,,,,,
PAT012882,,,,,,,,,,,
PAT012883,,,,,,,,,,,
PAT012884,,,,,,,,,,,
PAT012885,,,,,,,,,,,
PAT012886,,,,,,,,,,,
PAT012887,,,,,,,,,,,
PAT012888,,,,,,,,,,,
PAT012889,,,,,,,,,,,
PAT012890,,,,,,,,,,,
PAT012891,,,,,,,,,,,
PAT012892,,,,,,,,,,,
PAT012893,,,,,,,,,,,
PAT012894,,,,,,,,,,,
PAT012895,,,,,,,,,,,
PAT012896,,,,,,,,,,,
PAT012897,,,,,,,,,,,
PAT012898,,,,,,,,,,,
PAT012899,,,,,,,,,,,
PAT012900,,,,,,,,,,,
PAT012901,,,,,,,,,,,
PAT012902,,,,,,,,,,,
PAT012903,,,,,,,,,,,
PAT012904,,,,,,,,,,,
PAT012905,,,,,,,,,,,
PAT012906,,,,,,,,,,,
PAT012907,,,,,,,,,,,
PAT012908,,,,,,,,,,,
PAT012909,,,,,,,,,,,
PAT012910,,,,,,,,,,,
PAT012911,,,,,,,,,,,
PAT012912,,,,,,,,,,,
PAT012913,,,,,,,,,,,
PAT012914,,,,,,,,,,,
PAT012915,,,,,,,,,,,
PAT012916,,,,,,,,,,,
PAT012917,,,,,,,,,,,
PAT012918,,,,,,,,,,,
PAT012919,,,,,,,,,,,
PAT012920,,,,,,,,,,,
PAT012921,,,,,,,,,,,
PAT012922,,,,,,,,,,,
PAT012923,,,,,,,,,,,
PAT012924,,,,,,,,,,,
PAT012925,,,,,,,,,,,
PAT012926,,,,,,,,,,,
PAT012927,,,,,,,,,,,
PAT012928,,,,,,,,,,,
PAT012929,,,,,,,,,,,
PAT012930,,,,,,,,,,,
PAT012931,,,,,,,,,,,
PAT012932,,,,,,,,,,,
PAT012933,,,,,,,,,,,
PAT012934,,,,,,,,,,,
PAT012935,,,,,,,,,,,
PAT012936,,,,,,,,,,,
PAT012937,,,,,,,,,,,
PAT012938,,,,,,,,,,,
PAT012939,,,,,,,,,,,
PAT012940,,,,,,,,,,,
PAT012941,,,,,,,,,,,
PAT012942,,,,,,,,,,,
PAT012943,,,,,,,,,,,
PAT012944,,,,,,,,,,,
PAT012945,,,,,,,,,,,
PAT012946,,,,,,,,,,,
PAT012947,,,,,,,,,,,
PAT012948,,,,,,,,,,,
PAT012949,,,,,,,,,,,
PAT012950,,,,,,,,,,,
PAT012951,,,,,,,,,,,
PAT012952,,,,,,,,,,,
PAT012953,,,,,,,,,,,
PAT012954,,,,,,,,,,,
PAT012955,,,,,,,,,,,
PAT012956,,,,,,,,,,,
PAT012957,,,,,,,,,,,
PAT012958,,,,,,,,,,,
PAT012959,,,,,,,,,,,
PAT012960,,,,,,,,,,,
PAT012961,,,,,,,,,,,
PAT012962,,,,,,,,,,,
PAT012963,,,,,,,,,,,
PAT012964,,,,,,,,,,,
PAT012965,,,,,,,,,,,
PAT012966,,,,,,,,,,,
PAT012967,,,,,,,,,,,
PAT012968,,,,,,,,,,,
PAT012969,,,,,,,,,,,
PAT012970,,,,,,,,,,,
PAT012971,,,,,,,,,,,
PAT012972,,,,,,,,,,,
PAT012973,,,,,,,,,,,
PAT012974,,,,,,,,,,,
PAT012975,,,,,,,,,,,
PAT012976,,,,,,,,,,,
PAT012977,,,,,,,,,,,
PAT012978,,,,,,,,,,,
PAT012979,,,,,,,,,,,
PAT012980,,,,,,,,,,,
PAT012981,,,,,,,,,,,
PAT012982,,,,,,,,,,,
PAT012983,,,,,,,,,,,
PAT012984,,,,,,,,,,,
PAT012985,,,,,,,,,,,
PAT012986,,,,,,,,,,,
PAT012987,,,,,,,,,,,
PAT012988,,,,,,,,,,,
PAT012989,,,,,,,,,,,
PAT012990,,,,,,,,,,,
PAT012991,,,,,,,,,,,
PAT012992,,,,,,,,,,,
PAT012993,,,,,,,,,,,
PAT012994,,,,,,,,,,,
PAT012995,,,,,,,,,,,
PAT012996,,,,,,,,,,,
PAT012997,,,,,,,,,,,
PAT012998,,,,,,,,,,,
PAT012999,,,,,,,,,,,
PAT013000,,,,,,,,,,,
PAT013001,,,,,,,,,,,
PAT013002,,,,,,,,,,,
PAT013003,,,,,,,,,,,
PAT013004,,,,,,,,,,,
PAT013005,,,,,,,,,,,
PAT013006,,,,,,,,,,,
PAT013007,,,,,,,,,,,
PAT013008,,,,,,,,,,,
PAT013009,,,,,,,,,,,
PAT013010,,,,,,,,,,,
PAT013011,,,,,,,,,,,
PAT013012,,,,,,,,,,,
PAT013013,,,,,,,,,,,
PAT013014,,,,,,,,,,,
PAT013015,,,,,,,,,,,
PAT013016,,,,,,,,,,,
PAT013017,,,,,,,,,,,
PAT013018,,,,,,,,,,,
PAT013019,,,,,,,,,,,
PAT013020,,,,,,,,,,,
PAT013021,,,,,,,,,,,
PAT013022,,,,,,,,,,,
PAT013023,,,,,,,,,,,
PAT013024,,,,,,,,,,,
PAT013025,,,,,,,,,,,
PAT013026,,,,,,,,,,,
PAT013027,,,,,,,,,,,
PAT013028,,,,,,,,,,,
PAT013029,,,,,,,,,,,
PAT013030,,,,,,,,,,,
PAT013031,,,,,,,,,,,
PAT013032,,,,,,,,,,,
PAT013033,,,,,,,,,,,
PAT013034,,,,,,,,,,,
PAT013035,,,,,,,,,,,
PAT013036,,,,,,,,,,,
PAT013037,,,,,,,,,,,
PAT013038,,,,,,,,,,,
PAT013039,,,,,,,,,,,
PAT013040,,,,,,,,,,,
PAT013041,,,,,,,,,,,
PAT013042,,,,,,,,,,,
PAT013043,,,,,,,,,,,
PAT013044,,,,,,,,,,,
PAT013045,,,,,,,,,,,
PAT013046,,,,,,,,,,,
PAT013047,,,,,,,,,,,
PAT013048,,,,,,,,,,,
PAT013049,,,,,,,,,,,
PAT013050,,,,,,,,,,,
PAT013051,,,,,,,,,,,
PAT013052,,,,,,,,,,,
PAT013053,,,,,,,,,,,
PAT013054,,,,,,,,,,,
PAT013055,,,,,,,,,,,
PAT013056,,,,,,,,,,,
PAT013057,,,,,,,,,,,
PAT013058,,,,,,,,,,,
PAT013059,,,,,,,,,,,
PAT013060,,,,,,,,,,,
PAT013061,,,,,,,,,,,
PAT013062,,,,,,,,,,,
PAT013063,,,,,,,,,,,
PAT013064,,,,,,,,,,,
PAT013065,,,,,,,,,,,
PAT013066,,,,,,,,,,,
PAT013067,,,,,,,,,,,
PAT013068,,,,,,,,,,,
PAT013069,,,,,,,,,,,
PAT013070,,,,,,,,,,,
PAT013071,,,,,,,,,,,
PAT013072,,,,,,,,,,,
PAT013073,,,,,,,,,,,
PAT013074,,,,,,,,,,,
PAT013075,,,,,,,,,,,
PAT013076,,,,,,,,,,,
PAT013077,,,,,,,,,,,
PAT013078,,,,,,,,,,,
PAT013079,,,,,,,,,,,
PAT013080,,,,,,,,,,,
PAT013081,,,,,,,,,,,
PAT013082,,,,,,,,,,,
PAT013083,,,,,,,,,,,
PAT013084,,,,,,,,,,,
PAT013085,,,,,,,,,,,
PAT013086,,,,,,,,,,,
PAT013087,,,,,,,,,,,
PAT013088,,,,,,,,,,,
PAT013089,,,,,,,,,,,
PAT013090,,,,,,,,,,,
PAT013091,,,,,,,,,,,
PAT013092,,,,,,,,,,,
PAT013093,,,,,,,,,,,
PAT013094,,,,,,,,,,,
PAT013095,,,,,,,,,,,
PAT013096,,,,,,,,,,,
PAT013097,,,,,,,,,,,
PAT013098,,,,,,,,,,,
PAT013099,,,,,,,,,,,
PAT013100,,,,,,,,,,,
PAT013101,,,,,,,,,,,
PAT013102,,,,,,,,,,,
PAT013103,,,,,,,,,,,
PAT013104,,,,,,,,,,,
PAT013105,,,,,,,,,,,
PAT013106,,,,,,,,,,,
PAT013107,,,,,,,,,,,
PAT013108,,,,,,,,,,,
PAT013109,,,,,,,,,,,
PAT013110,,,,,,,,,,,
PAT013111,,,,,,,,,,,
PAT013112,,,,,,,,,,,
PAT013113,,,,,,,,,,,
PAT013114,,,,,,,,,,,
PAT013115,,,,,,,,,,,
PAT013116,,,,,,,,,,,
PAT013117,,,,,,,,,,,
PAT013118,,,,,,,,,,,
PAT013119,,,,,,,,,,,
PAT013120,,,,,,,,,,,
PAT013121,,,,,,,,,,,
PAT013122,,,,,,,,,,,
PAT013123,,,,,,,,,,,
PAT013124,,,,,,,,,,,
PAT013125,,,,,,,,,,,
PAT013126,,,,,,,,,,,
PAT013127,,,,,,,,,,,
PAT013128,,,,,,,,,,,
PAT013129,,,,,,,,,,,
PAT013130,,,,,,,,,,,
PAT013131,,,,,,,,,,,
PAT013132,,,,,,,,,,,
PAT013133,,,,,,,,,,,
PAT013134,,,,,,,,,,,
PAT013135,,,,,,,,,,,
PAT013136,,,,,,,,,,,
PAT013137,,,,,,,,,,,
PAT013138,,,,,,,,,,,
PAT013139,,,,,,,,,,,
PAT013140,,,,,,,,,,,
PAT013141,,,,,,,,,,,
PAT013142,,,,,,,,,,,
PAT013143,,,,,,,,,,,
PAT013144,,,,,,,,,,,
PAT013145,,,,,,,,,,,
PAT013146,,,,,,,,,,,
PAT013147,,,,,,,,,,,
PAT013148,,,,,,,,,,,
PAT013149,,,,,,,,,,,
PAT013150,,,,,,,,,,,
PAT013151,,,,,,,,,,,
PAT013152,,,,,,,,,,,
PAT013153,,,,,,,,,,,
PAT013154,,,,,,,,,,,
PAT013155,,,,,,,,,,,
PAT013156,,,,,,,,,,,
PAT013157,,,,,,,,,,,
PAT013158,,,,,,,,,,,
PAT013159,,,,,,,,,,,
PAT013160,,,,,,,,,,,
PAT013161,,,,,,,,,,,
PAT013162,,,,,,,,,,,
PAT013163,,,,,,,,,,,
PAT013164,,,,,,,,,,,
PAT013165,,,,,,,,,,,
PAT013166,,,,,,,,,,,
PAT013167,,,,,,,,,,,
PAT013168,,,,,,,,,,,
PAT013169,,,,,,,,,,,
PAT013170,,,,,,,,,,,
PAT013171,,,,,,,,,,,
PAT013172,,,,,,,,,,,
PAT013173,,,,,,,,,,,
PAT013174,,,,,,,,,,,
PAT013175,,,,,,,,,,,
PAT013176,,,,,,,,,,,
PAT013177,,,,,,,,,,,
PAT013178,,,,,,,,,,,
PAT013179,,,,,,,,,,,
PAT013180,,,,,,,,,,,
PAT013181,,,,,,,,,,,
PAT013182,,,,,,,,,,,
PAT013183,,,,,,,,,,,
PAT013184,,,,,,,,,,,
PAT013185,,,,,,,,,,,
PAT013186,,,,,,,,,,,
PAT013187,,,,,,,,,,,
PAT013188,,,,,,,,,,,
PAT013189,,,,,,,,,,,
PAT013190,,,,,,,,,,,
PAT013191,,,,,,,,,,,
PAT013192,,,,,,,,,,,
PAT013193,,,,,,,,,,,
PAT013194,,,,,,,,,,,
PAT013195,,,,,,,,,,,
PAT013196,,,,,,,,,,,
PAT013197,,,,,,,,,,,
PAT013198,,,,,,,,,,,
PAT013199,,,,,,,,,,,
PAT013200,,,,,,,,,,,
PAT013201,,,,,,,,,,,
PAT013202,,,,,,,,,,,
PAT013203,,,,,,,,,,,
PAT013204,,,,,,,,,,,
PAT013205,,,,,,,,,,,
PAT013206,,,,,,,,,,,
PAT013207,,,,,,,,,,,
PAT013208,,,,,,,,,,,
PAT013209,,,,,,,,,,,
PAT013210,,,,,,,,,,,
PAT013211,,,,,,,,,,,
PAT013212,,,,,,,,,,,
PAT013213,,,,,,,,,,,
PAT013214,,,,,,,,,,,
PAT013215,,,,,,,,,,,
PAT013216,,,,,,,,,,,
PAT013217,,,,,,,,,,,
PAT013218,,,,,,,,,,,
PAT013219,,,,,,,,,,,
PAT013220,,,,,,,,,,,
PAT013221,,,,,,,,,,,
PAT013222,,,,,,,,,,,
PAT013223,,,,,,,,,,,
PAT013224,,,,,,,,,,,
PAT013225,,,,,,,,,,,
PAT013226,,,,,,,,,,,
PAT013227,,,,,,,,,,,
PAT013228,,,,,,,,,,,
PAT013229,,,,,,,,,,,
PAT013230,,,,,,,,,,,
PAT013231,,,,,,,,,,,
PAT013232,,,,,,,,,,,
PAT013233,,,,,,,,,,,
PAT013234,,,,,,,,,,,
PAT013235,,,,,,,,,,,
PAT013236,,,,,,,,,,,
PAT013237,,,,,,,,,,,
PAT013238,,,,,,,,,,,
PAT013239,,,,,,,,,,,
PAT013240,,,,,,,,,,,
PAT013241,,,,,,,,,,,
PAT013242,,,,,,,,,,,
PAT013243,,,,,,,,,,,
PAT013244,,,,,,,,,,,
PAT013245,,,,,,,,,,,
PAT013246,,,,,,,,,,,
PAT013247,,,,,,,,,,,
PAT013248,,,,,,,,,,,
PAT013249,,,,,,,,,,,
PAT013250,,,,,,,,,,,
PAT013251,,,,,,,,,,,
PAT013252,,,,,,,,,,,
PAT013253,,,,,,,,,,,
PAT013254,,,,,,,,,,,
PAT013255,,,,,,,,,,,
PAT013256,,,,,,,,,,,
PAT013257,,,,,,,,,,,
PAT013258,,,,,,,,,,,
PAT013259,,,,,,,,,,,
PAT013260,,,,,,,,,,,
PAT013261,,,,,,,,,,,
PAT013262,,,,,,,,,,,
PAT013263,,,,,,,,,,,
PAT013264,,,,,,,,,,,
PAT013265,,,,,,,,,,,
PAT013266,,,,,,,,,,,
PAT013267,,,,,,,,,,,
PAT013268,,,,,,,,,,,
PAT013269,,,,,,,,,,,
PAT013270,,,,,,,,,,,
PAT013271,,,,,,,,,,,
PAT013272,,,,,,,,,,,
PAT013273,,,,,,,,,,,
PAT013274,,,,,,,,,,,
PAT013275,,,,,,,,,,,
PAT013276,,,,,,,,,,,
PAT013277,,,,,,,,,,,
PAT013278,,,,,,,,,,,
PAT013279,,,,,,,,,,,
PAT013280,,,,,,,,,,,
PAT013281,,,,,,,,,,,
PAT013282,,,,,,,,,,,
PAT013283,,,,,,,,,,,
PAT013284,,,,,,,,,,,
PAT013285,,,,,,,,,,,
PAT013286,,,,,,,,,,,
PAT013287,,,,,,,,,,,
PAT013288,,,,,,,,,,,
PAT013289,,,,,,,,,,,
PAT013290,,,,,,,,,,,
PAT013291,,,,,,,,,,,
PAT013292,,,,,,,,,,,
PAT013293,,,,,,,,,,,
PAT013294,,,,,,,,,,,
PAT013295,,,,,,,,,,,
PAT013296,,,,,,,,,,,
PAT013297,,,,,,,,,,,
PAT013298,,,,,,,,,,,
PAT013299,,,,,,,,,,,
PAT013300,,,,,,,,,,,
PAT013301,,,,,,,,,,,
PAT013302,,,,,,,,,,,
PAT013303,,,,,,,,,,,
PAT013304,,,,,,,,,,,
PAT013305,,,,,,,,,,,
PAT013306,,,,,,,,,,,
PAT013307,,,,,,,,,,,
PAT013308,,,,,,,,,,,
PAT013309,,,,,,,,,,,
PAT013310,,,,,,,,,,,
PAT013311,,,,,,,,,,,
PAT013312,,,,,,,,,,,
PAT013313,,,,,,,,,,,
PAT013314,,,,,,,,,,,
PAT013315,,,,,,,,,,,
PAT013316,,,,,,,,,,,
PAT013317,,,,,,,,,,,
PAT013318,,,,,,,,,,,
PAT013319,,,,,,,,,,,
PAT013320,,,,,,,,,,,
PAT013321,,,,,,,,,,,
PAT013322,,,,,,,,,,,
PAT013323,,,,,,,,,,,
PAT013324,,,,,,,,,,,
PAT013325,,,,,,,,,,,
PAT013326,,,,,,,,,,,
PAT013327,,,,,,,,,,,
PAT013328,,,,,,,,,,,
PAT013329,,,,,,,,,,,
PAT013330,,,,,,,,,,,
PAT013331,,,,,,,,,,,
PAT013332,,,,,,,,,,,
PAT013333,,,,,,,,,,,
PAT013334,,,,,,,,,,,
PAT013335,,,,,,,,,,,
PAT013336,,,,,,,,,,,
PAT013337,,,,,,,,,,,
PAT013338,,,,,,,,,,,
PAT013339,,,,,,,,,,,
PAT013340,,,,,,,,,,,
PAT013341,,,,,,,,,,,
PAT013342,,,,,,,,,,,
PAT013343,,,,,,,,,,,
PAT013344,,,,,,,,,,,
PAT013345,,,,,,,,,,,
PAT013346,,,,,,,,,,,
PAT013347,,,,,,,,,,,
PAT013348,,,,,,,,,,,
PAT013349,,,,,,,,,,,
PAT013350,,,,,,,,,,,
PAT013351,,,,,,,,,,,
PAT013352,,,,,,,,,,,
PAT013353,,,,,,,,,,,
PAT013354,,,,,,,,,,,
PAT013355,,,,,,,,,,,
PAT013356,,,,,,,,,,,
PAT013357,,,,,,,,,,,
PAT013358,,,,,,,,,,,
PAT013359,,,,,,,,,,,
PAT013360,,,,,,,,,,,
PAT013361,,,,,,,,,,,
PAT013362,,,,,,,,,,,
PAT013363,,,,,,,,,,,
PAT013364,,,,,,,,,,,
PAT013365,,,,,,,,,,,
PAT013366,,,,,,,,,,,
PAT013367,,,,,,,,,,,
PAT013368,,,,,,,,,,,
PAT013369,,,,,,,,,,,
PAT013370,,,,,,,,,,,
PAT013371,,,,,,,,,,,
PAT013372,,,,,,,,,,,
PAT013373,,,,,,,,,,,
PAT013374,,,,,,,,,,,
PAT013375,,,,,,,,,,,
PAT013376,,,,,,,,,,,
PAT013377,,,,,,,,,,,
PAT013378,,,,,,,,,,,
PAT013379,,,,,,,,,,,
PAT013380,,,,,,,,,,,
PAT013381,,,,,,,,,,,
PAT013382,,,,,,,,,,,
PAT013383,,,,,,,,,,,
PAT013384,,,,,,,,,,,
PAT013385,,,,,,,,,,,
PAT013386,,,,,,,,,,,
PAT013387,,,,,,,,,,,
PAT013388,,,,,,,,,,,
PAT013389,,,,,,,,,,,
PAT013390,,,,,,,,,,,
PAT013391,,,,,,,,,,,
PAT013392,,,,,,,,,,,
PAT013393,,,,,,,,,,,
PAT013394,,,,,,,,,,,
PAT013395,,,,,,,,,,,
PAT013396,,,,,,,,,,,
PAT013397,,,,,,,,,,,
PAT013398,,,,,,,,,,,
PAT013399,,,,,,,,,,,
PAT013400,,,,,,,,,,,
PAT013401,,,,,,,,,,,
PAT013402,,,,,,,,,,,
PAT013403,,,,,,,,,,,
PAT013404,,,,,,,,,,,
PAT013405,,,,,,,,,,,
PAT013406,,,,,,,,,,,
PAT013407,,,,,,,,,,,
PAT013408,,,,,,,,,,,
PAT013409,,,,,,,,,,,
PAT013410,,,,,,,,,,,
PAT013411,,,,,,,,,,,
PAT013412,,,,,,,,,,,
PAT013413,,,,,,,,,,,
PAT013414,,,,,,,,,,,
PAT013415,,,,,,,,,,,
PAT013416,,,,,,,,,,,
PAT013417,,,,,,,,,,,
PAT013418,,,,,,,,,,,
PAT013419,,,,,,,,,,,
PAT013420,,,,,,,,,,,
PAT013421,,,,,,,,,,,
PAT013422,,,,,,,,,,,
PAT013423,,,,,,,,,,,
PAT013424,,,,,,,,,,,
PAT013425,,,,,,,,,,,
PAT013426,,,,,,,,,,,
PAT013427,,,,,,,,,,,
PAT013428,,,,,,,,,,,
PAT013429,,,,,,,,,,,
PAT013430,,,,,,,,,,,
PAT013431,,,,,,,,,,,
PAT013432,,,,,,,,,,,
PAT013433,,,,,,,,,,,
PAT013434,,,,,,,,,,,
PAT013435,,,,,,,,,,,
PAT013436,,,,,,,,,,,
PAT013437,,,,,,,,,,,
PAT013438,,,,,,,,,,,
PAT013439,,,,,,,,,,,
PAT013440,,,,,,,,,,,
PAT013441,,,,,,,,,,,
PAT013442,,,,,,,,,,,
PAT013443,,,,,,,,,,,
PAT013444,,,,,,,,,,,
PAT013445,,,,,,,,,,,
PAT013446,,,,,,,,,,,
PAT013447,,,,,,,,,,,
PAT013448,,,,,,,,,,,
PAT013449,,,,,,,,,,,
PAT013450,,,,,,,,,,,
PAT013451,,,,,,,,,,,
PAT013452,,,,,,,,,,,
PAT013453,,,,,,,,,,,
PAT013454,,,,,,,,,,,
PAT013455,,,,,,,,,,,
PAT013456,,,,,,,,,,,
PAT013457,,,,,,,,,,,
PAT013458,,,,,,,,,,,
PAT013459,,,,,,,,,,,
PAT013460,,,,,,,,,,,
PAT013461,,,,,,,,,,,
PAT013462,,,,,,,,,,,
PAT013463,,,,,,,,,,,
PAT013464,,,,,,,,,,,
PAT013465,,,,,,,,,,,
PAT013466,,,,,,,,,,,
PAT013467,,,,,,,,,,,
PAT013468,,,,,,,,,,,
PAT013469,,,,,,,,,,,
PAT013470,,,,,,,,,,,
PAT013471,,,,,,,,,,,
PAT013472,,,,,,,,,,,
PAT013473,,,,,,,,,,,
PAT013474,,,,,,,,,,,
PAT013475,,,,,,,,,,,
PAT013476,,,,,,,,,,,
PAT013477,,,,,,,,,,,
PAT013478,,,,,,,,,,,
PAT013479,,,,,,,,,,,
PAT013480,,,,,,,,,,,
PAT013481,,,,,,,,,,,
PAT013482,,,,,,,,,,,
PAT013483,,,,,,,,,,,
PAT013484,,,,,,,,,,,
PAT013485,,,,,,,,,,,
PAT013486,,,,,,,,,,,
PAT013487,,,,,,,,,,,
PAT013488,,,,,,,,,,,
PAT013489,,,,,,,,,,,
PAT013490,,,,,,,,,,,
PAT013491,,,,,,,,,,,
PAT013492,,,,,,,,,,,
PAT013493,,,,,,,,,,,
PAT013494,,,,,,,,,,,
PAT013495,,,,,,,,,,,
PAT013496,,,,,,,,,,,
PAT013497,,,,,,,,,,,
PAT013498,,,,,,,,,,,
PAT013499,,,,,,,,,,,
PAT013500,,,,,,,,,,,
PAT013501,,,,,,,,,,,
PAT013502,,,,,,,,,,,
PAT013503,,,,,,,,,,,
PAT013504,,,,,,,,,,,
PAT013505,,,,,,,,,,,
PAT013506,,,,,,,,,,,
PAT013507,,,,,,,,,,,
PAT013508,,,,,,,,,,,
PAT013509,,,,,,,,,,,
PAT013510,,,,,,,,,,,
PAT013511,,,,,,,,,,,
PAT013512,,,,,,,,,,,
PAT013513,,,,,,,,,,,
PAT013514,,,,,,,,,,,
PAT013515,,,,,,,,,,,
PAT013516,,,,,,,,,,,
PAT013517,,,,,,,,,,,
PAT013518,,,,,,,,,,,
PAT013519,,,,,,,,,,,
PAT013520,,,,,,,,,,,
PAT013521,,,,,,,,,,,
PAT013522,,,,,,,,,,,
PAT013523,,,,,,,,,,,
PAT013524,,,,,,,,,,,
PAT013525,,,,,,,,,,,
PAT013526,,,,,,,,,,,
PAT013527,,,,,,,,,,,
PAT013528,,,,,,,,,,,
PAT013529,,,,,,,,,,,
PAT013530,,,,,,,,,,,
PAT013531,,,,,,,,,,,
PAT013532,,,,,,,,,,,
PAT013533,,,,,,,,,,,
PAT013534,,,,,,,,,,,
PAT013535,,,,,,,,,,,
PAT013536,,,,,,,,,,,
PAT013537,,,,,,,,,,,
PAT013538,,,,,,,,,,,
PAT013539,,,,,,,,,,,
PAT013540,,,,,,,,,,,
PAT013541,,,,,,,,,,,
PAT013542,,,,,,,,,,,
PAT013543,,,,,,,,,,,
PAT013544,,,,,,,,,,,
PAT013545,,,,,,,,,,,
PAT013546,,,,,,,,,,,
PAT013547,,,,,,,,,,,
PAT013548,,,,,,,,,,,
PAT013549,,,,,,,,,,,
PAT013550,,,,,,,,,,,
PAT013551,,,,,,,,,,,
PAT013552,,,,,,,,,,,
PAT013553,,,,,,,,,,,
PAT013554,,,,,,,,,,,
PAT013555,,,,,,,,,,,
PAT013556,,,,,,,,,,,
PAT013557,,,,,,,,,,,
PAT013558,,,,,,,,,,,
PAT013559,,,,,,,,,,,
PAT013560,,,,,,,,,,,
PAT013561,,,,,,,,,,,
PAT013562,,,,,,,,,,,
PAT013563,,,,,,,,,,,
PAT013564,,,,,,,,,,,
PAT013565,,,,,,,,,,,
PAT013566,,,,,,,,,,,
PAT013567,,,,,,,,,,,
PAT013568,,,,,,,,,,,
PAT013569,,,,,,,,,,,
PAT013570,,,,,,,,,,,
PAT013571,,,,,,,,,,,
PAT013572,,,,,,,,,,,
PAT013573,,,,,,,,,,,
PAT013574,,,,,,,,,,,
PAT013575,,,,,,,,,,,
PAT013576,,,,,,,,,,,
PAT013577,,,,,,,,,,,
PAT013578,,,,,,,,,,,
PAT013579,,,,,,,,,,,
PAT013580,,,,,,,,,,,
PAT013581,,,,,,,,,,,
PAT013582,,,,,,,,,,,
PAT013583,,,,,,,,,,,
PAT013584,,,,,,,,,,,
PAT013585,,,,,,,,,,,
PAT013586,,,,,,,,,,,
PAT013587,,,,,,,,,,,
PAT013588,,,,,,,,,,,
PAT013589,,,,,,,,,,,
PAT013590,,,,,,,,,,,
PAT013591,,,,,,,,,,,
PAT013592,,,,,,,,,,,
PAT013593,,,,,,,,,,,
PAT013594,,,,,,,,,,,
PAT013595,,,,,,,,,,,
PAT013596,,,,,,,,,,,
PAT013597,,,,,,,,,,,
PAT013598,,,,,,,,,,,
PAT013599,,,,,,,,,,,
PAT013600,,,,,,,,,,,
PAT013601,,,,,,,,,,,
PAT013602,,,,,,,,,,,
PAT013603,,,,,,,,,,,
PAT013604,,,,,,,,,,,
PAT013605,,,,,,,,,,,
PAT013606,,,,,,,,,,,
PAT013607,,,,,,,,,,,
PAT013608,,,,,,,,,,,
PAT013609,,,,,,,,,,,
PAT013610,,,,,,,,,,,
PAT013611,,,,,,,,,,,
PAT013612,,,,,,,,,,,
PAT013613,,,,,,,,,,,
PAT013614,,,,,,,,,,,
PAT013615,,,,,,,,,,,
PAT013616,,,,,,,,,,,
PAT013617,,,,,,,,,,,
PAT013618,,,,,,,,,,,
PAT013619,,,,,,,,,,,
PAT013620,,,,,,,,,,,
PAT013621,,,,,,,,,,,
PAT013622,,,,,,,,,,,
PAT013623,,,,,,,,,,,
PAT013624,,,,,,,,,,,
PAT013625,,,,,,,,,,,
PAT013626,,,,,,,,,,,
PAT013627,,,,,,,,,,,
PAT013628,,,,,,,,,,,
PAT013629,,,,,,,,,,,
PAT013630,,,,,,,,,,,
PAT013631,,,,,,,,,,,
PAT013632,,,,,,,,,,,
PAT013633,,,,,,,,,,,
PAT013634,,,,,,,,,,,
PAT013635,,,,,,,,,,,
PAT013636,,,,,,,,,,,
PAT013637,,,,,,,,,,,
PAT013638,,,,,,,,,,,
PAT013639,,,,,,,,,,,
PAT013640,,,,,,,,,,,
PAT013641,,,,,,,,,,,
PAT013642,,,,,,,,,,,
PAT013643,,,,,,,,,,,
PAT013644,,,,,,,,,,,
PAT013645,,,,,,,,,,,
PAT013646,,,,,,,,,,,
PAT013647,,,,,,,,,,,
PAT013648,,,,,,,,,,,
PAT013649,,,,,,,,,,,
PAT013650,,,,,,,,,,,
PAT013651,,,,,,,,,,,
PAT013652,,,,,,,,,,,
PAT013653,,,,,,,,,,,
PAT013654,,,,,,,,,,,
PAT013655,,,,,,,,,,,
PAT013656,,,,,,,,,,,
PAT013657,,,,,,,,,,,
PAT013658,,,,,,,,,,,
PAT013659,,,,,,,,,,,
PAT013660,,,,,,,,,,,
PAT013661,,,,,,,,,,,
PAT013662,,,,,,,,,,,
PAT013663,,,,,,,,,,,
PAT013664,,,,,,,,,,,
PAT013665,,,,,,,,,,,
PAT013666,,,,,,,,,,,
PAT013667,,,,,,,,,,,
PAT013668,,,,,,,,,,,
PAT013669,,,,,,,,,,,
PAT013670,,,,,,,,,,,
PAT013671,,,,,,,,,,,
PAT013672,,,,,,,,,,,
PAT013673,,,,,,,,,,,
PAT013674,,,,,,,,,,,
PAT013675,,,,,,,,,,,
PAT013676,,,,,,,,,,,
PAT013677,,,,,,,,,,,
PAT013678,,,,,,,,,,,
PAT013679,,,,,,,,,,,
PAT013680,,,,,,,,,,,
PAT013681,,,,,,,,,,,
PAT013682,,,,,,,,,,,
PAT013683,,,,,,,,,,,
PAT013684,,,,,,,,,,,
PAT013685,,,,,,,,,,,
PAT013686,,,,,,,,,,,
PAT013687,,,,,,,,,,,
PAT013688,,,,,,,,,,,
PAT013689,,,,,,,,,,,
PAT013690,,,,,,,,,,,
PAT013691,,,,,,,,,,,
PAT013692,,,,,,,,,,,
PAT013693,,,,,,,,,,,
PAT013694,,,,,,,,,,,
PAT013695,,,,,,,,,,,
PAT013696,,,,,,,,,,,
PAT013697,,,,,,,,,,,
PAT013698,,,,,,,,,,,
PAT013699,,,,,,,,,,,
PAT013700,,,,,,,,,,,
PAT013701,,,,,,,,,,,
PAT013702,,,,,,,,,,,
PAT013703,,,,,,,,,,,
PAT013704,,,,,,,,,,,
PAT013705,,,,,,,,,,,
PAT013706,,,,,,,,,,,
PAT013707,,,,,,,,,,,
PAT013708,,,,,,,,,,,
PAT013709,,,,,,,,,,,
PAT013710,,,,,,,,,,,
PAT013711,,,,,,,,,,,
PAT013712,,,,,,,,,,,
PAT013713,,,,,,,,,,,
PAT013714,,,,,,,,,,,
PAT013715,,,,,,,,,,,
PAT013716,,,,,,,,,,,
PAT013717,,,,,,,,,,,
PAT013718,,,,,,,,,,,
PAT013719,,,,,,,,,,,
PAT013720,,,,,,,,,,,
PAT013721,,,,,,,,,,,
PAT013722,,,,,,,,,,,
PAT013723,,,,,,,,,,,
PAT013724,,,,,,,,,,,
PAT013725,,,,,,,,,,,
PAT013726,,,,,,,,,,,
PAT013727,,,,,,,,,,,
PAT013728,,,,,,,,,,,
PAT013729,,,,,,,,,,,
PAT013730,,,,,,,,,,,
PAT013731,,,,,,,,,,,
PAT013732,,,,,,,,,,,
PAT013733,,,,,,,,,,,
PAT013734,,,,,,,,,,,
PAT013735,,,,,,,,,,,
PAT013736,,,,,,,,,,,
PAT013737,,,,,,,,,,,
PAT013738,,,,,,,,,,,
PAT013739,,,,,,,,,,,
PAT013740,,,,,,,,,,,
PAT013741,,,,,,,,,,,
PAT013742,,,,,,,,,,,
PAT013743,,,,,,,,,,,
PAT013744,,,,,,,,,,,
PAT013745,,,,,,,,,,,
PAT013746,,,,,,,,,,,
PAT013747,,,,,,,,,,,
PAT013748,,,,,,,,,,,
PAT013749,,,,,,,,,,,
PAT013750,,,,,,,,,,,
PAT013751,,,,,,,,,,,
PAT013752,,,,,,,,,,,
PAT013753,,,,,,,,,,,
PAT013754,,,,,,,,,,,
PAT013755,,,,,,,,,,,
PAT013756,,,,,,,,,,,
PAT013757,,,,,,,,,,,
PAT013758,,,,,,,,,,,
PAT013759,,,,,,,,,,,
PAT013760,,,,,,,,,,,
PAT013761,,,,,,,,,,,
PAT013762,,,,,,,,,,,
PAT013763,,,,,,,,,,,
PAT013764,,,,,,,,,,,
PAT013765,,,,,,,,,,,
PAT013766,,,,,,,,,,,
PAT013767,,,,,,,,,,,
PAT013768,,,,,,,,,,,
PAT013769,,,,,,,,,,,
PAT013770,,,,,,,,,,,
PAT013771,,,,,,,,,,,
PAT013772,,,,,,,,,,,
PAT013773,,,,,,,,,,,
PAT013774,,,,,,,,,,,
PAT013775,,,,,,,,,,,
PAT013776,,,,,,,,,,,
PAT013777,,,,,,,,,,,
PAT013778,,,,,,,,,,,
PAT013779,,,,,,,,,,,
PAT013780,,,,,,,,,,,
PAT013781,,,,,,,,,,,
PAT013782,,,,,,,,,,,
PAT013783,,,,,,,,,,,
PAT013784,,,,,,,,,,,
PAT013785,,,,,,,,,,,
PAT013786,,,,,,,,,,,
PAT013787,,,,,,,,,,,
PAT013788,,,,,,,,,,,
PAT013789,,,,,,,,,,,
PAT013790,,,,,,,,,,,
PAT013791,,,,,,,,,,,
PAT013792,,,,,,,,,,,
PAT013793,,,,,,,,,,,
PAT013794,,,,,,,,,,,
PAT013795,,,,,,,,,,,
PAT013796,,,,,,,,,,,
PAT013797,,,,,,,,,,,
PAT013798,,,,,,,,,,,
PAT013799,,,,,,,,,,,
PAT013800,,,,,,,,,,,
PAT013801,,,,,,,,,,,
PAT013802,,,,,,,,,,,
PAT013803,,,,,,,,,,,
PAT013804,,,,,,,,,,,
PAT013805,,,,,,,,,,,
PAT013806,,,,,,,,,,,
PAT013807,,,,,,,,,,,
PAT013808,,,,,,,,,,,
PAT013809,,,,,,,,,,,
PAT013810,,,,,,,,,,,
PAT013811,,,,,,,,,,,
PAT013812,,,,,,,,,,,
PAT013813,,,,,,,,,,,
PAT013814,,,,,,,,,,,
PAT013815,,,,,,,,,,,
PAT013816,,,,,,,,,,,
PAT013817,,,,,,,,,,,
PAT013818,,,,,,,,,,,
PAT013819,,,,,,,,,,,
PAT013820,,,,,,,,,,,
PAT013821,,,,,,,,,,,
PAT013822,,,,,,,,,,,
PAT013823,,,,,,,,,,,
PAT013824,,,,,,,,,,,
PAT013825,,,,,,,,,,,
PAT013826,,,,,,,,,,,
PAT013827,,,,,,,,,,,
PAT013828,,,,,,,,,,,
PAT013829,,,,,,,,,,,
PAT013830,,,,,,,,,,,
PAT013831,,,,,,,,,,,
PAT013832,,,,,,,,,,,
PAT013833,,,,,,,,,,,
PAT013834,,,,,,,,,,,
PAT013835,,,,,,,,,,,
PAT013836,,,,,,,,,,,
PAT013837,,,,,,,,,,,
PAT013838,,,,,,,,,,,
PAT013839,,,,,,,,,,,
PAT013840,,,,,,,,,,,
PAT013841,,,,,,,,,,,
PAT013842,,,,,,,,,,,
PAT013843,,,,,,,,,,,
PAT013844,,,,,,,,,,,
PAT013845,,,,,,,,,,,
PAT013846,,,,,,,,,,,
PAT013847,,,,,,,,,,,
PAT013848,,,,,,,,,,,
PAT013849,,,,,,,,,,,
PAT013850,,,,,,,,,,,
PAT013851,,,,,,,,,,,
PAT013852,,,,,,,,,,,
PAT013853,,,,,,,,,,,
PAT013854,,,,,,,,,,,
PAT013855,,,,,,,,,,,
PAT013856,,,,,,,,,,,
PAT013857,,,,,,,,,,,
PAT013858,,,,,,,,,,,
PAT013859,,,,,,,,,,,
PAT013860,,,,,,,,,,,
PAT013861,,,,,,,,,,,
PAT013862,,,,,,,,,,,
PAT013863,,,,,,,,,,,
PAT013864,,,,,,,,,,,
PAT013865,,,,,,,,,,,
PAT013866,,,,,,,,,,,
PAT013867,,,,,,,,,,,
PAT013868,,,,,,,,,,,
PAT013869,,,,,,,,,,,
PAT013870,,,,,,,,,,,
PAT013871,,,,,,,,,,,
PAT013872,,,,,,,,,,,
PAT013873,,,,,,,,,,,
PAT013874,,,,,,,,,,,
PAT013875,,,,,,,,,,,
PAT013876,,,,,,,,,,,
PAT013877,,,,,,,,,,,
PAT013878,,,,,,,,,,,
PAT013879,,,,,,,,,,,
PAT013880,,,,,,,,,,,
PAT013881,,,,,,,,,,,
PAT013882,,,,,,,,,,,
PAT013883,,,,,,,,,,,
PAT013884,,,,,,,,,,,
PAT013885,,,,,,,,,,,
PAT013886,,,,,,,,,,,
PAT013887,,,,,,,,,,,
PAT013888,,,,,,,,,,,
PAT013889,,,,,,,,,,,
PAT013890,,,,,,,,,,,
PAT013891,,,,,,,,,,,
PAT013892,,,,,,,,,,,
PAT013893,,,,,,,,,,,
PAT013894,,,,,,,,,,,
PAT013895,,,,,,,,,,,
PAT013896,,,,,,,,,,,
PAT013897,,,,,,,,,,,
PAT013898,,,,,,,,,,,
PAT013899,,,,,,,,,,,
PAT013900,,,,,,,,,,,
PAT013901,,,,,,,,,,,
PAT013902,,,,,,,,,,,
PAT013903,,,,,,,,,,,
PAT013904,,,,,,,,,,,
PAT013905,,,,,,,,,,,
PAT013906,,,,,,,,,,,
PAT013907,,,,,,,,,,,
PAT013908,,,,,,,,,,,
PAT013909,,,,,,,,,,,
PAT013910,,,,,,,,,,,
PAT013911,,,,,,,,,,,
PAT013912,,,,,,,,,,,
PAT013913,,,,,,,,,,,
PAT013914,,,,,,,,,,,
PAT013915,,,,,,,,,,,
PAT013916,,,,,,,,,,,
PAT013917,,,,,,,,,,,
PAT013918,,,,,,,,,,,
PAT013919,,,,,,,,,,,
PAT013920,,,,,,,,,,,
PAT013921,,,,,,,,,,,
PAT013922,,,,,,,,,,,
PAT013923,,,,,,,,,,,
PAT013924,,,,,,,,,,,
PAT013925,,,,,,,,,,,
PAT013926,,,,,,,,,,,
PAT013927,,,,,,,,,,,
PAT013928,,,,,,,,,,,
PAT013929,,,,,,,,,,,
PAT013930,,,,,,,,,,,
PAT013931,,,,,,,,,,,
PAT013932,,,,,,,,,,,
PAT013933,,,,,,,,,,,
PAT013934,,,,,,,,,,,
PAT013935,,,,,,,,,,,
PAT013936,,,,,,,,,,,
PAT013937,,,,,,,,,,,
PAT013938,,,,,,,,,,,
PAT013939,,,,,,,,,,,
PAT013940,,,,,,,,,,,
PAT013941,,,,,,,,,,,
PAT013942,,,,,,,,,,,
PAT013943,,,,,,,,,,,
PAT013944,,,,,,,,,,,
PAT013945,,,,,,,,,,,
PAT013946,,,,,,,,,,,
PAT013947,,,,,,,,,,,
PAT013948,,,,,,,,,,,
PAT013949,,,,,,,,,,,
PAT013950,,,,,,,,,,,
PAT013951,,,,,,,,,,,
PAT013952,,,,,,,,,,,
PAT013953,,,,,,,,,,,
PAT013954,,,,,,,,,,,
PAT013955,,,,,,,,,,,
PAT013956,,,,,,,,,,,
PAT013957,,,,,,,,,,,
PAT013958,,,,,,,,,,,
PAT013959,,,,,,,,,,,
PAT013960,,,,,,,,,,,
PAT013961,,,,,,,,,,,
PAT013962,,,,,,,,,,,
PAT013963,,,,,,,,,,,
PAT013964,,,,,,,,,,,
PAT013965,,,,,,,,,,,
PAT013966,,,,,,,,,,,
PAT013967,,,,,,,,,,,
PAT013968,,,,,,,,,,,
PAT013969,,,,,,,,,,,
PAT013970,,,,,,,,,,,
PAT013971,,,,,,,,,,,
PAT013972,,,,,,,,,,,
PAT013973,,,,,,,,,,,
PAT013974,,,,,,,,,,,
PAT013975,,,,,,,,,,,
PAT013976,,,,,,,,,,,
PAT013977,,,,,,,,,,,
PAT013978,,,,,,,,,,,
PAT013979,,,,,,,,,,,
PAT013980,,,,,,,,,,,
PAT013981,,,,,,,,,,,
PAT013982,,,,,,,,,,,
PAT013983,,,,,,,,,,,
PAT013984,,,,,,,,,,,
PAT013985,,,,,,,,,,,
PAT013986,,,,,,,,,,,
PAT013987,,,,,,,,,,,
PAT013988,,,,,,,,,,,
PAT013989,,,,,,,,,,,
PAT013990,,,,,,,,,,,
PAT013991,,,,,,,,,,,
PAT013992,,,,,,,,,,,
PAT013993,,,,,,,,,,,
PAT013994,,,,,,,,,,,
PAT013995,,,,,,,,,,,
PAT013996,,,,,,,,,,,
PAT013997,,,,,,,,,,,
PAT013998,,,,,,,,,,,
PAT013999,,,,,,,,,,,
PAT014000,,,,,,,,,,,
PAT014001,,,,,,,,,,,
PAT014002,,,,,,,,,,,
PAT014003,,,,,,,,,,,
PAT014004,,,,,,,,,,,
PAT014005,,,,,,,,,,,
PAT014006,,,,,,,,,,,
PAT014007,,,,,,,,,,,
PAT014008,,,,,,,,,,,
PAT014009,,,,,,,,,,,
PAT014010,,,,,,,,,,,
PAT014011,,,,,,,,,,,
PAT014012,,,,,,,,,,,
PAT014013,,,,,,,,,,,
PAT014014,,,,,,,,,,,
PAT014015,,,,,,,,,,,
PAT014016,,,,,,,,,,,
PAT014017,,,,,,,,,,,
PAT014018,,,,,,,,,,,
PAT014019,,,,,,,,,,,
PAT014020,,,,,,,,,,,
PAT014021,,,,,,,,,,,
PAT014022,,,,,,,,,,,
PAT014023,,,,,,,,,,,
PAT014024,,,,,,,,,,,
PAT014025,,,,,,,,,,,
PAT014026,,,,,,,,,,,
PAT014027,,,,,,,,,,,
PAT014028,,,,,,,,,,,
PAT014029,,,,,,,,,,,
PAT014030,,,,,,,,,,,
PAT014031,,,,,,,,,,,
PAT014032,,,,,,,,,,,
PAT014033,,,,,,,,,,,
PAT014034,,,,,,,,,,,
PAT014035,,,,,,,,,,,
PAT014036,,,,,,,,,,,
PAT014037,,,,,,,,,,,
PAT014038,,,,,,,,,,,
PAT014039,,,,,,,,,,,
PAT014040,,,,,,,,,,,
PAT014041,,,,,,,,,,,
PAT014042,,,,,,,,,,,
PAT014043,,,,,,,,,,,
PAT014044,,,,,,,,,,,
PAT014045,,,,,,,,,,,
PAT014046,,,,,,,,,,,
PAT014047,,,,,,,,,,,
PAT014048,,,,,,,,,,,
PAT014049,,,,,,,,,,,
PAT014050,,,,,,,,,,,
PAT014051,,,,,,,,,,,
PAT014052,,,,,,,,,,,
PAT014053,,,,,,,,,,,
PAT014054,,,,,,,,,,,
PAT014055,,,,,,,,,,,
PAT014056,,,,,,,,,,,
PAT014057,,,,,,,,,,,
PAT014058,,,,,,,,,,,
PAT014059,,,,,,,,,,,
PAT014060,,,,,,,,,,,
PAT014061,,,,,,,,,,,
PAT014062,,,,,,,,,,,
PAT014063,,,,,,,,,,,
PAT014064,,,,,,,,,,,
PAT014065,,,,,,,,,,,
PAT014066,,,,,,,,,,,
PAT014067,,,,,,,,,,,
PAT014068,,,,,,,,,,,
PAT014069,,,,,,,,,,,
PAT014070,,,,,,,,,,,
PAT014071,,,,,,,,,,,
PAT014072,,,,,,,,,,,
PAT014073,,,,,,,,,,,
PAT014074,,,,,,,,,,,
PAT014075,,,,,,,,,,,
PAT014076,,,,,,,,,,,
PAT014077,,,,,,,,,,,
PAT014078,,,,,,,,,,,
PAT014079,,,,,,,,,,,
PAT014080,,,,,,,,,,,
PAT014081,,,,,,,,,,,
PAT014082,,,,,,,,,,,
PAT014083,,,,,,,,,,,
PAT014084,,,,,,,,,,,
PAT014085,,,,,,,,,,,
PAT014086,,,,,,,,,,,
PAT014087,,,,,,,,,,,
PAT014088,,,,,,,,,,,
PAT014089,,,,,,,,,,,
PAT014090,,,,,,,,,,,
PAT014091,,,,,,,,,,,
PAT014092,,,,,,,,,,,
PAT014093,,,,,,,,,,,
PAT014094,,,,,,,,,,,
PAT014095,,,,,,,,,,,
PAT014096,,,,,,,,,,,
PAT014097,,,,,,,,,,,
PAT014098,,,,,,,,,,,
PAT014099,,,,,,,,,,,
PAT014100,,,,,,,,,,,
PAT014101,,,,,,,,,,,
PAT014102,,,,,,,,,,,
PAT014103,,,,,,,,,,,
PAT014104,,,,,,,,,,,
PAT014105,,,,,,,,,,,
PAT014106,,,,,,,,,,,
PAT014107,,,,,,,,,,,
PAT014108,,,,,,,,,,,
PAT014109,,,,,,,,,,,
PAT014110,,,,,,,,,,,
PAT014111,,,,,,,,,,,
PAT014112,,,,,,,,,,,
PAT014113,,,,,,,,,,,
PAT014114,,,,,,,,,,,
PAT014115,,,,,,,,,,,
PAT014116,,,,,,,,,,,
PAT014117,,,,,,,,,,,
PAT014118,,,,,,,,,,,
PAT014119,,,,,,,,,,,
PAT014120,,,,,,,,,,,
PAT014121,,,,,,,,,,,
PAT014122,,,,,,,,,,,
PAT014123,,,,,,,,,,,
PAT014124,,,,,,,,,,,
PAT014125,,,,,,,,,,,
PAT014126,,,,,,,,,,,
PAT014127,,,,,,,,,,,
PAT014128,,,,,,,,,,,
PAT014129,,,,,,,,,,,
PAT014130,,,,,,,,,,,
PAT014131,,,,,,,,,,,
PAT014132,,,,,,,,,,,
PAT014133,,,,,,,,,,,
PAT014134,,,,,,,,,,,
PAT014135,,,,,,,,,,,
PAT014136,,,,,,,,,,,
PAT014137,,,,,,,,,,,
PAT014138,,,,,,,,,,,
PAT014139,,,,,,,,,,,
PAT014140,,,,,,,,,,,
PAT014141,,,,,,,,,,,
PAT014142,,,,,,,,,,,
PAT014143,,,,,,,,,,,
PAT014144,,,,,,,,,,,
PAT014145,,,,,,,,,,,
PAT014146,,,,,,,,,,,
PAT014147,,,,,,,,,,,
PAT014148,,,,,,,,,,,
PAT014149,,,,,,,,,,,
PAT014150,,,,,,,,,,,
PAT014151,,,,,,,,,,,
PAT014152,,,,,,,,,,,
PAT014153,,,,,,,,,,,
PAT014154,,,,,,,,,,,
PAT014155,,,,,,,,,,,
PAT014156,,,,,,,,,,,
PAT014157,,,,,,,,,,,
PAT014158,,,,,,,,,,,
PAT014159,,,,,,,,,,,
PAT014160,,,,,,,,,,,
PAT014161,,,,,,,,,,,
PAT014162,,,,,,,,,,,
PAT014163,,,,,,,,,,,
PAT014164,,,,,,,,,,,
PAT014165,,,,,,,,,,,
PAT014166,,,,,,,,,,,
PAT014167,,,,,,,,,,,
PAT014168,,,,,,,,,,,
PAT014169,,,,,,,,,,,
PAT014170,,,,,,,,,,,
PAT014171,,,,,,,,,,,
PAT014172,,,,,,,,,,,
PAT014173,,,,,,,,,,,
PAT014174,,,,,,,,,,,
PAT014175,,,,,,,,,,,
PAT014176,,,,,,,,,,,
PAT014177,,,,,,,,,,,
PAT014178,,,,,,,,,,,
PAT014179,,,,,,,,,,,
PAT014180,,,,,,,,,,,
PAT014181,,,,,,,,,,,
PAT014182,,,,,,,,,,,
PAT014183,,,,,,,,,,,
PAT014184,,,,,,,,,,,
PAT014185,,,,,,,,,,,
PAT014186,,,,,,,,,,,
PAT014187,,,,,,,,,,,
PAT014188,,,,,,,,,,,
PAT014189,,,,,,,,,,,
PAT014190,,,,,,,,,,,
PAT014191,,,,,,,,,,,
PAT014192,,,,,,,,,,,
PAT014193,,,,,,,,,,,
PAT014194,,,,,,,,,,,
PAT014195,,,,,,,,,,,
PAT014196,,,,,,,,,,,
PAT014197,,,,,,,,,,,
PAT014198,,,,,,,,,,,
PAT014199,,,,,,,,,,,
PAT014200,,,,,,,,,,,
PAT014201,,,,,,,,,,,
PAT014202,,,,,,,,,,,
PAT014203,,,,,,,,,,,
PAT014204,,,,,,,,,,,
PAT014205,,,,,,,,,,,
PAT014206,,,,,,,,,,,
PAT014207,,,,,,,,,,,
PAT014208,,,,,,,,,,,
PAT014209,,,,,,,,,,,
PAT014210,,,,,,,,,,,
PAT014211,,,,,,,,,,,
PAT014212,,,,,,,,,,,
PAT014213,,,,,,,,,,,
PAT014214,,,,,,,,,,,
PAT014215,,,,,,,,,,,
PAT014216,,,,,,,,,,,
PAT014217,,,,,,,,,,,
PAT014218,,,,,,,,,,,
PAT014219,,,,,,,,,,,
PAT014220,,,,,,,,,,,
PAT014221,,,,,,,,,,,
PAT014222,,,,,,,,,,,
PAT014223,,,,,,,,,,,
PAT014224,,,,,,,,,,,
PAT014225,,,,,,,,,,,
PAT014226,,,,,,,,,,,
PAT014227,,,,,,,,,,,
PAT014228,,,,,,,,,,,
PAT014229,,,,,,,,,,,
PAT014230,,,,,,,,,,,
PAT014231,,,,,,,,,,,
PAT014232,,,,,,,,,,,
PAT014233,,,,,,,,,,,
PAT014234,,,,,,,,,,,
PAT014235,,,,,,,,,,,
PAT014236,,,,,,,,,,,
PAT014237,,,,,,,,,,,
PAT014238,,,,,,,,,,,
PAT014239,,,,,,,,,,,
PAT014240,,,,,,,,,,,
PAT014241,,,,,,,,,,,
PAT014242,,,,,,,,,,,
PAT014243,,,,,,,,,,,
PAT014244,,,,,,,,,,,
PAT014245,,,,,,,,,,,
PAT014246,,,,,,,,,,,
PAT014247,,,,,,,,,,,
PAT014248,,,,,,,,,,,
PAT014249,,,,,,,,,,,
PAT014250,,,,,,,,,,,
PAT014251,,,,,,,,,,,
PAT014252,,,,,,,,,,,
PAT014253,,,,,,,,,,,
PAT014254,,,,,,,,,,,
PAT014255,,,,,,,,,,,
PAT014256,,,,,,,,,,,
PAT014257,,,,,,,,,,,
PAT014258,,,,,,,,,,,
PAT014259,,,,,,,,,,,
PAT014260,,,,,,,,,,,
PAT014261,,,,,,,,,,,
PAT014262,,,,,,,,,,,
PAT014263,,,,,,,,,,,
PAT014264,,,,,,,,,,,
PAT014265,,,,,,,,,,,
PAT014266,,,,,,,,,,,
PAT014267,,,,,,,,,,,
PAT014268,,,,,,,,,,,
PAT014269,,,,,,,,,,,
PAT014270,,,,,,,,,,,
PAT014271,,,,,,,,,,,
PAT014272,,,,,,,,,,,
PAT014273,,,,,,,,,,,
PAT014274,,,,,,,,,,,
PAT014275,,,,,,,,,,,
PAT014276,,,,,,,,,,,
PAT014277,,,,,,,,,,,
PAT014278,,,,,,,,,,,
PAT014279,,,,,,,,,,,
PAT014280,,,,,,,,,,,
PAT014281,,,,,,,,,,,
PAT014282,,,,,,,,,,,
PAT014283,,,,,,,,,,,
PAT014284,,,,,,,,,,,
PAT014285,,,,,,,,,,,
PAT014286,,,,,,,,,,,
PAT014287,,,,,,,,,,,
PAT014288,,,,,,,,,,,
PAT014289,,,,,,,,,,,
PAT014290,,,,,,,,,,,
PAT014291,,,,,,,,,,,
PAT014292,,,,,,,,,,,
PAT014293,,,,,,,,,,,
PAT014294,,,,,,,,,,,
PAT014295,,,,,,,,,,,
PAT014296,,,,,,,,,,,
PAT014297,,,,,,,,,,,
PAT014298,,,,,,,,,,,
PAT014299,,,,,,,,,,,
PAT014300,,,,,,,,,,,
PAT014301,,,,,,,,,,,
PAT014302,,,,,,,,,,,
PAT014303,,,,,,,,,,,
PAT014304,,,,,,,,,,,
PAT014305,,,,,,,,,,,
PAT014306,,,,,,,,,,,
PAT014307,,,,,,,,,,,
PAT014308,,,,,,,,,,,
PAT014309,,,,,,,,,,,
PAT014310,,,,,,,,,,,
PAT014311,,,,,,,,,,,
PAT014312,,,,,,,,,,,
PAT014313,,,,,,,,,,,
PAT014314,,,,,,,,,,,
PAT014315,,,,,,,,,,,
PAT014316,,,,,,,,,,,
PAT014317,,,,,,,,,,,
PAT014318,,,,,,,,,,,
PAT014319,,,,,,,,,,,
PAT014320,,,,,,,,,,,
PAT014321,,,,,,,,,,,
PAT014322,,,,,,,,,,,
PAT014323,,,,,,,,,,,
PAT014324,,,,,,,,,,,
PAT014325,,,,,,,,,,,
PAT014326,,,,,,,,,,,
PAT014327,,,,,,,,,,,
PAT014328,,,,,,,,,,,
PAT014329,,,,,,,,,,,
PAT014330,,,,,,,,,,,
PAT014331,,,,,,,,,,,
PAT014332,,,,,,,,,,,
PAT014333,,,,,,,,,,,
PAT014334,,,,,,,,,,,
PAT014335,,,,,,,,,,,
PAT014336,,,,,,,,,,,
PAT014337,,,,,,,,,,,
PAT014338,,,,,,,,,,,
PAT014339,,,,,,,,,,,
PAT014340,,,,,,,,,,,
PAT014341,,,,,,,,,,,
PAT014342,,,,,,,,,,,
PAT014343,,,,,,,,,,,
PAT014344,,,,,,,,,,,
PAT014345,,,,,,,,,,,
PAT014346,,,,,,,,,,,
PAT014347,,,,,,,,,,,
PAT014348,,,,,,,,,,,
PAT014349,,,,,,,,,,,
PAT014350,,,,,,,,,,,
PAT014351,,,,,,,,,,,
PAT014352,,,,,,,,,,,
PAT014353,,,,,,,,,,,
PAT014354,,,,,,,,,,,
PAT014355,,,,,,,,,,,
PAT014356,,,,,,,,,,,
PAT014357,,,,,,,,,,,
PAT014358,,,,,,,,,,,
PAT014359,,,,,,,,,,,
PAT014360,,,,,,,,,,,
PAT014361,,,,,,,,,,,
PAT014362,,,,,,,,,,,
PAT014363,,,,,,,,,,,
PAT014364,,,,,,,,,,,
PAT014365,,,,,,,,,,,
PAT014366,,,,,,,,,,,
PAT014367,,,,,,,,,,,
PAT014368,,,,,,,,,,,
PAT014369,,,,,,,,,,,
PAT014370,,,,,,,,,,,
PAT014371,,,,,,,,,,,
PAT014372,,,,,,,,,,,
PAT014373,,,,,,,,,,,
PAT014374,,,,,,,,,,,
PAT014375,,,,,,,,,,,
PAT014376,,,,,,,,,,,
PAT014377,,,,,,,,,,,
PAT014378,,,,,,,,,,,
PAT014379,,,,,,,,,,,
PAT014380,,,,,,,,,,,
PAT014381,,,,,,,,,,,
PAT014382,,,,,,,,,,,
PAT014383,,,,,,,,,,,
PAT014384,,,,,,,,,,,
PAT014385,,,,,,,,,,,
PAT014386,,,,,,,,,,,
PAT014387,,,,,,,,,,,
PAT014388,,,,,,,,,,,
PAT014389,,,,,,,,,,,
PAT014390,,,,,,,,,,,
PAT014391,,,,,,,,,,,
PAT014392,,,,,,,,,,,
PAT014393,,,,,,,,,,,
PAT014394,,,,,,,,,,,
PAT014395,,,,,,,,,,,
PAT014396,,,,,,,,,,,
PAT014397,,,,,,,,,,,
PAT014398,,,,,,,,,,,
PAT014399,,,,,,,,,,,
PAT014400,,,,,,,,,,,
PAT014401,,,,,,,,,,,
PAT014402,,,,,,,,,,,
PAT014403,,,,,,,,,,,
PAT014404,,,,,,,,,,,
PAT014405,,,,,,,,,,,
PAT014406,,,,,,,,,,,
PAT014407,,,,,,,,,,,
PAT014408,,,,,,,,,,,
PAT014409,,,,,,,,,,,
PAT014410,,,,,,,,,,,
PAT014411,,,,,,,,,,,
PAT014412,,,,,,,,,,,
PAT014413,,,,,,,,,,,
PAT014414,,,,,,,,,,,
PAT014415,,,,,,,,,,,
PAT014416,,,,,,,,,,,
PAT014417,,,,,,,,,,,
PAT014418,,,,,,,,,,,
PAT014419,,,,,,,,,,,
PAT014420,,,,,,,,,,,
PAT014421,,,,,,,,,,,
PAT014422,,,,,,,,,,,
PAT014423,,,,,,,,,,,
PAT014424,,,,,,,,,,,
PAT014425,,,,,,,,,,,
PAT014426,,,,,,,,,,,
PAT014427,,,,,,,,,,,
PAT014428,,,,,,,,,,,
PAT014429,,,,,,,,,,,
PAT014430,,,,,,,,,,,
PAT014431,,,,,,,,,,,
PAT014432,,,,,,,,,,,
PAT014433,,,,,,,,,,,
PAT014434,,,,,,,,,,,
PAT014435,,,,,,,,,,,
PAT014436,,,,,,,,,,,
PAT014437,,,,,,,,,,,
PAT014438,,,,,,,,,,,
PAT014439,,,,,,,,,,,
PAT014440,,,,,,,,,,,
PAT014441,,,,,,,,,,,
PAT014442,,,,,,,,,,,
PAT014443,,,,,,,,,,,
PAT014444,,,,,,,,,,,
PAT014445,,,,,,,,,,,
PAT014446,,,,,,,,,,,
PAT014447,,,,,,,,,,,
PAT014448,,,,,,,,,,,
PAT014449,,,,,,,,,,,
PAT014450,,,,,,,,,,,
PAT014451,,,,,,,,,,,
PAT014452,,,,,,,,,,,
PAT014453,,,,,,,,,,,
PAT014454,,,,,,,,,,,
PAT014455,,,,,,,,,,,
PAT014456,,,,,,,,,,,
PAT014457,,,,,,,,,,,
PAT014458,,,,,,,,,,,
PAT014459,,,,,,,,,,,
PAT014460,,,,,,,,,,,
PAT014461,,,,,,,,,,,
PAT014462,,,,,,,,,,,
PAT014463,,,,,,,,,,,
PAT014464,,,,,,,,,,,
PAT014465,,,,,,,,,,,
PAT014466,,,,,,,,,,,
PAT014467,,,,,,,,,,,
PAT014468,,,,,,,,,,,
PAT014469,,,,,,,,,,,
PAT014470,,,,,,,,,,,
PAT014471,,,,,,,,,,,
PAT014472,,,,,,,,,,,
PAT014473,,,,,,,,,,,
PAT014474,,,,,,,,,,,
PAT014475,,,,,,,,,,,
PAT014476,,,,,,,,,,,
PAT014477,,,,,,,,,,,
PAT014478,,,,,,,,,,,
PAT014479,,,,,,,,,,,
PAT014480,,,,,,,,,,,
PAT014481,,,,,,,,,,,
PAT014482,,,,,,,,,,,
PAT014483,,,,,,,,,,,
PAT014484,,,,,,,,,,,
PAT014485,,,,,,,,,,,
PAT014486,,,,,,,,,,,
PAT014487,,,,,,,,,,,
PAT014488,,,,,,,,,,,
PAT014489,,,,,,,,,,,
PAT014490,,,,,,,,,,,
PAT014491,,,,,,,,,,,
PAT014492,,,,,,,,,,,
PAT014493,,,,,,,,,,,
PAT014494,,,,,,,,,,,
PAT014495,,,,,,,,,,,
PAT014496,,,,,,,,,,,
PAT014497,,,,,,,,,,,
PAT014498,,,,,,,,,,,
PAT014499,,,,,,,,,,,
PAT014500,,,,,,,,,,,
PAT014501,,,,,,,,,,,
PAT014502,,,,,,,,,,,
PAT014503,,,,,,,,,,,
PAT014504,,,,,,,,,,,
PAT014505,,,,,,,,,,,
PAT014506,,,,,,,,,,,
PAT014507,,,,,,,,,,,
PAT014508,,,,,,,,,,,
PAT014509,,,,,,,,,,,
PAT014510,,,,,,,,,,,
PAT014511,,,,,,,,,,,
PAT014512,,,,,,,,,,,
PAT014513,,,,,,,,,,,
PAT014514,,,,,,,,,,,
PAT014515,,,,,,,,,,,
PAT014516,,,,,,,,,,,
PAT014517,,,,,,,,,,,
PAT014518,,,,,,,,,,,
PAT014519,,,,,,,,,,,
PAT014520,,,,,,,,,,,
PAT014521,,,,,,,,,,,
PAT014522,,,,,,,,,,,
PAT014523,,,,,,,,,,,
PAT014524,,,,,,,,,,,
PAT014525,,,,,,,,,,,
PAT014526,,,,,,,,,,,
PAT014527,,,,,,,,,,,
PAT014528,,,,,,,,,,,
PAT014529,,,,,,,,,,,
PAT014530,,,,,,,,,,,
PAT014531,,,,,,,,,,,
PAT014532,,,,,,,,,,,
PAT014533,,,,,,,,,,,
PAT014534,,,,,,,,,,,
PAT014535,,,,,,,,,,,
PAT014536,,,,,,,,,,,
PAT014537,,,,,,,,,,,
PAT014538,,,,,,,,,,,
PAT014539,,,,,,,,,,,
PAT014540,,,,,,,,,,,
PAT014541,,,,,,,,,,,
PAT014542,,,,,,,,,,,
PAT014543,,,,,,,,,,,
PAT014544,,,,,,,,,,,
PAT014545,,,,,,,,,,,
PAT014546,,,,,,,,,,,
PAT014547,,,,,,,,,,,
PAT014548,,,,,,,,,,,
PAT014549,,,,,,,,,,,
PAT014550,,,,,,,,,,,
PAT014551,,,,,,,,,,,
PAT014552,,,,,,,,,,,
PAT014553,,,,,,,,,,,
PAT014554,,,,,,,,,,,
PAT014555,,,,,,,,,,,
PAT014556,,,,,,,,,,,
PAT014557,,,,,,,,,,,
PAT014558,,,,,,,,,,,
PAT014559,,,,,,,,,,,
PAT014560,,,,,,,,,,,
PAT014561,,,,,,,,,,,
PAT014562,,,,,,,,,,,
PAT014563,,,,,,,,,,,
PAT014564,,,,,,,,,,,
PAT014565,,,,,,,,,,,
PAT014566,,,,,,,,,,,
PAT014567,,,,,,,,,,,
PAT014568,,,,,,,,,,,
PAT014569,,,,,,,,,,,
PAT014570,,,,,,,,,,,
PAT014571,,,,,,,,,,,
PAT014572,,,,,,,,,,,
PAT014573,,,,,,,,,,,
PAT014574,,,,,,,,,,,
PAT014575,,,,,,,,,,,
PAT014576,,,,,,,,,,,
PAT014577,,,,,,,,,,,
PAT014578,,,,,,,,,,,
PAT014579,,,,,,,,,,,
PAT014580,,,,,,,,,,,
PAT014581,,,,,,,,,,,
PAT014582,,,,,,,,,,,
PAT014583,,,,,,,,,,,
PAT014584,,,,,,,,,,,
PAT014585,,,,,,,,,,,
PAT014586,,,,,,,,,,,
PAT014587,,,,,,,,,,,
PAT014588,,,,,,,,,,,
PAT014589,,,,,,,,,,,
PAT014590,,,,,,,,,,,
PAT014591,,,,,,,,,,,
PAT014592,,,,,,,,,,,
PAT014593,,,,,,,,,,,
PAT014594,,,,,,,,,,,
PAT014595,,,,,,,,,,,
PAT014596,,,,,,,,,,,
PAT014597,,,,,,,,,,,
PAT014598,,,,,,,,,,,
PAT014599,,,,,,,,,,,
PAT014600,,,,,,,,,,,
PAT014601,,,,,,,,,,,
PAT014602,,,,,,,,,,,
PAT014603,,,,,,,,,,,
PAT014604,,,,,,,,,,,
PAT014605,,,,,,,,,,,
PAT014606,,,,,,,,,,,
PAT014607,,,,,,,,,,,
PAT014608,,,,,,,,,,,
PAT014609,,,,,,,,,,,
PAT014610,,,,,,,,,,,
PAT014611,,,,,,,,,,,
PAT014612,,,,,,,,,,,
PAT014613,,,,,,,,,,,
PAT014614,,,,,,,,,,,
PAT014615,,,,,,,,,,,
PAT014616,,,,,,,,,,,
PAT014617,,,,,,,,,,,
PAT014618,,,,,,,,,,,
PAT014619,,,,,,,,,,,
PAT014620,,,,,,,,,,,
PAT014621,,,,,,,,,,,
PAT014622,,,,,,,,,,,
PAT014623,,,,,,,,,,,
PAT014624,,,,,,,,,,,
PAT014625,,,,,,,,,,,
PAT014626,,,,,,,,,,,
PAT014627,,,,,,,,,,,
PAT014628,,,,,,,,,,,
PAT014629,,,,,,,,,,,
PAT014630,,,,,,,,,,,
PAT014631,,,,,,,,,,,
PAT014632,,,,,,,,,,,
PAT014633,,,,,,,,,,,
PAT014634,,,,,,,,,,,
PAT014635,,,,,,,,,,,
PAT014636,,,,,,,,,,,
PAT014637,,,,,,,,,,,
PAT014638,,,,,,,,,,,
PAT014639,,,,,,,,,,,
PAT014640,,,,,,,,,,,
PAT014641,,,,,,,,,,,
PAT014642,,,,,,,,,,,
PAT014643,,,,,,,,,,,
PAT014644,,,,,,,,,,,
PAT014645,,,,,,,,,,,
PAT014646,,,,,,,,,,,
PAT014647,,,,,,,,,,,
PAT014648,,,,,,,,,,,
PAT014649,,,,,,,,,,,
PAT014650,,,,,,,,,,,
PAT014651,,,,,,,,,,,
PAT014652,,,,,,,,,,,
PAT014653,,,,,,,,,,,
PAT014654,,,,,,,,,,,
PAT014655,,,,,,,,,,,
PAT014656,,,,,,,,,,,
PAT014657,,,,,,,,,,,
PAT014658,,,,,,,,,,,
PAT014659,,,,,,,,,,,
PAT014660,,,,,,,,,,,
PAT014661,,,,,,,,,,,
PAT014662,,,,,,,,,,,
PAT014663,,,,,,,,,,,
PAT014664,,,,,,,,,,,
PAT014665,,,,,,,,,,,
PAT014666,,,,,,,,,,,
PAT014667,,,,,,,,,,,
PAT014668,,,,,,,,,,,
PAT014669,,,,,,,,,,,
PAT014670,,,,,,,,,,,
PAT014671,,,,,,,,,,,
PAT014672,,,,,,,,,,,
PAT014673,,,,,,,,,,,
PAT014674,,,,,,,,,,,
PAT014675,,,,,,,,,,,
PAT014676,,,,,,,,,,,
PAT014677,,,,,,,,,,,
PAT014678,,,,,,,,,,,
PAT014679,,,,,,,,,,,
PAT014680,,,,,,,,,,,
PAT014681,,,,,,,,,,,
PAT014682,,,,,,,,,,,
PAT014683,,,,,,,,,,,
PAT014684,,,,,,,,,,,
PAT014685,,,,,,,,,,,
PAT014686,,,,,,,,,,,
PAT014687,,,,,,,,,,,
PAT014688,,,,,,,,,,,
PAT014689,,,,,,,,,,,
PAT014690,,,,,,,,,,,
PAT014691,,,,,,,,,,,
PAT014692,,,,,,,,,,,
PAT014693,,,,,,,,,,,
PAT014694,,,,,,,,,,,
PAT014695,,,,,,,,,,,
PAT014696,,,,,,,,,,,
PAT014697,,,,,,,,,,,
PAT014698,,,,,,,,,,,
PAT014699,,,,,,,,,,,
PAT014700,,,,,,,,,,,
PAT014701,,,,,,,,,,,
PAT014702,,,,,,,,,,,
PAT014703,,,,,,,,,,,
PAT014704,,,,,,,,,,,
PAT014705,,,,,,,,,,,
PAT014706,,,,,,,,,,,
PAT014707,,,,,,,,,,,
PAT014708,,,,,,,,,,,
PAT014709,,,,,,,,,,,
PAT014710,,,,,,,,,,,
PAT014711,,,,,,,,,,,
PAT014712,,,,,,,,,,,
PAT014713,,,,,,,,,,,
PAT014714,,,,,,,,,,,
PAT014715,,,,,,,,,,,
PAT014716,,,,,,,,,,,
PAT014717,,,,,,,,,,,
PAT014718,,,,,,,,,,,
PAT014719,,,,,,,,,,,
PAT014720,,,,,,,,,,,
PAT014721,,,,,,,,,,,
PAT014722,,,,,,,,,,,
PAT014723,,,,,,,,,,,
PAT014724,,,,,,,,,,,
PAT014725,,,,,,,,,,,
PAT014726,,,,,,,,,,,
PAT014727,,,,,,,,,,,
PAT014728,,,,,,,,,,,
PAT014729,,,,,,,,,,,
PAT014730,,,,,,,,,,,
PAT014731,,,,,,,,,,,
PAT014732,,,,,,,,,,,
PAT014733,,,,,,,,,,,
PAT014734,,,,,,,,,,,
PAT014735,,,,,,,,,,,
PAT014736,,,,,,,,,,,
PAT014737,,,,,,,,,,,
PAT014738,,,,,,,,,,,
PAT014739,,,,,,,,,,,
PAT014740,,,,,,,,,,,
PAT014741,,,,,,,,,,,
PAT014742,,,,,,,,,,,
PAT014743,,,,,,,,,,,
PAT014744,,,,,,,,,,,
PAT014745,,,,,,,,,,,
PAT014746,,,,,,,,,,,
PAT014747,,,,,,,,,,,
PAT014748,,,,,,,,,,,
PAT014749,,,,,,,,,,,
PAT014750,,,,,,,,,,,
PAT014751,,,,,,,,,,,
PAT014752,,,,,,,,,,,
PAT014753,,,,,,,,,,,
PAT014754,,,,,,,,,,,
PAT014755,,,,,,,,,,,
PAT014756,,,,,,,,,,,
PAT014757,,,,,,,,,,,
PAT014758,,,,,,,,,,,
PAT014759,,,,,,,,,,,
PAT014760,,,,,,,,,,,
PAT014761,,,,,,,,,,,
PAT014762,,,,,,,,,,,
PAT014763,,,,,,,,,,,
PAT014764,,,,,,,,,,,
PAT014765,,,,,,,,,,,
PAT014766,,,,,,,,,,,
PAT014767,,,,,,,,,,,
PAT014768,,,,,,,,,,,
PAT014769,,,,,,,,,,,
PAT014770,,,,,,,,,,,
PAT014771,,,,,,,,,,,
PAT014772,,,,,,,,,,,
PAT014773,,,,,,,,,,,
PAT014774,,,,,,,,,,,
PAT014775,,,,,,,,,,,
PAT014776,,,,,,,,,,,
PAT014777,,,,,,,,,,,
PAT014778,,,,,,,,,,,
PAT014779,,,,,,,,,,,
PAT014780,,,,,,,,,,,
PAT014781,,,,,,,,,,,
PAT014782,,,,,,,,,,,
PAT014783,,,,,,,,,,,
PAT014784,,,,,,,,,,,
PAT014785,,,,,,,,,,,
PAT014786,,,,,,,,,,,
PAT014787,,,,,,,,,,,
PAT014788,,,,,,,,,,,
PAT014789,,,,,,,,,,,
PAT014790,,,,,,,,,,,
PAT014791,,,,,,,,,,,
PAT014792,,,,,,,,,,,
PAT014793,,,,,,,,,,,
PAT014794,,,,,,,,,,,
PAT014795,,,,,,,,,,,
PAT014796,,,,,,,,,,,
PAT014797,,,,,,,,,,,
PAT014798,,,,,,,,,,,
PAT014799,,,,,,,,,,,
PAT014800,,,,,,,,,,,
PAT014801,,,,,,,,,,,
PAT014802,,,,,,,,,,,
PAT014803,,,,,,,,,,,
PAT014804,,,,,,,,,,,
PAT014805,,,,,,,,,,,
PAT014806,,,,,,,,,,,
PAT014807,,,,,,,,,,,
PAT014808,,,,,,,,,,,
PAT014809,,,,,,,,,,,
PAT014810,,,,,,,,,,,
PAT014811,,,,,,,,,,,
PAT014812,,,,,,,,,,,
PAT014813,,,,,,,,,,,
PAT014814,,,,,,,,,,,
PAT014815,,,,,,,,,,,
PAT014816,,,,,,,,,,,
PAT014817,,,,,,,,,,,
PAT014818,,,,,,,,,,,
PAT014819,,,,,,,,,,,
PAT014820,,,,,,,,,,,
PAT014821,,,,,,,,,,,
PAT014822,,,,,,,,,,,
PAT014823,,,,,,,,,,,
PAT014824,,,,,,,,,,,
PAT014825,,,,,,,,,,,
PAT014826,,,,,,,,,,,
PAT014827,,,,,,,,,,,
PAT014828,,,,,,,,,,,
PAT014829,,,,,,,,,,,
PAT014830,,,,,,,,,,,
PAT014831,,,,,,,,,,,
PAT014832,,,,,,,,,,,
PAT014833,,,,,,,,,,,
PAT014834,,,,,,,,,,,
PAT014835,,,,,,,,,,,
PAT014836,,,,,,,,,,,
PAT014837,,,,,,,,,,,
PAT014838,,,,,,,,,,,
PAT014839,,,,,,,,,,,
PAT014840,,,,,,,,,,,
PAT014841,,,,,,,,,,,
PAT014842,,,,,,,,,,,
PAT014843,,,,,,,,,,,
PAT014844,,,,,,,,,,,
PAT014845,,,,,,,,,,,
PAT014846,,,,,,,,,,,
PAT014847,,,,,,,,,,,
PAT014848,,,,,,,,,,,
PAT014849,,,,,,,,,,,
PAT014850,,,,,,,,,,,
PAT014851,,,,,,,,,,,
PAT014852,,,,,,,,,,,
PAT014853,,,,,,,,,,,
PAT014854,,,,,,,,,,,
PAT014855,,,,,,,,,,,
PAT014856,,,,,,,,,,,
PAT014857,,,,,,,,,,,
PAT014858,,,,,,,,,,,
PAT014859,,,,,,,,,,,
PAT014860,,,,,,,,,,,
PAT014861,,,,,,,,,,,
PAT014862,,,,,,,,,,,
PAT014863,,,,,,,,,,,
PAT014864,,,,,,,,,,,
PAT014865,,,,,,,,,,,
PAT014866,,,,,,,,,,,
PAT014867,,,,,,,,,,,
PAT014868,,,,,,,,,,,
PAT014869,,,,,,,,,,,
PAT014870,,,,,,,,,,,
PAT014871,,,,,,,,,,,
PAT014872,,,,,,,,,,,
PAT014873,,,,,,,,,,,
PAT014874,,,,,,,,,,,
PAT014875,,,,,,,,,,,
PAT014876,,,,,,,,,,,
PAT014877,,,,,,,,,,,
PAT014878,,,,,,,,,,,
PAT014879,,,,,,,,,,,
PAT014880,,,,,,,,,,,
PAT014881,,,,,,,,,,,
PAT014882,,,,,,,,,,,
PAT014883,,,,,,,,,,,
PAT014884,,,,,,,,,,,
PAT014885,,,,,,,,,,,
PAT014886,,,,,,,,,,,
PAT014887,,,,,,,,,,,
PAT014888,,,,,,,,,,,
PAT014889,,,,,,,,,,,
PAT014890,,,,,,,,,,,
PAT014891,,,,,,,,,,,
PAT014892,,,,,,,,,,,
PAT014893,,,,,,,,,,,
PAT014894,,,,,,,,,,,
PAT014895,,,,,,,,,,,
PAT014896,,,,,,,,,,,
PAT014897,,,,,,,,,,,
PAT014898,,,,,,,,,,,
PAT014899,,,,,,,,,,,
PAT014900,,,,,,,,,,,
PAT014901,,,,,,,,,,,
PAT014902,,,,,,,,,,,
PAT014903,,,,,,,,,,,
PAT014904,,,,,,,,,,,
PAT014905,,,,,,,,,,,
PAT014906,,,,,,,,,,,
PAT014907,,,,,,,,,,,
PAT014908,,,,,,,,,,,
PAT014909,,,,,,,,,,,
PAT014910,,,,,,,,,,,
PAT014911,,,,,,,,,,,
PAT014912,,,,,,,,,,,
PAT014913,,,,,,,,,,,
PAT014914,,,,,,,,,,,
PAT014915,,,,,,,,,,,
PAT014916,,,,,,,,,,,
PAT014917,,,,,,,,,,,
PAT014918,,,,,,,,,,,
PAT014919,,,,,,,,,,,
PAT014920,,,,,,,,,,,
PAT014921,,,,,,,,,,,
PAT014922,,,,,,,,,,,
PAT014923,,,,,,,,,,,
PAT014924,,,,,,,,,,,
PAT014925,,,,,,,,,,,
PAT014926,,,,,,,,,,,
PAT014927,,,,,,,,,,,
PAT014928,,,,,,,,,,,
PAT014929,,,,,,,,,,,
PAT014930,,,,,,,,,,,
PAT014931,,,,,,,,,,,
PAT014932,,,,,,,,,,,
PAT014933,,,,,,,,,,,
PAT014934,,,,,,,,,,,
PAT014935,,,,,,,,,,,
PAT014936,,,,,,,,,,,
PAT014937,,,,,,,,,,,
PAT014938,,,,,,,,,,,
PAT014939,,,,,,,,,,,
PAT014940,,,,,,,,,,,
PAT014941,,,,,,,,,,,
PAT014942,,,,,,,,,,,
PAT014943,,,,,,,,,,,
PAT014944,,,,,,,,,,,
PAT014945,,,,,,,,,,,
PAT014946,,,,,,,,,,,
PAT014947,,,,,,,,,,,
PAT014948,,,,,,,,,,,
PAT014949,,,,,,,,,,,
PAT014950,,,,,,,,,,,
PAT014951,,,,,,,,,,,
PAT014952,,,,,,,,,,,
PAT014953,,,,,,,,,,,
PAT014954,,,,,,,,,,,
PAT014955,,,,,,,,,,,
PAT014956,,,,,,,,,,,
PAT014957,,,,,,,,,,,
PAT014958,,,,,,,,,,,
PAT014959,,,,,,,,,,,
PAT014960,,,,,,,,,,,
PAT014961,,,,,,,,,,,
PAT014962,,,,,,,,,,,
PAT014963,,,,,,,,,,,
PAT014964,,,,,,,,,,,
PAT014965,,,,,,,,,,,
PAT014966,,,,,,,,,,,
PAT014967,,,,,,,,,,,
PAT014968,,,,,,,,,,,
PAT014969,,,,,,,,,,,
PAT014970,,,,,,,,,,,
PAT014971,,,,,,,,,,,
PAT014972,,,,,,,,,,,
PAT014973,,,,,,,,,,,
PAT014974,,,,,,,,,,,
PAT014975,,,,,,,,,,,
PAT014976,,,,,,,,,,,
PAT014977,,,,,,,,,,,
PAT014978,,,,,,,,,,,
PAT014979,,,,,,,,,,,
PAT014980,,,,,,,,,,,
PAT014981,,,,,,,,,,,
PAT014982,,,,,,,,,,,
PAT014983,,,,,,,,,,,
PAT014984,,,,,,,,,,,
PAT014985,,,,,,,,,,,
PAT014986,,,,,,,,,,,
PAT014987,,,,,,,,,,,
PAT014988,,,,,,,,,,,
PAT014989,,,,,,,,,,,
PAT014990,,,,,,,,,,,
PAT014991,,,,,,,,,,,
PAT014992,,,,,,,,,,,
PAT014993,,,,,,,,,,,
PAT014994,,,,,,,,,,,
PAT014995,,,,,,,,,,,
PAT014996,,,,,,,,,,,
PAT014997,,,,,,,,,,,
PAT014998,,,,,,,,,,,
PAT014999,,,,,,,,,,,
PAT015000,,,,,,,,,,,
PAT015001,,,,,,,,,,,
PAT015002,,,,,,,,,,,
PAT015003,,,,,,,,,,,
PAT015004,,,,,,,,,,,
PAT015005,,,,,,,,,,,
PAT015006,,,,,,,,,,,
PAT015007,,,,,,,,,,,
PAT015008,,,,,,,,,,,
PAT015009,,,,,,,,,,,
PAT015010,,,,,,,,,,,
PAT015011,,,,,,,,,,,
PAT015012,,,,,,,,,,,
PAT015013,,,,,,,,,,,
PAT015014,,,,,,,,,,,
PAT015015,,,,,,,,,,,
PAT015016,,,,,,,,,,,
PAT015017,,,,,,,,,,,
PAT015018,,,,,,,,,,,
PAT015019,,,,,,,,,,,
PAT015020,,,,,,,,,,,
PAT015021,,,,,,,,,,,
PAT015022,,,,,,,,,,,
PAT015023,,,,,,,,,,,
PAT015024,,,,,,,,,,,
PAT015025,,,,,,,,,,,
PAT015026,,,,,,,,,,,
PAT015027,,,,,,,,,,,
PAT015028,,,,,,,,,,,
PAT015029,,,,,,,,,,,
PAT015030,,,,,,,,,,,
PAT015031,,,,,,,,,,,
PAT015032,,,,,,,,,,,
PAT015033,,,,,,,,,,,
PAT015034,,,,,,,,,,,
PAT015035,,,,,,,,,,,
PAT015036,,,,,,,,,,,
PAT015037,,,,,,,,,,,
PAT015038,,,,,,,,,,,
PAT015039,,,,,,,,,,,
PAT015040,,,,,,,,,,,
PAT015041,,,,,,,,,,,
PAT015042,,,,,,,,,,,
PAT015043,,,,,,,,,,,
PAT015044,,,,,,,,,,,
PAT015045,,,,,,,,,,,
PAT015046,,,,,,,,,,,
PAT015047,,,,,,,,,,,
PAT015048,,,,,,,,,,,
PAT015049,,,,,,,,,,,
PAT015050,,,,,,,,,,,
PAT015051,,,,,,,,,,,
PAT015052,,,,,,,,,,,
PAT015053,,,,,,,,,,,
PAT015054,,,,,,,,,,,
PAT015055,,,,,,,,,,,
PAT015056,,,,,,,,,,,
PAT015057,,,,,,,,,,,
PAT015058,,,,,,,,,,,
PAT015059,,,,,,,,,,,
PAT015060,,,,,,,,,,,
PAT015061,,,,,,,,,,,
PAT015062,,,,,,,,,,,
PAT015063,,,,,,,,,,,
PAT015064,,,,,,,,,,,
PAT015065,,,,,,,,,,,
PAT015066,,,,,,,,,,,
PAT015067,,,,,,,,,,,
PAT015068,,,,,,,,,,,
PAT015069,,,,,,,,,,,
PAT015070,,,,,,,,,,,
PAT015071,,,,,,,,,,,
PAT015072,,,,,,,,,,,
PAT015073,,,,,,,,,,,
PAT015074,,,,,,,,,,,
PAT015075,,,,,,,,,,,
PAT015076,,,,,,,,,,,
PAT015077,,,,,,,,,,,
PAT015078,,,,,,,,,,,
PAT015079,,,,,,,,,,,
PAT015080,,,,,,,,,,,
PAT015081,,,,,,,,,,,
PAT015082,,,,,,,,,,,
PAT015083,,,,,,,,,,,
PAT015084,,,,,,,,,,,
PAT015085,,,,,,,,,,,
PAT015086,,,,,,,,,,,
PAT015087,,,,,,,,,,,
PAT015088,,,,,,,,,,,
PAT015089,,,,,,,,,,,
PAT015090,,,,,,,,,,,
PAT015091,,,,,,,,,,,
PAT015092,,,,,,,,,,,
PAT015093,,,,,,,,,,,
PAT015094,,,,,,,,,,,
PAT015095,,,,,,,,,,,
PAT015096,,,,,,,,,,,
PAT015097,,,,,,,,,,,
PAT015098,,,,,,,,,,,
PAT015099,,,,,,,,,,,
PAT015100,,,,,,,,,,,
PAT015101,,,,,,,,,,,
PAT015102,,,,,,,,,,,
PAT015103,,,,,,,,,,,
PAT015104,,,,,,,,,,,
PAT015105,,,,,,,,,,,
PAT015106,,,,,,,,,,,
PAT015107,,,,,,,,,,,
PAT015108,,,,,,,,,,,
PAT015109,,,,,,,,,,,
PAT015110,,,,,,,,,,,
PAT015111,,,,,,,,,,,
PAT015112,,,,,,,,,,,
PAT015113,,,,,,,,,,,
PAT015114,,,,,,,,,,,
PAT015115,,,,,,,,,,,
PAT015116,,,,,,,,,,,
PAT015117,,,,,,,,,,,
PAT015118,,,,,,,,,,,
PAT015119,,,,,,,,,,,
PAT015120,,,,,,,,,,,
PAT015121,,,,,,,,,,,
PAT015122,,,,,,,,,,,
PAT015123,,,,,,,,,,,
PAT015124,,,,,,,,,,,
PAT015125,,,,,,,,,,,
PAT015126,,,,,,,,,,,
PAT015127,,,,,,,,,,,
PAT015128,,,,,,,,,,,
PAT015129,,,,,,,,,,,
PAT015130,,,,,,,,,,,
PAT015131,,,,,,,,,,,
PAT015132,,,,,,,,,,,
PAT015133,,,,,,,,,,,
PAT015134,,,,,,,,,,,
PAT015135,,,,,,,,,,,
PAT015136,,,,,,,,,,,
PAT015137,,,,,,,,,,,
PAT015138,,,,,,,,,,,
PAT015139,,,,,,,,,,,
PAT015140,,,,,,,,,,,
PAT015141,,,,,,,,,,,
PAT015142,,,,,,,,,,,
PAT015143,,,,,,,,,,,
PAT015144,,,,,,,,,,,
PAT015145,,,,,,,,,,,
PAT015146,,,,,,,,,,,
PAT015147,,,,,,,,,,,
PAT015148,,,,,,,,,,,
PAT015149,,,,,,,,,,,
PAT015150,,,,,,,,,,,
PAT015151,,,,,,,,,,,
PAT015152,,,,,,,,,,,
PAT015153,,,,,,,,,,,
PAT015154,,,,,,,,,,,
PAT015155,,,,,,,,,,,
PAT015156,,,,,,,,,,,
PAT015157,,,,,,,,,,,
PAT015158,,,,,,,,,,,
PAT015159,,,,,,,,,,,
PAT015160,,,,,,,,,,,
PAT015161,,,,,,,,,,,
PAT015162,,,,,,,,,,,
PAT015163,,,,,,,,,,,
PAT015164,,,,,,,,,,,
PAT015165,,,,,,,,,,,
PAT015166,,,,,,,,,,,
PAT015167,,,,,,,,,,,
PAT015168,,,,,,,,,,,
PAT015169,,,,,,,,,,,
PAT015170,,,,,,,,,,,
PAT015171,,,,,,,,,,,
PAT015172,,,,,,,,,,,
PAT015173,,,,,,,,,,,
PAT015174,,,,,,,,,,,
PAT015175,,,,,,,,,,,
PAT015176,,,,,,,,,,,
PAT015177,,,,,,,,,,,
PAT015178,,,,,,,,,,,
PAT015179,,,,,,,,,,,
PAT015180,,,,,,,,,,,
PAT015181,,,,,,,,,,,
PAT015182,,,,,,,,,,,
PAT015183,,,,,,,,,,,
PAT015184,,,,,,,,,,,
PAT015185,,,,,,,,,,,
PAT015186,,,,,,,,,,,
PAT015187,,,,,,,,,,,
PAT015188,,,,,,,,,,,
PAT015189,,,,,,,,,,,
PAT015190,,,,,,,,,,,
PAT015191,,,,,,,,,,,
PAT015192,,,,,,,,,,,
PAT015193,,,,,,,,,,,
PAT015194,,,,,,,,,,,
PAT015195,,,,,,,,,,,
PAT015196,,,,,,,,,,,
PAT015197,,,,,,,,,,,
PAT015198,,,,,,,,,,,
PAT015199,,,,,,,,,,,
PAT015200,,,,,,,,,,,
PAT015201,,,,,,,,,,,
PAT015202,,,,,,,,,,,
PAT015203,,,,,,,,,,,
PAT015204,,,,,,,,,,,
PAT015205,,,,,,,,,,,
PAT015206,,,,,,,,,,,
PAT015207,,,,,,,,,,,
PAT015208,,,,,,,,,,,
PAT015209,,,,,,,,,,,
PAT015210,,,,,,,,,,,
PAT015211,,,,,,,,,,,
PAT015212,,,,,,,,,,,
PAT015213,,,,,,,,,,,
PAT015214,,,,,,,,,,,
PAT015215,,,,,,,,,,,
PAT015216,,,,,,,,,,,
PAT015217,,,,,,,,,,,
PAT015218,,,,,,,,,,,
PAT015219,,,,,,,,,,,
PAT015220,,,,,,,,,,,
PAT015221,,,,,,,,,,,
PAT015222,,,,,,,,,,,
PAT015223,,,,,,,,,,,
PAT015224,,,,,,,,,,,
PAT015225,,,,,,,,,,,
PAT015226,,,,,,,,,,,
PAT015227,,,,,,,,,,,
PAT015228,,,,,,,,,,,
PAT015229,,,,,,,,,,,
PAT015230,,,,,,,,,,,
PAT015231,,,,,,,,,,,
PAT015232,,,,,,,,,,,
PAT015233,,,,,,,,,,,
PAT015234,,,,,,,,,,,
PAT015235,,,,,,,,,,,
PAT015236,,,,,,,,,,,
PAT015237,,,,,,,,,,,
PAT015238,,,,,,,,,,,
PAT015239,,,,,,,,,,,
PAT015240,,,,,,,,,,,
PAT015241,,,,,,,,,,,
PAT015242,,,,,,,,,,,
PAT015243,,,,,,,,,,,
PAT015244,,,,,,,,,,,
PAT015245,,,,,,,,,,,
PAT015246,,,,,,,,,,,
PAT015247,,,,,,,,,,,
PAT015248,,,,,,,,,,,
PAT015249,,,,,,,,,,,
PAT015250,,,,,,,,,,,
PAT015251,,,,,,,,,,,
PAT015252,,,,,,,,,,,
PAT015253,,,,,,,,,,,
PAT015254,,,,,,,,,,,
PAT015255,,,,,,,,,,,
PAT015256,,,,,,,,,,,
PAT015257,,,,,,,,,,,
PAT015258,,,,,,,,,,,
PAT015259,,,,,,,,,,,
PAT015260,,,,,,,,,,,
PAT015261,,,,,,,,,,,
PAT015262,,,,,,,,,,,
PAT015263,,,,,,,,,,,
PAT015264,,,,,,,,,,,
PAT015265,,,,,,,,,,,
PAT015266,,,,,,,,,,,
PAT015267,,,,,,,,,,,
PAT015268,,,,,,,,,,,
PAT015269,,,,,,,,,,,
PAT015270,,,,,,,,,,,
PAT015271,,,,,,,,,,,
PAT015272,,,,,,,,,,,
PAT015273,,,,,,,,,,,
PAT015274,,,,,,,,,,,
PAT015275,,,,,,,,,,,
PAT015276,,,,,,,,,,,
PAT015277,,,,,,,,,,,
PAT015278,,,,,,,,,,,
PAT015279,,,,,,,,,,,
PAT015280,,,,,,,,,,,
PAT015281,,,,,,,,,,,
PAT015282,,,,,,,,,,,
PAT015283,,,,,,,,,,,
PAT015284,,,,,,,,,,,
PAT015285,,,,,,,,,,,
PAT015286,,,,,,,,,,,
PAT015287,,,,,,,,,,,
PAT015288,,,,,,,,,,,
PAT015289,,,,,,,,,,,
PAT015290,,,,,,,,,,,
PAT015291,,,,,,,,,,,
PAT015292,,,,,,,,,,,
PAT015293,,,,,,,,,,,
PAT015294,,,,,,,,,,,
PAT015295,,,,,,,,,,,
PAT015296,,,,,,,,,,,
PAT015297,,,,,,,,,,,
PAT015298,,,,,,,,,,,
PAT015299,,,,,,,,,,,
PAT015300,,,,,,,,,,,
PAT015301,,,,,,,,,,,
PAT015302,,,,,,,,,,,
PAT015303,,,,,,,,,,,
PAT015304,,,,,,,,,,,
PAT015305,,,,,,,,,,,
PAT015306,,,,,,,,,,,
PAT015307,,,,,,,,,,,
PAT015308,,,,,,,,,,,
PAT015309,,,,,,,,,,,
PAT015310,,,,,,,,,,,
PAT015311,,,,,,,,,,,
PAT015312,,,,,,,,,,,
PAT015313,,,,,,,,,,,
PAT015314,,,,,,,,,,,
PAT015315,,,,,,,,,,,
PAT015316,,,,,,,,,,,
PAT015317,,,,,,,,,,,
PAT015318,,,,,,,,,,,
PAT015319,,,,,,,,,,,
PAT015320,,,,,,,,,,,
PAT015321,,,,,,,,,,,
PAT015322,,,,,,,,,,,
PAT015323,,,,,,,,,,,
PAT015324,,,,,,,,,,,
PAT015325,,,,,,,,,,,
PAT015326,,,,,,,,,,,
PAT015327,,,,,,,,,,,
PAT015328,,,,,,,,,,,
PAT015329,,,,,,,,,,,
PAT015330,,,,,,,,,,,
PAT015331,,,,,,,,,,,
PAT015332,,,,,,,,,,,
PAT015333,,,,,,,,,,,
PAT015334,,,,,,,,,,,
PAT015335,,,,,,,,,,,
PAT015336,,,,,,,,,,,
PAT015337,,,,,,,,,,,
PAT015338,,,,,,,,,,,
PAT015339,,,,,,,,,,,
PAT015340,,,,,,,,,,,
PAT015341,,,,,,,,,,,
PAT015342,,,,,,,,,,,
PAT015343,,,,,,,,,,,
PAT015344,,,,,,,,,,,
PAT015345,,,,,,,,,,,
PAT015346,,,,,,,,,,,
PAT015347,,,,,,,,,,,
PAT015348,,,,,,,,,,,
PAT015349,,,,,,,,,,,
PAT015350,,,,,,,,,,,
PAT015351,,,,,,,,,,,
PAT015352,,,,,,,,,,,
PAT015353,,,,,,,,,,,
PAT015354,,,,,,,,,,,
PAT015355,,,,,,,,,,,
PAT015356,,,,,,,,,,,
PAT015357,,,,,,,,,,,
PAT015358,,,,,,,,,,,
PAT015359,,,,,,,,,,,
PAT015360,,,,,,,,,,,
PAT015361,,,,,,,,,,,
PAT015362,,,,,,,,,,,
PAT015363,,,,,,,,,,,
PAT015364,,,,,,,,,,,
PAT015365,,,,,,,,,,,
PAT015366,,,,,,,,,,,
PAT015367,,,,,,,,,,,
PAT015368,,,,,,,,,,,
PAT015369,,,,,,,,,,,
PAT015370,,,,,,,,,,,
PAT015371,,,,,,,,,,,
PAT015372,,,,,,,,,,,
PAT015373,,,,,,,,,,,
PAT015374,,,,,,,,,,,
PAT015375,,,,,,,,,,,
PAT015376,,,,,,,,,,,
PAT015377,,,,,,,,,,,
PAT015378,,,,,,,,,,,
PAT015379,,,,,,,,,,,
PAT015380,,,,,,,,,,,
PAT015381,,,,,,,,,,,
PAT015382,,,,,,,,,,,
PAT015383,,,,,,,,,,,
PAT015384,,,,,,,,,,,
PAT015385,,,,,,,,,,,
PAT015386,,,,,,,,,,,
PAT015387,,,,,,,,,,,
PAT015388,,,,,,,,,,,
PAT015389,,,,,,,,,,,
PAT015390,,,,,,,,,,,
PAT015391,,,,,,,,,,,
PAT015392,,,,,,,,,,,
PAT015393,,,,,,,,,,,
PAT015394,,,,,,,,,,,
PAT015395,,,,,,,,,,,
PAT015396,,,,,,,,,,,
PAT015397,,,,,,,,,,,
PAT015398,,,,,,,,,,,
PAT015399,,,,,,,,,,,
PAT015400,,,,,,,,,,,
PAT015401,,,,,,,,,,,
PAT015402,,,,,,,,,,,
PAT015403,,,,,,,,,,,
PAT015404,,,,,,,,,,,
PAT015405,,,,,,,,,,,
PAT015406,,,,,,,,,,,
PAT015407,,,,,,,,,,,
PAT015408,,,,,,,,,,,
PAT015409,,,,,,,,,,,
PAT015410,,,,,,,,,,,
PAT015411,,,,,,,,,,,
PAT015412,,,,,,,,,,,
PAT015413,,,,,,,,,,,
PAT015414,,,,,,,,,,,
PAT015415,,,,,,,,,,,
PAT015416,,,,,,,,,,,
PAT015417,,,,,,,,,,,
PAT015418,,,,,,,,,,,
PAT015419,,,,,,,,,,,
PAT015420,,,,,,,,,,,
PAT015421,,,,,,,,,,,
PAT015422,,,,,,,,,,,
PAT015423,,,,,,,,,,,
PAT015424,,,,,,,,,,,
PAT015425,,,,,,,,,,,
PAT015426,,,,,,,,,,,
PAT015427,,,,,,,,,,,
PAT015428,,,,,,,,,,,
PAT015429,,,,,,,,,,,
PAT015430,,,,,,,,,,,
PAT015431,,,,,,,,,,,
PAT015432,,,,,,,,,,,
PAT015433,,,,,,,,,,,
PAT015434,,,,,,,,,,,
PAT015435,,,,,,,,,,,
PAT015436,,,,,,,,,,,
PAT015437,,,,,,,,,,,
PAT015438,,,,,,,,,,,
PAT015439,,,,,,,,,,,
PAT015440,,,,,,,,,,,
PAT015441,,,,,,,,,,,
PAT015442,,,,,,,,,,,
PAT015443,,,,,,,,,,,
PAT015444,,,,,,,,,,,
PAT015445,,,,,,,,,,,
PAT015446,,,,,,,,,,,
PAT015447,,,,,,,,,,,
PAT015448,,,,,,,,,,,
PAT015449,,,,,,,,,,,
PAT015450,,,,,,,,,,,
PAT015451,,,,,,,,,,,
PAT015452,,,,,,,,,,,
PAT015453,,,,,,,,,,,
PAT015454,,,,,,,,,,,
PAT015455,,,,,,,,,,,
PAT015456,,,,,,,,,,,
PAT015457,,,,,,,,,,,
PAT015458,,,,,,,,,,,
PAT015459,,,,,,,,,,,
PAT015460,,,,,,,,,,,
PAT015461,,,,,,,,,,,
PAT015462,,,,,,,,,,,
PAT015463,,,,,,,,,,,
PAT015464,,,,,,,,,,,
PAT015465,,,,,,,,,,,
PAT015466,,,,,,,,,,,
PAT015467,,,,,,,,,,,
PAT015468,,,,,,,,,,,
PAT015469,,,,,,,,,,,
PAT015470,,,,,,,,,,,
PAT015471,,,,,,,,,,,
PAT015472,,,,,,,,,,,
PAT015473,,,,,,,,,,,
PAT015474,,,,,,,,,,,
PAT015475,,,,,,,,,,,
PAT015476,,,,,,,,,,,
PAT015477,,,,,,,,,,,
PAT015478,,,,,,,,,,,
PAT015479,,,,,,,,,,,
PAT015480,,,,,,,,,,,
PAT015481,,,,,,,,,,,
PAT015482,,,,,,,,,,,
PAT015483,,,,,,,,,,,
PAT015484,,,,,,,,,,,
PAT015485,,,,,,,,,,,
PAT015486,,,,,,,,,,,
PAT015487,,,,,,,,,,,
PAT015488,,,,,,,,,,,
PAT015489,,,,,,,,,,,
PAT015490,,,,,,,,,,,
PAT015491,,,,,,,,,,,
PAT015492,,,,,,,,,,,
PAT015493,,,,,,,,,,,
PAT015494,,,,,,,,,,,
PAT015495,,,,,,,,,,,
PAT015496,,,,,,,,,,,
PAT015497,,,,,,,,,,,
PAT015498,,,,,,,,,,,
PAT015499,,,,,,,,,,,
PAT015500,,,,,,,,,,,
PAT015501,,,,,,,,,,,
PAT015502,,,,,,,,,,,
PAT015503,,,,,,,,,,,
PAT015504,,,,,,,,,,,
PAT015505,,,,,,,,,,,
PAT015506,,,,,,,,,,,
PAT015507,,,,,,,,,,,
PAT015508,,,,,,,,,,,
PAT015509,,,,,,,,,,,
PAT015510,,,,,,,,,,,
PAT015511,,,,,,,,,,,
PAT015512,,,,,,,,,,,
PAT015513,,,,,,,,,,,
PAT015514,,,,,,,,,,,
PAT015515,,,,,,,,,,,
PAT015516,,,,,,,,,,,
PAT015517,,,,,,,,,,,
PAT015518,,,,,,,,,,,
PAT015519,,,,,,,,,,,
PAT015520,,,,,,,,,,,
PAT015521,,,,,,,,,,,
PAT015522,,,,,,,,,,,
PAT015523,,,,,,,,,,,
PAT015524,,,,,,,,,,,
PAT015525,,,,,,,,,,,
PAT015526,,,,,,,,,,,
PAT015527,,,,,,,,,,,
PAT015528,,,,,,,,,,,
PAT015529,,,,,,,,,,,
PAT015530,,,,,,,,,,,
PAT015531,,,,,,,,,,,
PAT015532,,,,,,,,,,,
PAT015533,,,,,,,,,,,
PAT015534,,,,,,,,,,,
PAT015535,,,,,,,,,,,
PAT015536,,,,,,,,,,,
PAT015537,,,,,,,,,,,
PAT015538,,,,,,,,,,,
PAT015539,,,,,,,,,,,
PAT015540,,,,,,,,,,,
PAT015541,,,,,,,,,,,
PAT015542,,,,,,,,,,,
PAT015543,,,,,,,,,,,
PAT015544,,,,,,,,,,,
PAT015545,,,,,,,,,,,
PAT015546,,,,,,,,,,,
PAT015547,,,,,,,,,,,
PAT015548,,,,,,,,,,,
PAT015549,,,,,,,,,,,
PAT015550,,,,,,,,,,,
PAT015551,,,,,,,,,,,
PAT015552,,,,,,,,,,,
PAT015553,,,,,,,,,,,
PAT015554,,,,,,,,,,,
PAT015555,,,,,,,,,,,
PAT015556,,,,,,,,,,,
PAT015557,,,,,,,,,,,
PAT015558,,,,,,,,,,,
PAT015559,,,,,,,,,,,
PAT015560,,,,,,,,,,,
PAT015561,,,,,,,,,,,
PAT015562,,,,,,,,,,,
PAT015563,,,,,,,,,,,
PAT015564,,,,,,,,,,,
PAT015565,,,,,,,,,,,
PAT015566,,,,,,,,,,,
PAT015567,,,,,,,,,,,
PAT015568,,,,,,,,,,,
PAT015569,,,,,,,,,,,
PAT015570,,,,,,,,,,,
PAT015571,,,,,,,,,,,
PAT015572,,,,,,,,,,,
PAT015573,,,,,,,,,,,
PAT015574,,,,,,,,,,,
PAT015575,,,,,,,,,,,
PAT015576,,,,,,,,,,,
PAT015577,,,,,,,,,,,
PAT015578,,,,,,,,,,,
PAT015579,,,,,,,,,,,
PAT015580,,,,,,,,,,,
PAT015581,,,,,,,,,,,
PAT015582,,,,,,,,,,,
PAT015583,,,,,,,,,,,
PAT015584,,,,,,,,,,,
PAT015585,,,,,,,,,,,
PAT015586,,,,,,,,,,,
PAT015587,,,,,,,,,,,
PAT015588,,,,,,,,,,,
PAT015589,,,,,,,,,,,
PAT015590,,,,,,,,,,,
PAT015591,,,,,,,,,,,
PAT015592,,,,,,,,,,,
PAT015593,,,,,,,,,,,
PAT015594,,,,,,,,,,,
PAT015595,,,,,,,,,,,
PAT015596,,,,,,,,,,,
PAT015597,,,,,,,,,,,
PAT015598,,,,,,,,,,,
PAT015599,,,,,,,,,,,
PAT015600,,,,,,,,,,,
PAT015601,,,,,,,,,,,
PAT015602,,,,,,,,,,,
PAT015603,,,,,,,,,,,
PAT015604,,,,,,,,,,,
PAT015605,,,,,,,,,,,
PAT015606,,,,,,,,,,,
PAT015607,,,,,,,,,,,
PAT015608,,,,,,,,,,,
PAT015609,,,,,,,,,,,
PAT015610,,,,,,,,,,,
PAT015611,,,,,,,,,,,
PAT015612,,,,,,,,,,,
PAT015613,,,,,,,,,,,
PAT015614,,,,,,,,,,,
PAT015615,,,,,,,,,,,
PAT015616,,,,,,,,,,,
PAT015617,,,,,,,,,,,
PAT015618,,,,,,,,,,,
PAT015619,,,,,,,,,,,
PAT015620,,,,,,,,,,,
PAT015621,,,,,,,,,,,
PAT015622,,,,,,,,,,,
PAT015623,,,,,,,,,,,
PAT015624,,,,,,,,,,,
PAT015625,,,,,,,,,,,
PAT015626,,,,,,,,,,,
PAT015627,,,,,,,,,,,
PAT015628,,,,,,,,,,,
PAT015629,,,,,,,,,,,
PAT015630,,,,,,,,,,,
PAT015631,,,,,,,,,,,
PAT015632,,,,,,,,,,,
PAT015633,,,,,,,,,,,
PAT015634,,,,,,,,,,,
PAT015635,,,,,,,,,,,
PAT015636,,,,,,,,,,,
PAT015637,,,,,,,,,,,
PAT015638,,,,,,,,,,,
PAT015639,,,,,,,,,,,
PAT015640,,,,,,,,,,,
PAT015641,,,,,,,,,,,
PAT015642,,,,,,,,,,,
PAT015643,,,,,,,,,,,
PAT015644,,,,,,,,,,,
PAT015645,,,,,,,,,,,
PAT015646,,,,,,,,,,,
PAT015647,,,,,,,,,,,
PAT015648,,,,,,,,,,,
PAT015649,,,,,,,,,,,
PAT015650,,,,,,,,,,,
PAT015651,,,,,,,,,,,
PAT015652,,,,,,,,,,,
PAT015653,,,,,,,,,,,
PAT015654,,,,,,,,,,,
PAT015655,,,,,,,,,,,
PAT015656,,,,,,,,,,,
PAT015657,,,,,,,,,,,
PAT015658,,,,,,,,,,,
PAT015659,,,,,,,,,,,
PAT015660,,,,,,,,,,,
PAT015661,,,,,,,,,,,
PAT015662,,,,,,,,,,,
PAT015663,,,,,,,,,,,
PAT015664,,,,,,,,,,,
PAT015665,,,,,,,,,,,
PAT015666,,,,,,,,,,,
PAT015667,,,,,,,,,,,
PAT015668,,,,,,,,,,,
PAT015669,,,,,,,,,,,
PAT015670,,,,,,,,,,,
PAT015671,,,,,,,,,,,
PAT015672,,,,,,,,,,,
PAT015673,,,,,,,,,,,
PAT015674,,,,,,,,,,,
PAT015675,,,,,,,,,,,
PAT015676,,,,,,,,,,,
PAT015677,,,,,,,,,,,
PAT015678,,,,,,,,,,,
PAT015679,,,,,,,,,,,
PAT015680,,,,,,,,,,,
PAT015681,,,,,,,,,,,
PAT015682,,,,,,,,,,,
PAT015683,,,,,,,,,,,
PAT015684,,,,,,,,,,,
PAT015685,,,,,,,,,,,
PAT015686,,,,,,,,,,,
PAT015687,,,,,,,,,,,
PAT015688,,,,,,,,,,,
PAT015689,,,,,,,,,,,
PAT015690,,,,,,,,,,,
PAT015691,,,,,,,,,,,
PAT015692,,,,,,,,,,,
PAT015693,,,,,,,,,,,
PAT015694,,,,,,,,,,,
PAT015695,,,,,,,,,,,
PAT015696,,,,,,,,,,,
PAT015697,,,,,,,,,,,
PAT015698,,,,,,,,,,,
PAT015699,,,,,,,,,,,
PAT015700,,,,,,,,,,,
PAT015701,,,,,,,,,,,
PAT015702,,,,,,,,,,,
PAT015703,,,,,,,,,,,
PAT015704,,,,,,,,,,,
PAT015705,,,,,,,,,,,
PAT015706,,,,,,,,,,,
PAT015707,,,,,,,,,,,
PAT015708,,,,,,,,,,,
PAT015709,,,,,,,,,,,
PAT015710,,,,,,,,,,,
PAT015711,,,,,,,,,,,
PAT015712,,,,,,,,,,,
PAT015713,,,,,,,,,,,
PAT015714,,,,,,,,,,,
PAT015715,,,,,,,,,,,
PAT015716,,,,,,,,,,,
PAT015717,,,,,,,,,,,
PAT015718,,,,,,,,,,,
PAT015719,,,,,,,,,,,
PAT015720,,,,,,,,,,,
PAT015721,,,,,,,,,,,
PAT015722,,,,,,,,,,,
PAT015723,,,,,,,,,,,
PAT015724,,,,,,,,,,,
PAT015725,,,,,,,,,,,
PAT015726,,,,,,,,,,,
PAT015727,,,,,,,,,,,
PAT015728,,,,,,,,,,,
PAT015729,,,,,,,,,,,
PAT015730,,,,,,,,,,,
PAT015731,,,,,,,,,,,
PAT015732,,,,,,,,,,,
PAT015733,,,,,,,,,,,
PAT015734,,,,,,,,,,,
PAT015735,,,,,,,,,,,
PAT015736,,,,,,,,,,,
PAT015737,,,,,,,,,,,
PAT015738,,,,,,,,,,,
PAT015739,,,,,,,,,,,
PAT015740,,,,,,,,,,,
PAT015741,,,,,,,,,,,
PAT015742,,,,,,,,,,,
PAT015743,,,,,,,,,,,
PAT015744,,,,,,,,,,,
PAT015745,,,,,,,,,,,
PAT015746,,,,,,,,,,,
PAT015747,,,,,,,,,,,
PAT015748,,,,,,,,,,,
PAT015749,,,,,,,,,,,
PAT015750,,,,,,,,,,,
PAT015751,,,,,,,,,,,
PAT015752,,,,,,,,,,,
PAT015753,,,,,,,,,,,
PAT015754,,,,,,,,,,,
PAT015755,,,,,,,,,,,
PAT015756,,,,,,,,,,,
PAT015757,,,,,,,,,,,
PAT015758,,,,,,,,,,,
PAT015759,,,,,,,,,,,
PAT015760,,,,,,,,,,,
PAT015761,,,,,,,,,,,
PAT015762,,,,,,,,,,,
PAT015763,,,,,,,,,,,
PAT015764,,,,,,,,,,,
PAT015765,,,,,,,,,,,
PAT015766,,,,,,,,,,,
PAT015767,,,,,,,,,,,
PAT015768,,,,,,,,,,,
PAT015769,,,,,,,,,,,
PAT015770,,,,,,,,,,,
PAT015771,,,,,,,,,,,
PAT015772,,,,,,,,,,,
PAT015773,,,,,,,,,,,
PAT015774,,,,,,,,,,,
PAT015775,,,,,,,,,,,
PAT015776,,,,,,,,,,,
PAT015777,,,,,,,,,,,
PAT015778,,,,,,,,,,,
PAT015779,,,,,,,,,,,
PAT015780,,,,,,,,,,,
PAT015781,,,,,,,,,,,
PAT015782,,,,,,,,,,,
PAT015783,,,,,,,,,,,
PAT015784,,,,,,,,,,,
PAT015785,,,,,,,,,,,
PAT015786,,,,,,,,,,,
PAT015787,,,,,,,,,,,
PAT015788,,,,,,,,,,,
PAT015789,,,,,,,,,,,
PAT015790,,,,,,,,,,,
PAT015791,,,,,,,,,,,
PAT015792,,,,,,,,,,,
PAT015793,,,,,,,,,,,
PAT015794,,,,,,,,,,,
PAT015795,,,,,,,,,,,
PAT015796,,,,,,,,,,,
PAT015797,,,,,,,,,,,
PAT015798,,,,,,,,,,,
PAT015799,,,,,,,,,,,
PAT015800,,,,,,,,,,,
PAT015801,,,,,,,,,,,
PAT015802,,,,,,,,,,,
PAT015803,,,,,,,,,,,
PAT015804,,,,,,,,,,,
PAT015805,,,,,,,,,,,
PAT015806,,,,,,,,,,,
PAT015807,,,,,,,,,,,
PAT015808,,,,,,,,,,,
PAT015809,,,,,,,,,,,
PAT015810,,,,,,,,,,,
PAT015811,,,,,,,,,,,
PAT015812,,,,,,,,,,,
PAT015813,,,,,,,,,,,
PAT015814,,,,,,,,,,,
PAT015815,,,,,,,,,,,
PAT015816,,,,,,,,,,,
PAT015817,,,,,,,,,,,
PAT015818,,,,,,,,,,,
PAT015819,,,,,,,,,,,
PAT015820,,,,,,,,,,,
PAT015821,,,,,,,,,,,
PAT015822,,,,,,,,,,,
PAT015823,,,,,,,,,,,
PAT015824,,,,,,,,,,,
PAT015825,,,,,,,,,,,
PAT015826,,,,,,,,,,,
PAT015827,,,,,,,,,,,
PAT015828,,,,,,,,,,,
PAT015829,,,,,,,,,,,
PAT015830,,,,,,,,,,,
PAT015831,,,,,,,,,,,
PAT015832,,,,,,,,,,,
PAT015833,,,,,,,,,,,
PAT015834,,,,,,,,,,,
PAT015835,,,,,,,,,,,
PAT015836,,,,,,,,,,,
PAT015837,,,,,,,,,,,
PAT015838,,,,,,,,,,,
PAT015839,,,,,,,,,,,
PAT015840,,,,,,,,,,,
PAT015841,,,,,,,,,,,
PAT015842,,,,,,,,,,,
PAT015843,,,,,,,,,,,
PAT015844,,,,,,,,,,,
PAT015845,,,,,,,,,,,
PAT015846,,,,,,,,,,,
PAT015847,,,,,,,,,,,
PAT015848,,,,,,,,,,,
PAT015849,,,,,,,,,,,
PAT015850,,,,,,,,,,,
PAT015851,,,,,,,,,,,
PAT015852,,,,,,,,,,,
PAT015853,,,,,,,,,,,
PAT015854,,,,,,,,,,,
PAT015855,,,,,,,,,,,
PAT015856,,,,,,,,,,,
PAT015857,,,,,,,,,,,
PAT015858,,,,,,,,,,,
PAT015859,,,,,,,,,,,
PAT015860,,,,,,,,,,,
PAT015861,,,,,,,,,,,
PAT015862,,,,,,,,,,,
PAT015863,,,,,,,,,,,
PAT015864,,,,,,,,,,,
PAT015865,,,,,,,,,,,
PAT015866,,,,,,,,,,,
PAT015867,,,,,,,,,,,
PAT015868,,,,,,,,,,,
PAT015869,,,,,,,,,,,
PAT015870,,,,,,,,,,,
PAT015871,,,,,,,,,,,
PAT015872,,,,,,,,,,,
PAT015873,,,,,,,,,,,
PAT015874,,,,,,,,,,,
PAT015875,,,,,,,,,,,
PAT015876,,,,,,,,,,,
PAT015877,,,,,,,,,,,
PAT015878,,,,,,,,,,,
PAT015879,,,,,,,,,,,
PAT015880,,,,,,,,,,,
PAT015881,,,,,,,,,,,
PAT015882,,,,,,,,,,,
PAT015883,,,,,,,,,,,
PAT015884,,,,,,,,,,,
PAT015885,,,,,,,,,,,
PAT015886,,,,,,,,,,,
PAT015887,,,,,,,,,,,
PAT015888,,,,,,,,,,,
PAT015889,,,,,,,,,,,
PAT015890,,,,,,,,,,,
PAT015891,,,,,,,,,,,
PAT015892,,,,,,,,,,,
PAT015893,,,,,,,,,,,
PAT015894,,,,,,,,,,,
PAT015895,,,,,,,,,,,
PAT015896,,,,,,,,,,,
PAT015897,,,,,,,,,,,
PAT015898,,,,,,,,,,,
PAT015899,,,,,,,,,,,
PAT015900,,,,,,,,,,,
PAT015901,,,,,,,,,,,
PAT015902,,,,,,,,,,,
PAT015903,,,,,,,,,,,
PAT015904,,,,,,,,,,,
PAT015905,,,,,,,,,,,
PAT015906,,,,,,,,,,,
PAT015907,,,,,,,,,,,
PAT015908,,,,,,,,,,,
PAT015909,,,,,,,,,,,
PAT015910,,,,,,,,,,,
PAT015911,,,,,,,,,,,
PAT015912,,,,,,,,,,,
PAT015913,,,,,,,,,,,
PAT015914,,,,,,,,,,,
PAT015915,,,,,,,,,,,
PAT015916,,,,,,,,,,,
PAT015917,,,,,,,,,,,
PAT015918,,,,,,,,,,,
PAT015919,,,,,,,,,,,
PAT015920,,,,,,,,,,,
PAT015921,,,,,,,,,,,
PAT015922,,,,,,,,,,,
PAT015923,,,,,,,,,,,
PAT015924,,,,,,,,,,,
PAT015925,,,,,,,,,,,
PAT015926,,,,,,,,,,,
PAT015927,,,,,,,,,,,
PAT015928,,,,,,,,,,,
PAT015929,,,,,,,,,,,
PAT015930,,,,,,,,,,,
PAT015931,,,,,,,,,,,
PAT015932,,,,,,,,,,,
PAT015933,,,,,,,,,,,
PAT015934,,,,,,,,,,,
PAT015935,,,,,,,,,,,
PAT015936,,,,,,,,,,,
PAT015937,,,,,,,,,,,
PAT015938,,,,,,,,,,,
PAT015939,,,,,,,,,,,
PAT015940,,,,,,,,,,,
PAT015941,,,,,,,,,,,
PAT015942,,,,,,,,,,,
PAT015943,,,,,,,,,,,
PAT015944,,,,,,,,,,,
PAT015945,,,,,,,,,,,
PAT015946,,,,,,,,,,,
PAT015947,,,,,,,,,,,
PAT015948,,,,,,,,,,,
PAT015949,,,,,,,,,,,
PAT015950,,,,,,,,,,,
PAT015951,,,,,,,,,,,
PAT015952,,,,,,,,,,,
PAT015953,,,,,,,,,,,
PAT015954,,,,,,,,,,,
PAT015955,,,,,,,,,,,
PAT015956,,,,,,,,,,,
PAT015957,,,,,,,,,,,
PAT015958,,,,,,,,,,,
PAT015959,,,,,,,,,,,
PAT015960,,,,,,,,,,,
PAT015961,,,,,,,,,,,
PAT015962,,,,,,,,,,,
PAT015963,,,,,,,,,,,
PAT015964,,,,,,,,,,,
PAT015965,,,,,,,,,,,
PAT015966,,,,,,,,,,,
PAT015967,,,,,,,,,,,
PAT015968,,,,,,,,,,,
PAT015969,,,,,,,,,,,
PAT015970,,,,,,,,,,,
PAT015971,,,,,,,,,,,
PAT015972,,,,,,,,,,,
PAT015973,,,,,,,,,,,
PAT015974,,,,,,,,,,,
PAT015975,,,,,,,,,,,
PAT015976,,,,,,,,,,,
PAT015977,,,,,,,,,,,
PAT015978,,,,,,,,,,,
PAT015979,,,,,,,,,,,
PAT015980,,,,,,,,,,,
PAT015981,,,,,,,,,,,
PAT015982,,,,,,,,,,,
PAT015983,,,,,,,,,,,
PAT015984,,,,,,,,,,,
PAT015985,,,,,,,,,,,
PAT015986,,,,,,,,,,,
PAT015987,,,,,,,,,,,
PAT015988,,,,,,,,,,,
PAT015989,,,,,,,,,,,
PAT015990,,,,,,,,,,,
PAT015991,,,,,,,,,,,
PAT015992,,,,,,,,,,,
PAT015993,,,,,,,,,,,
PAT015994,,,,,,,,,,,
PAT015995,,,,,,,,,,,
PAT015996,,,,,,,,,,,
PAT015997,,,,,,,,,,,
PAT015998,,,,,,,,,,,
PAT015999,,,,,,,,,,,
PAT016000,,,,,,,,,,,
PAT016001,,,,,,,,,,,
PAT016002,,,,,,,,,,,
PAT016003,,,,,,,,,,,
PAT016004,,,,,,,,,,,
PAT016005,,,,,,,,,,,
PAT016006,,,,,,,,,,,
PAT016007,,,,,,,,,,,
PAT016008,,,,,,,,,,,
PAT016009,,,,,,,,,,,
PAT016010,,,,,,,,,,,
PAT016011,,,,,,,,,,,
PAT016012,,,,,,,,,,,
PAT016013,,,,,,,,,,,
PAT016014,,,,,,,,,,,
PAT016015,,,,,,,,,,,
PAT016016,,,,,,,,,,,
PAT016017,,,,,,,,,,,
PAT016018,,,,,,,,,,,
PAT016019,,,,,,,,,,,
PAT016020,,,,,,,,,,,
PAT016021,,,,,,,,,,,
PAT016022,,,,,,,,,,,
PAT016023,,,,,,,,,,,
PAT016024,,,,,,,,,,,
PAT016025,,,,,,,,,,,
PAT016026,,,,,,,,,,,
PAT016027,,,,,,,,,,,
PAT016028,,,,,,,,,,,
PAT016029,,,,,,,,,,,
PAT016030,,,,,,,,,,,
PAT016031,,,,,,,,,,,
PAT016032,,,,,,,,,,,
PAT016033,,,,,,,,,,,
PAT016034,,,,,,,,,,,
PAT016035,,,,,,,,,,,
PAT016036,,,,,,,,,,,
PAT016037,,,,,,,,,,,
PAT016038,,,,,,,,,,,
PAT016039,,,,,,,,,,,
PAT016040,,,,,,,,,,,
PAT016041,,,,,,,,,,,
PAT016042,,,,,,,,,,,
PAT016043,,,,,,,,,,,
PAT016044,,,,,,,,,,,
PAT016045,,,,,,,,,,,
PAT016046,,,,,,,,,,,
PAT016047,,,,,,,,,,,
PAT016048,,,,,,,,,,,
PAT016049,,,,,,,,,,,
PAT016050,,,,,,,,,,,
PAT016051,,,,,,,,,,,
PAT016052,,,,,,,,,,,
PAT016053,,,,,,,,,,,
PAT016054,,,,,,,,,,,
PAT016055,,,,,,,,,,,
PAT016056,,,,,,,,,,,
PAT016057,,,,,,,,,,,
PAT016058,,,,,,,,,,,
PAT016059,,,,,,,,,,,
PAT016060,,,,,,,,,,,
PAT016061,,,,,,,,,,,
PAT016062,,,,,,,,,,,
PAT016063,,,,,,,,,,,
PAT016064,,,,,,,,,,,
PAT016065,,,,,,,,,,,
PAT016066,,,,,,,,,,,
PAT016067,,,,,,,,,,,
PAT016068,,,,,,,,,,,
PAT016069,,,,,,,,,,,
PAT016070,,,,,,,,,,,
PAT016071,,,,,,,,,,,
PAT016072,,,,,,,,,,,
PAT016073,,,,,,,,,,,
PAT016074,,,,,,,,,,,
PAT016075,,,,,,,,,,,
PAT016076,,,,,,,,,,,
PAT016077,,,,,,,,,,,
PAT016078,,,,,,,,,,,
PAT016079,,,,,,,,,,,
PAT016080,,,,,,,,,,,
PAT016081,,,,,,,,,,,
PAT016082,,,,,,,,,,,
PAT016083,,,,,,,,,,,
PAT016084,,,,,,,,,,,
PAT016085,,,,,,,,,,,
PAT016086,,,,,,,,,,,
PAT016087,,,,,,,,,,,
PAT016088,,,,,,,,,,,
PAT016089,,,,,,,,,,,
PAT016090,,,,,,,,,,,
PAT016091,,,,,,,,,,,
PAT016092,,,,,,,,,,,
PAT016093,,,,,,,,,,,
PAT016094,,,,,,,,,,,
PAT016095,,,,,,,,,,,
PAT016096,,,,,,,,,,,
PAT016097,,,,,,,,,,,
PAT016098,,,,,,,,,,,
PAT016099,,,,,,,,,,,
PAT016100,,,,,,,,,,,
PAT016101,,,,,,,,,,,
PAT016102,,,,,,,,,,,
PAT016103,,,,,,,,,,,
PAT016104,,,,,,,,,,,
PAT016105,,,,,,,,,,,
PAT016106,,,,,,,,,,,
PAT016107,,,,,,,,,,,
PAT016108,,,,,,,,,,,
PAT016109,,,,,,,,,,,
PAT016110,,,,,,,,,,,
PAT016111,,,,,,,,,,,
PAT016112,,,,,,,,,,,
PAT016113,,,,,,,,,,,
PAT016114,,,,,,,,,,,
PAT016115,,,,,,,,,,,
PAT016116,,,,,,,,,,,
PAT016117,,,,,,,,,,,
PAT016118,,,,,,,,,,,
PAT016119,,,,,,,,,,,
PAT016120,,,,,,,,,,,
PAT016121,,,,,,,,,,,
PAT016122,,,,,,,,,,,
PAT016123,,,,,,,,,,,
PAT016124,,,,,,,,,,,
PAT016125,,,,,,,,,,,
PAT016126,,,,,,,,,,,
PAT016127,,,,,,,,,,,
PAT016128,,,,,,,,,,,
PAT016129,,,,,,,,,,,
PAT016130,,,,,,,,,,,
PAT016131,,,,,,,,,,,
PAT016132,,,,,,,,,,,
PAT016133,,,,,,,,,,,
PAT016134,,,,,,,,,,,
PAT016135,,,,,,,,,,,
PAT016136,,,,,,,,,,,
PAT016137,,,,,,,,,,,
PAT016138,,,,,,,,,,,
PAT016139,,,,,,,,,,,
PAT016140,,,,,,,,,,,
PAT016141,,,,,,,,,,,
PAT016142,,,,,,,,,,,
PAT016143,,,,,,,,,,,
PAT016144,,,,,,,,,,,
PAT016145,,,,,,,,,,,
PAT016146,,,,,,,,,,,
PAT016147,,,,,,,,,,,
PAT016148,,,,,,,,,,,
PAT016149,,,,,,,,,,,
PAT016150,,,,,,,,,,,
PAT016151,,,,,,,,,,,
PAT016152,,,,,,,,,,,
PAT016153,,,,,,,,,,,
PAT016154,,,,,,,,,,,
PAT016155,,,,,,,,,,,
PAT016156,,,,,,,,,,,
PAT016157,,,,,,,,,,,
PAT016158,,,,,,,,,,,
PAT016159,,,,,,,,,,,
PAT016160,,,,,,,,,,,
PAT016161,,,,,,,,,,,
PAT016162,,,,,,,,,,,
PAT016163,,,,,,,,,,,
PAT016164,,,,,,,,,,,
PAT016165,,,,,,,,,,,
PAT016166,,,,,,,,,,,
PAT016167,,,,,,,,,,,
PAT016168,,,,,,,,,,,
PAT016169,,,,,,,,,,,
PAT016170,,,,,,,,,,,
PAT016171,,,,,,,,,,,
PAT016172,,,,,,,,,,,
PAT016173,,,,,,,,,,,
PAT016174,,,,,,,,,,,
PAT016175,,,,,,,,,,,
PAT016176,,,,,,,,,,,
PAT016177,,,,,,,,,,,
PAT016178,,,,,,,,,,,
PAT016179,,,,,,,,,,,
PAT016180,,,,,,,,,,,
PAT016181,,,,,,,,,,,
PAT016182,,,,,,,,,,,
PAT016183,,,,,,,,,,,
PAT016184,,,,,,,,,,,
PAT016185,,,,,,,,,,,
PAT016186,,,,,,,,,,,
PAT016187,,,,,,,,,,,
PAT016188,,,,,,,,,,,
PAT016189,,,,,,,,,,,
PAT016190,,,,,,,,,,,
PAT016191,,,,,,,,,,,
PAT016192,,,,,,,,,,,
PAT016193,,,,,,,,,,,
PAT016194,,,,,,,,,,,
PAT016195,,,,,,,,,,,
PAT016196,,,,,,,,,,,
PAT016197,,,,,,,,,,,
PAT016198,,,,,,,,,,,
PAT016199,,,,,,,,,,,
PAT016200,,,,,,,,,,,
PAT016201,,,,,,,,,,,
PAT016202,,,,,,,,,,,
PAT016203,,,,,,,,,,,
PAT016204,,,,,,,,,,,
PAT016205,,,,,,,,,,,
PAT016206,,,,,,,,,,,
PAT016207,,,,,,,,,,,
PAT016208,,,,,,,,,,,
PAT016209,,,,,,,,,,,
PAT016210,,,,,,,,,,,
PAT016211,,,,,,,,,,,
PAT016212,,,,,,,,,,,
PAT016213,,,,,,,,,,,
PAT016214,,,,,,,,,,,
PAT016215,,,,,,,,,,,
PAT016216,,,,,,,,,,,
PAT016217,,,,,,,,,,,
PAT016218,,,,,,,,,,,
PAT016219,,,,,,,,,,,
PAT016220,,,,,,,,,,,
PAT016221,,,,,,,,,,,
PAT016222,,,,,,,,,,,
PAT016223,,,,,,,,,,,
PAT016224,,,,,,,,,,,
PAT016225,,,,,,,,,,,
PAT016226,,,,,,,,,,,
PAT016227,,,,,,,,,,,
PAT016228,,,,,,,,,,,
PAT016229,,,,,,,,,,,
PAT016230,,,,,,,,,,,
PAT016231,,,,,,,,,,,
PAT016232,,,,,,,,,,,
PAT016233,,,,,,,,,,,
PAT016234,,,,,,,,,,,
PAT016235,,,,,,,,,,,
PAT016236,,,,,,,,,,,
PAT016237,,,,,,,,,,,
PAT016238,,,,,,,,,,,
PAT016239,,,,,,,,,,,
PAT016240,,,,,,,,,,,
PAT016241,,,,,,,,,,,
PAT016242,,,,,,,,,,,
PAT016243,,,,,,,,,,,
PAT016244,,,,,,,,,,,
PAT016245,,,,,,,,,,,
PAT016246,,,,,,,,,,,
PAT016247,,,,,,,,,,,
PAT016248,,,,,,,,,,,
PAT016249,,,,,,,,,,,
PAT016250,,,,,,,,,,,
PAT016251,,,,,,,,,,,
PAT016252,,,,,,,,,,,
PAT016253,,,,,,,,,,,
PAT016254,,,,,,,,,,,
PAT016255,,,,,,,,,,,
PAT016256,,,,,,,,,,,
PAT016257,,,,,,,,,,,
PAT016258,,,,,,,,,,,
PAT016259,,,,,,,,,,,
PAT016260,,,,,,,,,,,
PAT016261,,,,,,,,,,,
PAT016262,,,,,,,,,,,
PAT016263,,,,,,,,,,,
PAT016264,,,,,,,,,,,
PAT016265,,,,,,,,,,,
PAT016266,,,,,,,,,,,
PAT016267,,,,,,,,,,,
PAT016268,,,,,,,,,,,
PAT016269,,,,,,,,,,,
PAT016270,,,,,,,,,,,
PAT016271,,,,,,,,,,,
PAT016272,,,,,,,,,,,
PAT016273,,,,,,,,,,,
PAT016274,,,,,,,,,,,
PAT016275,,,,,,,,,,,
PAT016276,,,,,,,,,,,
PAT016277,,,,,,,,,,,
PAT016278,,,,,,,,,,,
PAT016279,,,,,,,,,,,
PAT016280,,,,,,,,,,,
PAT016281,,,,,,,,,,,
PAT016282,,,,,,,,,,,
PAT016283,,,,,,,,,,,
PAT016284,,,,,,,,,,,
PAT016285,,,,,,,,,,,
PAT016286,,,,,,,,,,,
PAT016287,,,,,,,,,,,
PAT016288,,,,,,,,,,,
PAT016289,,,,,,,,,,,
PAT016290,,,,,,,,,,,
PAT016291,,,,,,,,,,,
PAT016292,,,,,,,,,,,
PAT016293,,,,,,,,,,,
PAT016294,,,,,,,,,,,
PAT016295,,,,,,,,,,,
PAT016296,,,,,,,,,,,
PAT016297,,,,,,,,,,,
PAT016298,,,,,,,,,,,
PAT016299,,,,,,,,,,,
PAT016300,,,,,,,,,,,
PAT016301,,,,,,,,,,,
PAT016302,,,,,,,,,,,
PAT016303,,,,,,,,,,,
PAT016304,,,,,,,,,,,
PAT016305,,,,,,,,,,,
PAT016306,,,,,,,,,,,
PAT016307,,,,,,,,,,,
PAT016308,,,,,,,,,,,
PAT016309,,,,,,,,,,,
PAT016310,,,,,,,,,,,
PAT016311,,,,,,,,,,,
PAT016312,,,,,,,,,,,
PAT016313,,,,,,,,,,,
PAT016314,,,,,,,,,,,
PAT016315,,,,,,,,,,,
PAT016316,,,,,,,,,,,
PAT016317,,,,,,,,,,,
PAT016318,,,,,,,,,,,
PAT016319,,,,,,,,,,,
PAT016320,,,,,,,,,,,
PAT016321,,,,,,,,,,,
PAT016322,,,,,,,,,,,
PAT016323,,,,,,,,,,,
PAT016324,,,,,,,,,,,
PAT016325,,,,,,,,,,,
PAT016326,,,,,,,,,,,
PAT016327,,,,,,,,,,,
PAT016328,,,,,,,,,,,
PAT016329,,,,,,,,,,,
PAT016330,,,,,,,,,,,
PAT016331,,,,,,,,,,,
PAT016332,,,,,,,,,,,
PAT016333,,,,,,,,,,,
PAT016334,,,,,,,,,,,
PAT016335,,,,,,,,,,,
PAT016336,,,,,,,,,,,
PAT016337,,,,,,,,,,,
PAT016338,,,,,,,,,,,
PAT016339,,,,,,,,,,,
PAT016340,,,,,,,,,,,
PAT016341,,,,,,,,,,,
PAT016342,,,,,,,,,,,
PAT016343,,,,,,,,,,,
PAT016344,,,,,,,,,,,
PAT016345,,,,,,,,,,,
PAT016346,,,,,,,,,,,
PAT016347,,,,,,,,,,,
PAT016348,,,,,,,,,,,
PAT016349,,,,,,,,,,,
PAT016350,,,,,,,,,,,
PAT016351,,,,,,,,,,,
PAT016352,,,,,,,,,,,
PAT016353,,,,,,,,,,,
PAT016354,,,,,,,,,,,
PAT016355,,,,,,,,,,,
PAT016356,,,,,,,,,,,
PAT016357,,,,,,,,,,,
PAT016358,,,,,,,,,,,
PAT016359,,,,,,,,,,,
PAT016360,,,,,,,,,,,
PAT016361,,,,,,,,,,,
PAT016362,,,,,,,,,,,
PAT016363,,,,,,,,,,,
PAT016364,,,,,,,,,,,
PAT016365,,,,,,,,,,,
PAT016366,,,,,,,,,,,
PAT016367,,,,,,,,,,,
PAT016368,,,,,,,,,,,
PAT016369,,,,,,,,,,,
PAT016370,,,,,,,,,,,
PAT016371,,,,,,,,,,,
PAT016372,,,,,,,,,,,
PAT016373,,,,,,,,,,,
PAT016374,,,,,,,,,,,
PAT016375,,,,,,,,,,,
PAT016376,,,,,,,,,,,
PAT016377,,,,,,,,,,,
PAT016378,,,,,,,,,,,
PAT016379,,,,,,,,,,,
PAT016380,,,,,,,,,,,
PAT016381,,,,,,,,,,,
PAT016382,,,,,,,,,,,
PAT016383,,,,,,,,,,,
PAT016384,,,,,,,,,,,
PAT016385,,,,,,,,,,,
PAT016386,,,,,,,,,,,
PAT016387,,,,,,,,,,,
PAT016388,,,,,,,,,,,
PAT016389,,,,,,,,,,,
PAT016390,,,,,,,,,,,
PAT016391,,,,,,,,,,,
PAT016392,,,,,,,,,,,
PAT016393,,,,,,,,,,,
PAT016394,,,,,,,,,,,
PAT016395,,,,,,,,,,,
PAT016396,,,,,,,,,,,
PAT016397,,,,,,,,,,,
PAT016398,,,,,,,,,,,
PAT016399,,,,,,,,,,,
PAT016400,,,,,,,,,,,
PAT016401,,,,,,,,,,,
PAT016402,,,,,,,,,,,
PAT016403,,,,,,,,,,,
PAT016404,,,,,,,,,,,
PAT016405,,,,,,,,,,,
PAT016406,,,,,,,,,,,
PAT016407,,,,,,,,,,,
PAT016408,,,,,,,,,,,
PAT016409,,,,,,,,,,,
PAT016410,,,,,,,,,,,
PAT016411,,,,,,,,,,,
PAT016412,,,,,,,,,,,
PAT016413,,,,,,,,,,,
PAT016414,,,,,,,,,,,
PAT016415,,,,,,,,,,,
PAT016416,,,,,,,,,,,
PAT016417,,,,,,,,,,,
PAT016418,,,,,,,,,,,
PAT016419,,,,,,,,,,,
PAT016420,,,,,,,,,,,
PAT016421,,,,,,,,,,,
PAT016422,,,,,,,,,,,
PAT016423,,,,,,,,,,,
PAT016424,,,,,,,,,,,
PAT016425,,,,,,,,,,,
PAT016426,,,,,,,,,,,
PAT016427,,,,,,,,,,,
PAT016428,,,,,,,,,,,
PAT016429,,,,,,,,,,,
PAT016430,,,,,,,,,,,
PAT016431,,,,,,,,,,,
PAT016432,,,,,,,,,,,
PAT016433,,,,,,,,,,,
PAT016434,,,,,,,,,,,
PAT016435,,,,,,,,,,,
PAT016436,,,,,,,,,,,
PAT016437,,,,,,,,,,,
PAT016438,,,,,,,,,,,
PAT016439,,,,,,,,,,,
PAT016440,,,,,,,,,,,
PAT016441,,,,,,,,,,,
PAT016442,,,,,,,,,,,
PAT016443,,,,,,,,,,,
PAT016444,,,,,,,,,,,
PAT016445,,,,,,,,,,,
PAT016446,,,,,,,,,,,
PAT016447,,,,,,,,,,,
PAT016448,,,,,,,,,,,
PAT016449,,,,,,,,,,,
PAT016450,,,,,,,,,,,
PAT016451,,,,,,,,,,,
PAT016452,,,,,,,,,,,
PAT016453,,,,,,,,,,,
PAT016454,,,,,,,,,,,
PAT016455,,,,,,,,,,,
PAT016456,,,,,,,,,,,
PAT016457,,,,,,,,,,,
PAT016458,,,,,,,,,,,
PAT016459,,,,,,,,,,,
PAT016460,,,,,,,,,,,
PAT016461,,,,,,,,,,,
PAT016462,,,,,,,,,,,
PAT016463,,,,,,,,,,,
PAT016464,,,,,,,,,,,
PAT016465,,,,,,,,,,,
PAT016466,,,,,,,,,,,
PAT016467,,,,,,,,,,,
PAT016468,,,,,,,,,,,
PAT016469,,,,,,,,,,,
PAT016470,,,,,,,,,,,
PAT016471,,,,,,,,,,,
PAT016472,,,,,,,,,,,
PAT016473,,,,,,,,,,,
PAT016474,,,,,,,,,,,
PAT016475,,,,,,,,,,,
PAT016476,,,,,,,,,,,
PAT016477,,,,,,,,,,,
PAT016478,,,,,,,,,,,
PAT016479,,,,,,,,,,,
PAT016480,,,,,,,,,,,
PAT016481,,,,,,,,,,,
PAT016482,,,,,,,,,,,
PAT016483,,,,,,,,,,,
PAT016484,,,,,,,,,,,
PAT016485,,,,,,,,,,,
PAT016486,,,,,,,,,,,
PAT016487,,,,,,,,,,,
PAT016488,,,,,,,,,,,
PAT016489,,,,,,,,,,,
PAT016490,,,,,,,,,,,
PAT016491,,,,,,,,,,,
PAT016492,,,,,,,,,,,
PAT016493,,,,,,,,,,,
PAT016494,,,,,,,,,,,
PAT016495,,,,,,,,,,,
PAT016496,,,,,,,,,,,
PAT016497,,,,,,,,,,,
PAT016498,,,,,,,,,,,
PAT016499,,,,,,,,,,,
PAT016500,,,,,,,,,,,
PAT016501,,,,,,,,,,,
PAT016502,,,,,,,,,,,
PAT016503,,,,,,,,,,,
PAT016504,,,,,,,,,,,
PAT016505,,,,,,,,,,,
PAT016506,,,,,,,,,,,
PAT016507,,,,,,,,,,,
PAT016508,,,,,,,,,,,
PAT016509,,,,,,,,,,,
PAT016510,,,,,,,,,,,
PAT016511,,,,,,,,,,,
PAT016512,,,,,,,,,,,
PAT016513,,,,,,,,,,,
PAT016514,,,,,,,,,,,
PAT016515,,,,,,,,,,,
PAT016516,,,,,,,,,,,
PAT016517,,,,,,,,,,,
PAT016518,,,,,,,,,,,
PAT016519,,,,,,,,,,,
PAT016520,,,,,,,,,,,
PAT016521,,,,,,,,,,,
PAT016522,,,,,,,,,,,
PAT016523,,,,,,,,,,,
PAT016524,,,,,,,,,,,
PAT016525,,,,,,,,,,,
PAT016526,,,,,,,,,,,
PAT016527,,,,,,,,,,,
PAT016528,,,,,,,,,,,
PAT016529,,,,,,,,,,,
PAT016530,,,,,,,,,,,
PAT016531,,,,,,,,,,,
PAT016532,,,,,,,,,,,
PAT016533,,,,,,,,,,,
PAT016534,,,,,,,,,,,
PAT016535,,,,,,,,,,,
PAT016536,,,,,,,,,,,
PAT016537,,,,,,,,,,,
PAT016538,,,,,,,,,,,
PAT016539,,,,,,,,,,,
PAT016540,,,,,,,,,,,
PAT016541,,,,,,,,,,,
PAT016542,,,,,,,,,,,
PAT016543,,,,,,,,,,,
PAT016544,,,,,,,,,,,
PAT016545,,,,,,,,,,,
PAT016546,,,,,,,,,,,
PAT016547,,,,,,,,,,,
PAT016548,,,,,,,,,,,
PAT016549,,,,,,,,,,,
PAT016550,,,,,,,,,,,
PAT016551,,,,,,,,,,,
PAT016552,,,,,,,,,,,
PAT016553,,,,,,,,,,,
PAT016554,,,,,,,,,,,
PAT016555,,,,,,,,,,,
PAT016556,,,,,,,,,,,
PAT016557,,,,,,,,,,,
PAT016558,,,,,,,,,,,
PAT016559,,,,,,,,,,,
PAT016560,,,,,,,,,,,
PAT016561,,,,,,,,,,,
PAT016562,,,,,,,,,,,
PAT016563,,,,,,,,,,,
PAT016564,,,,,,,,,,,
PAT016565,,,,,,,,,,,
PAT016566,,,,,,,,,,,
PAT016567,,,,,,,,,,,
PAT016568,,,,,,,,,,,
PAT016569,,,,,,,,,,,
PAT016570,,,,,,,,,,,
PAT016571,,,,,,,,,,,
PAT016572,,,,,,,,,,,
PAT016573,,,,,,,,,,,
PAT016574,,,,,,,,,,,
PAT016575,,,,,,,,,,,
PAT016576,,,,,,,,,,,
PAT016577,,,,,,,,,,,
PAT016578,,,,,,,,,,,
PAT016579,,,,,,,,,,,
PAT016580,,,,,,,,,,,
PAT016581,,,,,,,,,,,
PAT016582,,,,,,,,,,,
PAT016583,,,,,,,,,,,
PAT016584,,,,,,,,,,,
PAT016585,,,,,,,,,,,
PAT016586,,,,,,,,,,,
PAT016587,,,,,,,,,,,
PAT016588,,,,,,,,,,,
PAT016589,,,,,,,,,,,
PAT016590,,,,,,,,,,,
PAT016591,,,,,,,,,,,
PAT016592,,,,,,,,,,,
PAT016593,,,,,,,,,,,
PAT016594,,,,,,,,,,,
PAT016595,,,,,,,,,,,
PAT016596,,,,,,,,,,,
PAT016597,,,,,,,,,,,
PAT016598,,,,,,,,,,,
PAT016599,,,,,,,,,,,
PAT016600,,,,,,,,,,,
PAT016601,,,,,,,,,,,
PAT016602,,,,,,,,,,,
PAT016603,,,,,,,,,,,
PAT016604,,,,,,,,,,,
PAT016605,,,,,,,,,,,
PAT016606,,,,,,,,,,,
PAT016607,,,,,,,,,,,
PAT016608,,,,,,,,,,,
PAT016609,,,,,,,,,,,
PAT016610,,,,,,,,,,,
PAT016611,,,,,,,,,,,
PAT016612,,,,,,,,,,,
PAT016613,,,,,,,,,,,
PAT016614,,,,,,,,,,,
PAT016615,,,,,,,,,,,
PAT016616,,,,,,,,,,,
PAT016617,,,,,,,,,,,
PAT016618,,,,,,,,,,,
PAT016619,,,,,,,,,,,
PAT016620,,,,,,,,,,,
PAT016621,,,,,,,,,,,
PAT016622,,,,,,,,,,,
PAT016623,,,,,,,,,,,
PAT016624,,,,,,,,,,,
PAT016625,,,,,,,,,,,
PAT016626,,,,,,,,,,,
PAT016627,,,,,,,,,,,
PAT016628,,,,,,,,,,,
PAT016629,,,,,,,,,,,
PAT016630,,,,,,,,,,,
PAT016631,,,,,,,,,,,
PAT016632,,,,,,,,,,,
PAT016633,,,,,,,,,,,
PAT016634,,,,,,,,,,,
PAT016635,,,,,,,,,,,
PAT016636,,,,,,,,,,,
PAT016637,,,,,,,,,,,
PAT016638,,,,,,,,,,,
PAT016639,,,,,,,,,,,
PAT016640,,,,,,,,,,,
PAT016641,,,,,,,,,,,
PAT016642,,,,,,,,,,,
PAT016643,,,,,,,,,,,
PAT016644,,,,,,,,,,,
PAT016645,,,,,,,,,,,
PAT016646,,,,,,,,,,,
PAT016647,,,,,,,,,,,
PAT016648,,,,,,,,,,,
PAT016649,,,,,,,,,,,
PAT016650,,,,,,,,,,,
PAT016651,,,,,,,,,,,
PAT016652,,,,,,,,,,,
PAT016653,,,,,,,,,,,
PAT016654,,,,,,,,,,,
PAT016655,,,,,,,,,,,
PAT016656,,,,,,,,,,,
PAT016657,,,,,,,,,,,
PAT016658,,,,,,,,,,,
PAT016659,,,,,,,,,,,
PAT016660,,,,,,,,,,,
PAT016661,,,,,,,,,,,
PAT016662,,,,,,,,,,,
PAT016663,,,,,,,,,,,
PAT016664,,,,,,,,,,,
PAT016665,,,,,,,,,,,
PAT016666,,,,,,,,,,,
PAT016667,,,,,,,,,,,
PAT016668,,,,,,,,,,,
PAT016669,,,,,,,,,,,
PAT016670,,,,,,,,,,,
PAT016671,,,,,,,,,,,
PAT016672,,,,,,,,,,,
PAT016673,,,,,,,,,,,
PAT016674,,,,,,,,,,,
PAT016675,,,,,,,,,,,
PAT016676,,,,,,,,,,,
PAT016677,,,,,,,,,,,
PAT016678,,,,,,,,,,,
PAT016679,,,,,,,,,,,
PAT016680,,,,,,,,,,,
PAT016681,,,,,,,,,,,
PAT016682,,,,,,,,,,,
PAT016683,,,,,,,,,,,
PAT016684,,,,,,,,,,,
PAT016685,,,,,,,,,,,
PAT016686,,,,,,,,,,,
PAT016687,,,,,,,,,,,
PAT016688,,,,,,,,,,,
PAT016689,,,,,,,,,,,
PAT016690,,,,,,,,,,,
PAT016691,,,,,,,,,,,
PAT016692,,,,,,,,,,,
PAT016693,,,,,,,,,,,
PAT016694,,,,,,,,,,,
PAT016695,,,,,,,,,,,
PAT016696,,,,,,,,,,,
PAT016697,,,,,,,,,,,
PAT016698,,,,,,,,,,,
PAT016699,,,,,,,,,,,
PAT016700,,,,,,,,,,,
PAT016701,,,,,,,,,,,
PAT016702,,,,,,,,,,,
PAT016703,,,,,,,,,,,
PAT016704,,,,,,,,,,,
PAT016705,,,,,,,,,,,
PAT016706,,,,,,,,,,,
PAT016707,,,,,,,,,,,
PAT016708,,,,,,,,,,,
PAT016709,,,,,,,,,,,
PAT016710,,,,,,,,,,,
PAT016711,,,,,,,,,,,
PAT016712,,,,,,,,,,,
PAT016713,,,,,,,,,,,
PAT016714,,,,,,,,,,,
PAT016715,,,,,,,,,,,
PAT016716,,,,,,,,,,,
PAT016717,,,,,,,,,,,
PAT016718,,,,,,,,,,,
PAT016719,,,,,,,,,,,
PAT016720,,,,,,,,,,,
PAT016721,,,,,,,,,,,
PAT016722,,,,,,,,,,,
PAT016723,,,,,,,,,,,
PAT016724,,,,,,,,,,,
PAT016725,,,,,,,,,,,
PAT016726,,,,,,,,,,,
PAT016727,,,,,,,,,,,
PAT016728,,,,,,,,,,,
PAT016729,,,,,,,,,,,
PAT016730,,,,,,,,,,,
PAT016731,,,,,,,,,,,
PAT016732,,,,,,,,,,,
PAT016733,,,,,,,,,,,
PAT016734,,,,,,,,,,,
PAT016735,,,,,,,,,,,
PAT016736,,,,,,,,,,,
PAT016737,,,,,,,,,,,
PAT016738,,,,,,,,,,,
PAT016739,,,,,,,,,,,
PAT016740,,,,,,,,,,,
PAT016741,,,,,,,,,,,
PAT016742,,,,,,,,,,,
PAT016743,,,,,,,,,,,
PAT016744,,,,,,,,,,,
PAT016745,,,,,,,,,,,
PAT016746,,,,,,,,,,,
PAT016747,,,,,,,,,,,
PAT016748,,,,,,,,,,,
PAT016749,,,,,,,,,,,
PAT016750,,,,,,,,,,,
PAT016751,,,,,,,,,,,
PAT016752,,,,,,,,,,,
PAT016753,,,,,,,,,,,
PAT016754,,,,,,,,,,,
PAT016755,,,,,,,,,,,
PAT016756,,,,,,,,,,,
PAT016757,,,,,,,,,,,
PAT016758,,,,,,,,,,,
PAT016759,,,,,,,,,,,
PAT016760,,,,,,,,,,,
PAT016761,,,,,,,,,,,
PAT016762,,,,,,,,,,,
PAT016763,,,,,,,,,,,
PAT016764,,,,,,,,,,,
PAT016765,,,,,,,,,,,
PAT016766,,,,,,,,,,,
PAT016767,,,,,,,,,,,
PAT016768,,,,,,,,,,,
PAT016769,,,,,,,,,,,
PAT016770,,,,,,,,,,,
PAT016771,,,,,,,,,,,
PAT016772,,,,,,,,,,,
PAT016773,,,,,,,,,,,
PAT016774,,,,,,,,,,,
PAT016775,,,,,,,,,,,
PAT016776,,,,,,,,,,,
PAT016777,,,,,,,,,,,
PAT016778,,,,,,,,,,,
PAT016779,,,,,,,,,,,
PAT016780,,,,,,,,,,,
PAT016781,,,,,,,,,,,
PAT016782,,,,,,,,,,,
PAT016783,,,,,,,,,,,
PAT016784,,,,,,,,,,,
PAT016785,,,,,,,,,,,
PAT016786,,,,,,,,,,,
PAT016787,,,,,,,,,,,
PAT016788,,,,,,,,,,,
PAT016789,,,,,,,,,,,
PAT016790,,,,,,,,,,,
PAT016791,,,,,,,,,,,
PAT016792,,,,,,,,,,,
PAT016793,,,,,,,,,,,
PAT016794,,,,,,,,,,,
PAT016795,,,,,,,,,,,
PAT016796,,,,,,,,,,,
PAT016797,,,,,,,,,,,
PAT016798,,,,,,,,,,,
PAT016799,,,,,,,,,,,
PAT016800,,,,,,,,,,,
PAT016801,,,,,,,,,,,
PAT016802,,,,,,,,,,,
PAT016803,,,,,,,,,,,
PAT016804,,,,,,,,,,,
PAT016805,,,,,,,,,,,
PAT016806,,,,,,,,,,,
PAT016807,,,,,,,,,,,
PAT016808,,,,,,,,,,,
PAT016809,,,,,,,,,,,
PAT016810,,,,,,,,,,,
PAT016811,,,,,,,,,,,
PAT016812,,,,,,,,,,,
PAT016813,,,,,,,,,,,
PAT016814,,,,,,,,,,,
PAT016815,,,,,,,,,,,
PAT016816,,,,,,,,,,,
PAT016817,,,,,,,,,,,
PAT016818,,,,,,,,,,,
PAT016819,,,,,,,,,,,
PAT016820,,,,,,,,,,,
PAT016821,,,,,,,,,,,
PAT016822,,,,,,,,,,,
PAT016823,,,,,,,,,,,
PAT016824,,,,,,,,,,,
PAT016825,,,,,,,,,,,
PAT016826,,,,,,,,,,,
PAT016827,,,,,,,,,,,
PAT016828,,,,,,,,,,,
PAT016829,,,,,,,,,,,
PAT016830,,,,,,,,,,,
PAT016831,,,,,,,,,,,
PAT016832,,,,,,,,,,,
PAT016833,,,,,,,,,,,
PAT016834,,,,,,,,,,,
PAT016835,,,,,,,,,,,
PAT016836,,,,,,,,,,,
PAT016837,,,,,,,,,,,
PAT016838,,,,,,,,,,,
PAT016839,,,,,,,,,,,
PAT016840,,,,,,,,,,,
PAT016841,,,,,,,,,,,
PAT016842,,,,,,,,,,,
PAT016843,,,,,,,,,,,
PAT016844,,,,,,,,,,,
PAT016845,,,,,,,,,,,
PAT016846,,,,,,,,,,,
PAT016847,,,,,,,,,,,
PAT016848,,,,,,,,,,,
PAT016849,,,,,,,,,,,
PAT016850,,,,,,,,,,,
PAT016851,,,,,,,,,,,
PAT016852,,,,,,,,,,,
PAT016853,,,,,,,,,,,
PAT016854,,,,,,,,,,,
PAT016855,,,,,,,,,,,
PAT016856,,,,,,,,,,,
PAT016857,,,,,,,,,,,
PAT016858,,,,,,,,,,,
PAT016859,,,,,,,,,,,
PAT016860,,,,,,,,,,,
PAT016861,,,,,,,,,,,
PAT016862,,,,,,,,,,,
PAT016863,,,,,,,,,,,
PAT016864,,,,,,,,,,,
PAT016865,,,,,,,,,,,
PAT016866,,,,,,,,,,,
PAT016867,,,,,,,,,,,
PAT016868,,,,,,,,,,,
PAT016869,,,,,,,,,,,
PAT016870,,,,,,,,,,,
PAT016871,,,,,,,,,,,
PAT016872,,,,,,,,,,,
PAT016873,,,,,,,,,,,
PAT016874,,,,,,,,,,,
PAT016875,,,,,,,,,,,
PAT016876,,,,,,,,,,,
PAT016877,,,,,,,,,,,
PAT016878,,,,,,,,,,,
PAT016879,,,,,,,,,,,
PAT016880,,,,,,,,,,,
PAT016881,,,,,,,,,,,
PAT016882,,,,,,,,,,,
PAT016883,,,,,,,,,,,
PAT016884,,,,,,,,,,,
PAT016885,,,,,,,,,,,
PAT016886,,,,,,,,,,,
PAT016887,,,,,,,,,,,
PAT016888,,,,,,,,,,,
PAT016889,,,,,,,,,,,
PAT016890,,,,,,,,,,,
PAT016891,,,,,,,,,,,
PAT016892,,,,,,,,,,,
PAT016893,,,,,,,,,,,
PAT016894,,,,,,,,,,,
PAT016895,,,,,,,,,,,
PAT016896,,,,,,,,,,,
PAT016897,,,,,,,,,,,
PAT016898,,,,,,,,,,,
PAT016899,,,,,,,,,,,
PAT016900,,,,,,,,,,,
PAT016901,,,,,,,,,,,
PAT016902,,,,,,,,,,,
PAT016903,,,,,,,,,,,
PAT016904,,,,,,,,,,,
PAT016905,,,,,,,,,,,
PAT016906,,,,,,,,,,,
PAT016907,,,,,,,,,,,
PAT016908,,,,,,,,,,,
PAT016909,,,,,,,,,,,
PAT016910,,,,,,,,,,,
PAT016911,,,,,,,,,,,
PAT016912,,,,,,,,,,,
PAT016913,,,,,,,,,,,
PAT016914,,,,,,,,,,,
PAT016915,,,,,,,,,,,
PAT016916,,,,,,,,,,,
PAT016917,,,,,,,,,,,
PAT016918,,,,,,,,,,,
PAT016919,,,,,,,,,,,
PAT016920,,,,,,,,,,,
PAT016921,,,,,,,,,,,
PAT016922,,,,,,,,,,,
PAT016923,,,,,,,,,,,
PAT016924,,,,,,,,,,,
PAT016925,,,,,,,,,,,
PAT016926,,,,,,,,,,,
PAT016927,,,,,,,,,,,
PAT016928,,,,,,,,,,,
PAT016929,,,,,,,,,,,
PAT016930,,,,,,,,,,,
PAT016931,,,,,,,,,,,
PAT016932,,,,,,,,,,,
PAT016933,,,,,,,,,,,
PAT016934,,,,,,,,,,,
PAT016935,,,,,,,,,,,
PAT016936,,,,,,,,,,,
PAT016937,,,,,,,,,,,
PAT016938,,,,,,,,,,,
PAT016939,,,,,,,,,,,
PAT016940,,,,,,,,,,,
PAT016941,,,,,,,,,,,
PAT016942,,,,,,,,,,,
PAT016943,,,,,,,,,,,
PAT016944,,,,,,,,,,,
PAT016945,,,,,,,,,,,
PAT016946,,,,,,,,,,,
PAT016947,,,,,,,,,,,
PAT016948,,,,,,,,,,,
PAT016949,,,,,,,,,,,
PAT016950,,,,,,,,,,,
PAT016951,,,,,,,,,,,
PAT016952,,,,,,,,,,,
PAT016953,,,,,,,,,,,
PAT016954,,,,,,,,,,,
PAT016955,,,,,,,,,,,
PAT016956,,,,,,,,,,,
PAT016957,,,,,,,,,,,
PAT016958,,,,,,,,,,,
PAT016959,,,,,,,,,,,
PAT016960,,,,,,,,,,,
PAT016961,,,,,,,,,,,
PAT016962,,,,,,,,,,,
PAT016963,,,,,,,,,,,
PAT016964,,,,,,,,,,,
PAT016965,,,,,,,,,,,
PAT016966,,,,,,,,,,,
PAT016967,,,,,,,,,,,
PAT016968,,,,,,,,,,,
PAT016969,,,,,,,,,,,
PAT016970,,,,,,,,,,,
PAT016971,,,,,,,,,,,
PAT016972,,,,,,,,,,,
PAT016973,,,,,,,,,,,
PAT016974,,,,,,,,,,,
PAT016975,,,,,,,,,,,
PAT016976,,,,,,,,,,,
PAT016977,,,,,,,,,,,
PAT016978,,,,,,,,,,,
PAT016979,,,,,,,,,,,
PAT016980,,,,,,,,,,,
PAT016981,,,,,,,,,,,
PAT016982,,,,,,,,,,,
PAT016983,,,,,,,,,,,
PAT016984,,,,,,,,,,,
PAT016985,,,,,,,,,,,
PAT016986,,,,,,,,,,,
PAT016987,,,,,,,,,,,
PAT016988,,,,,,,,,,,
PAT016989,,,,,,,,,,,
PAT016990,,,,,,,,,,,
PAT016991,,,,,,,,,,,
PAT016992,,,,,,,,,,,
PAT016993,,,,,,,,,,,
PAT016994,,,,,,,,,,,
PAT016995,,,,,,,,,,,
PAT016996,,,,,,,,,,,
PAT016997,,,,,,,,,,,
PAT016998,,,,,,,,,,,
PAT016999,,,,,,,,,,,
PAT017000,,,,,,,,,,,
PAT017001,,,,,,,,,,,
PAT017002,,,,,,,,,,,
PAT017003,,,,,,,,,,,
PAT017004,,,,,,,,,,,
PAT017005,,,,,,,,,,,
PAT017006,,,,,,,,,,,
PAT017007,,,,,,,,,,,
PAT017008,,,,,,,,,,,
PAT017009,,,,,,,,,,,
PAT017010,,,,,,,,,,,
PAT017011,,,,,,,,,,,
PAT017012,,,,,,,,,,,
PAT017013,,,,,,,,,,,
PAT017014,,,,,,,,,,,
PAT017015,,,,,,,,,,,
PAT017016,,,,,,,,,,,
PAT017017,,,,,,,,,,,
PAT017018,,,,,,,,,,,
PAT017019,,,,,,,,,,,
PAT017020,,,,,,,,,,,
PAT017021,,,,,,,,,,,
PAT017022,,,,,,,,,,,
PAT017023,,,,,,,,,,,
PAT017024,,,,,,,,,,,
PAT017025,,,,,,,,,,,
PAT017026,,,,,,,,,,,
PAT017027,,,,,,,,,,,
PAT017028,,,,,,,,,,,
PAT017029,,,,,,,,,,,
PAT017030,,,,,,,,,,,
PAT017031,,,,,,,,,,,
PAT017032,,,,,,,,,,,
PAT017033,,,,,,,,,,,
PAT017034,,,,,,,,,,,
PAT017035,,,,,,,,,,,
PAT017036,,,,,,,,,,,
PAT017037,,,,,,,,,,,
PAT017038,,,,,,,,,,,
PAT017039,,,,,,,,,,,
PAT017040,,,,,,,,,,,
PAT017041,,,,,,,,,,,
PAT017042,,,,,,,,,,,
PAT017043,,,,,,,,,,,
PAT017044,,,,,,,,,,,
PAT017045,,,,,,,,,,,
PAT017046,,,,,,,,,,,
PAT017047,,,,,,,,,,,
PAT017048,,,,,,,,,,,
PAT017049,,,,,,,,,,,
PAT017050,,,,,,,,,,,
PAT017051,,,,,,,,,,,
PAT017052,,,,,,,,,,,
PAT017053,,,,,,,,,,,
PAT017054,,,,,,,,,,,
PAT017055,,,,,,,,,,,
PAT017056,,,,,,,,,,,
PAT017057,,,,,,,,,,,
PAT017058,,,,,,,,,,,
PAT017059,,,,,,,,,,,
PAT017060,,,,,,,,,,,
PAT017061,,,,,,,,,,,
PAT017062,,,,,,,,,,,
PAT017063,,,,,,,,,,,
PAT017064,,,,,,,,,,,
PAT017065,,,,,,,,,,,
PAT017066,,,,,,,,,,,
PAT017067,,,,,,,,,,,
PAT017068,,,,,,,,,,,
PAT017069,,,,,,,,,,,
PAT017070,,,,,,,,,,,
PAT017071,,,,,,,,,,,
PAT017072,,,,,,,,,,,
PAT017073,,,,,,,,,,,
PAT017074,,,,,,,,,,,
PAT017075,,,,,,,,,,,
PAT017076,,,,,,,,,,,
PAT017077,,,,,,,,,,,
PAT017078,,,,,,,,,,,
PAT017079,,,,,,,,,,,
PAT017080,,,,,,,,,,,
PAT017081,,,,,,,,,,,
PAT017082,,,,,,,,,,,
PAT017083,,,,,,,,,,,
PAT017084,,,,,,,,,,,
PAT017085,,,,,,,,,,,
PAT017086,,,,,,,,,,,
PAT017087,,,,,,,,,,,
PAT017088,,,,,,,,,,,
PAT017089,,,,,,,,,,,
PAT017090,,,,,,,,,,,
PAT017091,,,,,,,,,,,
PAT017092,,,,,,,,,,,
PAT017093,,,,,,,,,,,
PAT017094,,,,,,,,,,,
PAT017095,,,,,,,,,,,
PAT017096,,,,,,,,,,,
PAT017097,,,,,,,,,,,
PAT017098,,,,,,,,,,,
PAT017099,,,,,,,,,,,
PAT017100,,,,,,,,,,,
PAT017101,,,,,,,,,,,
PAT017102,,,,,,,,,,,
PAT017103,,,,,,,,,,,
PAT017104,,,,,,,,,,,
PAT017105,,,,,,,,,,,
PAT017106,,,,,,,,,,,
PAT017107,,,,,,,,,,,
PAT017108,,,,,,,,,,,
PAT017109,,,,,,,,,,,
PAT017110,,,,,,,,,,,
PAT017111,,,,,,,,,,,
PAT017112,,,,,,,,,,,
PAT017113,,,,,,,,,,,
PAT017114,,,,,,,,,,,
PAT017115,,,,,,,,,,,
PAT017116,,,,,,,,,,,
PAT017117,,,,,,,,,,,
PAT017118,,,,,,,,,,,
PAT017119,,,,,,,,,,,
PAT017120,,,,,,,,,,,
PAT017121,,,,,,,,,,,
PAT017122,,,,,,,,,,,
PAT017123,,,,,,,,,,,
PAT017124,,,,,,,,,,,
PAT017125,,,,,,,,,,,
PAT017126,,,,,,,,,,,
PAT017127,,,,,,,,,,,
PAT017128,,,,,,,,,,,
PAT017129,,,,,,,,,,,
PAT017130,,,,,,,,,,,
PAT017131,,,,,,,,,,,
PAT017132,,,,,,,,,,,
PAT017133,,,,,,,,,,,
PAT017134,,,,,,,,,,,
PAT017135,,,,,,,,,,,
PAT017136,,,,,,,,,,,
PAT017137,,,,,,,,,,,
PAT017138,,,,,,,,,,,
PAT017139,,,,,,,,,,,
PAT017140,,,,,,,,,,,
PAT017141,,,,,,,,,,,
PAT017142,,,,,,,,,,,
PAT017143,,,,,,,,,,,
PAT017144,,,,,,,,,,,
PAT017145,,,,,,,,,,,
PAT017146,,,,,,,,,,,
PAT017147,,,,,,,,,,,
PAT017148,,,,,,,,,,,
PAT017149,,,,,,,,,,,
PAT017150,,,,,,,,,,,
PAT017151,,,,,,,,,,,
PAT017152,,,,,,,,,,,
PAT017153,,,,,,,,,,,
PAT017154,,,,,,,,,,,
PAT017155,,,,,,,,,,,
PAT017156,,,,,,,,,,,
PAT017157,,,,,,,,,,,
PAT017158,,,,,,,,,,,
PAT017159,,,,,,,,,,,
PAT017160,,,,,,,,,,,
PAT017161,,,,,,,,,,,
PAT017162,,,,,,,,,,,
PAT017163,,,,,,,,,,,
PAT017164,,,,,,,,,,,
PAT017165,,,,,,,,,,,
PAT017166,,,,,,,,,,,
PAT017167,,,,,,,,,,,
PAT017168,,,,,,,,,,,
PAT017169,,,,,,,,,,,
PAT017170,,,,,,,,,,,
PAT017171,,,,,,,,,,,
PAT017172,,,,,,,,,,,
PAT017173,,,,,,,,,,,
PAT017174,,,,,,,,,,,
PAT017175,,,,,,,,,,,
PAT017176,,,,,,,,,,,
PAT017177,,,,,,,,,,,
PAT017178,,,,,,,,,,,
PAT017179,,,,,,,,,,,
PAT017180,,,,,,,,,,,
PAT017181,,,,,,,,,,,
PAT017182,,,,,,,,,,,
PAT017183,,,,,,,,,,,
PAT017184,,,,,,,,,,,
PAT017185,,,,,,,,,,,
PAT017186,,,,,,,,,,,
PAT017187,,,,,,,,,,,
PAT017188,,,,,,,,,,,
PAT017189,,,,,,,,,,,
PAT017190,,,,,,,,,,,
PAT017191,,,,,,,,,,,
PAT017192,,,,,,,,,,,
PAT017193,,,,,,,,,,,
PAT017194,,,,,,,,,,,
PAT017195,,,,,,,,,,,
PAT017196,,,,,,,,,,,
PAT017197,,,,,,,,,,,
PAT017198,,,,,,,,,,,
PAT017199,,,,,,,,,,,
PAT017200,,,,,,,,,,,
PAT017201,,,,,,,,,,,
PAT017202,,,,,,,,,,,
PAT017203,,,,,,,,,,,
PAT017204,,,,,,,,,,,
PAT017205,,,,,,,,,,,
PAT017206,,,,,,,,,,,
PAT017207,,,,,,,,,,,
PAT017208,,,,,,,,,,,
PAT017209,,,,,,,,,,,
PAT017210,,,,,,,,,,,
PAT017211,,,,,,,,,,,
PAT017212,,,,,,,,,,,
PAT017213,,,,,,,,,,,
PAT017214,,,,,,,,,,,
PAT017215,,,,,,,,,,,
PAT017216,,,,,,,,,,,
PAT017217,,,,,,,,,,,
PAT017218,,,,,,,,,,,
PAT017219,,,,,,,,,,,
PAT017220,,,,,,,,,,,
PAT017221,,,,,,,,,,,
PAT017222,,,,,,,,,,,
PAT017223,,,,,,,,,,,
PAT017224,,,,,,,,,,,
PAT017225,,,,,,,,,,,
PAT017226,,,,,,,,,,,
PAT017227,,,,,,,,,,,
PAT017228,,,,,,,,,,,
PAT017229,,,,,,,,,,,
PAT017230,,,,,,,,,,,
PAT017231,,,,,,,,,,,
PAT017232,,,,,,,,,,,
PAT017233,,,,,,,,,,,
PAT017234,,,,,,,,,,,
PAT017235,,,,,,,,,,,
PAT017236,,,,,,,,,,,
PAT017237,,,,,,,,,,,
PAT017238,,,,,,,,,,,
PAT017239,,,,,,,,,,,
PAT017240,,,,,,,,,,,
PAT017241,,,,,,,,,,,
PAT017242,,,,,,,,,,,
PAT017243,,,,,,,,,,,
PAT017244,,,,,,,,,,,
PAT017245,,,,,,,,,,,
PAT017246,,,,,,,,,,,
PAT017247,,,,,,,,,,,
PAT017248,,,,,,,,,,,
PAT017249,,,,,,,,,,,
PAT017250,,,,,,,,,,,
PAT017251,,,,,,,,,,,
PAT017252,,,,,,,,,,,
PAT017253,,,,,,,,,,,
PAT017254,,,,,,,,,,,
PAT017255,,,,,,,,,,,
PAT017256,,,,,,,,,,,
PAT017257,,,,,,,,,,,
PAT017258,,,,,,,,,,,
PAT017259,,,,,,,,,,,
PAT017260,,,,,,,,,,,
PAT017261,,,,,,,,,,,
PAT017262,,,,,,,,,,,
PAT017263,,,,,,,,,,,
PAT017264,,,,,,,,,,,
PAT017265,,,,,,,,,,,
PAT017266,,,,,,,,,,,
PAT017267,,,,,,,,,,,
PAT017268,,,,,,,,,,,
PAT017269,,,,,,,,,,,
PAT017270,,,,,,,,,,,
PAT017271,,,,,,,,,,,
PAT017272,,,,,,,,,,,
PAT017273,,,,,,,,,,,
PAT017274,,,,,,,,,,,
PAT017275,,,,,,,,,,,
PAT017276,,,,,,,,,,,
PAT017277,,,,,,,,,,,
PAT017278,,,,,,,,,,,
PAT017279,,,,,,,,,,,
PAT017280,,,,,,,,,,,
PAT017281,,,,,,,,,,,
PAT017282,,,,,,,,,,,
PAT017283,,,,,,,,,,,
PAT017284,,,,,,,,,,,
PAT017285,,,,,,,,,,,
PAT017286,,,,,,,,,,,
PAT017287,,,,,,,,,,,
PAT017288,,,,,,,,,,,
PAT017289,,,,,,,,,,,
PAT017290,,,,,,,,,,,
PAT017291,,,,,,,,,,,
PAT017292,,,,,,,,,,,
PAT017293,,,,,,,,,,,
PAT017294,,,,,,,,,,,
PAT017295,,,,,,,,,,,
PAT017296,,,,,,,,,,,
PAT017297,,,,,,,,,,,
PAT017298,,,,,,,,,,,
PAT017299,,,,,,,,,,,
PAT017300,,,,,,,,,,,
PAT017301,,,,,,,,,,,
PAT017302,,,,,,,,,,,
PAT017303,,,,,,,,,,,
PAT017304,,,,,,,,,,,
PAT017305,,,,,,,,,,,
PAT017306,,,,,,,,,,,
PAT017307,,,,,,,,,,,
PAT017308,,,,,,,,,,,
PAT017309,,,,,,,,,,,
PAT017310,,,,,,,,,,,
PAT017311,,,,,,,,,,,
PAT017312,,,,,,,,,,,
PAT017313,,,,,,,,,,,
PAT017314,,,,,,,,,,,
PAT017315,,,,,,,,,,,
PAT017316,,,,,,,,,,,
PAT017317,,,,,,,,,,,
PAT017318,,,,,,,,,,,
PAT017319,,,,,,,,,,,
PAT017320,,,,,,,,,,,
PAT017321,,,,,,,,,,,
PAT017322,,,,,,,,,,,
PAT017323,,,,,,,,,,,
PAT017324,,,,,,,,,,,
PAT017325,,,,,,,,,,,
PAT017326,,,,,,,,,,,
PAT017327,,,,,,,,,,,
PAT017328,,,,,,,,,,,
PAT017329,,,,,,,,,,,
PAT017330,,,,,,,,,,,
PAT017331,,,,,,,,,,,
PAT017332,,,,,,,,,,,
PAT017333,,,,,,,,,,,
PAT017334,,,,,,,,,,,
PAT017335,,,,,,,,,,,
PAT017336,,,,,,,,,,,
PAT017337,,,,,,,,,,,
PAT017338,,,,,,,,,,,
PAT017339,,,,,,,,,,,
PAT017340,,,,,,,,,,,
PAT017341,,,,,,,,,,,
PAT017342,,,,,,,,,,,
PAT017343,,,,,,,,,,,
PAT017344,,,,,,,,,,,
PAT017345,,,,,,,,,,,
PAT017346,,,,,,,,,,,
PAT017347,,,,,,,,,,,
PAT017348,,,,,,,,,,,
PAT017349,,,,,,,,,,,
PAT017350,,,,,,,,,,,
PAT017351,,,,,,,,,,,
PAT017352,,,,,,,,,,,
PAT017353,,,,,,,,,,,
PAT017354,,,,,,,,,,,
PAT017355,,,,,,,,,,,
PAT017356,,,,,,,,,,,
PAT017357,,,,,,,,,,,
PAT017358,,,,,,,,,,,
PAT017359,,,,,,,,,,,
PAT017360,,,,,,,,,,,
PAT017361,,,,,,,,,,,
PAT017362,,,,,,,,,,,
PAT017363,,,,,,,,,,,
PAT017364,,,,,,,,,,,
PAT017365,,,,,,,,,,,
PAT017366,,,,,,,,,,,
PAT017367,,,,,,,,,,,
PAT017368,,,,,,,,,,,
PAT017369,,,,,,,,,,,
PAT017370,,,,,,,,,,,
PAT017371,,,,,,,,,,,
PAT017372,,,,,,,,,,,
PAT017373,,,,,,,,,,,
PAT017374,,,,,,,,,,,
PAT017375,,,,,,,,,,,
PAT017376,,,,,,,,,,,
PAT017377,,,,,,,,,,,
PAT017378,,,,,,,,,,,
PAT017379,,,,,,,,,,,
PAT017380,,,,,,,,,,,
PAT017381,,,,,,,,,,,
PAT017382,,,,,,,,,,,
PAT017383,,,,,,,,,,,
PAT017384,,,,,,,,,,,
PAT017385,,,,,,,,,,,
PAT017386,,,,,,,,,,,
PAT017387,,,,,,,,,,,
PAT017388,,,,,,,,,,,
PAT017389,,,,,,,,,,,
PAT017390,,,,,,,,,,,
PAT017391,,,,,,,,,,,
PAT017392,,,,,,,,,,,
PAT017393,,,,,,,,,,,
PAT017394,,,,,,,,,,,
PAT017395,,,,,,,,,,,
PAT017396,,,,,,,,,,,
PAT017397,,,,,,,,,,,
PAT017398,,,,,,,,,,,
PAT017399,,,,,,,,,,,
PAT017400,,,,,,,,,,,
PAT017401,,,,,,,,,,,
PAT017402,,,,,,,,,,,
PAT017403,,,,,,,,,,,
PAT017404,,,,,,,,,,,
PAT017405,,,,,,,,,,,
PAT017406,,,,,,,,,,,
PAT017407,,,,,,,,,,,
PAT017408,,,,,,,,,,,
PAT017409,,,,,,,,,,,
PAT017410,,,,,,,,,,,
PAT017411,,,,,,,,,,,
PAT017412,,,,,,,,,,,
PAT017413,,,,,,,,,,,
PAT017414,,,,,,,,,,,
PAT017415,,,,,,,,,,,
PAT017416,,,,,,,,,,,
PAT017417,,,,,,,,,,,
PAT017418,,,,,,,,,,,
PAT017419,,,,,,,,,,,
PAT017420,,,,,,,,,,,
PAT017421,,,,,,,,,,,
PAT017422,,,,,,,,,,,
PAT017423,,,,,,,,,,,
PAT017424,,,,,,,,,,,
PAT017425,,,,,,,,,,,
PAT017426,,,,,,,,,,,
PAT017427,,,,,,,,,,,
PAT017428,,,,,,,,,,,
PAT017429,,,,,,,,,,,
PAT017430,,,,,,,,,,,
PAT017431,,,,,,,,,,,
PAT017432,,,,,,,,,,,
PAT017433,,,,,,,,,,,
PAT017434,,,,,,,,,,,
PAT017435,,,,,,,,,,,
PAT017436,,,,,,,,,,,
PAT017437,,,,,,,,,,,
PAT017438,,,,,,,,,,,
PAT017439,,,,,,,,,,,
PAT017440,,,,,,,,,,,
PAT017441,,,,,,,,,,,
PAT017442,,,,,,,,,,,
PAT017443,,,,,,,,,,,
PAT017444,,,,,,,,,,,
PAT017445,,,,,,,,,,,
PAT017446,,,,,,,,,,,
PAT017447,,,,,,,,,,,
PAT017448,,,,,,,,,,,
PAT017449,,,,,,,,,,,
PAT017450,,,,,,,,,,,
PAT017451,,,,,,,,,,,
PAT017452,,,,,,,,,,,
PAT017453,,,,,,,,,,,
PAT017454,,,,,,,,,,,
PAT017455,,,,,,,,,,,
PAT017456,,,,,,,,,,,
PAT017457,,,,,,,,,,,
PAT017458,,,,,,,,,,,
PAT017459,,,,,,,,,,,
PAT017460,,,,,,,,,,,
PAT017461,,,,,,,,,,,
PAT017462,,,,,,,,,,,
PAT017463,,,,,,,,,,,
PAT017464,,,,,,,,,,,
PAT017465,,,,,,,,,,,
PAT017466,,,,,,,,,,,
PAT017467,,,,,,,,,,,
PAT017468,,,,,,,,,,,
PAT017469,,,,,,,,,,,
PAT017470,,,,,,,,,,,
PAT017471,,,,,,,,,,,
PAT017472,,,,,,,,,,,
PAT017473,,,,,,,,,,,
PAT017474,,,,,,,,,,,
PAT017475,,,,,,,,,,,
PAT017476,,,,,,,,,,,
PAT017477,,,,,,,,,,,
PAT017478,,,,,,,,,,,
PAT017479,,,,,,,,,,,
PAT017480,,,,,,,,,,,
PAT017481,,,,,,,,,,,
PAT017482,,,,,,,,,,,
PAT017483,,,,,,,,,,,
PAT017484,,,,,,,,,,,
PAT017485,,,,,,,,,,,
PAT017486,,,,,,,,,,,
PAT017487,,,,,,,,,,,
PAT017488,,,,,,,,,,,
PAT017489,,,,,,,,,,,
PAT017490,,,,,,,,,,,
PAT017491,,,,,,,,,,,
PAT017492,,,,,,,,,,,
PAT017493,,,,,,,,,,,
PAT017494,,,,,,,,,,,
PAT017495,,,,,,,,,,,
PAT017496,,,,,,,,,,,
PAT017497,,,,,,,,,,,
PAT017498,,,,,,,,,,,
PAT017499,,,,,,,,,,,
PAT017500,,,,,,,,,,,
PAT017501,,,,,,,,,,,
PAT017502,,,,,,,,,,,
PAT017503,,,,,,,,,,,
PAT017504,,,,,,,,,,,
PAT017505,,,,,,,,,,,
PAT017506,,,,,,,,,,,
PAT017507,,,,,,,,,,,
PAT017508,,,,,,,,,,,
PAT017509,,,,,,,,,,,
PAT017510,,,,,,,,,,,
PAT017511,,,,,,,,,,,
PAT017512,,,,,,,,,,,
PAT017513,,,,,,,,,,,
PAT017514,,,,,,,,,,,
PAT017515,,,,,,,,,,,
PAT017516,,,,,,,,,,,
PAT017517,,,,,,,,,,,
PAT017518,,,,,,,,,,,
PAT017519,,,,,,,,,,,
PAT017520,,,,,,,,,,,
PAT017521,,,,,,,,,,,
PAT017522,,,,,,,,,,,
PAT017523,,,,,,,,,,,
PAT017524,,,,,,,,,,,
PAT017525,,,,,,,,,,,
PAT017526,,,,,,,,,,,
PAT017527,,,,,,,,,,,
PAT017528,,,,,,,,,,,
PAT017529,,,,,,,,,,,
PAT017530,,,,,,,,,,,
PAT017531,,,,,,,,,,,
PAT017532,,,,,,,,,,,
PAT017533,,,,,,,,,,,
PAT017534,,,,,,,,,,,
PAT017535,,,,,,,,,,,
PAT017536,,,,,,,,,,,
PAT017537,,,,,,,,,,,
PAT017538,,,,,,,,,,,
PAT017539,,,,,,,,,,,
PAT017540,,,,,,,,,,,
PAT017541,,,,,,,,,,,
PAT017542,,,,,,,,,,,
PAT017543,,,,,,,,,,,
PAT017544,,,,,,,,,,,
PAT017545,,,,,,,,,,,
PAT017546,,,,,,,,,,,
PAT017547,,,,,,,,,,,
PAT017548,,,,,,,,,,,
PAT017549,,,,,,,,,,,
PAT017550,,,,,,,,,,,
PAT017551,,,,,,,,,,,
PAT017552,,,,,,,,,,,
PAT017553,,,,,,,,,,,
PAT017554,,,,,,,,,,,
PAT017555,,,,,,,,,,,
PAT017556,,,,,,,,,,,
PAT017557,,,,,,,,,,,
PAT017558,,,,,,,,,,,
PAT017559,,,,,,,,,,,
PAT017560,,,,,,,,,,,
PAT017561,,,,,,,,,,,
PAT017562,,,,,,,,,,,
PAT017563,,,,,,,,,,,
PAT017564,,,,,,,,,,,
PAT017565,,,,,,,,,,,
PAT017566,,,,,,,,,,,
PAT017567,,,,,,,,,,,
PAT017568,,,,,,,,,,,
PAT017569,,,,,,,,,,,
PAT017570,,,,,,,,,,,
PAT017571,,,,,,,,,,,
PAT017572,,,,,,,,,,,
PAT017573,,,,,,,,,,,
PAT017574,,,,,,,,,,,
PAT017575,,,,,,,,,,,
PAT017576,,,,,,,,,,,
PAT017577,,,,,,,,,,,
PAT017578,,,,,,,,,,,
PAT017579,,,,,,,,,,,
PAT017580,,,,,,,,,,,
PAT017581,,,,,,,,,,,
PAT017582,,,,,,,,,,,
PAT017583,,,,,,,,,,,
PAT017584,,,,,,,,,,,
PAT017585,,,,,,,,,,,
PAT017586,,,,,,,,,,,
PAT017587,,,,,,,,,,,
PAT017588,,,,,,,,,,,
PAT017589,,,,,,,,,,,
PAT017590,,,,,,,,,,,
PAT017591,,,,,,,,,,,
PAT017592,,,,,,,,,,,
PAT017593,,,,,,,,,,,
PAT017594,,,,,,,,,,,
PAT017595,,,,,,,,,,,
PAT017596,,,,,,,,,,,
PAT017597,,,,,,,,,,,
PAT017598,,,,,,,,,,,
PAT017599,,,,,,,,,,,
PAT017600,,,,,,,,,,,
PAT017601,,,,,,,,,,,
PAT017602,,,,,,,,,,,
PAT017603,,,,,,,,,,,
PAT017604,,,,,,,,,,,
PAT017605,,,,,,,,,,,
PAT017606,,,,,,,,,,,
PAT017607,,,,,,,,,,,
PAT017608,,,,,,,,,,,
PAT017609,,,,,,,,,,,
PAT017610,,,,,,,,,,,
PAT017611,,,,,,,,,,,
PAT017612,,,,,,,,,,,
PAT017613,,,,,,,,,,,
PAT017614,,,,,,,,,,,
PAT017615,,,,,,,,,,,
PAT017616,,,,,,,,,,,
PAT017617,,,,,,,,,,,
PAT017618,,,,,,,,,,,
PAT017619,,,,,,,,,,,
PAT017620,,,,,,,,,,,
PAT017621,,,,,,,,,,,
PAT017622,,,,,,,,,,,
PAT017623,,,,,,,,,,,
PAT017624,,,,,,,,,,,
PAT017625,,,,,,,,,,,
PAT017626,,,,,,,,,,,
PAT017627,,,,,,,,,,,
PAT017628,,,,,,,,,,,
PAT017629,,,,,,,,,,,
PAT017630,,,,,,,,,,,
PAT017631,,,,,,,,,,,
PAT017632,,,,,,,,,,,
PAT017633,,,,,,,,,,,
PAT017634,,,,,,,,,,,
PAT017635,,,,,,,,,,,
PAT017636,,,,,,,,,,,
PAT017637,,,,,,,,,,,
PAT017638,,,,,,,,,,,
PAT017639,,,,,,,,,,,
PAT017640,,,,,,,,,,,
PAT017641,,,,,,,,,,,
PAT017642,,,,,,,,,,,
PAT017643,,,,,,,,,,,
PAT017644,,,,,,,,,,,
PAT017645,,,,,,,,,,,
PAT017646,,,,,,,,,,,
PAT017647,,,,,,,,,,,
PAT017648,,,,,,,,,,,
PAT017649,,,,,,,,,,,
PAT017650,,,,,,,,,,,
PAT017651,,,,,,,,,,,
PAT017652,,,,,,,,,,,
PAT017653,,,,,,,,,,,
PAT017654,,,,,,,,,,,
PAT017655,,,,,,,,,,,
PAT017656,,,,,,,,,,,
PAT017657,,,,,,,,,,,
PAT017658,,,,,,,,,,,
PAT017659,,,,,,,,,,,
PAT017660,,,,,,,,,,,
PAT017661,,,,,,,,,,,
PAT017662,,,,,,,,,,,
PAT017663,,,,,,,,,,,
PAT017664,,,,,,,,,,,
PAT017665,,,,,,,,,,,
PAT017666,,,,,,,,,,,
PAT017667,,,,,,,,,,,
PAT017668,,,,,,,,,,,
PAT017669,,,,,,,,,,,
PAT017670,,,,,,,,,,,
PAT017671,,,,,,,,,,,
PAT017672,,,,,,,,,,,
PAT017673,,,,,,,,,,,
PAT017674,,,,,,,,,,,
PAT017675,,,,,,,,,,,
PAT017676,,,,,,,,,,,
PAT017677,,,,,,,,,,,
PAT017678,,,,,,,,,,,
PAT017679,,,,,,,,,,,
PAT017680,,,,,,,,,,,
PAT017681,,,,,,,,,,,
PAT017682,,,,,,,,,,,
PAT017683,,,,,,,,,,,
PAT017684,,,,,,,,,,,
PAT017685,,,,,,,,,,,
PAT017686,,,,,,,,,,,
PAT017687,,,,,,,,,,,
PAT017688,,,,,,,,,,,
PAT017689,,,,,,,,,,,
PAT017690,,,,,,,,,,,
PAT017691,,,,,,,,,,,
PAT017692,,,,,,,,,,,
PAT017693,,,,,,,,,,,
PAT017694,,,,,,,,,,,
PAT017695,,,,,,,,,,,
PAT017696,,,,,,,,,,,
PAT017697,,,,,,,,,,,
PAT017698,,,,,,,,,,,
PAT017699,,,,,,,,,,,
PAT017700,,,,,,,,,,,
PAT017701,,,,,,,,,,,
PAT017702,,,,,,,,,,,
PAT017703,,,,,,,,,,,
PAT017704,,,,,,,,,,,
PAT017705,,,,,,,,,,,
PAT017706,,,,,,,,,,,
PAT017707,,,,,,,,,,,
PAT017708,,,,,,,,,,,
PAT017709,,,,,,,,,,,
PAT017710,,,,,,,,,,,
PAT017711,,,,,,,,,,,
PAT017712,,,,,,,,,,,
PAT017713,,,,,,,,,,,
PAT017714,,,,,,,,,,,
PAT017715,,,,,,,,,,,
PAT017716,,,,,,,,,,,
PAT017717,,,,,,,,,,,
PAT017718,,,,,,,,,,,
PAT017719,,,,,,,,,,,
PAT017720,,,,,,,,,,,
PAT017721,,,,,,,,,,,
PAT017722,,,,,,,,,,,
PAT017723,,,,,,,,,,,
PAT017724,,,,,,,,,,,
PAT017725,,,,,,,,,,,
PAT017726,,,,,,,,,,,
PAT017727,,,,,,,,,,,
PAT017728,,,,,,,,,,,
PAT017729,,,,,,,,,,,
PAT017730,,,,,,,,,,,
PAT017731,,,,,,,,,,,
PAT017732,,,,,,,,,,,
PAT017733,,,,,,,,,,,
PAT017734,,,,,,,,,,,
PAT017735,,,,,,,,,,,
PAT017736,,,,,,,,,,,
PAT017737,,,,,,,,,,,
PAT017738,,,,,,,,,,,
PAT017739,,,,,,,,,,,
PAT017740,,,,,,,,,,,
PAT017741,,,,,,,,,,,
PAT017742,,,,,,,,,,,
PAT017743,,,,,,,,,,,
PAT017744,,,,,,,,,,,
PAT017745,,,,,,,,,,,
PAT017746,,,,,,,,,,,
PAT017747,,,,,,,,,,,
PAT017748,,,,,,,,,,,
PAT017749,,,,,,,,,,,
PAT017750,,,,,,,,,,,
PAT017751,,,,,,,,,,,
PAT017752,,,,,,,,,,,
PAT017753,,,,,,,,,,,
PAT017754,,,,,,,,,,,
PAT017755,,,,,,,,,,,
PAT017756,,,,,,,,,,,
PAT017757,,,,,,,,,,,
PAT017758,,,,,,,,,,,
PAT017759,,,,,,,,,,,
PAT017760,,,,,,,,,,,
PAT017761,,,,,,,,,,,
PAT017762,,,,,,,,,,,
PAT017763,,,,,,,,,,,
PAT017764,,,,,,,,,,,
PAT017765,,,,,,,,,,,
PAT017766,,,,,,,,,,,
PAT017767,,,,,,,,,,,
PAT017768,,,,,,,,,,,
PAT017769,,,,,,,,,,,
PAT017770,,,,,,,,,,,
PAT017771,,,,,,,,,,,
PAT017772,,,,,,,,,,,
PAT017773,,,,,,,,,,,
PAT017774,,,,,,,,,,,
PAT017775,,,,,,,,,,,
PAT017776,,,,,,,,,,,
PAT017777,,,,,,,,,,,
PAT017778,,,,,,,,,,,
PAT017779,,,,,,,,,,,
PAT017780,,,,,,,,,,,
PAT017781,,,,,,,,,,,
PAT017782,,,,,,,,,,,
PAT017783,,,,,,,,,,,
PAT017784,,,,,,,,,,,
PAT017785,,,,,,,,,,,
PAT017786,,,,,,,,,,,
PAT017787,,,,,,,,,,,
PAT017788,,,,,,,,,,,
PAT017789,,,,,,,,,,,
PAT017790,,,,,,,,,,,
PAT017791,,,,,,,,,,,
PAT017792,,,,,,,,,,,
PAT017793,,,,,,,,,,,
PAT017794,,,,,,,,,,,
PAT017795,,,,,,,,,,,
PAT017796,,,,,,,,,,,
PAT017797,,,,,,,,,,,
PAT017798,,,,,,,,,,,
PAT017799,,,,,,,,,,,
PAT017800,,,,,,,,,,,
PAT017801,,,,,,,,,,,
PAT017802,,,,,,,,,,,
PAT017803,,,,,,,,,,,
PAT017804,,,,,,,,,,,
PAT017805,,,,,,,,,,,
PAT017806,,,,,,,,,,,
PAT017807,,,,,,,,,,,
PAT017808,,,,,,,,,,,
PAT017809,,,,,,,,,,,
PAT017810,,,,,,,,,,,
PAT017811,,,,,,,,,,,
PAT017812,,,,,,,,,,,
PAT017813,,,,,,,,,,,
PAT017814,,,,,,,,,,,
PAT017815,,,,,,,,,,,
PAT017816,,,,,,,,,,,
PAT017817,,,,,,,,,,,
PAT017818,,,,,,,,,,,
PAT017819,,,,,,,,,,,
PAT017820,,,,,,,,,,,
PAT017821,,,,,,,,,,,
PAT017822,,,,,,,,,,,
PAT017823,,,,,,,,,,,
PAT017824,,,,,,,,,,,
PAT017825,,,,,,,,,,,
PAT017826,,,,,,,,,,,
PAT017827,,,,,,,,,,,
PAT017828,,,,,,,,,,,
PAT017829,,,,,,,,,,,
PAT017830,,,,,,,,,,,
PAT017831,,,,,,,,,,,
PAT017832,,,,,,,,,,,
PAT017833,,,,,,,,,,,
PAT017834,,,,,,,,,,,
PAT017835,,,,,,,,,,,
PAT017836,,,,,,,,,,,
PAT017837,,,,,,,,,,,
PAT017838,,,,,,,,,,,
PAT017839,,,,,,,,,,,
PAT017840,,,,,,,,,,,
PAT017841,,,,,,,,,,,
PAT017842,,,,,,,,,,,
PAT017843,,,,,,,,,,,
PAT017844,,,,,,,,,,,
PAT017845,,,,,,,,,,,
PAT017846,,,,,,,,,,,
PAT017847,,,,,,,,,,,
PAT017848,,,,,,,,,,,
PAT017849,,,,,,,,,,,
PAT017850,,,,,,,,,,,
PAT017851,,,,,,,,,,,
PAT017852,,,,,,,,,,,
PAT017853,,,,,,,,,,,
PAT017854,,,,,,,,,,,
PAT017855,,,,,,,,,,,
PAT017856,,,,,,,,,,,
PAT017857,,,,,,,,,,,
PAT017858,,,,,,,,,,,
PAT017859,,,,,,,,,,,
PAT017860,,,,,,,,,,,
PAT017861,,,,,,,,,,,
PAT017862,,,,,,,,,,,
PAT017863,,,,,,,,,,,
PAT017864,,,,,,,,,,,
PAT017865,,,,,,,,,,,
PAT017866,,,,,,,,,,,
PAT017867,,,,,,,,,,,
PAT017868,,,,,,,,,,,
PAT017869,,,,,,,,,,,
PAT017870,,,,,,,,,,,
PAT017871,,,,,,,,,,,
PAT017872,,,,,,,,,,,
PAT017873,,,,,,,,,,,
PAT017874,,,,,,,,,,,
PAT017875,,,,,,,,,,,
PAT017876,,,,,,,,,,,
PAT017877,,,,,,,,,,,
PAT017878,,,,,,,,,,,
PAT017879,,,,,,,,,,,
PAT017880,,,,,,,,,,,
PAT017881,,,,,,,,,,,
PAT017882,,,,,,,,,,,
PAT017883,,,,,,,,,,,
PAT017884,,,,,,,,,,,
PAT017885,,,,,,,,,,,
PAT017886,,,,,,,,,,,
PAT017887,,,,,,,,,,,
PAT017888,,,,,,,,,,,
PAT017889,,,,,,,,,,,
PAT017890,,,,,,,,,,,
PAT017891,,,,,,,,,,,
PAT017892,,,,,,,,,,,
PAT017893,,,,,,,,,,,
PAT017894,,,,,,,,,,,
PAT017895,,,,,,,,,,,
PAT017896,,,,,,,,,,,
PAT017897,,,,,,,,,,,
PAT017898,,,,,,,,,,,
PAT017899,,,,,,,,,,,
PAT017900,,,,,,,,,,,
PAT017901,,,,,,,,,,,
PAT017902,,,,,,,,,,,
PAT017903,,,,,,,,,,,
PAT017904,,,,,,,,,,,
PAT017905,,,,,,,,,,,
PAT017906,,,,,,,,,,,
PAT017907,,,,,,,,,,,
PAT017908,,,,,,,,,,,
PAT017909,,,,,,,,,,,
PAT017910,,,,,,,,,,,
PAT017911,,,,,,,,,,,
PAT017912,,,,,,,,,,,
PAT017913,,,,,,,,,,,
PAT017914,,,,,,,,,,,
PAT017915,,,,,,,,,,,
PAT017916,,,,,,,,,,,
PAT017917,,,,,,,,,,,
PAT017918,,,,,,,,,,,
PAT017919,,,,,,,,,,,
PAT017920,,,,,,,,,,,
PAT017921,,,,,,,,,,,
PAT017922,,,,,,,,,,,
PAT017923,,,,,,,,,,,
PAT017924,,,,,,,,,,,
PAT017925,,,,,,,,,,,
PAT017926,,,,,,,,,,,
PAT017927,,,,,,,,,,,
PAT017928,,,,,,,,,,,
PAT017929,,,,,,,,,,,
PAT017930,,,,,,,,,,,
PAT017931,,,,,,,,,,,
PAT017932,,,,,,,,,,,
PAT017933,,,,,,,,,,,
PAT017934,,,,,,,,,,,
PAT017935,,,,,,,,,,,
PAT017936,,,,,,,,,,,
PAT017937,,,,,,,,,,,
PAT017938,,,,,,,,,,,
PAT017939,,,,,,,,,,,
PAT017940,,,,,,,,,,,
PAT017941,,,,,,,,,,,
PAT017942,,,,,,,,,,,
PAT017943,,,,,,,,,,,
PAT017944,,,,,,,,,,,
PAT017945,,,,,,,,,,,
PAT017946,,,,,,,,,,,
PAT017947,,,,,,,,,,,
PAT017948,,,,,,,,,,,
PAT017949,,,,,,,,,,,
PAT017950,,,,,,,,,,,
PAT017951,,,,,,,,,,,
PAT017952,,,,,,,,,,,
PAT017953,,,,,,,,,,,
PAT017954,,,,,,,,,,,
PAT017955,,,,,,,,,,,
PAT017956,,,,,,,,,,,
PAT017957,,,,,,,,,,,
PAT017958,,,,,,,,,,,
PAT017959,,,,,,,,,,,
PAT017960,,,,,,,,,,,
PAT017961,,,,,,,,,,,
PAT017962,,,,,,,,,,,
PAT017963,,,,,,,,,,,
PAT017964,,,,,,,,,,,
PAT017965,,,,,,,,,,,
PAT017966,,,,,,,,,,,
PAT017967,,,,,,,,,,,
PAT017968,,,,,,,,,,,
PAT017969,,,,,,,,,,,
PAT017970,,,,,,,,,,,
PAT017971,,,,,,,,,,,
PAT017972,,,,,,,,,,,
PAT017973,,,,,,,,,,,
PAT017974,,,,,,,,,,,
PAT017975,,,,,,,,,,,
PAT017976,,,,,,,,,,,
PAT017977,,,,,,,,,,,
PAT017978,,,,,,,,,,,
PAT017979,,,,,,,,,,,
PAT017980,,,,,,,,,,,
PAT017981,,,,,,,,,,,
PAT017982,,,,,,,,,,,
PAT017983,,,,,,,,,,,
PAT017984,,,,,,,,,,,
PAT017985,,,,,,,,,,,
PAT017986,,,,,,,,,,,
PAT017987,,,,,,,,,,,
PAT017988,,,,,,,,,,,
PAT017989,,,,,,,,,,,
PAT017990,,,,,,,,,,,
PAT017991,,,,,,,,,,,
PAT017992,,,,,,,,,,,
PAT017993,,,,,,,,,,,
PAT017994,,,,,,,,,,,
PAT017995,,,,,,,,,,,
PAT017996,,,,,,,,,,,
PAT017997,,,,,,,,,,,
PAT017998,,,,,,,,,,,
PAT017999,,,,,,,,,,,
PAT018000,,,,,,,,,,,
PAT018001,,,,,,,,,,,
PAT018002,,,,,,,,,,,
PAT018003,,,,,,,,,,,
PAT018004,,,,,,,,,,,
PAT018005,,,,,,,,,,,
PAT018006,,,,,,,,,,,
PAT018007,,,,,,,,,,,
PAT018008,,,,,,,,,,,
PAT018009,,,,,,,,,,,
PAT018010,,,,,,,,,,,
PAT018011,,,,,,,,,,,
PAT018012,,,,,,,,,,,
PAT018013,,,,,,,,,,,
PAT018014,,,,,,,,,,,
PAT018015,,,,,,,,,,,
PAT018016,,,,,,,,,,,
PAT018017,,,,,,,,,,,
PAT018018,,,,,,,,,,,
PAT018019,,,,,,,,,,,
PAT018020,,,,,,,,,,,
PAT018021,,,,,,,,,,,
PAT018022,,,,,,,,,,,
PAT018023,,,,,,,,,,,
PAT018024,,,,,,,,,,,
PAT018025,,,,,,,,,,,
PAT018026,,,,,,,,,,,
PAT018027,,,,,,,,,,,
PAT018028,,,,,,,,,,,
PAT018029,,,,,,,,,,,
PAT018030,,,,,,,,,,,
PAT018031,,,,,,,,,,,
PAT018032,,,,,,,,,,,
PAT018033,,,,,,,,,,,
PAT018034,,,,,,,,,,,
PAT018035,,,,,,,,,,,
PAT018036,,,,,,,,,,,
PAT018037,,,,,,,,,,,
PAT018038,,,,,,,,,,,
PAT018039,,,,,,,,,,,
PAT018040,,,,,,,,,,,
PAT018041,,,,,,,,,,,
PAT018042,,,,,,,,,,,
PAT018043,,,,,,,,,,,
PAT018044,,,,,,,,,,,
PAT018045,,,,,,,,,,,
PAT018046,,,,,,,,,,,
PAT018047,,,,,,,,,,,
PAT018048,,,,,,,,,,,
PAT018049,,,,,,,,,,,
PAT018050,,,,,,,,,,,
PAT018051,,,,,,,,,,,
PAT018052,,,,,,,,,,,
PAT018053,,,,,,,,,,,
PAT018054,,,,,,,,,,,
PAT018055,,,,,,,,,,,
PAT018056,,,,,,,,,,,
PAT018057,,,,,,,,,,,
PAT018058,,,,,,,,,,,
PAT018059,,,,,,,,,,,
PAT018060,,,,,,,,,,,
PAT018061,,,,,,,,,,,
PAT018062,,,,,,,,,,,
PAT018063,,,,,,,,,,,
PAT018064,,,,,,,,,,,
PAT018065,,,,,,,,,,,
PAT018066,,,,,,,,,,,
PAT018067,,,,,,,,,,,
PAT018068,,,,,,,,,,,
PAT018069,,,,,,,,,,,
PAT018070,,,,,,,,,,,
PAT018071,,,,,,,,,,,
PAT018072,,,,,,,,,,,
PAT018073,,,,,,,,,,,
PAT018074,,,,,,,,,,,
PAT018075,,,,,,,,,,,
PAT018076,,,,,,,,,,,
PAT018077,,,,,,,,,,,
PAT018078,,,,,,,,,,,
PAT018079,,,,,,,,,,,
PAT018080,,,,,,,,,,,
PAT018081,,,,,,,,,,,
PAT018082,,,,,,,,,,,
PAT018083,,,,,,,,,,,
PAT018084,,,,,,,,,,,
PAT018085,,,,,,,,,,,
PAT018086,,,,,,,,,,,
PAT018087,,,,,,,,,,,
PAT018088,,,,,,,,,,,
PAT018089,,,,,,,,,,,
PAT018090,,,,,,,,,,,
PAT018091,,,,,,,,,,,
PAT018092,,,,,,,,,,,
PAT018093,,,,,,,,,,,
PAT018094,,,,,,,,,,,
PAT018095,,,,,,,,,,,
PAT018096,,,,,,,,,,,
PAT018097,,,,,,,,,,,
PAT018098,,,,,,,,,,,
PAT018099,,,,,,,,,,,
PAT018100,,,,,,,,,,,
PAT018101,,,,,,,,,,,
PAT018102,,,,,,,,,,,
PAT018103,,,,,,,,,,,
PAT018104,,,,,,,,,,,
PAT018105,,,,,,,,,,,
PAT018106,,,,,,,,,,,
PAT018107,,,,,,,,,,,
PAT018108,,,,,,,,,,,
PAT018109,,,,,,,,,,,
PAT018110,,,,,,,,,,,
PAT018111,,,,,,,,,,,
PAT018112,,,,,,,,,,,
PAT018113,,,,,,,,,,,
PAT018114,,,,,,,,,,,
PAT018115,,,,,,,,,,,
PAT018116,,,,,,,,,,,
PAT018117,,,,,,,,,,,
PAT018118,,,,,,,,,,,
PAT018119,,,,,,,,,,,
PAT018120,,,,,,,,,,,
PAT018121,,,,,,,,,,,
PAT018122,,,,,,,,,,,
PAT018123,,,,,,,,,,,
PAT018124,,,,,,,,,,,
PAT018125,,,,,,,,,,,
PAT018126,,,,,,,,,,,
PAT018127,,,,,,,,,,,
PAT018128,,,,,,,,,,,
PAT018129,,,,,,,,,,,
PAT018130,,,,,,,,,,,
PAT018131,,,,,,,,,,,
PAT018132,,,,,,,,,,,
PAT018133,,,,,,,,,,,
PAT018134,,,,,,,,,,,
PAT018135,,,,,,,,,,,
PAT018136,,,,,,,,,,,
PAT018137,,,,,,,,,,,
PAT018138,,,,,,,,,,,
PAT018139,,,,,,,,,,,
PAT018140,,,,,,,,,,,
PAT018141,,,,,,,,,,,
PAT018142,,,,,,,,,,,
PAT018143,,,,,,,,,,,
PAT018144,,,,,,,,,,,
PAT018145,,,,,,,,,,,
PAT018146,,,,,,,,,,,
PAT018147,,,,,,,,,,,
PAT018148,,,,,,,,,,,
PAT018149,,,,,,,,,,,
PAT018150,,,,,,,,,,,
PAT018151,,,,,,,,,,,
PAT018152,,,,,,,,,,,
PAT018153,,,,,,,,,,,
PAT018154,,,,,,,,,,,
PAT018155,,,,,,,,,,,
PAT018156,,,,,,,,,,,
PAT018157,,,,,,,,,,,
PAT018158,,,,,,,,,,,
PAT018159,,,,,,,,,,,
PAT018160,,,,,,,,,,,
PAT018161,,,,,,,,,,,
PAT018162,,,,,,,,,,,
PAT018163,,,,,,,,,,,
PAT018164,,,,,,,,,,,
PAT018165,,,,,,,,,,,
PAT018166,,,,,,,,,,,
PAT018167,,,,,,,,,,,
PAT018168,,,,,,,,,,,
PAT018169,,,,,,,,,,,
PAT018170,,,,,,,,,,,
PAT018171,,,,,,,,,,,
PAT018172,,,,,,,,,,,
PAT018173,,,,,,,,,,,
PAT018174,,,,,,,,,,,
PAT018175,,,,,,,,,,,
PAT018176,,,,,,,,,,,
PAT018177,,,,,,,,,,,
PAT018178,,,,,,,,,,,
PAT018179,,,,,,,,,,,
PAT018180,,,,,,,,,,,
PAT018181,,,,,,,,,,,
PAT018182,,,,,,,,,,,
PAT018183,,,,,,,,,,,
PAT018184,,,,,,,,,,,
PAT018185,,,,,,,,,,,
PAT018186,,,,,,,,,,,
PAT018187,,,,,,,,,,,
PAT018188,,,,,,,,,,,
PAT018189,,,,,,,,,,,
PAT018190,,,,,,,,,,,
PAT018191,,,,,,,,,,,
PAT018192,,,,,,,,,,,
PAT018193,,,,,,,,,,,
PAT018194,,,,,,,,,,,
PAT018195,,,,,,,,,,,
PAT018196,,,,,,,,,,,
PAT018197,,,,,,,,,,,
PAT018198,,,,,,,,,,,
PAT018199,,,,,,,,,,,
PAT018200,,,,,,,,,,,
PAT018201,,,,,,,,,,,
PAT018202,,,,,,,,,,,
PAT018203,,,,,,,,,,,
PAT018204,,,,,,,,,,,
PAT018205,,,,,,,,,,,
PAT018206,,,,,,,,,,,
PAT018207,,,,,,,,,,,
PAT018208,,,,,,,,,,,
PAT018209,,,,,,,,,,,
PAT018210,,,,,,,,,,,
PAT018211,,,,,,,,,,,
PAT018212,,,,,,,,,,,
PAT018213,,,,,,,,,,,
PAT018214,,,,,,,,,,,
PAT018215,,,,,,,,,,,
PAT018216,,,,,,,,,,,
PAT018217,,,,,,,,,,,
PAT018218,,,,,,,,,,,
PAT018219,,,,,,,,,,,
PAT018220,,,,,,,,,,,
PAT018221,,,,,,,,,,,
PAT018222,,,,,,,,,,,
PAT018223,,,,,,,,,,,
PAT018224,,,,,,,,,,,
PAT018225,,,,,,,,,,,
PAT018226,,,,,,,,,,,
PAT018227,,,,,,,,,,,
PAT018228,,,,,,,,,,,
PAT018229,,,,,,,,,,,
PAT018230,,,,,,,,,,,
PAT018231,,,,,,,,,,,
PAT018232,,,,,,,,,,,
PAT018233,,,,,,,,,,,
PAT018234,,,,,,,,,,,
PAT018235,,,,,,,,,,,
PAT018236,,,,,,,,,,,
PAT018237,,,,,,,,,,,
PAT018238,,,,,,,,,,,
PAT018239,,,,,,,,,,,
PAT018240,,,,,,,,,,,
PAT018241,,,,,,,,,,,
PAT018242,,,,,,,,,,,
PAT018243,,,,,,,,,,,
PAT018244,,,,,,,,,,,
PAT018245,,,,,,,,,,,
PAT018246,,,,,,,,,,,
PAT018247,,,,,,,,,,,
PAT018248,,,,,,,,,,,
PAT018249,,,,,,,,,,,
PAT018250,,,,,,,,,,,
PAT018251,,,,,,,,,,,
PAT018252,,,,,,,,,,,
PAT018253,,,,,,,,,,,
PAT018254,,,,,,,,,,,
PAT018255,,,,,,,,,,,
PAT018256,,,,,,,,,,,
PAT018257,,,,,,,,,,,
PAT018258,,,,,,,,,,,
PAT018259,,,,,,,,,,,
PAT018260,,,,,,,,,,,
PAT018261,,,,,,,,,,,
PAT018262,,,,,,,,,,,
PAT018263,,,,,,,,,,,
PAT018264,,,,,,,,,,,
PAT018265,,,,,,,,,,,
PAT018266,,,,,,,,,,,
PAT018267,,,,,,,,,,,
PAT018268,,,,,,,,,,,
PAT018269,,,,,,,,,,,
PAT018270,,,,,,,,,,,
PAT018271,,,,,,,,,,,
PAT018272,,,,,,,,,,,
PAT018273,,,,,,,,,,,
PAT018274,,,,,,,,,,,
PAT018275,,,,,,,,,,,
PAT018276,,,,,,,,,,,
PAT018277,,,,,,,,,,,
PAT018278,,,,,,,,,,,
PAT018279,,,,,,,,,,,
PAT018280,,,,,,,,,,,
PAT018281,,,,,,,,,,,
PAT018282,,,,,,,,,,,
PAT018283,,,,,,,,,,,
PAT018284,,,,,,,,,,,
PAT018285,,,,,,,,,,,
PAT018286,,,,,,,,,,,
PAT018287,,,,,,,,,,,
PAT018288,,,,,,,,,,,
PAT018289,,,,,,,,,,,
PAT018290,,,,,,,,,,,
PAT018291,,,,,,,,,,,
PAT018292,,,,,,,,,,,
PAT018293,,,,,,,,,,,
PAT018294,,,,,,,,,,,
PAT018295,,,,,,,,,,,
PAT018296,,,,,,,,,,,
PAT018297,,,,,,,,,,,
PAT018298,,,,,,,,,,,
PAT018299,,,,,,,,,,,
PAT018300,,,,,,,,,,,
PAT018301,,,,,,,,,,,
PAT018302,,,,,,,,,,,
PAT018303,,,,,,,,,,,
PAT018304,,,,,,,,,,,
PAT018305,,,,,,,,,,,
PAT018306,,,,,,,,,,,
PAT018307,,,,,,,,,,,
PAT018308,,,,,,,,,,,
PAT018309,,,,,,,,,,,
PAT018310,,,,,,,,,,,
PAT018311,,,,,,,,,,,
PAT018312,,,,,,,,,,,
PAT018313,,,,,,,,,,,
PAT018314,,,,,,,,,,,
PAT018315,,,,,,,,,,,
PAT018316,,,,,,,,,,,
PAT018317,,,,,,,,,,,
PAT018318,,,,,,,,,,,
PAT018319,,,,,,,,,,,
PAT018320,,,,,,,,,,,
PAT018321,,,,,,,,,,,
PAT018322,,,,,,,,,,,
PAT018323,,,,,,,,,,,
PAT018324,,,,,,,,,,,
PAT018325,,,,,,,,,,,
PAT018326,,,,,,,,,,,
PAT018327,,,,,,,,,,,
PAT018328,,,,,,,,,,,
PAT018329,,,,,,,,,,,
PAT018330,,,,,,,,,,,
PAT018331,,,,,,,,,,,
PAT018332,,,,,,,,,,,
PAT018333,,,,,,,,,,,
PAT018334,,,,,,,,,,,
PAT018335,,,,,,,,,,,
PAT018336,,,,,,,,,,,
PAT018337,,,,,,,,,,,
PAT018338,,,,,,,,,,,
PAT018339,,,,,,,,,,,
PAT018340,,,,,,,,,,,
PAT018341,,,,,,,,,,,
PAT018342,,,,,,,,,,,
PAT018343,,,,,,,,,,,
PAT018344,,,,,,,,,,,
PAT018345,,,,,,,,,,,
PAT018346,,,,,,,,,,,
PAT018347,,,,,,,,,,,
PAT018348,,,,,,,,,,,
PAT018349,,,,,,,,,,,
PAT018350,,,,,,,,,,,
PAT018351,,,,,,,,,,,
PAT018352,,,,,,,,,,,
PAT018353,,,,,,,,,,,
PAT018354,,,,,,,,,,,
PAT018355,,,,,,,,,,,
PAT018356,,,,,,,,,,,
PAT018357,,,,,,,,,,,
PAT018358,,,,,,,,,,,
PAT018359,,,,,,,,,,,
PAT018360,,,,,,,,,,,
PAT018361,,,,,,,,,,,
PAT018362,,,,,,,,,,,
PAT018363,,,,,,,,,,,
PAT018364,,,,,,,,,,,
PAT018365,,,,,,,,,,,
PAT018366,,,,,,,,,,,
PAT018367,,,,,,,,,,,
PAT018368,,,,,,,,,,,
PAT018369,,,,,,,,,,,
PAT018370,,,,,,,,,,,
PAT018371,,,,,,,,,,,
PAT018372,,,,,,,,,,,
PAT018373,,,,,,,,,,,
PAT018374,,,,,,,,,,,
PAT018375,,,,,,,,,,,
PAT018376,,,,,,,,,,,
PAT018377,,,,,,,,,,,
PAT018378,,,,,,,,,,,
PAT018379,,,,,,,,,,,
PAT018380,,,,,,,,,,,
PAT018381,,,,,,,,,,,
PAT018382,,,,,,,,,,,
PAT018383,,,,,,,,,,,
PAT018384,,,,,,,,,,,
PAT018385,,,,,,,,,,,
PAT018386,,,,,,,,,,,
PAT018387,,,,,,,,,,,
PAT018388,,,,,,,,,,,
PAT018389,,,,,,,,,,,
PAT018390,,,,,,,,,,,
PAT018391,,,,,,,,,,,
PAT018392,,,,,,,,,,,
PAT018393,,,,,,,,,,,
PAT018394,,,,,,,,,,,
PAT018395,,,,,,,,,,,
PAT018396,,,,,,,,,,,
PAT018397,,,,,,,,,,,
PAT018398,,,,,,,,,,,
PAT018399,,,,,,,,,,,
PAT018400,,,,,,,,,,,
PAT018401,,,,,,,,,,,
PAT018402,,,,,,,,,,,
PAT018403,,,,,,,,,,,
PAT018404,,,,,,,,,,,
PAT018405,,,,,,,,,,,
PAT018406,,,,,,,,,,,
PAT018407,,,,,,,,,,,
PAT018408,,,,,,,,,,,
PAT018409,,,,,,,,,,,
PAT018410,,,,,,,,,,,
PAT018411,,,,,,,,,,,
PAT018412,,,,,,,,,,,
PAT018413,,,,,,,,,,,
PAT018414,,,,,,,,,,,
PAT018415,,,,,,,,,,,
PAT018416,,,,,,,,,,,
PAT018417,,,,,,,,,,,
PAT018418,,,,,,,,,,,
PAT018419,,,,,,,,,,,
PAT018420,,,,,,,,,,,
PAT018421,,,,,,,,,,,
PAT018422,,,,,,,,,,,
PAT018423,,,,,,,,,,,
PAT018424,,,,,,,,,,,
PAT018425,,,,,,,,,,,
PAT018426,,,,,,,,,,,
PAT018427,,,,,,,,,,,
PAT018428,,,,,,,,,,,
PAT018429,,,,,,,,,,,
PAT018430,,,,,,,,,,,
PAT018431,,,,,,,,,,,
PAT018432,,,,,,,,,,,
PAT018433,,,,,,,,,,,
PAT018434,,,,,,,,,,,
PAT018435,,,,,,,,,,,
PAT018436,,,,,,,,,,,
PAT018437,,,,,,,,,,,
PAT018438,,,,,,,,,,,
PAT018439,,,,,,,,,,,
PAT018440,,,,,,,,,,,
PAT018441,,,,,,,,,,,
PAT018442,,,,,,,,,,,
PAT018443,,,,,,,,,,,
PAT018444,,,,,,,,,,,
PAT018445,,,,,,,,,,,
PAT018446,,,,,,,,,,,
PAT018447,,,,,,,,,,,
PAT018448,,,,,,,,,,,
PAT018449,,,,,,,,,,,
PAT018450,,,,,,,,,,,
PAT018451,,,,,,,,,,,
PAT018452,,,,,,,,,,,
PAT018453,,,,,,,,,,,
PAT018454,,,,,,,,,,,
PAT018455,,,,,,,,,,,
PAT018456,,,,,,,,,,,
PAT018457,,,,,,,,,,,
PAT018458,,,,,,,,,,,
PAT018459,,,,,,,,,,,
PAT018460,,,,,,,,,,,
PAT018461,,,,,,,,,,,
PAT018462,,,,,,,,,,,
PAT018463,,,,,,,,,,,
PAT018464,,,,,,,,,,,
PAT018465,,,,,,,,,,,
PAT018466,,,,,,,,,,,
PAT018467,,,,,,,,,,,
PAT018468,,,,,,,,,,,
PAT018469,,,,,,,,,,,
PAT018470,,,,,,,,,,,
PAT018471,,,,,,,,,,,
PAT018472,,,,,,,,,,,
PAT018473,,,,,,,,,,,
PAT018474,,,,,,,,,,,
PAT018475,,,,,,,,,,,
PAT018476,,,,,,,,,,,
PAT018477,,,,,,,,,,,
PAT018478,,,,,,,,,,,
PAT018479,,,,,,,,,,,
PAT018480,,,,,,,,,,,
PAT018481,,,,,,,,,,,
PAT018482,,,,,,,,,,,
PAT018483,,,,,,,,,,,
PAT018484,,,,,,,,,,,
PAT018485,,,,,,,,,,,
PAT018486,,,,,,,,,,,
PAT018487,,,,,,,,,,,
PAT018488,,,,,,,,,,,
PAT018489,,,,,,,,,,,
PAT018490,,,,,,,,,,,
PAT018491,,,,,,,,,,,
PAT018492,,,,,,,,,,,
PAT018493,,,,,,,,,,,
PAT018494,,,,,,,,,,,
PAT018495,,,,,,,,,,,
PAT018496,,,,,,,,,,,
PAT018497,,,,,,,,,,,
PAT018498,,,,,,,,,,,
PAT018499,,,,,,,,,,,
PAT018500,,,,,,,,,,,
PAT018501,,,,,,,,,,,
PAT018502,,,,,,,,,,,
PAT018503,,,,,,,,,,,
PAT018504,,,,,,,,,,,
PAT018505,,,,,,,,,,,
PAT018506,,,,,,,,,,,
PAT018507,,,,,,,,,,,
PAT018508,,,,,,,,,,,
PAT018509,,,,,,,,,,,
PAT018510,,,,,,,,,,,
PAT018511,,,,,,,,,,,
PAT018512,,,,,,,,,,,
PAT018513,,,,,,,,,,,
PAT018514,,,,,,,,,,,
PAT018515,,,,,,,,,,,
PAT018516,,,,,,,,,,,
PAT018517,,,,,,,,,,,
PAT018518,,,,,,,,,,,
PAT018519,,,,,,,,,,,
PAT018520,,,,,,,,,,,
PAT018521,,,,,,,,,,,
PAT018522,,,,,,,,,,,
PAT018523,,,,,,,,,,,
PAT018524,,,,,,,,,,,
PAT018525,,,,,,,,,,,
PAT018526,,,,,,,,,,,
PAT018527,,,,,,,,,,,
PAT018528,,,,,,,,,,,
PAT018529,,,,,,,,,,,
PAT018530,,,,,,,,,,,
PAT018531,,,,,,,,,,,
PAT018532,,,,,,,,,,,
PAT018533,,,,,,,,,,,
PAT018534,,,,,,,,,,,
PAT018535,,,,,,,,,,,
PAT018536,,,,,,,,,,,
PAT018537,,,,,,,,,,,
PAT018538,,,,,,,,,,,
PAT018539,,,,,,,,,,,
PAT018540,,,,,,,,,,,
PAT018541,,,,,,,,,,,
PAT018542,,,,,,,,,,,
PAT018543,,,,,,,,,,,
PAT018544,,,,,,,,,,,
PAT018545,,,,,,,,,,,
PAT018546,,,,,,,,,,,
PAT018547,,,,,,,,,,,
PAT018548,,,,,,,,,,,
PAT018549,,,,,,,,,,,
PAT018550,,,,,,,,,,,
PAT018551,,,,,,,,,,,
PAT018552,,,,,,,,,,,
PAT018553,,,,,,,,,,,
PAT018554,,,,,,,,,,,
PAT018555,,,,,,,,,,,
PAT018556,,,,,,,,,,,
PAT018557,,,,,,,,,,,
PAT018558,,,,,,,,,,,
PAT018559,,,,,,,,,,,
PAT018560,,,,,,,,,,,
PAT018561,,,,,,,,,,,
PAT018562,,,,,,,,,,,
PAT018563,,,,,,,,,,,
PAT018564,,,,,,,,,,,
PAT018565,,,,,,,,,,,
PAT018566,,,,,,,,,,,
PAT018567,,,,,,,,,,,
PAT018568,,,,,,,,,,,
PAT018569,,,,,,,,,,,
PAT018570,,,,,,,,,,,
PAT018571,,,,,,,,,,,
PAT018572,,,,,,,,,,,
PAT018573,,,,,,,,,,,
PAT018574,,,,,,,,,,,
PAT018575,,,,,,,,,,,
PAT018576,,,,,,,,,,,
PAT018577,,,,,,,,,,,
PAT018578,,,,,,,,,,,
PAT018579,,,,,,,,,,,
PAT018580,,,,,,,,,,,
PAT018581,,,,,,,,,,,
PAT018582,,,,,,,,,,,
PAT018583,,,,,,,,,,,
PAT018584,,,,,,,,,,,
PAT018585,,,,,,,,,,,
PAT018586,,,,,,,,,,,
PAT018587,,,,,,,,,,,
PAT018588,,,,,,,,,,,
PAT018589,,,,,,,,,,,
PAT018590,,,,,,,,,,,
PAT018591,,,,,,,,,,,
PAT018592,,,,,,,,,,,
PAT018593,,,,,,,,,,,
PAT018594,,,,,,,,,,,
PAT018595,,,,,,,,,,,
PAT018596,,,,,,,,,,,
PAT018597,,,,,,,,,,,
PAT018598,,,,,,,,,,,
PAT018599,,,,,,,,,,,
PAT018600,,,,,,,,,,,
PAT018601,,,,,,,,,,,
PAT018602,,,,,,,,,,,
PAT018603,,,,,,,,,,,
PAT018604,,,,,,,,,,,
PAT018605,,,,,,,,,,,
PAT018606,,,,,,,,,,,
PAT018607,,,,,,,,,,,
PAT018608,,,,,,,,,,,
PAT018609,,,,,,,,,,,
PAT018610,,,,,,,,,,,
PAT018611,,,,,,,,,,,
PAT018612,,,,,,,,,,,
PAT018613,,,,,,,,,,,
PAT018614,,,,,,,,,,,
PAT018615,,,,,,,,,,,
PAT018616,,,,,,,,,,,
PAT018617,,,,,,,,,,,
PAT018618,,,,,,,,,,,
PAT018619,,,,,,,,,,,
PAT018620,,,,,,,,,,,
PAT018621,,,,,,,,,,,
PAT018622,,,,,,,,,,,
PAT018623,,,,,,,,,,,
PAT018624,,,,,,,,,,,
PAT018625,,,,,,,,,,,
PAT018626,,,,,,,,,,,
PAT018627,,,,,,,,,,,
PAT018628,,,,,,,,,,,
PAT018629,,,,,,,,,,,
PAT018630,,,,,,,,,,,
PAT018631,,,,,,,,,,,
PAT018632,,,,,,,,,,,
PAT018633,,,,,,,,,,,
PAT018634,,,,,,,,,,,
PAT018635,,,,,,,,,,,
PAT018636,,,,,,,,,,,
PAT018637,,,,,,,,,,,
PAT018638,,,,,,,,,,,
PAT018639,,,,,,,,,,,
PAT018640,,,,,,,,,,,
PAT018641,,,,,,,,,,,
PAT018642,,,,,,,,,,,
PAT018643,,,,,,,,,,,
PAT018644,,,,,,,,,,,
PAT018645,,,,,,,,,,,
PAT018646,,,,,,,,,,,
PAT018647,,,,,,,,,,,
PAT018648,,,,,,,,,,,
PAT018649,,,,,,,,,,,
PAT018650,,,,,,,,,,,
PAT018651,,,,,,,,,,,
PAT018652,,,,,,,,,,,
PAT018653,,,,,,,,,,,
PAT018654,,,,,,,,,,,
PAT018655,,,,,,,,,,,
PAT018656,,,,,,,,,,,
PAT018657,,,,,,,,,,,
PAT018658,,,,,,,,,,,
PAT018659,,,,,,,,,,,
PAT018660,,,,,,,,,,,
PAT018661,,,,,,,,,,,
PAT018662,,,,,,,,,,,
PAT018663,,,,,,,,,,,
PAT018664,,,,,,,,,,,
PAT018665,,,,,,,,,,,
PAT018666,,,,,,,,,,,
PAT018667,,,,,,,,,,,
PAT018668,,,,,,,,,,,
PAT018669,,,,,,,,,,,
PAT018670,,,,,,,,,,,
PAT018671,,,,,,,,,,,
PAT018672,,,,,,,,,,,
PAT018673,,,,,,,,,,,
PAT018674,,,,,,,,,,,
PAT018675,,,,,,,,,,,
PAT018676,,,,,,,,,,,
PAT018677,,,,,,,,,,,
PAT018678,,,,,,,,,,,
PAT018679,,,,,,,,,,,
PAT018680,,,,,,,,,,,
PAT018681,,,,,,,,,,,
PAT018682,,,,,,,,,,,
PAT018683,,,,,,,,,,,
PAT018684,,,,,,,,,,,
PAT018685,,,,,,,,,,,
PAT018686,,,,,,,,,,,
PAT018687,,,,,,,,,,,
PAT018688,,,,,,,,,,,
PAT018689,,,,,,,,,,,
PAT018690,,,,,,,,,,,
PAT018691,,,,,,,,,,,
PAT018692,,,,,,,,,,,
PAT018693,,,,,,,,,,,
PAT018694,,,,,,,,,,,
PAT018695,,,,,,,,,,,
PAT018696,,,,,,,,,,,
PAT018697,,,,,,,,,,,
PAT018698,,,,,,,,,,,
PAT018699,,,,,,,,,,,
PAT018700,,,,,,,,,,,
PAT018701,,,,,,,,,,,
PAT018702,,,,,,,,,,,
PAT018703,,,,,,,,,,,
PAT018704,,,,,,,,,,,
PAT018705,,,,,,,,,,,
PAT018706,,,,,,,,,,,
PAT018707,,,,,,,,,,,
PAT018708,,,,,,,,,,,
PAT018709,,,,,,,,,,,
PAT018710,,,,,,,,,,,
PAT018711,,,,,,,,,,,
PAT018712,,,,,,,,,,,
PAT018713,,,,,,,,,,,
PAT018714,,,,,,,,,,,
PAT018715,,,,,,,,,,,
PAT018716,,,,,,,,,,,
PAT018717,,,,,,,,,,,
PAT018718,,,,,,,,,,,
PAT018719,,,,,,,,,,,
PAT018720,,,,,,,,,,,
PAT018721,,,,,,,,,,,
PAT018722,,,,,,,,,,,
PAT018723,,,,,,,,,,,
PAT018724,,,,,,,,,,,
PAT018725,,,,,,,,,,,
PAT018726,,,,,,,,,,,
PAT018727,,,,,,,,,,,
PAT018728,,,,,,,,,,,
PAT018729,,,,,,,,,,,
PAT018730,,,,,,,,,,,
PAT018731,,,,,,,,,,,
PAT018732,,,,,,,,,,,
PAT018733,,,,,,,,,,,
PAT018734,,,,,,,,,,,
PAT018735,,,,,,,,,,,
PAT018736,,,,,,,,,,,
PAT018737,,,,,,,,,,,
PAT018738,,,,,,,,,,,
PAT018739,,,,,,,,,,,
PAT018740,,,,,,,,,,,
PAT018741,,,,,,,,,,,
PAT018742,,,,,,,,,,,
PAT018743,,,,,,,,,,,
PAT018744,,,,,,,,,,,
PAT018745,,,,,,,,,,,
PAT018746,,,,,,,,,,,
PAT018747,,,,,,,,,,,
PAT018748,,,,,,,,,,,
PAT018749,,,,,,,,,,,
PAT018750,,,,,,,,,,,
PAT018751,,,,,,,,,,,
PAT018752,,,,,,,,,,,
PAT018753,,,,,,,,,,,
PAT018754,,,,,,,,,,,
PAT018755,,,,,,,,,,,
PAT018756,,,,,,,,,,,
PAT018757,,,,,,,,,,,
PAT018758,,,,,,,,,,,
PAT018759,,,,,,,,,,,
PAT018760,,,,,,,,,,,
PAT018761,,,,,,,,,,,
PAT018762,,,,,,,,,,,
PAT018763,,,,,,,,,,,
PAT018764,,,,,,,,,,,
PAT018765,,,,,,,,,,,
PAT018766,,,,,,,,,,,
PAT018767,,,,,,,,,,,
PAT018768,,,,,,,,,,,
PAT018769,,,,,,,,,,,
PAT018770,,,,,,,,,,,
PAT018771,,,,,,,,,,,
PAT018772,,,,,,,,,,,
PAT018773,,,,,,,,,,,
PAT018774,,,,,,,,,,,
PAT018775,,,,,,,,,,,
PAT018776,,,,,,,,,,,
PAT018777,,,,,,,,,,,
PAT018778,,,,,,,,,,,
PAT018779,,,,,,,,,,,
PAT018780,,,,,,,,,,,
PAT018781,,,,,,,,,,,
PAT018782,,,,,,,,,,,
PAT018783,,,,,,,,,,,
PAT018784,,,,,,,,,,,
PAT018785,,,,,,,,,,,
PAT018786,,,,,,,,,,,
PAT018787,,,,,,,,,,,
PAT018788,,,,,,,,,,,
PAT018789,,,,,,,,,,,
PAT018790,,,,,,,,,,,
PAT018791,,,,,,,,,,,
PAT018792,,,,,,,,,,,
PAT018793,,,,,,,,,,,
PAT018794,,,,,,,,,,,
PAT018795,,,,,,,,,,,
PAT018796,,,,,,,,,,,
PAT018797,,,,,,,,,,,
PAT018798,,,,,,,,,,,
PAT018799,,,,,,,,,,,
PAT018800,,,,,,,,,,,
PAT018801,,,,,,,,,,,
PAT018802,,,,,,,,,,,
PAT018803,,,,,,,,,,,
PAT018804,,,,,,,,,,,
PAT018805,,,,,,,,,,,
PAT018806,,,,,,,,,,,
PAT018807,,,,,,,,,,,
PAT018808,,,,,,,,,,,
PAT018809,,,,,,,,,,,
PAT018810,,,,,,,,,,,
PAT018811,,,,,,,,,,,
PAT018812,,,,,,,,,,,
PAT018813,,,,,,,,,,,
PAT018814,,,,,,,,,,,
PAT018815,,,,,,,,,,,
PAT018816,,,,,,,,,,,
PAT018817,,,,,,,,,,,
PAT018818,,,,,,,,,,,
PAT018819,,,,,,,,,,,
PAT018820,,,,,,,,,,,
PAT018821,,,,,,,,,,,
PAT018822,,,,,,,,,,,
PAT018823,,,,,,,,,,,
PAT018824,,,,,,,,,,,
PAT018825,,,,,,,,,,,
PAT018826,,,,,,,,,,,
PAT018827,,,,,,,,,,,
PAT018828,,,,,,,,,,,
PAT018829,,,,,,,,,,,
PAT018830,,,,,,,,,,,
PAT018831,,,,,,,,,,,
PAT018832,,,,,,,,,,,
PAT018833,,,,,,,,,,,
PAT018834,,,,,,,,,,,
PAT018835,,,,,,,,,,,
PAT018836,,,,,,,,,,,
PAT018837,,,,,,,,,,,
PAT018838,,,,,,,,,,,
PAT018839,,,,,,,,,,,
PAT018840,,,,,,,,,,,
PAT018841,,,,,,,,,,,
PAT018842,,,,,,,,,,,
PAT018843,,,,,,,,,,,
PAT018844,,,,,,,,,,,
PAT018845,,,,,,,,,,,
PAT018846,,,,,,,,,,,
PAT018847,,,,,,,,,,,
PAT018848,,,,,,,,,,,
PAT018849,,,,,,,,,,,
PAT018850,,,,,,,,,,,
PAT018851,,,,,,,,,,,
PAT018852,,,,,,,,,,,
PAT018853,,,,,,,,,,,
PAT018854,,,,,,,,,,,
PAT018855,,,,,,,,,,,
PAT018856,,,,,,,,,,,
PAT018857,,,,,,,,,,,
PAT018858,,,,,,,,,,,
PAT018859,,,,,,,,,,,
PAT018860,,,,,,,,,,,
PAT018861,,,,,,,,,,,
PAT018862,,,,,,,,,,,
PAT018863,,,,,,,,,,,
PAT018864,,,,,,,,,,,
PAT018865,,,,,,,,,,,
PAT018866,,,,,,,,,,,
PAT018867,,,,,,,,,,,
PAT018868,,,,,,,,,,,
PAT018869,,,,,,,,,,,
PAT018870,,,,,,,,,,,
PAT018871,,,,,,,,,,,
PAT018872,,,,,,,,,,,
PAT018873,,,,,,,,,,,
PAT018874,,,,,,,,,,,
PAT018875,,,,,,,,,,,
PAT018876,,,,,,,,,,,
PAT018877,,,,,,,,,,,
PAT018878,,,,,,,,,,,
PAT018879,,,,,,,,,,,
PAT018880,,,,,,,,,,,
PAT018881,,,,,,,,,,,
PAT018882,,,,,,,,,,,
PAT018883,,,,,,,,,,,
PAT018884,,,,,,,,,,,
PAT018885,,,,,,,,,,,
PAT018886,,,,,,,,,,,
PAT018887,,,,,,,,,,,
PAT018888,,,,,,,,,,,
PAT018889,,,,,,,,,,,
PAT018890,,,,,,,,,,,
PAT018891,,,,,,,,,,,
PAT018892,,,,,,,,,,,
PAT018893,,,,,,,,,,,
PAT018894,,,,,,,,,,,
PAT018895,,,,,,,,,,,
PAT018896,,,,,,,,,,,
PAT018897,,,,,,,,,,,
PAT018898,,,,,,,,,,,
PAT018899,,,,,,,,,,,
PAT018900,,,,,,,,,,,
PAT018901,,,,,,,,,,,
PAT018902,,,,,,,,,,,
PAT018903,,,,,,,,,,,
PAT018904,,,,,,,,,,,
PAT018905,,,,,,,,,,,
PAT018906,,,,,,,,,,,
PAT018907,,,,,,,,,,,
PAT018908,,,,,,,,,,,
PAT018909,,,,,,,,,,,
PAT018910,,,,,,,,,,,
PAT018911,,,,,,,,,,,
PAT018912,,,,,,,,,,,
PAT018913,,,,,,,,,,,
PAT018914,,,,,,,,,,,
PAT018915,,,,,,,,,,,
PAT018916,,,,,,,,,,,
PAT018917,,,,,,,,,,,
PAT018918,,,,,,,,,,,
PAT018919,,,,,,,,,,,
PAT018920,,,,,,,,,,,
PAT018921,,,,,,,,,,,
PAT018922,,,,,,,,,,,
PAT018923,,,,,,,,,,,
PAT018924,,,,,,,,,,,
PAT018925,,,,,,,,,,,
PAT018926,,,,,,,,,,,
PAT018927,,,,,,,,,,,
PAT018928,,,,,,,,,,,
PAT018929,,,,,,,,,,,
PAT018930,,,,,,,,,,,
PAT018931,,,,,,,,,,,
PAT018932,,,,,,,,,,,
PAT018933,,,,,,,,,,,
PAT018934,,,,,,,,,,,
PAT018935,,,,,,,,,,,
PAT018936,,,,,,,,,,,
PAT018937,,,,,,,,,,,
PAT018938,,,,,,,,,,,
PAT018939,,,,,,,,,,,
PAT018940,,,,,,,,,,,
PAT018941,,,,,,,,,,,
PAT018942,,,,,,,,,,,
PAT018943,,,,,,,,,,,
PAT018944,,,,,,,,,,,
PAT018945,,,,,,,,,,,
PAT018946,,,,,,,,,,,
PAT018947,,,,,,,,,,,
PAT018948,,,,,,,,,,,
PAT018949,,,,,,,,,,,
PAT018950,,,,,,,,,,,
PAT018951,,,,,,,,,,,
PAT018952,,,,,,,,,,,
PAT018953,,,,,,,,,,,
PAT018954,,,,,,,,,,,
PAT018955,,,,,,,,,,,
PAT018956,,,,,,,,,,,
PAT018957,,,,,,,,,,,
PAT018958,,,,,,,,,,,
PAT018959,,,,,,,,,,,
PAT018960,,,,,,,,,,,
PAT018961,,,,,,,,,,,
PAT018962,,,,,,,,,,,
PAT018963,,,,,,,,,,,
PAT018964,,,,,,,,,,,
PAT018965,,,,,,,,,,,
PAT018966,,,,,,,,,,,
PAT018967,,,,,,,,,,,
PAT018968,,,,,,,,,,,
PAT018969,,,,,,,,,,,
PAT018970,,,,,,,,,,,
PAT018971,,,,,,,,,,,
PAT018972,,,,,,,,,,,
PAT018973,,,,,,,,,,,
PAT018974,,,,,,,,,,,
PAT018975,,,,,,,,,,,
PAT018976,,,,,,,,,,,
PAT018977,,,,,,,,,,,
PAT018978,,,,,,,,,,,
PAT018979,,,,,,,,,,,
PAT018980,,,,,,,,,,,
PAT018981,,,,,,,,,,,
PAT018982,,,,,,,,,,,
PAT018983,,,,,,,,,,,
PAT018984,,,,,,,,,,,
PAT018985,,,,,,,,,,,
PAT018986,,,,,,,,,,,
PAT018987,,,,,,,,,,,
PAT018988,,,,,,,,,,,
PAT018989,,,,,,,,,,,
PAT018990,,,,,,,,,,,
PAT018991,,,,,,,,,,,
PAT018992,,,,,,,,,,,
PAT018993,,,,,,,,,,,
PAT018994,,,,,,,,,,,
PAT018995,,,,,,,,,,,
PAT018996,,,,,,,,,,,
PAT018997,,,,,,,,,,,
PAT018998,,,,,,,,,,,
PAT018999,,,,,,,,,,,
PAT019000,,,,,,,,,,,
PAT019001,,,,,,,,,,,
PAT019002,,,,,,,,,,,
PAT019003,,,,,,,,,,,
PAT019004,,,,,,,,,,,
PAT019005,,,,,,,,,,,
PAT019006,,,,,,,,,,,
PAT019007,,,,,,,,,,,
PAT019008,,,,,,,,,,,
PAT019009,,,,,,,,,,,
PAT019010,,,,,,,,,,,
PAT019011,,,,,,,,,,,
PAT019012,,,,,,,,,,,
PAT019013,,,,,,,,,,,
PAT019014,,,,,,,,,,,
PAT019015,,,,,,,,,,,
PAT019016,,,,,,,,,,,
PAT019017,,,,,,,,,,,
PAT019018,,,,,,,,,,,
PAT019019,,,,,,,,,,,
PAT019020,,,,,,,,,,,
PAT019021,,,,,,,,,,,
PAT019022,,,,,,,,,,,
PAT019023,,,,,,,,,,,
PAT019024,,,,,,,,,,,
PAT019025,,,,,,,,,,,
PAT019026,,,,,,,,,,,
PAT019027,,,,,,,,,,,
PAT019028,,,,,,,,,,,
PAT019029,,,,,,,,,,,
PAT019030,,,,,,,,,,,
PAT019031,,,,,,,,,,,
PAT019032,,,,,,,,,,,
PAT019033,,,,,,,,,,,
PAT019034,,,,,,,,,,,
PAT019035,,,,,,,,,,,
PAT019036,,,,,,,,,,,
PAT019037,,,,,,,,,,,
PAT019038,,,,,,,,,,,
PAT019039,,,,,,,,,,,
PAT019040,,,,,,,,,,,
PAT019041,,,,,,,,,,,
PAT019042,,,,,,,,,,,
PAT019043,,,,,,,,,,,
PAT019044,,,,,,,,,,,
PAT019045,,,,,,,,,,,
PAT019046,,,,,,,,,,,
PAT019047,,,,,,,,,,,
PAT019048,,,,,,,,,,,
PAT019049,,,,,,,,,,,
PAT019050,,,,,,,,,,,
PAT019051,,,,,,,,,,,
PAT019052,,,,,,,,,,,
PAT019053,,,,,,,,,,,
PAT019054,,,,,,,,,,,
PAT019055,,,,,,,,,,,
PAT019056,,,,,,,,,,,
PAT019057,,,,,,,,,,,
PAT019058,,,,,,,,,,,
PAT019059,,,,,,,,,,,
PAT019060,,,,,,,,,,,
PAT019061,,,,,,,,,,,
PAT019062,,,,,,,,,,,
PAT019063,,,,,,,,,,,
PAT019064,,,,,,,,,,,
PAT019065,,,,,,,,,,,
PAT019066,,,,,,,,,,,
PAT019067,,,,,,,,,,,
PAT019068,,,,,,,,,,,
PAT019069,,,,,,,,,,,
PAT019070,,,,,,,,,,,
PAT019071,,,,,,,,,,,
PAT019072,,,,,,,,,,,
PAT019073,,,,,,,,,,,
PAT019074,,,,,,,,,,,
PAT019075,,,,,,,,,,,
PAT019076,,,,,,,,,,,
PAT019077,,,,,,,,,,,
PAT019078,,,,,,,,,,,
PAT019079,,,,,,,,,,,
PAT019080,,,,,,,,,,,
PAT019081,,,,,,,,,,,
PAT019082,,,,,,,,,,,
PAT019083,,,,,,,,,,,
PAT019084,,,,,,,,,,,
PAT019085,,,,,,,,,,,
PAT019086,,,,,,,,,,,
PAT019087,,,,,,,,,,,
PAT019088,,,,,,,,,,,
PAT019089,,,,,,,,,,,
PAT019090,,,,,,,,,,,
PAT019091,,,,,,,,,,,
PAT019092,,,,,,,,,,,
PAT019093,,,,,,,,,,,
PAT019094,,,,,,,,,,,
PAT019095,,,,,,,,,,,
PAT019096,,,,,,,,,,,
PAT019097,,,,,,,,,,,
PAT019098,,,,,,,,,,,
PAT019099,,,,,,,,,,,
PAT019100,,,,,,,,,,,
PAT019101,,,,,,,,,,,
PAT019102,,,,,,,,,,,
PAT019103,,,,,,,,,,,
PAT019104,,,,,,,,,,,
PAT019105,,,,,,,,,,,
PAT019106,,,,,,,,,,,
PAT019107,,,,,,,,,,,
PAT019108,,,,,,,,,,,
PAT019109,,,,,,,,,,,
PAT019110,,,,,,,,,,,
PAT019111,,,,,,,,,,,
PAT019112,,,,,,,,,,,
PAT019113,,,,,,,,,,,
PAT019114,,,,,,,,,,,
PAT019115,,,,,,,,,,,
PAT019116,,,,,,,,,,,
PAT019117,,,,,,,,,,,
PAT019118,,,,,,,,,,,
PAT019119,,,,,,,,,,,
PAT019120,,,,,,,,,,,
PAT019121,,,,,,,,,,,
PAT019122,,,,,,,,,,,
PAT019123,,,,,,,,,,,
PAT019124,,,,,,,,,,,
PAT019125,,,,,,,,,,,
PAT019126,,,,,,,,,,,
PAT019127,,,,,,,,,,,
PAT019128,,,,,,,,,,,
PAT019129,,,,,,,,,,,
PAT019130,,,,,,,,,,,
PAT019131,,,,,,,,,,,
PAT019132,,,,,,,,,,,
PAT019133,,,,,,,,,,,
PAT019134,,,,,,,,,,,
PAT019135,,,,,,,,,,,
PAT019136,,,,,,,,,,,
PAT019137,,,,,,,,,,,
PAT019138,,,,,,,,,,,
PAT019139,,,,,,,,,,,
PAT019140,,,,,,,,,,,
PAT019141,,,,,,,,,,,
PAT019142,,,,,,,,,,,
PAT019143,,,,,,,,,,,
PAT019144,,,,,,,,,,,
PAT019145,,,,,,,,,,,
PAT019146,,,,,,,,,,,
PAT019147,,,,,,,,,,,
PAT019148,,,,,,,,,,,
PAT019149,,,,,,,,,,,
PAT019150,,,,,,,,,,,
PAT019151,,,,,,,,,,,
PAT019152,,,,,,,,,,,
PAT019153,,,,,,,,,,,
PAT019154,,,,,,,,,,,
PAT019155,,,,,,,,,,,
PAT019156,,,,,,,,,,,
PAT019157,,,,,,,,,,,
PAT019158,,,,,,,,,,,
PAT019159,,,,,,,,,,,
PAT019160,,,,,,,,,,,
PAT019161,,,,,,,,,,,
PAT019162,,,,,,,,,,,
PAT019163,,,,,,,,,,,
PAT019164,,,,,,,,,,,
PAT019165,,,,,,,,,,,
PAT019166,,,,,,,,,,,
PAT019167,,,,,,,,,,,
PAT019168,,,,,,,,,,,
PAT019169,,,,,,,,,,,
PAT019170,,,,,,,,,,,
PAT019171,,,,,,,,,,,
PAT019172,,,,,,,,,,,
PAT019173,,,,,,,,,,,
PAT019174,,,,,,,,,,,
PAT019175,,,,,,,,,,,
PAT019176,,,,,,,,,,,
PAT019177,,,,,,,,,,,
PAT019178,,,,,,,,,,,
PAT019179,,,,,,,,,,,
PAT019180,,,,,,,,,,,
PAT019181,,,,,,,,,,,
PAT019182,,,,,,,,,,,
PAT019183,,,,,,,,,,,
PAT019184,,,,,,,,,,,
PAT019185,,,,,,,,,,,
PAT019186,,,,,,,,,,,
PAT019187,,,,,,,,,,,
PAT019188,,,,,,,,,,,
PAT019189,,,,,,,,,,,
PAT019190,,,,,,,,,,,
PAT019191,,,,,,,,,,,
PAT019192,,,,,,,,,,,
PAT019193,,,,,,,,,,,
PAT019194,,,,,,,,,,,
PAT019195,,,,,,,,,,,
PAT019196,,,,,,,,,,,
PAT019197,,,,,,,,,,,
PAT019198,,,,,,,,,,,
PAT019199,,,,,,,,,,,
PAT019200,,,,,,,,,,,
PAT019201,,,,,,,,,,,
PAT019202,,,,,,,,,,,
PAT019203,,,,,,,,,,,
PAT019204,,,,,,,,,,,
PAT019205,,,,,,,,,,,
PAT019206,,,,,,,,,,,
PAT019207,,,,,,,,,,,
PAT019208,,,,,,,,,,,
PAT019209,,,,,,,,,,,
PAT019210,,,,,,,,,,,
PAT019211,,,,,,,,,,,
PAT019212,,,,,,,,,,,
PAT019213,,,,,,,,,,,
PAT019214,,,,,,,,,,,
PAT019215,,,,,,,,,,,
PAT019216,,,,,,,,,,,
PAT019217,,,,,,,,,,,
PAT019218,,,,,,,,,,,
PAT019219,,,,,,,,,,,
PAT019220,,,,,,,,,,,
PAT019221,,,,,,,,,,,
PAT019222,,,,,,,,,,,
PAT019223,,,,,,,,,,,
PAT019224,,,,,,,,,,,
PAT019225,,,,,,,,,,,
PAT019226,,,,,,,,,,,
PAT019227,,,,,,,,,,,
PAT019228,,,,,,,,,,,
PAT019229,,,,,,,,,,,
PAT019230,,,,,,,,,,,
PAT019231,,,,,,,,,,,
PAT019232,,,,,,,,,,,
PAT019233,,,,,,,,,,,
PAT019234,,,,,,,,,,,
PAT019235,,,,,,,,,,,
PAT019236,,,,,,,,,,,
PAT019237,,,,,,,,,,,
PAT019238,,,,,,,,,,,
PAT019239,,,,,,,,,,,
PAT019240,,,,,,,,,,,
PAT019241,,,,,,,,,,,
PAT019242,,,,,,,,,,,
PAT019243,,,,,,,,,,,
PAT019244,,,,,,,,,,,
PAT019245,,,,,,,,,,,
PAT019246,,,,,,,,,,,
PAT019247,,,,,,,,,,,
PAT019248,,,,,,,,,,,
PAT019249,,,,,,,,,,,
PAT019250,,,,,,,,,,,
PAT019251,,,,,,,,,,,
PAT019252,,,,,,,,,,,
PAT019253,,,,,,,,,,,
PAT019254,,,,,,,,,,,
PAT019255,,,,,,,,,,,
PAT019256,,,,,,,,,,,
PAT019257,,,,,,,,,,,
PAT019258,,,,,,,,,,,
PAT019259,,,,,,,,,,,
PAT019260,,,,,,,,,,,
PAT019261,,,,,,,,,,,
PAT019262,,,,,,,,,,,
PAT019263,,,,,,,,,,,
PAT019264,,,,,,,,,,,
PAT019265,,,,,,,,,,,
PAT019266,,,,,,,,,,,
PAT019267,,,,,,,,,,,
PAT019268,,,,,,,,,,,
PAT019269,,,,,,,,,,,
PAT019270,,,,,,,,,,,
PAT019271,,,,,,,,,,,
PAT019272,,,,,,,,,,,
PAT019273,,,,,,,,,,,
PAT019274,,,,,,,,,,,
PAT019275,,,,,,,,,,,
PAT019276,,,,,,,,,,,
PAT019277,,,,,,,,,,,
PAT019278,,,,,,,,,,,
PAT019279,,,,,,,,,,,
PAT019280,,,,,,,,,,,
PAT019281,,,,,,,,,,,
PAT019282,,,,,,,,,,,
PAT019283,,,,,,,,,,,
PAT019284,,,,,,,,,,,
PAT019285,,,,,,,,,,,
PAT019286,,,,,,,,,,,
PAT019287,,,,,,,,,,,
PAT019288,,,,,,,,,,,
PAT019289,,,,,,,,,,,
PAT019290,,,,,,,,,,,
PAT019291,,,,,,,,,,,
PAT019292,,,,,,,,,,,
PAT019293,,,,,,,,,,,
PAT019294,,,,,,,,,,,
PAT019295,,,,,,,,,,,
PAT019296,,,,,,,,,,,
PAT019297,,,,,,,,,,,
PAT019298,,,,,,,,,,,
PAT019299,,,,,,,,,,,
PAT019300,,,,,,,,,,,
PAT019301,,,,,,,,,,,
PAT019302,,,,,,,,,,,
PAT019303,,,,,,,,,,,
PAT019304,,,,,,,,,,,
PAT019305,,,,,,,,,,,
PAT019306,,,,,,,,,,,
PAT019307,,,,,,,,,,,
PAT019308,,,,,,,,,,,
PAT019309,,,,,,,,,,,
PAT019310,,,,,,,,,,,
PAT019311,,,,,,,,,,,
PAT019312,,,,,,,,,,,
PAT019313,,,,,,,,,,,
PAT019314,,,,,,,,,,,
PAT019315,,,,,,,,,,,
PAT019316,,,,,,,,,,,
PAT019317,,,,,,,,,,,
PAT019318,,,,,,,,,,,
PAT019319,,,,,,,,,,,
PAT019320,,,,,,,,,,,
PAT019321,,,,,,,,,,,
PAT019322,,,,,,,,,,,
PAT019323,,,,,,,,,,,
PAT019324,,,,,,,,,,,
PAT019325,,,,,,,,,,,
PAT019326,,,,,,,,,,,
PAT019327,,,,,,,,,,,
PAT019328,,,,,,,,,,,
PAT019329,,,,,,,,,,,
PAT019330,,,,,,,,,,,
PAT019331,,,,,,,,,,,
PAT019332,,,,,,,,,,,
PAT019333,,,,,,,,,,,
PAT019334,,,,,,,,,,,
PAT019335,,,,,,,,,,,
PAT019336,,,,,,,,,,,
PAT019337,,,,,,,,,,,
PAT019338,,,,,,,,,,,
PAT019339,,,,,,,,,,,
PAT019340,,,,,,,,,,,
PAT019341,,,,,,,,,,,
PAT019342,,,,,,,,,,,
PAT019343,,,,,,,,,,,
PAT019344,,,,,,,,,,,
PAT019345,,,,,,,,,,,
PAT019346,,,,,,,,,,,
PAT019347,,,,,,,,,,,
PAT019348,,,,,,,,,,,
PAT019349,,,,,,,,,,,
PAT019350,,,,,,,,,,,
PAT019351,,,,,,,,,,,
PAT019352,,,,,,,,,,,
PAT019353,,,,,,,,,,,
PAT019354,,,,,,,,,,,
PAT019355,,,,,,,,,,,
PAT019356,,,,,,,,,,,
PAT019357,,,,,,,,,,,
PAT019358,,,,,,,,,,,
PAT019359,,,,,,,,,,,
PAT019360,,,,,,,,,,,
PAT019361,,,,,,,,,,,
PAT019362,,,,,,,,,,,
PAT019363,,,,,,,,,,,
PAT019364,,,,,,,,,,,
PAT019365,,,,,,,,,,,
PAT019366,,,,,,,,,,,
PAT019367,,,,,,,,,,,
PAT019368,,,,,,,,,,,
PAT019369,,,,,,,,,,,
PAT019370,,,,,,,,,,,
PAT019371,,,,,,,,,,,
PAT019372,,,,,,,,,,,
PAT019373,,,,,,,,,,,
PAT019374,,,,,,,,,,,
PAT019375,,,,,,,,,,,
PAT019376,,,,,,,,,,,
PAT019377,,,,,,,,,,,
PAT019378,,,,,,,,,,,
PAT019379,,,,,,,,,,,
PAT019380,,,,,,,,,,,
PAT019381,,,,,,,,,,,
PAT019382,,,,,,,,,,,
PAT019383,,,,,,,,,,,
PAT019384,,,,,,,,,,,
PAT019385,,,,,,,,,,,
PAT019386,,,,,,,,,,,
PAT019387,,,,,,,,,,,
PAT019388,,,,,,,,,,,
PAT019389,,,,,,,,,,,
PAT019390,,,,,,,,,,,
PAT019391,,,,,,,,,,,
PAT019392,,,,,,,,,,,
PAT019393,,,,,,,,,,,
PAT019394,,,,,,,,,,,
PAT019395,,,,,,,,,,,
PAT019396,,,,,,,,,,,
PAT019397,,,,,,,,,,,
PAT019398,,,,,,,,,,,
PAT019399,,,,,,,,,,,
PAT019400,,,,,,,,,,,
PAT019401,,,,,,,,,,,
PAT019402,,,,,,,,,,,
PAT019403,,,,,,,,,,,
PAT019404,,,,,,,,,,,
PAT019405,,,,,,,,,,,
PAT019406,,,,,,,,,,,
PAT019407,,,,,,,,,,,
PAT019408,,,,,,,,,,,
PAT019409,,,,,,,,,,,
PAT019410,,,,,,,,,,,
PAT019411,,,,,,,,,,,
PAT019412,,,,,,,,,,,
PAT019413,,,,,,,,,,,
PAT019414,,,,,,,,,,,
PAT019415,,,,,,,,,,,
PAT019416,,,,,,,,,,,
PAT019417,,,,,,,,,,,
PAT019418,,,,,,,,,,,
PAT019419,,,,,,,,,,,
PAT019420,,,,,,,,,,,
PAT019421,,,,,,,,,,,
PAT019422,,,,,,,,,,,
PAT019423,,,,,,,,,,,
PAT019424,,,,,,,,,,,
PAT019425,,,,,,,,,,,
PAT019426,,,,,,,,,,,
PAT019427,,,,,,,,,,,
PAT019428,,,,,,,,,,,
PAT019429,,,,,,,,,,,
PAT019430,,,,,,,,,,,
PAT019431,,,,,,,,,,,
PAT019432,,,,,,,,,,,
PAT019433,,,,,,,,,,,
PAT019434,,,,,,,,,,,
PAT019435,,,,,,,,,,,
PAT019436,,,,,,,,,,,
PAT019437,,,,,,,,,,,
PAT019438,,,,,,,,,,,
PAT019439,,,,,,,,,,,
PAT019440,,,,,,,,,,,
PAT019441,,,,,,,,,,,
PAT019442,,,,,,,,,,,
PAT019443,,,,,,,,,,,
PAT019444,,,,,,,,,,,
PAT019445,,,,,,,,,,,
PAT019446,,,,,,,,,,,
PAT019447,,,,,,,,,,,
PAT019448,,,,,,,,,,,
PAT019449,,,,,,,,,,,
PAT019450,,,,,,,,,,,
PAT019451,,,,,,,,,,,
PAT019452,,,,,,,,,,,
PAT019453,,,,,,,,,,,
PAT019454,,,,,,,,,,,
PAT019455,,,,,,,,,,,
PAT019456,,,,,,,,,,,
PAT019457,,,,,,,,,,,
PAT019458,,,,,,,,,,,
PAT019459,,,,,,,,,,,
PAT019460,,,,,,,,,,,
PAT019461,,,,,,,,,,,
PAT019462,,,,,,,,,,,
PAT019463,,,,,,,,,,,
PAT019464,,,,,,,,,,,
PAT019465,,,,,,,,,,,
PAT019466,,,,,,,,,,,
PAT019467,,,,,,,,,,,
PAT019468,,,,,,,,,,,
PAT019469,,,,,,,,,,,
PAT019470,,,,,,,,,,,
PAT019471,,,,,,,,,,,
PAT019472,,,,,,,,,,,
PAT019473,,,,,,,,,,,
PAT019474,,,,,,,,,,,
PAT019475,,,,,,,,,,,
PAT019476,,,,,,,,,,,
PAT019477,,,,,,,,,,,
PAT019478,,,,,,,,,,,
PAT019479,,,,,,,,,,,
PAT019480,,,,,,,,,,,
PAT019481,,,,,,,,,,,
PAT019482,,,,,,,,,,,
PAT019483,,,,,,,,,,,
PAT019484,,,,,,,,,,,
PAT019485,,,,,,,,,,,
PAT019486,,,,,,,,,,,
PAT019487,,,,,,,,,,,
PAT019488,,,,,,,,,,,
PAT019489,,,,,,,,,,,
PAT019490,,,,,,,,,,,
PAT019491,,,,,,,,,,,
PAT019492,,,,,,,,,,,
PAT019493,,,,,,,,,,,
PAT019494,,,,,,,,,,,
PAT019495,,,,,,,,,,,
PAT019496,,,,,,,,,,,
PAT019497,,,,,,,,,,,
PAT019498,,,,,,,,,,,
PAT019499,,,,,,,,,,,
PAT019500,,,,,,,,,,,
PAT019501,,,,,,,,,,,
PAT019502,,,,,,,,,,,
PAT019503,,,,,,,,,,,
PAT019504,,,,,,,,,,,
PAT019505,,,,,,,,,,,
PAT019506,,,,,,,,,,,
PAT019507,,,,,,,,,,,
PAT019508,,,,,,,,,,,
PAT019509,,,,,,,,,,,
PAT019510,,,,,,,,,,,
PAT019511,,,,,,,,,,,
PAT019512,,,,,,,,,,,
PAT019513,,,,,,,,,,,
PAT019514,,,,,,,,,,,
PAT019515,,,,,,,,,,,
PAT019516,,,,,,,,,,,
PAT019517,,,,,,,,,,,
PAT019518,,,,,,,,,,,
PAT019519,,,,,,,,,,,
PAT019520,,,,,,,,,,,
PAT019521,,,,,,,,,,,
PAT019522,,,,,,,,,,,
PAT019523,,,,,,,,,,,
PAT019524,,,,,,,,,,,
PAT019525,,,,,,,,,,,
PAT019526,,,,,,,,,,,
PAT019527,,,,,,,,,,,
PAT019528,,,,,,,,,,,
PAT019529,,,,,,,,,,,
PAT019530,,,,,,,,,,,
PAT019531,,,,,,,,,,,
PAT019532,,,,,,,,,,,
PAT019533,,,,,,,,,,,
PAT019534,,,,,,,,,,,
PAT019535,,,,,,,,,,,
PAT019536,,,,,,,,,,,
PAT019537,,,,,,,,,,,
PAT019538,,,,,,,,,,,
PAT019539,,,,,,,,,,,
PAT019540,,,,,,,,,,,
PAT019541,,,,,,,,,,,
PAT019542,,,,,,,,,,,
PAT019543,,,,,,,,,,,
PAT019544,,,,,,,,,,,
PAT019545,,,,,,,,,,,
PAT019546,,,,,,,,,,,
PAT019547,,,,,,,,,,,
PAT019548,,,,,,,,,,,
PAT019549,,,,,,,,,,,
PAT019550,,,,,,,,,,,
PAT019551,,,,,,,,,,,
PAT019552,,,,,,,,,,,
PAT019553,,,,,,,,,,,
PAT019554,,,,,,,,,,,
PAT019555,,,,,,,,,,,
PAT019556,,,,,,,,,,,
PAT019557,,,,,,,,,,,
PAT019558,,,,,,,,,,,
PAT019559,,,,,,,,,,,
PAT019560,,,,,,,,,,,
PAT019561,,,,,,,,,,,
PAT019562,,,,,,,,,,,
PAT019563,,,,,,,,,,,
PAT019564,,,,,,,,,,,
PAT019565,,,,,,,,,,,
PAT019566,,,,,,,,,,,
PAT019567,,,,,,,,,,,
PAT019568,,,,,,,,,,,
PAT019569,,,,,,,,,,,
PAT019570,,,,,,,,,,,
PAT019571,,,,,,,,,,,
PAT019572,,,,,,,,,,,
PAT019573,,,,,,,,,,,
PAT019574,,,,,,,,,,,
PAT019575,,,,,,,,,,,
PAT019576,,,,,,,,,,,
PAT019577,,,,,,,,,,,
PAT019578,,,,,,,,,,,
PAT019579,,,,,,,,,,,
PAT019580,,,,,,,,,,,
PAT019581,,,,,,,,,,,
PAT019582,,,,,,,,,,,
PAT019583,,,,,,,,,,,
PAT019584,,,,,,,,,,,
PAT019585,,,,,,,,,,,
PAT019586,,,,,,,,,,,
PAT019587,,,,,,,,,,,
PAT019588,,,,,,,,,,,
PAT019589,,,,,,,,,,,
PAT019590,,,,,,,,,,,
PAT019591,,,,,,,,,,,
PAT019592,,,,,,,,,,,
PAT019593,,,,,,,,,,,
PAT019594,,,,,,,,,,,
PAT019595,,,,,,,,,,,
PAT019596,,,,,,,,,,,
PAT019597,,,,,,,,,,,
PAT019598,,,,,,,,,,,
PAT019599,,,,,,,,,,,
PAT019600,,,,,,,,,,,
PAT019601,,,,,,,,,,,
PAT019602,,,,,,,,,,,
PAT019603,,,,,,,,,,,
PAT019604,,,,,,,,,,,
PAT019605,,,,,,,,,,,
PAT019606,,,,,,,,,,,
PAT019607,,,,,,,,,,,
PAT019608,,,,,,,,,,,
PAT019609,,,,,,,,,,,
PAT019610,,,,,,,,,,,
PAT019611,,,,,,,,,,,
PAT019612,,,,,,,,,,,
PAT019613,,,,,,,,,,,
PAT019614,,,,,,,,,,,
PAT019615,,,,,,,,,,,
PAT019616,,,,,,,,,,,
PAT019617,,,,,,,,,,,
PAT019618,,,,,,,,,,,
PAT019619,,,,,,,,,,,
PAT019620,,,,,,,,,,,
PAT019621,,,,,,,,,,,
PAT019622,,,,,,,,,,,
PAT019623,,,,,,,,,,,
PAT019624,,,,,,,,,,,
PAT019625,,,,,,,,,,,
PAT019626,,,,,,,,,,,
PAT019627,,,,,,,,,,,
PAT019628,,,,,,,,,,,
PAT019629,,,,,,,,,,,
PAT019630,,,,,,,,,,,
PAT019631,,,,,,,,,,,
PAT019632,,,,,,,,,,,
PAT019633,,,,,,,,,,,
PAT019634,,,,,,,,,,,
PAT019635,,,,,,,,,,,
PAT019636,,,,,,,,,,,
PAT019637,,,,,,,,,,,
PAT019638,,,,,,,,,,,
PAT019639,,,,,,,,,,,
PAT019640,,,,,,,,,,,
PAT019641,,,,,,,,,,,
PAT019642,,,,,,,,,,,
PAT019643,,,,,,,,,,,
PAT019644,,,,,,,,,,,
PAT019645,,,,,,,,,,,
PAT019646,,,,,,,,,,,
PAT019647,,,,,,,,,,,
PAT019648,,,,,,,,,,,
PAT019649,,,,,,,,,,,
PAT019650,,,,,,,,,,,
PAT019651,,,,,,,,,,,
PAT019652,,,,,,,,,,,
PAT019653,,,,,,,,,,,
PAT019654,,,,,,,,,,,
PAT019655,,,,,,,,,,,
PAT019656,,,,,,,,,,,
PAT019657,,,,,,,,,,,
PAT019658,,,,,,,,,,,
PAT019659,,,,,,,,,,,
PAT019660,,,,,,,,,,,
PAT019661,,,,,,,,,,,
PAT019662,,,,,,,,,,,
PAT019663,,,,,,,,,,,
PAT019664,,,,,,,,,,,
PAT019665,,,,,,,,,,,
PAT019666,,,,,,,,,,,
PAT019667,,,,,,,,,,,
PAT019668,,,,,,,,,,,
PAT019669,,,,,,,,,,,
PAT019670,,,,,,,,,,,
PAT019671,,,,,,,,,,,
PAT019672,,,,,,,,,,,
PAT019673,,,,,,,,,,,
PAT019674,,,,,,,,,,,
PAT019675,,,,,,,,,,,
PAT019676,,,,,,,,,,,
PAT019677,,,,,,,,,,,
PAT019678,,,,,,,,,,,
PAT019679,,,,,,,,,,,
PAT019680,,,,,,,,,,,
PAT019681,,,,,,,,,,,
PAT019682,,,,,,,,,,,
PAT019683,,,,,,,,,,,
PAT019684,,,,,,,,,,,
PAT019685,,,,,,,,,,,
PAT019686,,,,,,,,,,,
PAT019687,,,,,,,,,,,
PAT019688,,,,,,,,,,,
PAT019689,,,,,,,,,,,
PAT019690,,,,,,,,,,,
PAT019691,,,,,,,,,,,
PAT019692,,,,,,,,,,,
PAT019693,,,,,,,,,,,
PAT019694,,,,,,,,,,,
PAT019695,,,,,,,,,,,
PAT019696,,,,,,,,,,,
PAT019697,,,,,,,,,,,
PAT019698,,,,,,,,,,,
PAT019699,,,,,,,,,,,
PAT019700,,,,,,,,,,,
PAT019701,,,,,,,,,,,
PAT019702,,,,,,,,,,,
PAT019703,,,,,,,,,,,
PAT019704,,,,,,,,,,,
PAT019705,,,,,,,,,,,
PAT019706,,,,,,,,,,,
PAT019707,,,,,,,,,,,
PAT019708,,,,,,,,,,,
PAT019709,,,,,,,,,,,
PAT019710,,,,,,,,,,,
PAT019711,,,,,,,,,,,
PAT019712,,,,,,,,,,,
PAT019713,,,,,,,,,,,
PAT019714,,,,,,,,,,,
PAT019715,,,,,,,,,,,
PAT019716,,,,,,,,,,,
PAT019717,,,,,,,,,,,
PAT019718,,,,,,,,,,,
PAT019719,,,,,,,,,,,
PAT019720,,,,,,,,,,,
PAT019721,,,,,,,,,,,
PAT019722,,,,,,,,,,,
PAT019723,,,,,,,,,,,
PAT019724,,,,,,,,,,,
PAT019725,,,,,,,,,,,
PAT019726,,,,,,,,,,,
PAT019727,,,,,,,,,,,
PAT019728,,,,,,,,,,,
PAT019729,,,,,,,,,,,
PAT019730,,,,,,,,,,,
PAT019731,,,,,,,,,,,
PAT019732,,,,,,,,,,,
PAT019733,,,,,,,,,,,
PAT019734,,,,,,,,,,,
PAT019735,,,,,,,,,,,
PAT019736,,,,,,,,,,,
PAT019737,,,,,,,,,,,
PAT019738,,,,,,,,,,,
PAT019739,,,,,,,,,,,
PAT019740,,,,,,,,,,,
PAT019741,,,,,,,,,,,
PAT019742,,,,,,,,,,,
PAT019743,,,,,,,,,,,
PAT019744,,,,,,,,,,,
PAT019745,,,,,,,,,,,
PAT019746,,,,,,,,,,,
PAT019747,,,,,,,,,,,
PAT019748,,,,,,,,,,,
PAT019749,,,,,,,,,,,
PAT019750,,,,,,,,,,,
PAT019751,,,,,,,,,,,
PAT019752,,,,,,,,,,,
PAT019753,,,,,,,,,,,
PAT019754,,,,,,,,,,,
PAT019755,,,,,,,,,,,
PAT019756,,,,,,,,,,,
PAT019757,,,,,,,,,,,
PAT019758,,,,,,,,,,,
PAT019759,,,,,,,,,,,
PAT019760,,,,,,,,,,,
PAT019761,,,,,,,,,,,
PAT019762,,,,,,,,,,,
PAT019763,,,,,,,,,,,
PAT019764,,,,,,,,,,,
PAT019765,,,,,,,,,,,
PAT019766,,,,,,,,,,,
PAT019767,,,,,,,,,,,
PAT019768,,,,,,,,,,,
PAT019769,,,,,,,,,,,
PAT019770,,,,,,,,,,,
PAT019771,,,,,,,,,,,
PAT019772,,,,,,,,,,,
PAT019773,,,,,,,,,,,
PAT019774,,,,,,,,,,,
PAT019775,,,,,,,,,,,
PAT019776,,,,,,,,,,,
PAT019777,,,,,,,,,,,
PAT019778,,,,,,,,,,,
PAT019779,,,,,,,,,,,
PAT019780,,,,,,,,,,,
PAT019781,,,,,,,,,,,
PAT019782,,,,,,,,,,,
PAT019783,,,,,,,,,,,
PAT019784,,,,,,,,,,,
PAT019785,,,,,,,,,,,
PAT019786,,,,,,,,,,,
PAT019787,,,,,,,,,,,
PAT019788,,,,,,,,,,,
PAT019789,,,,,,,,,,,
PAT019790,,,,,,,,,,,
PAT019791,,,,,,,,,,,
PAT019792,,,,,,,,,,,
PAT019793,,,,,,,,,,,
PAT019794,,,,,,,,,,,
PAT019795,,,,,,,,,,,
PAT019796,,,,,,,,,,,
PAT019797,,,,,,,,,,,
PAT019798,,,,,,,,,,,
PAT019799,,,,,,,,,,,
PAT019800,,,,,,,,,,,
PAT019801,,,,,,,,,,,
PAT019802,,,,,,,,,,,
PAT019803,,,,,,,,,,,
PAT019804,,,,,,,,,,,
PAT019805,,,,,,,,,,,
PAT019806,,,,,,,,,,,
PAT019807,,,,,,,,,,,
PAT019808,,,,,,,,,,,
PAT019809,,,,,,,,,,,
PAT019810,,,,,,,,,,,
PAT019811,,,,,,,,,,,
PAT019812,,,,,,,,,,,
PAT019813,,,,,,,,,,,
PAT019814,,,,,,,,,,,
PAT019815,,,,,,,,,,,
PAT019816,,,,,,,,,,,
PAT019817,,,,,,,,,,,
PAT019818,,,,,,,,,,,
PAT019819,,,,,,,,,,,
PAT019820,,,,,,,,,,,
PAT019821,,,,,,,,,,,
PAT019822,,,,,,,,,,,
PAT019823,,,,,,,,,,,
PAT019824,,,,,,,,,,,
PAT019825,,,,,,,,,,,
PAT019826,,,,,,,,,,,
PAT019827,,,,,,,,,,,
PAT019828,,,,,,,,,,,
PAT019829,,,,,,,,,,,
PAT019830,,,,,,,,,,,
PAT019831,,,,,,,,,,,
PAT019832,,,,,,,,,,,
PAT019833,,,,,,,,,,,
PAT019834,,,,,,,,,,,
PAT019835,,,,,,,,,,,
PAT019836,,,,,,,,,,,
PAT019837,,,,,,,,,,,
PAT019838,,,,,,,,,,,
PAT019839,,,,,,,,,,,
PAT019840,,,,,,,,,,,
PAT019841,,,,,,,,,,,
PAT019842,,,,,,,,,,,
PAT019843,,,,,,,,,,,
PAT019844,,,,,,,,,,,
PAT019845,,,,,,,,,,,
PAT019846,,,,,,,,,,,
PAT019847,,,,,,,,,,,
PAT019848,,,,,,,,,,,
PAT019849,,,,,,,,,,,
PAT019850,,,,,,,,,,,
PAT019851,,,,,,,,,,,
PAT019852,,,,,,,,,,,
PAT019853,,,,,,,,,,,
PAT019854,,,,,,,,,,,
PAT019855,,,,,,,,,,,
PAT019856,,,,,,,,,,,
PAT019857,,,,,,,,,,,
PAT019858,,,,,,,,,,,
PAT019859,,,,,,,,,,,
PAT019860,,,,,,,,,,,
PAT019861,,,,,,,,,,,
PAT019862,,,,,,,,,,,
PAT019863,,,,,,,,,,,
PAT019864,,,,,,,,,,,
PAT019865,,,,,,,,,,,
PAT019866,,,,,,,,,,,
PAT019867,,,,,,,,,,,
PAT019868,,,,,,,,,,,
PAT019869,,,,,,,,,,,
PAT019870,,,,,,,,,,,
PAT019871,,,,,,,,,,,
PAT019872,,,,,,,,,,,
PAT019873,,,,,,,,,,,
PAT019874,,,,,,,,,,,
PAT019875,,,,,,,,,,,
PAT019876,,,,,,,,,,,
PAT019877,,,,,,,,,,,
PAT019878,,,,,,,,,,,
PAT019879,,,,,,,,,,,
PAT019880,,,,,,,,,,,
PAT019881,,,,,,,,,,,
PAT019882,,,,,,,,,,,
PAT019883,,,,,,,,,,,
PAT019884,,,,,,,,,,,
PAT019885,,,,,,,,,,,
PAT019886,,,,,,,,,,,
PAT019887,,,,,,,,,,,
PAT019888,,,,,,,,,,,
PAT019889,,,,,,,,,,,
PAT019890,,,,,,,,,,,
PAT019891,,,,,,,,,,,
PAT019892,,,,,,,,,,,
PAT019893,,,,,,,,,,,
PAT019894,,,,,,,,,,,
PAT019895,,,,,,,,,,,
PAT019896,,,,,,,,,,,
PAT019897,,,,,,,,,,,
PAT019898,,,,,,,,,,,
PAT019899,,,,,,,,,,,
PAT019900,,,,,,,,,,,
PAT019901,,,,,,,,,,,
PAT019902,,,,,,,,,,,
PAT019903,,,,,,,,,,,
PAT019904,,,,,,,,,,,
PAT019905,,,,,,,,,,,
PAT019906,,,,,,,,,,,
PAT019907,,,,,,,,,,,
PAT019908,,,,,,,,,,,
PAT019909,,,,,,,,,,,
PAT019910,,,,,,,,,,,
PAT019911,,,,,,,,,,,
PAT019912,,,,,,,,,,,
PAT019913,,,,,,,,,,,
PAT019914,,,,,,,,,,,
PAT019915,,,,,,,,,,,
PAT019916,,,,,,,,,,,
PAT019917,,,,,,,,,,,
PAT019918,,,,,,,,,,,
PAT019919,,,,,,,,,,,
PAT019920,,,,,,,,,,,
PAT019921,,,,,,,,,,,
PAT019922,,,,,,,,,,,
PAT019923,,,,,,,,,,,
PAT019924,,,,,,,,,,,
PAT019925,,,,,,,,,,,
PAT019926,,,,,,,,,,,
PAT019927,,,,,,,,,,,
PAT019928,,,,,,,,,,,
PAT019929,,,,,,,,,,,
PAT019930,,,,,,,,,,,
PAT019931,,,,,,,,,,,
PAT019932,,,,,,,,,,,
PAT019933,,,,,,,,,,,
PAT019934,,,,,,,,,,,
PAT019935,,,,,,,,,,,
PAT019936,,,,,,,,,,,
PAT019937,,,,,,,,,,,
PAT019938,,,,,,,,,,,
PAT019939,,,,,,,,,,,
PAT019940,,,,,,,,,,,
PAT019941,,,,,,,,,,,
PAT019942,,,,,,,,,,,
PAT019943,,,,,,,,,,,
PAT019944,,,,,,,,,,,
PAT019945,,,,,,,,,,,
PAT019946,,,,,,,,,,,
PAT019947,,,,,,,,,,,
PAT019948,,,,,,,,,,,
PAT019949,,,,,,,,,,,
PAT019950,,,,,,,,,,,
PAT019951,,,,,,,,,,,
PAT019952,,,,,,,,,,,
PAT019953,,,,,,,,,,,
PAT019954,,,,,,,,,,,
PAT019955,,,,,,,,,,,
PAT019956,,,,,,,,,,,
PAT019957,,,,,,,,,,,
PAT019958,,,,,,,,,,,
PAT019959,,,,,,,,,,,
PAT019960,,,,,,,,,,,
PAT019961,,,,,,,,,,,
PAT019962,,,,,,,,,,,
PAT019963,,,,,,,,,,,
PAT019964,,,,,,,,,,,
PAT019965,,,,,,,,,,,
PAT019966,,,,,,,,,,,
PAT019967,,,,,,,,,,,
PAT019968,,,,,,,,,,,
PAT019969,,,,,,,,,,,
PAT019970,,,,,,,,,,,
PAT019971,,,,,,,,,,,
PAT019972,,,,,,,,,,,
PAT019973,,,,,,,,,,,
PAT019974,,,,,,,,,,,
PAT019975,,,,,,,,,,,
PAT019976,,,,,,,,,,,
PAT019977,,,,,,,,,,,
PAT019978,,,,,,,,,,,
PAT019979,,,,,,,,,,,
PAT019980,,,,,,,,,,,
PAT019981,,,,,,,,,,,
PAT019982,,,,,,,,,,,
PAT019983,,,,,,,,,,,
PAT019984,,,,,,,,,,,
PAT019985,,,,,,,,,,,
PAT019986,,,,,,,,,,,
PAT019987,,,,,,,,,,,
PAT019988,,,,,,,,,,,
PAT019989,,,,,,,,,,,
PAT019990,,,,,,,,,,,
PAT019991,,,,,,,,,,,
PAT019992,,,,,,,,,,,
PAT019993,,,,,,,,,,,
PAT019994,,,,,,,,,,,
PAT019995,,,,,,,,,,,
PAT019996,,,,,,,,,,,
PAT019997,,,,,,,,,,,
PAT019998,,,,,,,,,,,
PAT019999,,,,,,,,,,,
PAT020000,,,,,,,,,,,
PAT020001,,,,,,,,,,,
PAT020002,,,,,,,,,,,
PAT020003,,,,,,,,,,,
PAT020004,,,,,,,,,,,
PAT020005,,,,,,,,,,,
PAT020006,,,,,,,,,,,
PAT020007,,,,,,,,,,,
PAT020008,,,,,,,,,,,
PAT020009,,,,,,,,,,,
PAT020010,,,,,,,,,,,
PAT020011,,,,,,,,,,,
PAT020012,,,,,,,,,,,
PAT020013,,,,,,,,,,,
PAT020014,,,,,,,,,,,
PAT020015,,,,,,,,,,,
PAT020016,,,,,,,,,,,
PAT020017,,,,,,,,,,,
PAT020018,,,,,,,,,,,
PAT020019,,,,,,,,,,,
PAT020020,,,,,,,,,,,
PAT020021,,,,,,,,,,,
PAT020022,,,,,,,,,,,
PAT020023,,,,,,,,,,,
PAT020024,,,,,,,,,,,
PAT020025,,,,,,,,,,,
PAT020026,,,,,,,,,,,
PAT020027,,,,,,,,,,,
PAT020028,,,,,,,,,,,
PAT020029,,,,,,,,,,,
PAT020030,,,,,,,,,,,
PAT020031,,,,,,,,,,,
PAT020032,,,,,,,,,,,
PAT020033,,,,,,,,,,,
PAT020034,,,,,,,,,,,
PAT020035,,,,,,,,,,,
PAT020036,,,,,,,,,,,
PAT020037,,,,,,,,,,,
PAT020038,,,,,,,,,,,
PAT020039,,,,,,,,,,,
PAT020040,,,,,,,,,,,
PAT020041,,,,,,,,,,,
PAT020042,,,,,,,,,,,
PAT020043,,,,,,,,,,,
PAT020044,,,,,,,,,,,
PAT020045,,,,,,,,,,,
PAT020046,,,,,,,,,,,
PAT020047,,,,,,,,,,,
PAT020048,,,,,,,,,,,
PAT020049,,,,,,,,,,,
PAT020050,,,,,,,,,,,
PAT020051,,,,,,,,,,,
PAT020052,,,,,,,,,,,
PAT020053,,,,,,,,,,,
PAT020054,,,,,,,,,,,
PAT020055,,,,,,,,,,,
PAT020056,,,,,,,,,,,
PAT020057,,,,,,,,,,,
PAT020058,,,,,,,,,,,
PAT020059,,,,,,,,,,,
PAT020060,,,,,,,,,,,
PAT020061,,,,,,,,,,,
PAT020062,,,,,,,,,,,
PAT020063,,,,,,,,,,,
PAT020064,,,,,,,,,,,
PAT020065,,,,,,,,,,,
PAT020066,,,,,,,,,,,
PAT020067,,,,,,,,,,,
PAT020068,,,,,,,,,,,
PAT020069,,,,,,,,,,,
PAT020070,,,,,,,,,,,
PAT020071,,,,,,,,,,,
PAT020072,,,,,,,,,,,
PAT020073,,,,,,,,,,,
PAT020074,,,,,,,,,,,
PAT020075,,,,,,,,,,,
PAT020076,,,,,,,,,,,
PAT020077,,,,,,,,,,,
PAT020078,,,,,,,,,,,
PAT020079,,,,,,,,,,,
PAT020080,,,,,,,,,,,
PAT020081,,,,,,,,,,,
PAT020082,,,,,,,,,,,
PAT020083,,,,,,,,,,,
PAT020084,,,,,,,,,,,
PAT020085,,,,,,,,,,,
PAT020086,,,,,,,,,,,
PAT020087,,,,,,,,,,,
PAT020088,,,,,,,,,,,
PAT020089,,,,,,,,,,,
PAT020090,,,,,,,,,,,
PAT020091,,,,,,,,,,,
PAT020092,,,,,,,,,,,
PAT020093,,,,,,,,,,,
PAT020094,,,,,,,,,,,
PAT020095,,,,,,,,,,,
PAT020096,,,,,,,,,,,
PAT020097,,,,,,,,,,,
PAT020098,,,,,,,,,,,
PAT020099,,,,,,,,,,,
PAT020100,,,,,,,,,,,
PAT020101,,,,,,,,,,,
PAT020102,,,,,,,,,,,
PAT020103,,,,,,,,,,,
PAT020104,,,,,,,,,,,
PAT020105,,,,,,,,,,,
PAT020106,,,,,,,,,,,
PAT020107,,,,,,,,,,,
PAT020108,,,,,,,,,,,
PAT020109,,,,,,,,,,,
PAT020110,,,,,,,,,,,
PAT020111,,,,,,,,,,,
PAT020112,,,,,,,,,,,
PAT020113,,,,,,,,,,,
PAT020114,,,,,,,,,,,
PAT020115,,,,,,,,,,,
PAT020116,,,,,,,,,,,
PAT020117,,,,,,,,,,,
PAT020118,,,,,,,,,,,
PAT020119,,,,,,,,,,,
PAT020120,,,,,,,,,,,
PAT020121,,,,,,,,,,,
PAT020122,,,,,,,,,,,
PAT020123,,,,,,,,,,,
PAT020124,,,,,,,,,,,
PAT020125,,,,,,,,,,,
PAT020126,,,,,,,,,,,
PAT020127,,,,,,,,,,,
PAT020128,,,,,,,,,,,
PAT020129,,,,,,,,,,,
PAT020130,,,,,,,,,,,
PAT020131,,,,,,,,,,,
PAT020132,,,,,,,,,,,
PAT020133,,,,,,,,,,,
PAT020134,,,,,,,,,,,
PAT020135,,,,,,,,,,,
PAT020136,,,,,,,,,,,
PAT020137,,,,,,,,,,,
PAT020138,,,,,,,,,,,
PAT020139,,,,,,,,,,,
PAT020140,,,,,,,,,,,
PAT020141,,,,,,,,,,,
PAT020142,,,,,,,,,,,
PAT020143,,,,,,,,,,,
PAT020144,,,,,,,,,,,
PAT020145,,,,,,,,,,,
PAT020146,,,,,,,,,,,
PAT020147,,,,,,,,,,,
PAT020148,,,,,,,,,,,
PAT020149,,,,,,,,,,,
PAT020150,,,,,,,,,,,
PAT020151,,,,,,,,,,,
PAT020152,,,,,,,,,,,
PAT020153,,,,,,,,,,,
PAT020154,,,,,,,,,,,
PAT020155,,,,,,,,,,,
PAT020156,,,,,,,,,,,
PAT020157,,,,,,,,,,,
PAT020158,,,,,,,,,,,
PAT020159,,,,,,,,,,,
PAT020160,,,,,,,,,,,
PAT020161,,,,,,,,,,,
PAT020162,,,,,,,,,,,
PAT020163,,,,,,,,,,,
PAT020164,,,,,,,,,,,
PAT020165,,,,,,,,,,,
PAT020166,,,,,,,,,,,
PAT020167,,,,,,,,,,,
PAT020168,,,,,,,,,,,
PAT020169,,,,,,,,,,,
PAT020170,,,,,,,,,,,
PAT020171,,,,,,,,,,,
PAT020172,,,,,,,,,,,
PAT020173,,,,,,,,,,,
PAT020174,,,,,,,,,,,
PAT020175,,,,,,,,,,,
PAT020176,,,,,,,,,,,
PAT020177,,,,,,,,,,,
PAT020178,,,,,,,,,,,
PAT020179,,,,,,,,,,,
PAT020180,,,,,,,,,,,
PAT020181,,,,,,,,,,,
PAT020182,,,,,,,,,,,
PAT020183,,,,,,,,,,,
PAT020184,,,,,,,,,,,
PAT020185,,,,,,,,,,,
PAT020186,,,,,,,,,,,
PAT020187,,,,,,,,,,,
PAT020188,,,,,,,,,,,
PAT020189,,,,,,,,,,,
PAT020190,,,,,,,,,,,
PAT020191,,,,,,,,,,,
PAT020192,,,,,,,,,,,
PAT020193,,,,,,,,,,,
PAT020194,,,,,,,,,,,
PAT020195,,,,,,,,,,,
PAT020196,,,,,,,,,,,
PAT020197,,,,,,,,,,,
PAT020198,,,,,,,,,,,
PAT020199,,,,,,,,,,,
PAT020200,,,,,,,,,,,
PAT020201,,,,,,,,,,,
PAT020202,,,,,,,,,,,
PAT020203,,,,,,,,,,,
PAT020204,,,,,,,,,,,
PAT020205,,,,,,,,,,,
PAT020206,,,,,,,,,,,
PAT020207,,,,,,,,,,,
PAT020208,,,,,,,,,,,
PAT020209,,,,,,,,,,,
PAT020210,,,,,,,,,,,
PAT020211,,,,,,,,,,,
PAT020212,,,,,,,,,,,
PAT020213,,,,,,,,,,,
PAT020214,,,,,,,,,,,
PAT020215,,,,,,,,,,,
PAT020216,,,,,,,,,,,
PAT020217,,,,,,,,,,,
PAT020218,,,,,,,,,,,
PAT020219,,,,,,,,,,,
PAT020220,,,,,,,,,,,
PAT020221,,,,,,,,,,,
PAT020222,,,,,,,,,,,
PAT020223,,,,,,,,,,,
PAT020224,,,,,,,,,,,
PAT020225,,,,,,,,,,,
PAT020226,,,,,,,,,,,
PAT020227,,,,,,,,,,,
PAT020228,,,,,,,,,,,
PAT020229,,,,,,,,,,,
PAT020230,,,,,,,,,,,
PAT020231,,,,,,,,,,,
PAT020232,,,,,,,,,,,
PAT020233,,,,,,,,,,,
PAT020234,,,,,,,,,,,
PAT020235,,,,,,,,,,,
PAT020236,,,,,,,,,,,
PAT020237,,,,,,,,,,,
PAT020238,,,,,,,,,,,
PAT020239,,,,,,,,,,,
PAT020240,,,,,,,,,,,
PAT020241,,,,,,,,,,,
PAT020242,,,,,,,,,,,
PAT020243,,,,,,,,,,,
PAT020244,,,,,,,,,,,
PAT020245,,,,,,,,,,,
PAT020246,,,,,,,,,,,
PAT020247,,,,,,,,,,,
PAT020248,,,,,,,,,,,
PAT020249,,,,,,,,,,,
PAT020250,,,,,,,,,,,
PAT020251,,,,,,,,,,,
PAT020252,,,,,,,,,,,
PAT020253,,,,,,,,,,,
PAT020254,,,,,,,,,,,
PAT020255,,,,,,,,,,,
PAT020256,,,,,,,,,,,
PAT020257,,,,,,,,,,,
PAT020258,,,,,,,,,,,
PAT020259,,,,,,,,,,,
PAT020260,,,,,,,,,,,
PAT020261,,,,,,,,,,,
PAT020262,,,,,,,,,,,
PAT020263,,,,,,,,,,,
PAT020264,,,,,,,,,,,
PAT020265,,,,,,,,,,,
PAT020266,,,,,,,,,,,
PAT020267,,,,,,,,,,,
PAT020268,,,,,,,,,,,
PAT020269,,,,,,,,,,,
PAT020270,,,,,,,,,,,
PAT020271,,,,,,,,,,,
PAT020272,,,,,,,,,,,
PAT020273,,,,,,,,,,,
PAT020274,,,,,,,,,,,
PAT020275,,,,,,,,,,,
PAT020276,,,,,,,,,,,
PAT020277,,,,,,,,,,,
PAT020278,,,,,,,,,,,
PAT020279,,,,,,,,,,,
PAT020280,,,,,,,,,,,
PAT020281,,,,,,,,,,,
PAT020282,,,,,,,,,,,
PAT020283,,,,,,,,,,,
PAT020284,,,,,,,,,,,
PAT020285,,,,,,,,,,,
PAT020286,,,,,,,,,,,
PAT020287,,,,,,,,,,,
PAT020288,,,,,,,,,,,
PAT020289,,,,,,,,,,,
PAT020290,,,,,,,,,,,
PAT020291,,,,,,,,,,,
PAT020292,,,,,,,,,,,
PAT020293,,,,,,,,,,,
PAT020294,,,,,,,,,,,
PAT020295,,,,,,,,,,,
PAT020296,,,,,,,,,,,
PAT020297,,,,,,,,,,,
PAT020298,,,,,,,,,,,
PAT020299,,,,,,,,,,,
PAT020300,,,,,,,,,,,
PAT020301,,,,,,,,,,,
PAT020302,,,,,,,,,,,
PAT020303,,,,,,,,,,,
PAT020304,,,,,,,,,,,
PAT020305,,,,,,,,,,,
PAT020306,,,,,,,,,,,
PAT020307,,,,,,,,,,,
PAT020308,,,,,,,,,,,
PAT020309,,,,,,,,,,,
PAT020310,,,,,,,,,,,
PAT020311,,,,,,,,,,,
PAT020312,,,,,,,,,,,
PAT020313,,,,,,,,,,,
PAT020314,,,,,,,,,,,
PAT020315,,,,,,,,,,,
PAT020316,,,,,,,,,,,
PAT020317,,,,,,,,,,,
PAT020318,,,,,,,,,,,
PAT020319,,,,,,,,,,,
PAT020320,,,,,,,,,,,
PAT020321,,,,,,,,,,,
PAT020322,,,,,,,,,,,
PAT020323,,,,,,,,,,,
PAT020324,,,,,,,,,,,
PAT020325,,,,,,,,,,,
PAT020326,,,,,,,,,,,
PAT020327,,,,,,,,,,,
PAT020328,,,,,,,,,,,
PAT020329,,,,,,,,,,,
PAT020330,,,,,,,,,,,
PAT020331,,,,,,,,,,,
PAT020332,,,,,,,,,,,
PAT020333,,,,,,,,,,,
PAT020334,,,,,,,,,,,
PAT020335,,,,,,,,,,,
PAT020336,,,,,,,,,,,
PAT020337,,,,,,,,,,,
PAT020338,,,,,,,,,,,
PAT020339,,,,,,,,,,,
PAT020340,,,,,,,,,,,
PAT020341,,,,,,,,,,,
PAT020342,,,,,,,,,,,
PAT020343,,,,,,,,,,,
PAT020344,,,,,,,,,,,
PAT020345,,,,,,,,,,,
PAT020346,,,,,,,,,,,
PAT020347,,,,,,,,,,,
PAT020348,,,,,,,,,,,
PAT020349,,,,,,,,,,,
PAT020350,,,,,,,,,,,
PAT020351,,,,,,,,,,,
PAT020352,,,,,,,,,,,
PAT020353,,,,,,,,,,,
PAT020354,,,,,,,,,,,
PAT020355,,,,,,,,,,,
PAT020356,,,,,,,,,,,
PAT020357,,,,,,,,,,,
PAT020358,,,,,,,,,,,
PAT020359,,,,,,,,,,,
PAT020360,,,,,,,,,,,
PAT020361,,,,,,,,,,,
PAT020362,,,,,,,,,,,
PAT020363,,,,,,,,,,,
PAT020364,,,,,,,,,,,
PAT020365,,,,,,,,,,,
PAT020366,,,,,,,,,,,
PAT020367,,,,,,,,,,,
PAT020368,,,,,,,,,,,
PAT020369,,,,,,,,,,,
PAT020370,,,,,,,,,,,
PAT020371,,,,,,,,,,,
PAT020372,,,,,,,,,,,
PAT020373,,,,,,,,,,,
PAT020374,,,,,,,,,,,
PAT020375,,,,,,,,,,,
PAT020376,,,,,,,,,,,
PAT020377,,,,,,,,,,,
PAT020378,,,,,,,,,,,
PAT020379,,,,,,,,,,,
PAT020380,,,,,,,,,,,
PAT020381,,,,,,,,,,,
PAT020382,,,,,,,,,,,
PAT020383,,,,,,,,,,,
PAT020384,,,,,,,,,,,
PAT020385,,,,,,,,,,,
PAT020386,,,,,,,,,,,
PAT020387,,,,,,,,,,,
PAT020388,,,,,,,,,,,
PAT020389,,,,,,,,,,,
PAT020390,,,,,,,,,,,
PAT020391,,,,,,,,,,,
PAT020392,,,,,,,,,,,
PAT020393,,,,,,,,,,,
PAT020394,,,,,,,,,,,
PAT020395,,,,,,,,,,,
PAT020396,,,,,,,,,,,
PAT020397,,,,,,,,,,,
PAT020398,,,,,,,,,,,
PAT020399,,,,,,,,,,,
PAT020400,,,,,,,,,,,
PAT020401,,,,,,,,,,,
PAT020402,,,,,,,,,,,
PAT020403,,,,,,,,,,,
PAT020404,,,,,,,,,,,
PAT020405,,,,,,,,,,,
PAT020406,,,,,,,,,,,
PAT020407,,,,,,,,,,,
PAT020408,,,,,,,,,,,
PAT020409,,,,,,,,,,,
PAT020410,,,,,,,,,,,
PAT020411,,,,,,,,,,,
PAT020412,,,,,,,,,,,
PAT020413,,,,,,,,,,,
PAT020414,,,,,,,,,,,
PAT020415,,,,,,,,,,,
PAT020416,,,,,,,,,,,
PAT020417,,,,,,,,,,,
PAT020418,,,,,,,,,,,
PAT020419,,,,,,,,,,,
PAT020420,,,,,,,,,,,
PAT020421,,,,,,,,,,,
PAT020422,,,,,,,,,,,
PAT020423,,,,,,,,,,,
PAT020424,,,,,,,,,,,
PAT020425,,,,,,,,,,,
PAT020426,,,,,,,,,,,
PAT020427,,,,,,,,,,,
PAT020428,,,,,,,,,,,
PAT020429,,,,,,,,,,,
PAT020430,,,,,,,,,,,
PAT020431,,,,,,,,,,,
PAT020432,,,,,,,,,,,
PAT020433,,,,,,,,,,,
PAT020434,,,,,,,,,,,
PAT020435,,,,,,,,,,,
PAT020436,,,,,,,,,,,
PAT020437,,,,,,,,,,,
PAT020438,,,,,,,,,,,
PAT020439,,,,,,,,,,,
PAT020440,,,,,,,,,,,
PAT020441,,,,,,,,,,,
PAT020442,,,,,,,,,,,
PAT020443,,,,,,,,,,,
PAT020444,,,,,,,,,,,
PAT020445,,,,,,,,,,,
PAT020446,,,,,,,,,,,
PAT020447,,,,,,,,,,,
PAT020448,,,,,,,,,,,
PAT020449,,,,,,,,,,,
PAT020450,,,,,,,,,,,
PAT020451,,,,,,,,,,,
PAT020452,,,,,,,,,,,
PAT020453,,,,,,,,,,,
PAT020454,,,,,,,,,,,
PAT020455,,,,,,,,,,,
PAT020456,,,,,,,,,,,
PAT020457,,,,,,,,,,,
PAT020458,,,,,,,,,,,
PAT020459,,,,,,,,,,,
PAT020460,,,,,,,,,,,
PAT020461,,,,,,,,,,,
PAT020462,,,,,,,,,,,
PAT020463,,,,,,,,,,,
PAT020464,,,,,,,,,,,
PAT020465,,,,,,,,,,,
PAT020466,,,,,,,,,,,
PAT020467,,,,,,,,,,,
PAT020468,,,,,,,,,,,
PAT020469,,,,,,,,,,,
PAT020470,,,,,,,,,,,
PAT020471,,,,,,,,,,,
PAT020472,,,,,,,,,,,
PAT020473,,,,,,,,,,,
PAT020474,,,,,,,,,,,
PAT020475,,,,,,,,,,,
PAT020476,,,,,,,,,,,
PAT020477,,,,,,,,,,,
PAT020478,,,,,,,,,,,
PAT020479,,,,,,,,,,,
PAT020480,,,,,,,,,,,
PAT020481,,,,,,,,,,,
PAT020482,,,,,,,,,,,
PAT020483,,,,,,,,,,,
PAT020484,,,,,,,,,,,
PAT020485,,,,,,,,,,,
PAT020486,,,,,,,,,,,
PAT020487,,,,,,,,,,,
PAT020488,,,,,,,,,,,
PAT020489,,,,,,,,,,,
PAT020490,,,,,,,,,,,
PAT020491,,,,,,,,,,,
PAT020492,,,,,,,,,,,
PAT020493,,,,,,,,,,,
PAT020494,,,,,,,,,,,
PAT020495,,,,,,,,,,,
PAT020496,,,,,,,,,,,
PAT020497,,,,,,,,,,,
PAT020498,,,,,,,,,,,
PAT020499,,,,,,,,,,,
PAT020500,,,,,,,,,,,
PAT020501,,,,,,,,,,,
PAT020502,,,,,,,,,,,
PAT020503,,,,,,,,,,,
PAT020504,,,,,,,,,,,
PAT020505,,,,,,,,,,,
PAT020506,,,,,,,,,,,
PAT020507,,,,,,,,,,,
PAT020508,,,,,,,,,,,
PAT020509,,,,,,,,,,,
PAT020510,,,,,,,,,,,
PAT020511,,,,,,,,,,,
PAT020512,,,,,,,,,,,
PAT020513,,,,,,,,,,,
PAT020514,,,,,,,,,,,
PAT020515,,,,,,,,,,,
PAT020516,,,,,,,,,,,
PAT020517,,,,,,,,,,,
PAT020518,,,,,,,,,,,
PAT020519,,,,,,,,,,,
PAT020520,,,,,,,,,,,
PAT020521,,,,,,,,,,,
PAT020522,,,,,,,,,,,
PAT020523,,,,,,,,,,,
PAT020524,,,,,,,,,,,
PAT020525,,,,,,,,,,,
PAT020526,,,,,,,,,,,
PAT020527,,,,,,,,,,,
PAT020528,,,,,,,,,,,
PAT020529,,,,,,,,,,,
PAT020530,,,,,,,,,,,
PAT020531,,,,,,,,,,,
PAT020532,,,,,,,,,,,
PAT020533,,,,,,,,,,,
PAT020534,,,,,,,,,,,
PAT020535,,,,,,,,,,,
PAT020536,,,,,,,,,,,
PAT020537,,,,,,,,,,,
PAT020538,,,,,,,,,,,
PAT020539,,,,,,,,,,,
PAT020540,,,,,,,,,,,
PAT020541,,,,,,,,,,,
PAT020542,,,,,,,,,,,
PAT020543,,,,,,,,,,,
PAT020544,,,,,,,,,,,
PAT020545,,,,,,,,,,,
PAT020546,,,,,,,,,,,
PAT020547,,,,,,,,,,,
PAT020548,,,,,,,,,,,
PAT020549,,,,,,,,,,,
PAT020550,,,,,,,,,,,
PAT020551,,,,,,,,,,,
PAT020552,,,,,,,,,,,
PAT020553,,,,,,,,,,,
PAT020554,,,,,,,,,,,
PAT020555,,,,,,,,,,,
PAT020556,,,,,,,,,,,
PAT020557,,,,,,,,,,,
PAT020558,,,,,,,,,,,
PAT020559,,,,,,,,,,,
PAT020560,,,,,,,,,,,
PAT020561,,,,,,,,,,,
PAT020562,,,,,,,,,,,
PAT020563,,,,,,,,,,,
PAT020564,,,,,,,,,,,
PAT020565,,,,,,,,,,,
PAT020566,,,,,,,,,,,
PAT020567,,,,,,,,,,,
PAT020568,,,,,,,,,,,
PAT020569,,,,,,,,,,,
PAT020570,,,,,,,,,,,
PAT020571,,,,,,,,,,,
PAT020572,,,,,,,,,,,
PAT020573,,,,,,,,,,,
PAT020574,,,,,,,,,,,
PAT020575,,,,,,,,,,,
PAT020576,,,,,,,,,,,
PAT020577,,,,,,,,,,,
PAT020578,,,,,,,,,,,
PAT020579,,,,,,,,,,,
PAT020580,,,,,,,,,,,
PAT020581,,,,,,,,,,,
PAT020582,,,,,,,,,,,
PAT020583,,,,,,,,,,,
PAT020584,,,,,,,,,,,
PAT020585,,,,,,,,,,,
PAT020586,,,,,,,,,,,
PAT020587,,,,,,,,,,,
PAT020588,,,,,,,,,,,
PAT020589,,,,,,,,,,,
PAT020590,,,,,,,,,,,
PAT020591,,,,,,,,,,,
PAT020592,,,,,,,,,,,
PAT020593,,,,,,,,,,,
PAT020594,,,,,,,,,,,
PAT020595,,,,,,,,,,,
PAT020596,,,,,,,,,,,
PAT020597,,,,,,,,,,,
PAT020598,,,,,,,,,,,
PAT020599,,,,,,,,,,,
PAT020600,,,,,,,,,,,
PAT020601,,,,,,,,,,,
PAT020602,,,,,,,,,,,
PAT020603,,,,,,,,,,,
PAT020604,,,,,,,,,,,
PAT020605,,,,,,,,,,,
PAT020606,,,,,,,,,,,
PAT020607,,,,,,,,,,,
PAT020608,,,,,,,,,,,
PAT020609,,,,,,,,,,,
PAT020610,,,,,,,,,,,
PAT020611,,,,,,,,,,,
PAT020612,,,,,,,,,,,
PAT020613,,,,,,,,,,,
PAT020614,,,,,,,,,,,
PAT020615,,,,,,,,,,,
PAT020616,,,,,,,,,,,
PAT020617,,,,,,,,,,,
PAT020618,,,,,,,,,,,
PAT020619,,,,,,,,,,,
PAT020620,,,,,,,,,,,
PAT020621,,,,,,,,,,,
PAT020622,,,,,,,,,,,
PAT020623,,,,,,,,,,,
PAT020624,,,,,,,,,,,
PAT020625,,,,,,,,,,,
PAT020626,,,,,,,,,,,
PAT020627,,,,,,,,,,,
PAT020628,,,,,,,,,,,
PAT020629,,,,,,,,,,,
PAT020630,,,,,,,,,,,
PAT020631,,,,,,,,,,,
PAT020632,,,,,,,,,,,
PAT020633,,,,,,,,,,,
PAT020634,,,,,,,,,,,
PAT020635,,,,,,,,,,,
PAT020636,,,,,,,,,,,
PAT020637,,,,,,,,,,,
PAT020638,,,,,,,,,,,
PAT020639,,,,,,,,,,,
PAT020640,,,,,,,,,,,
PAT020641,,,,,,,,,,,
PAT020642,,,,,,,,,,,
PAT020643,,,,,,,,,,,
PAT020644,,,,,,,,,,,
PAT020645,,,,,,,,,,,
PAT020646,,,,,,,,,,,
PAT020647,,,,,,,,,,,
PAT020648,,,,,,,,,,,
PAT020649,,,,,,,,,,,
PAT020650,,,,,,,,,,,
PAT020651,,,,,,,,,,,
PAT020652,,,,,,,,,,,
PAT020653,,,,,,,,,,,
PAT020654,,,,,,,,,,,
PAT020655,,,,,,,,,,,
PAT020656,,,,,,,,,,,
PAT020657,,,,,,,,,,,
PAT020658,,,,,,,,,,,
PAT020659,,,,,,,,,,,
PAT020660,,,,,,,,,,,
PAT020661,,,,,,,,,,,
PAT020662,,,,,,,,,,,
PAT020663,,,,,,,,,,,
PAT020664,,,,,,,,,,,
PAT020665,,,,,,,,,,,
PAT020666,,,,,,,,,,,
PAT020667,,,,,,,,,,,
PAT020668,,,,,,,,,,,
PAT020669,,,,,,,,,,,
PAT020670,,,,,,,,,,,
PAT020671,,,,,,,,,,,
PAT020672,,,,,,,,,,,
PAT020673,,,,,,,,,,,
PAT020674,,,,,,,,,,,
PAT020675,,,,,,,,,,,
PAT020676,,,,,,,,,,,
PAT020677,,,,,,,,,,,
PAT020678,,,,,,,,,,,
PAT020679,,,,,,,,,,,
PAT020680,,,,,,,,,,,
PAT020681,,,,,,,,,,,
PAT020682,,,,,,,,,,,
PAT020683,,,,,,,,,,,
PAT020684,,,,,,,,,,,
PAT020685,,,,,,,,,,,
PAT020686,,,,,,,,,,,
PAT020687,,,,,,,,,,,
PAT020688,,,,,,,,,,,
PAT020689,,,,,,,,,,,
PAT020690,,,,,,,,,,,
PAT020691,,,,,,,,,,,
PAT020692,,,,,,,,,,,
PAT020693,,,,,,,,,,,
PAT020694,,,,,,,,,,,
PAT020695,,,,,,,,,,,
PAT020696,,,,,,,,,,,
PAT020697,,,,,,,,,,,
PAT020698,,,,,,,,,,,
PAT020699,,,,,,,,,,,
PAT020700,,,,,,,,,,,
PAT020701,,,,,,,,,,,
PAT020702,,,,,,,,,,,
PAT020703,,,,,,,,,,,
PAT020704,,,,,,,,,,,
PAT020705,,,,,,,,,,,
PAT020706,,,,,,,,,,,
PAT020707,,,,,,,,,,,
PAT020708,,,,,,,,,,,
PAT020709,,,,,,,,,,,
PAT020710,,,,,,,,,,,
PAT020711,,,,,,,,,,,
PAT020712,,,,,,,,,,,
PAT020713,,,,,,,,,,,
PAT020714,,,,,,,,,,,
PAT020715,,,,,,,,,,,
PAT020716,,,,,,,,,,,
PAT020717,,,,,,,,,,,
PAT020718,,,,,,,,,,,
PAT020719,,,,,,,,,,,
PAT020720,,,,,,,,,,,
PAT020721,,,,,,,,,,,
PAT020722,,,,,,,,,,,
PAT020723,,,,,,,,,,,
PAT020724,,,,,,,,,,,
PAT020725,,,,,,,,,,,
PAT020726,,,,,,,,,,,
PAT020727,,,,,,,,,,,
PAT020728,,,,,,,,,,,
PAT020729,,,,,,,,,,,
PAT020730,,,,,,,,,,,
PAT020731,,,,,,,,,,,
PAT020732,,,,,,,,,,,
PAT020733,,,,,,,,,,,
PAT020734,,,,,,,,,,,
PAT020735,,,,,,,,,,,
PAT020736,,,,,,,,,,,
PAT020737,,,,,,,,,,,
PAT020738,,,,,,,,,,,
PAT020739,,,,,,,,,,,
PAT020740,,,,,,,,,,,
PAT020741,,,,,,,,,,,
PAT020742,,,,,,,,,,,
PAT020743,,,,,,,,,,,
PAT020744,,,,,,,,,,,
PAT020745,,,,,,,,,,,
PAT020746,,,,,,,,,,,
PAT020747,,,,,,,,,,,
PAT020748,,,,,,,,,,,
PAT020749,,,,,,,,,,,
PAT020750,,,,,,,,,,,
PAT020751,,,,,,,,,,,
PAT020752,,,,,,,,,,,
PAT020753,,,,,,,,,,,
PAT020754,,,,,,,,,,,
PAT020755,,,,,,,,,,,
PAT020756,,,,,,,,,,,
PAT020757,,,,,,,,,,,
PAT020758,,,,,,,,,,,
PAT020759,,,,,,,,,,,
PAT020760,,,,,,,,,,,
PAT020761,,,,,,,,,,,
PAT020762,,,,,,,,,,,
PAT020763,,,,,,,,,,,
PAT020764,,,,,,,,,,,
PAT020765,,,,,,,,,,,
PAT020766,,,,,,,,,,,
PAT020767,,,,,,,,,,,
PAT020768,,,,,,,,,,,
PAT020769,,,,,,,,,,,
PAT020770,,,,,,,,,,,
PAT020771,,,,,,,,,,,
PAT020772,,,,,,,,,,,
PAT020773,,,,,,,,,,,
PAT020774,,,,,,,,,,,
PAT020775,,,,,,,,,,,
PAT020776,,,,,,,,,,,
PAT020777,,,,,,,,,,,
PAT020778,,,,,,,,,,,
PAT020779,,,,,,,,,,,
PAT020780,,,,,,,,,,,
PAT020781,,,,,,,,,,,
PAT020782,,,,,,,,,,,
PAT020783,,,,,,,,,,,
PAT020784,,,,,,,,,,,
PAT020785,,,,,,,,,,,
PAT020786,,,,,,,,,,,
PAT020787,,,,,,,,,,,
PAT020788,,,,,,,,,,,
PAT020789,,,,,,,,,,,
PAT020790,,,,,,,,,,,
PAT020791,,,,,,,,,,,
PAT020792,,,,,,,,,,,
PAT020793,,,,,,,,,,,
PAT020794,,,,,,,,,,,
PAT020795,,,,,,,,,,,
PAT020796,,,,,,,,,,,
PAT020797,,,,,,,,,,,
PAT020798,,,,,,,,,,,
PAT020799,,,,,,,,,,,
PAT020800,,,,,,,,,,,
PAT020801,,,,,,,,,,,
PAT020802,,,,,,,,,,,
PAT020803,,,,,,,,,,,
PAT020804,,,,,,,,,,,
PAT020805,,,,,,,,,,,
PAT020806,,,,,,,,,,,
PAT020807,,,,,,,,,,,
PAT020808,,,,,,,,,,,
PAT020809,,,,,,,,,,,
PAT020810,,,,,,,,,,,
PAT020811,,,,,,,,,,,
PAT020812,,,,,,,,,,,
PAT020813,,,,,,,,,,,
PAT020814,,,,,,,,,,,
PAT020815,,,,,,,,,,,
PAT020816,,,,,,,,,,,
PAT020817,,,,,,,,,,,
PAT020818,,,,,,,,,,,
PAT020819,,,,,,,,,,,
PAT020820,,,,,,,,,,,
PAT020821,,,,,,,,,,,
PAT020822,,,,,,,,,,,
PAT020823,,,,,,,,,,,
PAT020824,,,,,,,,,,,
PAT020825,,,,,,,,,,,
PAT020826,,,,,,,,,,,
PAT020827,,,,,,,,,,,
PAT020828,,,,,,,,,,,
PAT020829,,,,,,,,,,,
PAT020830,,,,,,,,,,,
PAT020831,,,,,,,,,,,
PAT020832,,,,,,,,,,,
PAT020833,,,,,,,,,,,
PAT020834,,,,,,,,,,,
PAT020835,,,,,,,,,,,
PAT020836,,,,,,,,,,,
PAT020837,,,,,,,,,,,
PAT020838,,,,,,,,,,,
PAT020839,,,,,,,,,,,
PAT020840,,,,,,,,,,,
PAT020841,,,,,,,,,,,
PAT020842,,,,,,,,,,,
PAT020843,,,,,,,,,,,
PAT020844,,,,,,,,,,,
PAT020845,,,,,,,,,,,
PAT020846,,,,,,,,,,,
PAT020847,,,,,,,,,,,
PAT020848,,,,,,,,,,,
PAT020849,,,,,,,,,,,
PAT020850,,,,,,,,,,,
PAT020851,,,,,,,,,,,
PAT020852,,,,,,,,,,,
PAT020853,,,,,,,,,,,
PAT020854,,,,,,,,,,,
PAT020855,,,,,,,,,,,
PAT020856,,,,,,,,,,,
PAT020857,,,,,,,,,,,
PAT020858,,,,,,,,,,,
PAT020859,,,,,,,,,,,
PAT020860,,,,,,,,,,,
PAT020861,,,,,,,,,,,
PAT020862,,,,,,,,,,,
PAT020863,,,,,,,,,,,
PAT020864,,,,,,,,,,,
PAT020865,,,,,,,,,,,
PAT020866,,,,,,,,,,,
PAT020867,,,,,,,,,,,
PAT020868,,,,,,,,,,,
PAT020869,,,,,,,,,,,
PAT020870,,,,,,,,,,,
PAT020871,,,,,,,,,,,
PAT020872,,,,,,,,,,,
PAT020873,,,,,,,,,,,
PAT020874,,,,,,,,,,,
PAT020875,,,,,,,,,,,
PAT020876,,,,,,,,,,,
PAT020877,,,,,,,,,,,
PAT020878,,,,,,,,,,,
PAT020879,,,,,,,,,,,
PAT020880,,,,,,,,,,,
PAT020881,,,,,,,,,,,
PAT020882,,,,,,,,,,,
PAT020883,,,,,,,,,,,
PAT020884,,,,,,,,,,,
PAT020885,,,,,,,,,,,
PAT020886,,,,,,,,,,,
PAT020887,,,,,,,,,,,
PAT020888,,,,,,,,,,,
PAT020889,,,,,,,,,,,
PAT020890,,,,,,,,,,,
PAT020891,,,,,,,,,,,
PAT020892,,,,,,,,,,,
PAT020893,,,,,,,,,,,
PAT020894,,,,,,,,,,,
PAT020895,,,,,,,,,,,
PAT020896,,,,,,,,,,,
PAT020897,,,,,,,,,,,
PAT020898,,,,,,,,,,,
PAT020899,,,,,,,,,,,
PAT020900,,,,,,,,,,,
PAT020901,,,,,,,,,,,
PAT020902,,,,,,,,,,,
PAT020903,,,,,,,,,,,
PAT020904,,,,,,,,,,,
PAT020905,,,,,,,,,,,
PAT020906,,,,,,,,,,,
PAT020907,,,,,,,,,,,
PAT020908,,,,,,,,,,,
PAT020909,,,,,,,,,,,
PAT020910,,,,,,,,,,,
PAT020911,,,,,,,,,,,
PAT020912,,,,,,,,,,,
PAT020913,,,,,,,,,,,
PAT020914,,,,,,,,,,,
PAT020915,,,,,,,,,,,
PAT020916,,,,,,,,,,,
PAT020917,,,,,,,,,,,
PAT020918,,,,,,,,,,,
PAT020919,,,,,,,,,,,
PAT020920,,,,,,,,,,,
PAT020921,,,,,,,,,,,
PAT020922,,,,,,,,,,,
PAT020923,,,,,,,,,,,
PAT020924,,,,,,,,,,,
PAT020925,,,,,,,,,,,
PAT020926,,,,,,,,,,,
PAT020927,,,,,,,,,,,
PAT020928,,,,,,,,,,,
PAT020929,,,,,,,,,,,
PAT020930,,,,,,,,,,,
PAT020931,,,,,,,,,,,
PAT020932,,,,,,,,,,,
PAT020933,,,,,,,,,,,
PAT020934,,,,,,,,,,,
PAT020935,,,,,,,,,,,
PAT020936,,,,,,,,,,,
PAT020937,,,,,,,,,,,
PAT020938,,,,,,,,,,,
PAT020939,,,,,,,,,,,
PAT020940,,,,,,,,,,,
PAT020941,,,,,,,,,,,
PAT020942,,,,,,,,,,,
PAT020943,,,,,,,,,,,
PAT020944,,,,,,,,,,,
PAT020945,,,,,,,,,,,
PAT020946,,,,,,,,,,,
PAT020947,,,,,,,,,,,
PAT020948,,,,,,,,,,,
PAT020949,,,,,,,,,,,
PAT020950,,,,,,,,,,,
PAT020951,,,,,,,,,,,
PAT020952,,,,,,,,,,,
PAT020953,,,,,,,,,,,
PAT020954,,,,,,,,,,,
PAT020955,,,,,,,,,,,
PAT020956,,,,,,,,,,,
PAT020957,,,,,,,,,,,
PAT020958,,,,,,,,,,,
PAT020959,,,,,,,,,,,
PAT020960,,,,,,,,,,,
PAT020961,,,,,,,,,,,
PAT020962,,,,,,,,,,,
PAT020963,,,,,,,,,,,
PAT020964,,,,,,,,,,,
PAT020965,,,,,,,,,,,
PAT020966,,,,,,,,,,,
PAT020967,,,,,,,,,,,
PAT020968,,,,,,,,,,,
PAT020969,,,,,,,,,,,
PAT020970,,,,,,,,,,,
PAT020971,,,,,,,,,,,
PAT020972,,,,,,,,,,,
PAT020973,,,,,,,,,,,
PAT020974,,,,,,,,,,,
PAT020975,,,,,,,,,,,
PAT020976,,,,,,,,,,,
PAT020977,,,,,,,,,,,
PAT020978,,,,,,,,,,,
PAT020979,,,,,,,,,,,
PAT020980,,,,,,,,,,,
PAT020981,,,,,,,,,,,
PAT020982,,,,,,,,,,,
PAT020983,,,,,,,,,,,
PAT020984,,,,,,,,,,,
PAT020985,,,,,,,,,,,
PAT020986,,,,,,,,,,,
PAT020987,,,,,,,,,,,
PAT020988,,,,,,,,,,,
PAT020989,,,,,,,,,,,
PAT020990,,,,,,,,,,,
PAT020991,,,,,,,,,,,
PAT020992,,,,,,,,,,,
PAT020993,,,,,,,,,,,
PAT020994,,,,,,,,,,,
PAT020995,,,,,,,,,,,
PAT020996,,,,,,,,,,,
PAT020997,,,,,,,,,,,
PAT020998,,,,,,,,,,,
PAT020999,,,,,,,,,,,
PAT021000,John,Carter,Male,1972-08-03,Bangladeshi,Dubai,Hatta,A+,No,No,Active
